CRASH_ID,CTY_NAME,MUN_NAME,DATE,DAY,TIME,POL_CODE,POL_DEPT,POL_STA,KILLED,INJURED,PED_KILL,PED_INJ,SEVERITY,INTERSEC,ALCOHOL,HAZMAT,CRASH_TYPE,VEH_COUNT,LOCATION,LOC_DIR,ROUTE,RT_SFX,SRI,MP,RD_SYS,RD_CHAR,RD_SURF,SURF_COND,LIGHT,WEATHER,RD_DIV,RD_WRKZN,X_DIST,DIST_UNT,X_DIR,X_NAME,IS_RAMP,RAMP_RT,RAMP_DIR,SPD_LMT,SPD_X,LAT,LONG,CELL_USE,PROP_DMG,BADGE,TIME_ROUND,TMC
201702121,BERGEN      ,EAST RUTHERFORD BORO    ,3/29/2017,WE,1603,1,EAST RUTHERFORD PD       ,,0,0,0,0,P,B,N,N,2,2,NJ 3                                              ,E,3,,00000003__      ,7.6,2,,2,1,1,1,1,1,,,,,,,,55,,,,N,,141,16:05,120N04734
2015021215-001780              ,BERGEN      ,EAST RUTHERFORD BORO    ,2/6/2015,F ,2214,1,SECAUCUS PD              ,HQTS           ,0,2,0,0,I,B,N,N,2,2,NJ 3                                              ,E,3,,00000003__      ,8,2,1,2,1,6,1,2,1,,,,,,,,55,,,,N,NONE                                                                            ,156,22:15,120-04733
2015021215-013018              ,BERGEN      ,EAST RUTHERFORD BORO    ,8/29/2015,SA,2146,1,SECAUCUS PD              ,HQTS           ,0,0,0,0,P,B,N,N,3,2,NJ 3                                              ,E,3,,00000003__      ,8.1,2,1,2,1,6,1,2,1,,,,,,,,45,,,,N,DENTED GUARD RAIL                                                               ,160,21:45,120-04733
2013021213-012195              ,BERGEN      ,EAST RUTHERFORD BORO    ,7/17/2013,W ,824,1,SECAUCUS PD              ,HQTS           ,0,1,0,0,I,B,N,N,2,2,NJ 3                                              ,E,3,,00000003__      ,8.41,2,2,2,1,1,1,1,1,1000,FE,W,MEADOWLANDS PKWY                   ,,,,55,,,,N,,150,8:25,120-04732
20170212BS-17-045134           ,BERGEN      ,EAST RUTHERFORD BORO    ,7/19/2017,WE,908,3,BERGEN CO SHERIFFS DEPT  ,PARAMUS        ,0,0,0,0,P,B,N,N,99,1,NJ 3                                              ,E,3,,00000003__      ,6.86,2,,2,1,1,1,1,1,100,FE,E,N. SERVICE ROAD                    ,,,,55,25,,,N,SEE PAGE #3                                                                     ,254,9:10,120N04736
20160212ER-13-08243            ,BERGEN      ,EAST RUTHERFORD BORO    ,9/27/2016,TU,852,1,EAST RUTHERFORD PD       ,,0,0,0,0,P,B,N,N,1,2,NJ 3                                              ,E,3,,00000003__      ,7.5,2,1,2,2,1,5,3,1,,,E,,,,,55,,,,N,,139,8:50,120-04734
20140212ER-14-00207            ,BERGEN      ,EAST RUTHERFORD BORO    ,1/8/2014,W ,827,1,EAST RUTHERFORD PD       ,,0,0,0,0,P,I,N,N,1,2,NJ 3                                              ,E,3,,00000003__      ,8.2,2,2,2,1,1,1,5,1,,AT,N,,,,,55,,40.79798,74.06758,N,,127,8:25,120N04733
2015021215-014808              ,BERGEN      ,EAST RUTHERFORD BORO    ,10/5/2015,M ,712,1,SECAUCUS PD              ,HQTS           ,0,0,0,0,P,B,N,N,99,2,NJ 3                                              ,E,3,,00000003__      ,8.2,2,2,2,1,1,1,5,1,,,,,,,,55,,,,N,,168,7:10,120N04733
20160212ER-16-00412            ,BERGEN      ,EAST RUTHERFORD BORO    ,1/13/2016,W ,746,1,EAST RUTHERFORD PD       ,,0,0,0,0,P,B,N,N,1,2,NJ 3                                              ,E,3,,00000003__      ,7.6,2,1,2,1,1,1,1,1,,,,,,,,55,,,,N,,141,7:45,120N04734
2015021215-016929              ,BERGEN      ,EAST RUTHERFORD BORO    ,11/12/2015,TH,759,1,SECAUCUS PD              ,HQTS           ,0,0,0,0,P,B,N,N,1,2,NJ 3                                              ,E,3,,00000003__      ,8.3,2,2,2,2,1,1,5,1,,,,,,,,55,,,,N,,168,8:00,120N04733
20140212ER-14-00628            ,BERGEN      ,EAST RUTHERFORD BORO    ,1/21/2014,TU,1153,1,EAST RUTHERFORD PD       ,,0,0,0,0,P,I,N,N,1,2,NJ 3                                              ,E,3,,00000003__      ,7.6,2,1,2,3,1,3,1,1,,AT,E,,,,,55,,40.80473,74.07402,N,,141,11:55,120N04734
20130212BC-13-019635           ,BERGEN      ,EAST RUTHERFORD BORO    ,5/2/2013,TH,1004,3,BERGEN CO PD             ,PARAMUS        ,0,0,0,0,P,B,N,N,1,2,NJ 3                                              ,E,3,,00000003__      ,8.08,2,1,2,1,1,1,3,2,50,FE,E,,T,NEW JERSEY TURNPIKE      ,SB,55,,,,N,NONE OBSERVED                                                                   ,283,10:05,120-04733
201802122018-10040             ,BERGEN      ,EAST RUTHERFORD BORO    ,12/17/2018,MO,829,1,EAST RUTHERFORD PD       ,,0,0,0,0,P,B,N,N,2,2,NJ 3                                              ,E,3,,00000003__      ,8.2,2,,2,1,1,1,1,1,,,,,,,,40,,,,N,,144,8:30,120N04733
20140212ER-14-00633            ,BERGEN      ,EAST RUTHERFORD BORO    ,1/21/2014,TU,1408,1,EAST RUTHERFORD PD       ,,0,0,0,0,P,I,N,N,1,2,NJ 3                                              ,E,3,,00000003__      ,7,2,1,2,3,1,3,1,1,,AT,N,,,,,55,,40.81064,74.08532,N,,141,14:10,120N04735
20160212ER-16-01364            ,BERGEN      ,EAST RUTHERFORD BORO    ,2/16/2016,TU,1354,1,EAST RUTHERFORD PD       ,,0,0,0,0,P,B,N,N,11,1,NJ 3                                              ,E,3,,00000003__      ,7.2,2,2,2,2,1,2,1,1,,,E,,,,,55,,,,N,,139,13:55,120-04734
20130212ER-13-00016            ,BERGEN      ,EAST RUTHERFORD BORO    ,1/1/2013,TU,952,1,EAST RUTHERFORD PD       ,,0,0,0,0,P,B,N,N,11,1,NJ 3                                              ,E,3,,00000003__      ,8.3,2,2,2,1,1,1,1,1,,,,,,,,55,,,,N,GUARDRAIL ON HACKENSACK RIVER BRIDGE                                            ,144,9:50,120N04733
2015021249,BERGEN      ,EAST RUTHERFORD BORO    ,11/8/2015,S ,1739,1,EAST RUTHERFORD PD       ,,0,0,0,0,P,B,N,N,1,2,NJ 3                                              ,E,3,,00000003__      ,8.49,2,1,2,1,7,1,5,1,,,E,,,,,55,,,,N,,144,17:40,120-04732
201802122018-10169             ,BERGEN      ,EAST RUTHERFORD BORO    ,12/21/2018,FR,819,1,EAST RUTHERFORD PD       ,,0,0,0,0,P,B,N,N,1,2,NJ 3                                              ,E,3,,00000003__      ,8.3,2,,2,2,1,2,3,1,,,,,,,,55,,,,N,,140,8:20,120N04733
20160212ER-16-01783            ,BERGEN      ,EAST RUTHERFORD BORO    ,2/29/2016,M ,528,1,EAST RUTHERFORD PD       ,,0,3,0,0,I,B,N,N,1,4,NJ 3                                              ,E,3,,00000003__      ,8.4,2,1,2,1,6,1,5,1,,,,,,,,55,,,,N,NONE                                                                            ,149,5:30,120-04732
20150212B250-2015-00024A       ,BERGEN      ,EAST RUTHERFORD BORO    ,5/24/2015,S ,600,2,NEW JERSEY STATE POLICE  ,MEADOWLANDS - S,0,0,0,0,P,B,N,N,1,2,NJ 3                                              ,E,3,,00000003__      ,,2,2,2,1,6,1,1,1,,,E,,F,NJ 120                   ,,55,,,,N,,5742,6:00,120-07448
20160212ER-16-02305            ,BERGEN      ,EAST RUTHERFORD BORO    ,3/18/2016,F ,2205,1,EAST RUTHERFORD PD       ,,0,0,0,0,P,B,N,N,6,3,NJ 3                                              ,E,3,,00000003__      ,8.3,2,3,2,1,6,1,5,1,,,E,,,,,55,,,,N,NONE                                                                            ,151,22:05,120N04733
20160212ER-16-027461           ,BERGEN      ,EAST RUTHERFORD BORO    ,4/4/2016,M ,1027,1,EAST RUTHERFORD PD       ,ERPD 1         ,0,0,0,0,P,B,N,N,2,2,NJ 3                                              ,E,3,,00000003__      ,8.2,2,1,2,2,1,2,1,1,,,,,,,,55,,,,N,,143,10:25,120N04733
201802122018-10382             ,BERGEN      ,EAST RUTHERFORD BORO    ,12/29/2018,SA,1324,1,EAST RUTHERFORD PD       ,,0,1,0,0,I,B,N,N,2,2,NJ 3                                              ,E,3,,00000003__      ,7.5,2,,2,1,1,1,1,1,,,,,,,,55,,,,N,,126,13:25,120-04734
20170212ER-17-00936            ,BERGEN      ,EAST RUTHERFORD BORO    ,1/31/2017,TU,739,1,EAST RUTHERFORD PD       ,,0,0,0,0,P,B,N,N,1,2,NJ 3                                              ,E,3,,00000003__      ,8.3,2,,2,1,1,1,1,1,,,,,,,,55,,,,N,,140,7:40,120N04733
20150212ER-14-00658            ,BERGEN      ,EAST RUTHERFORD BORO    ,1/22/2015,TH,900,1,EAST RUTHERFORD PD       ,,0,0,0,0,P,I,N,N,1,2,NJ 3                                              ,E,3,,00000003__      ,6.9,2,2,2,1,1,1,5,2,,AT,N,BERRY CREEK BRIDGE                 ,,,,55,,,,N,,144,9:00,120N04735
20130212ER-13-00607            ,BERGEN      ,EAST RUTHERFORD BORO    ,1/19/2013,SA,1516,1,EAST RUTHERFORD PD       ,,0,0,0,0,P,B,N,N,2,2,NJ 3                                              ,E,3,,00000003__      ,7,2,1,1,1,1,1,1,1,,,,,,,,55,,,,N,,142,15:15,120N04735
20170212ER-17-01186            ,BERGEN      ,EAST RUTHERFORD BORO    ,2/9/2017,TH,548,1,EAST RUTHERFORD PD       ,,0,0,0,0,P,B,N,N,11,2,NJ 3                                              ,E,3,,00000003__      ,8,2,,2,3,7,3,1,1,,,,,,,,55,,,,N,,144,5:50,120-04733
201802122018-10418             ,BERGEN      ,EAST RUTHERFORD BORO    ,12/31/2018,MO,315,1,EAST RUTHERFORD PD       ,,0,0,0,0,P,B,N,N,12,1,NJ 3                                              ,E,3,,00000003__      ,7.2,2,,2,1,7,1,1,1,,,,,,,,,,,,N,,155,3:15,120-04734
20130212ER-13-00653            ,BERGEN      ,EAST RUTHERFORD BORO    ,1/21/2013,M ,1329,1,EAST RUTHERFORD PD       ,,0,0,0,0,P,B,N,N,2,2,NJ 3                                              ,E,3,,00000003__      ,7.4,2,1,2,1,1,1,1,2,,,,,,,,55,,,,N,,139,13:30,120-04734
20160212ER-16-03102            ,BERGEN      ,EAST RUTHERFORD BORO    ,4/16/2016,SA,653,1,EAST RUTHERFORD PD       ,,0,0,0,0,P,B,N,N,2,2,NJ 3                                              ,E,3,,00000003__      ,7.4,2,1,2,1,1,1,1,2,,,E,,,,,55,,,,N,,141,6:55,120-04734
20140212ER-14-01360            ,BERGEN      ,EAST RUTHERFORD BORO    ,2/12/2014,W ,803,1,EAST RUTHERFORD PD       ,EAST RUTHERFORD,0,0,0,0,P,I,N,N,2,2,NJ 3                                              ,E,3,,00000003__      ,7.5,2,1,2,1,1,1,1,5,,AT,N,,,,,55,,40.80615,74.07542,N,,146,8:05,120-04734
20150212ER-15-00356            ,BERGEN      ,EAST RUTHERFORD BORO    ,1/12/2015,M ,855,1,EAST RUTHERFORD PD       ,,0,0,0,0,P,B,N,N,2,2,NJ 3                                              ,E,3,,00000003__      ,7.7,2,1,2,2,1,2,5,1,,,E,,,,,55,,,,N,,144,8:55,120N04734
20160212ER-16-03250            ,BERGEN      ,EAST RUTHERFORD BORO    ,4/21/2016,TH,906,1,EAST RUTHERFORD PD       ,,0,0,0,0,P,B,N,N,1,3,NJ 3                                              ,E,3,,00000003__      ,8.4,2,1,2,1,1,1,1,1,,,E,,,,,55,,,,N,,141,9:05,120-04732
20180212BS-18-029169           ,BERGEN      ,EAST RUTHERFORD BORO    ,5/10/2018,TH,748,5,BERGEN CO SHERIFFS DEPT  ,PARAMUS        ,0,1,0,0,I,B,N,N,1,2,NJ 3                                              ,E,3,,00000003__      ,8.49,2,,2,1,1,1,1,1,1320,FE,W,MEADOWLANDS PARKWAY                ,,,,55,35,,,N,,254,7:50,120-04732
20130212ER-13-00812            ,BERGEN      ,EAST RUTHERFORD BORO    ,1/28/2013,M ,950,1,EAST RUTHERFORD PD       ,,0,0,0,0,P,B,N,N,2,2,NJ 3                                              ,E,3,,00000003__      ,7.7,2,1,2,3,1,3,1,1,,,,,,,,50,,,,N,,117,9:50,120N04734
20170212ER-17-01195            ,BERGEN      ,EAST RUTHERFORD BORO    ,2/9/2017,TH,1609,1,EAST RUTHERFORD PD       ,,0,0,0,0,P,B,N,N,11,1,NJ 3                                              ,E,3,,00000003__      ,7.9,2,,2,3,1,8,1,1,,,E,,,,,55,,,,N,GUARDRAIL IS DAMAGED ALONG LEFT SIDE OF HIGHWAY PRIOR TO RT 120 OVERPASS.       ,146,16:10,120-04733
20180212BS-18-036650           ,BERGEN      ,EAST RUTHERFORD BORO    ,6/11/2018,MO,823,5,BERGEN CO SHERIFFS DEPT  ,PARAMUS        ,0,0,0,0,P,B,N,N,2,2,NJ 3                                              ,E,3,,00000003__      ,7.96,2,,2,1,1,1,1,1,100,FE,N,TURN PIKE SOUTH EXIT               ,,,,55,55,,,N,,239,8:25,120-04733
20160212ER-16-03468            ,BERGEN      ,EAST RUTHERFORD BORO    ,4/29/2016,F ,1641,1,EAST RUTHERFORD PD       ,,0,0,0,0,P,B,N,N,2,2,NJ 3                                              ,E,3,,00000003__      ,8.49,2,5,1,1,1,5,1,1,,,E,,,,,55,,,,N,,126,16:40,120-04732
20170212ER-17-01216            ,BERGEN      ,EAST RUTHERFORD BORO    ,2/10/2017,FR,811,1,EAST RUTHERFORD PD       ,,0,0,0,0,P,B,N,N,1,3,NJ 3                                              ,E,3,,00000003__      ,7.2,2,,2,2,1,1,1,1,,,E,,,,,55,,,,N,,,8:10,120-04734
20180212ER-09578               ,BERGEN      ,EAST RUTHERFORD BORO    ,12/3/2018,MO,2321,1,EAST RUTHERFORD PD       ,,0,0,0,0,P,B,N,N,11,1,NJ 3                                              ,E,3,,00000003__      ,7.95,2,,2,2,6,2,2,1,,,,,F,NJ 120                   ,SB,50,,,,N,,150,23:20,120-04733
20130212ER-13-00956            ,BERGEN      ,EAST RUTHERFORD BORO    ,2/3/2013,S ,1105,1,EAST RUTHERFORD PD       ,,0,0,0,0,P,B,N,N,11,1,NJ 3                                              ,E,3,,00000003__      ,6.9,2,2,2,2,1,1,1,1,,,,,,,,55,,,,N,,127,11:05,120N04735
20170212ER-17-01227            ,BERGEN      ,EAST RUTHERFORD BORO    ,2/10/2017,FR,1432,1,EAST RUTHERFORD PD       ,,0,0,0,0,P,B,N,N,11,1,NJ 3                                              ,E,3,,00000003__      ,8.1,2,,2,1,1,1,2,5,,,,,,,,55,,,,N,FACE OF METAL GUARDRAIL                                                         ,131,14:30,120-04733
20150212ER-15-01064            ,BERGEN      ,EAST RUTHERFORD BORO    ,2/4/2015,W ,1853,1,EAST RUTHERFORD PD       ,,0,0,0,0,P,B,N,N,1,2,NJ 3                                              ,E,3,,00000003__      ,8.4,2,1,2,2,7,1,4,2,,,,,,,,55,,,,N,,145,18:55,120-04732
20160212ER-16-03557            ,BERGEN      ,EAST RUTHERFORD BORO    ,5/3/2016,TU,914,1,EAST RUTHERFORD PD       ,,0,0,0,0,P,B,N,N,2,2,NJ 3                                              ,E,3,,00000003__      ,6.9,2,2,1,2,1,2,1,1,,,,,,,,55,,,,N,NONE                                                                            ,131,9:15,120N04735
20180212ER-18-00232            ,BERGEN      ,EAST RUTHERFORD BORO    ,1/8/2018,MO,1419,1,EAST RUTHERFORD PD       ,,0,0,0,0,P,I,N,N,2,2,NJ 3                                              ,E,3,,00000003__      ,8,2,,2,1,1,5,1,1,,AT,,,F,CR 120                   ,SB,55,,,,N,,142,14:20,120-04733
20140212ER-14-01431            ,BERGEN      ,EAST RUTHERFORD BORO    ,2/15/2014,SA,22,1,EAST RUTHERFORD PD       ,EAST RUTHERFORD,0,0,0,0,P,I,N,N,2,2,NJ 3                                              ,E,3,,00000003__      ,8.2,2,1,2,1,6,1,1,,,AT,E,,,,,55,,40.79798,74.06758,N,,143,2:20,120N04733
20180212ER-18-00321            ,BERGEN      ,EAST RUTHERFORD BORO    ,1/11/2018,TH,642,1,EAST RUTHERFORD PD       ,,0,0,0,0,P,B,N,N,2,2,NJ 3                                              ,E,3,,00000003__      ,6.9,2,,2,1,7,1,1,1,,,,,,,,55,,,,N,,144,6:40,120N04735
20160212ER-16-03638            ,BERGEN      ,EAST RUTHERFORD BORO    ,5/6/2016,F ,1405,1,EAST RUTHERFORD PD       ,ERPD           ,0,0,0,0,P,I,N,N,2,2,NJ 3                                              ,E,3,,00000003__      ,7.1,2,4,2,2,1,1,1,1,,AT,,,,,,55,,,,N,,143,14:05,120N04735
20170212ER-17-01909            ,BERGEN      ,EAST RUTHERFORD BORO    ,3/9/2017,TH,804,1,EAST RUTHERFORD PD       ,,0,0,0,0,P,B,N,N,1,3,NJ 3                                              ,E,3,,00000003__      ,8.1,2,,2,1,1,1,1,1,,,E,,,,,55,,,,N,,,8:05,120-04733
20130212ER-13-01070            ,BERGEN      ,EAST RUTHERFORD BORO    ,2/7/2013,TH,2048,1,EAST RUTHERFORD PD       ,,0,0,0,0,P,B,N,N,11,1,NJ 3                                              ,E,3,,00000003__      ,7.5,2,1,2,1,4,1,1,1,,,,,,,,55,,,,N,,145,20:50,120-04734
20150212ER-15-01835            ,BERGEN      ,EAST RUTHERFORD BORO    ,2/27/2015,F ,1524,1,EAST RUTHERFORD PD       ,,0,0,0,0,P,B,N,N,2,2,NJ 3                                              ,E,3,,00000003__      ,8.1,2,1,2,1,1,1,5,1,,,E,,,,,55,,,,N,,144,15:25,120-04733
20170212ER-17-01912            ,BERGEN      ,EAST RUTHERFORD BORO    ,3/9/2017,TH,902,1,EAST RUTHERFORD PD       ,,0,0,0,0,P,B,N,N,1,2,NJ 3                                              ,E,3,,00000003__      ,8.1,2,,2,1,1,1,1,1,,,E,,,,,55,,,,N,,140,9:00,120-04733
20130212ER-13-01071            ,BERGEN      ,EAST RUTHERFORD BORO    ,2/7/2013,TH,2048,1,EAST RUTHERFORD PD       ,,0,0,0,0,P,B,N,N,1,2,NJ 3                                              ,E,3,,00000003__      ,7.5,2,1,2,1,4,1,1,1,,,,,,,,55,,,,N,,145,20:50,120-04734
20160212ER-16-03650            ,BERGEN      ,EAST RUTHERFORD BORO    ,5/6/2016,F ,2317,1,EAST RUTHERFORD PD       ,,0,0,0,0,P,B,N,N,11,1,NJ 3                                              ,E,3,,00000003__      ,7.8,2,4,2,2,6,2,1,1,,,E,,T,NJ 3                     ,SB,55,,,,N,GUARDRAIL                                                                       ,149,23:15,120-04733
20150212ER-15-01934            ,BERGEN      ,EAST RUTHERFORD BORO    ,3/2/2015,M ,1547,1,EAST RUTHERFORD PD       ,,0,0,0,0,P,B,N,N,2,2,NJ 3                                              ,E,3,,00000003__      ,7.9,2,1,2,1,1,1,1,1,,,,,,,,55,,,,N,,139,15:45,120-04733
20140212ER-14-01733            ,BERGEN      ,EAST RUTHERFORD BORO    ,2/26/2014,W ,647,1,EAST RUTHERFORD PD       ,EAST RUTHERFORD,0,0,0,0,P,I,N,N,1,2,NJ 3                                              ,E,3,,00000003__      ,,2,1,2,1,1,1,1,1,,AT,N,,,,,55,,,,N,,146,6:45,120-07448
20160212ER-16-03754            ,BERGEN      ,EAST RUTHERFORD BORO    ,5/9/2016,M ,1954,1,EAST RUTHERFORD PD       ,,0,0,0,0,P,B,N,N,11,1,NJ 3                                              ,E,3,,00000003__      ,7.4,2,1,2,1,3,1,1,1,,,E,,,,,55,,,,N,,146,19:55,120-04734
20170212ER-17-02915            ,BERGEN      ,EAST RUTHERFORD BORO    ,4/8/2017,SA,1138,1,EAST RUTHERFORD PD       ,ERPD           ,0,0,0,0,P,B,N,N,15,4,NJ 3                                              ,E,3,,00000003__      ,7.56,2,,2,1,1,1,1,1,,,,,,,,55,,,,N,,,11:40,120-04734
20140212ER-14-05320            ,BERGEN      ,EAST RUTHERFORD BORO    ,6/18/2014,W ,616,1,EAST RUTHERFORD PD       ,,0,0,0,0,P,I,N,N,2,2,NJ 3                                              ,E,3,,00000003__      ,8.1,2,1,2,1,1,1,4,1,,AT,,,,,,35,,40.79855,74.06853,N,,145,6:15,120-04733
20150212ER-15-01990            ,BERGEN      ,EAST RUTHERFORD BORO    ,3/8/2015,S ,456,1,EAST RUTHERFORD PD       ,,0,0,0,0,P,B,N,N,11,1,NJ 3                                              ,E,3,,00000003__      ,8.2,2,1,2,4,6,1,1,1,,,,,,,,55,,,,N,,147,4:55,120N04733
20180212ER-18-00374            ,BERGEN      ,EAST RUTHERFORD BORO    ,1/12/2018,FR,1950,1,EAST RUTHERFORD PD       ,,0,0,0,0,P,B,N,N,2,2,NJ 3                                              ,E,3,,00000003__      ,8.4,2,,2,2,6,2,1,1,,,,,,,,55,,,,N,,149,19:50,120-04732
20140212ER-14-05657            ,BERGEN      ,EAST RUTHERFORD BORO    ,6/28/2014,SA,716,1,EAST RUTHERFORD PD       ,EAST RUTHERFORD,0,0,0,0,P,B,N,N,2,2,NJ 3                                              ,E,3,,00000003__      ,8,2,1,2,1,1,1,1,1,,,,,,,,40,,40.7991,74.06948,N,,146,7:15,120-04733
20180212ER-18-00465            ,BERGEN      ,EAST RUTHERFORD BORO    ,1/16/2018,TU,822,1,EAST RUTHERFORD PD       ,,0,0,0,0,P,B,N,N,1,2,NJ 3                                              ,E,3,,00000003__      ,8,2,,2,1,1,1,1,1,,,,,,,,55,,,,N,,151,8:20,120-04733
20150212ER-15-02041            ,BERGEN      ,EAST RUTHERFORD BORO    ,3/5/2015,TH,920,1,EDGEWATER PARK TWP PD    ,,0,0,0,0,P,B,N,N,2,2,NJ 3                                              ,E,3,,00000003__      ,8.2,2,5,2,3,1,3,5,1,,,,,,,,,,,,N,,144,9:20,120N04733
20130212ER-13-01085            ,BERGEN      ,EAST RUTHERFORD BORO    ,2/8/2013,F ,1252,1,EAST RUTHERFORD PD       ,,0,0,0,0,P,B,N,N,11,1,NJ 3                                              ,E,3,,00000003__      ,8.3,2,2,2,4,1,6,5,1,,,,,,,,55,,,,N,,139,12:50,120N04733
20180212ER-18-00474            ,BERGEN      ,EAST RUTHERFORD BORO    ,1/16/2018,TU,1818,1,EAST RUTHERFORD PD       ,,0,1,0,0,I,B,N,N,11,2,NJ 3                                              ,E,3,,00000003__      ,7,2,,2,1,7,1,1,2,,,,,T,ROUTE 3                  ,EB,35,,,,N,,126,18:20,120N04735
20160212ER-16-03856            ,BERGEN      ,EAST RUTHERFORD BORO    ,5/13/2016,F ,2139,1,EAST RUTHERFORD PD       ,,0,0,0,0,P,B,N,N,1,2,NJ 3                                              ,E,3,,00000003__      ,7.7,2,1,2,2,6,1,1,2,,,E,,,,,55,,,,N,NONE                                                                            ,150,21:40,120N04734
20170212ER-17-04230            ,BERGEN      ,EAST RUTHERFORD BORO    ,5/13/2017,SA,2312,1,EAST RUTHERFORD PD       ,,1,5,0,0,F,B,N,N,1,4,NJ 3                                              ,E,3,,00000003__      ,8.4,2,,2,2,6,2,1,1,,,,,,,,55,,,,N,GUARD RAIL FACE                                                                 ,,23:10,120-04732
20170212ER-17-05389            ,BERGEN      ,EAST RUTHERFORD BORO    ,6/15/2017,TH,1038,1,EAST RUTHERFORD PD       ,,0,0,0,0,P,B,N,N,2,3,NJ 3                                              ,E,3,,00000003__      ,7,2,,2,1,1,1,1,1,,,,,,,,55,,,,N,,144,10:40,120N04735
20130212ER-13-01287            ,BERGEN      ,EAST RUTHERFORD BORO    ,2/14/2013,TH,935,1,EAST RUTHERFORD PD       ,,0,0,0,0,P,B,N,N,2,2,NJ 3                                              ,E,3,,00000003__      ,7.2,2,1,2,1,1,1,1,1,,,,,,,,55,,,,N,,139,9:35,120-04734
20180212ER-18-00880            ,BERGEN      ,EAST RUTHERFORD BORO    ,1/29/2018,MO,1610,1,EAST RUTHERFORD PD       ,,0,0,0,0,P,B,N,N,2,2,NJ 3                                              ,E,3,,00000003__      ,7.56,2,,2,1,1,1,1,1,,,E,,,,,55,,,,N,,151,16:10,120-04734
20160212ER-16-03857            ,BERGEN      ,EAST RUTHERFORD BORO    ,5/13/2016,F ,2230,1,EAST RUTHERFORD PD       ,,0,0,0,0,P,B,N,N,2,2,NJ 3                                              ,E,3,,00000003__      ,7.7,2,4,2,2,6,1,1,2,,,,,,,,55,,,,N,,146,22:30,120N04734
20150212ER-15-02108            ,BERGEN      ,EAST RUTHERFORD BORO    ,3/8/2015,S ,127,1,EAST RUTHERFORD PD       ,,0,1,0,0,I,B,Y,N,11,1,NJ 3                                              ,E,3,,00000003__      ,7.8,2,1,2,1,6,1,1,1,,,E,N SERVICE RD                       ,,,,40,,,,N,GUARD RAIL                                                                      ,147,1:25,120-04733
20140212ER-14-05873            ,BERGEN      ,EAST RUTHERFORD BORO    ,7/5/2014,SA,1236,1,EAST RUTHERFORD PD       ,,0,1,0,0,I,B,N,N,2,2,NJ 3                                              ,E,3,,00000003__      ,7.96,2,4,2,1,1,1,1,1,,,,,,,,40,,40.79932,74.06986,N,,142,12:35,120-04733
20150212ER-15-02331            ,BERGEN      ,EAST RUTHERFORD BORO    ,3/12/2015,TH,726,1,EAST RUTHERFORD PD       ,,0,0,0,0,P,B,N,N,1,2,NJ 3                                              ,E,3,,00000003__      ,7,2,1,2,1,1,1,2,,,,E,,,,,55,,,,N,NONE                                                                            ,132,7:25,120N04735
20140212ER-14-05960            ,BERGEN      ,EAST RUTHERFORD BORO    ,7/8/2014,TU,703,1,EAST RUTHERFORD PD       ,,0,1,0,1,I,B,N,N,13,1,NJ 3                                              ,E,3,,00000003__      ,7.4,2,1,2,1,1,1,1,1,,,,,,,,55,,40.80731,74.07715,N,,139,7:05,120-04734
20170212ER-17-05900            ,BERGEN      ,EAST RUTHERFORD BORO    ,7/2/2017,SU,1905,1,EAST RUTHERFORD PD       ,,0,0,0,0,P,B,N,N,2,2,NJ 3                                              ,E,3,,00000003__      ,7.9,2,,2,1,1,1,1,1,,,,,,,,55,,,,N,,154,19:05,120-04733
20170212ER-17-06046            ,BERGEN      ,EAST RUTHERFORD BORO    ,7/7/2017,FR,1231,1,EAST RUTHERFORD PD       ,,0,0,0,0,P,B,N,N,2,2,NJ 3                                              ,E,3,,00000003__      ,7,2,,2,2,1,2,1,1,,,,,,,,55,,,,N,,144,12:30,120N04735
20180212ER-18-00936            ,BERGEN      ,EAST RUTHERFORD BORO    ,1/31/2018,WE,725,1,EAST RUTHERFORD PD       ,,0,0,0,0,P,B,N,N,1,2,NJ 3                                              ,E,3,,00000003__      ,7.3,2,,2,1,1,1,1,1,,,,,,,,55,,,,N,,145,7:25,120-04734
20150212ER-15-02480            ,BERGEN      ,EAST RUTHERFORD BORO    ,3/16/2015,M ,644,1,EAST RUTHERFORD PD       ,EAST RUTHERFORD,0,1,0,0,I,B,N,N,1,2,NJ 3                                              ,E,3,,00000003__      ,8.1,2,1,2,1,2,1,1,1,,,,,,,,55,,,,N,,146,6:45,120-04733
20130212ER-13-01305            ,BERGEN      ,EAST RUTHERFORD BORO    ,2/15/2013,F ,434,1,EAST RUTHERFORD PD       ,,0,2,0,0,I,B,N,N,11,1,NJ 3                                              ,E,3,,00000003__      ,8.4,2,1,2,1,6,1,1,1,,,,,,,,55,,,,N,GUARDRAIL ON RT 3 EAST AT MILE MARKER 8.4                                       ,146,4:35,120-04732
20160212ER-16-04310            ,BERGEN      ,EAST RUTHERFORD BORO    ,5/31/2016,TU,858,1,EAST RUTHERFORD PD       ,,0,0,0,0,P,I,N,N,1,3,NJ 3                                              ,E,3,,00000003__      ,7.9,2,1,2,1,1,1,1,1,,AT,E,,,,,55,,,,N,,142,9:00,120-04733
20170212ER-17-06103            ,BERGEN      ,EAST RUTHERFORD BORO    ,7/10/2017,MO,201,1,EAST RUTHERFORD PD       ,,0,1,0,0,I,B,N,N,2,2,NJ 3                                              ,E,3,,00000003__      ,8,2,,2,1,6,1,3,1,,,,,T,NJ 120                   ,NB,35,,,,N,GAURDRAIL  LIGHT POLE  AND ROADWAY SIGN.                                        ,151,2:00,120-04733
20150212ER-15-02538            ,BERGEN      ,EAST RUTHERFORD BORO    ,3/17/2015,TU,833,1,EAST RUTHERFORD PD       ,,0,0,0,0,P,B,N,N,2,2,NJ 3                                              ,E,3,,00000003__      ,8.3,2,5,2,2,1,2,1,1,10,FE,,,T,NJ 3                     ,EB,25,,,,N,,141,8:35,120N04733
20160212ER-16-04332            ,BERGEN      ,EAST RUTHERFORD BORO    ,6/1/2016,W ,421,1,EAST RUTHERFORD PD       ,,0,1,0,0,I,B,N,N,6,2,NJ 3                                              ,E,3,,00000003__      ,7.7,2,1,2,1,7,1,1,1,,,,,,,,55,,,,N,,149,4:20,120N04734
20140212ER-14-06356            ,BERGEN      ,EAST RUTHERFORD BORO    ,7/21/2014,M ,2229,1,EAST RUTHERFORD PD       ,ERPD           ,0,0,0,0,P,B,N,N,15,2,NJ 3                                              ,E,3,,00000003__      ,7,2,2,2,1,6,1,1,,,,,,,,,55,,40.81064,74.08532,N,,148,22:30,120N04735
20130212ER-13-01746            ,BERGEN      ,EAST RUTHERFORD BORO    ,3/1/2013,F ,859,1,EAST RUTHERFORD PD       ,,0,1,0,0,I,B,N,N,2,3,NJ 3                                              ,E,3,,00000003__      ,7.1,2,2,2,1,1,5,1,1,,,,,,,,55,,,,Y,,142,9:00,120N04735
20150212ER-15-02729            ,BERGEN      ,EAST RUTHERFORD BORO    ,3/21/2015,SA,2336,1,EAST RUTHERFORD PD       ,,0,4,0,0,I,B,N,N,1,4,NJ 3                                              ,E,3,,00000003__      ,7.5,2,1,2,1,6,1,1,1,,,E,,,,,55,,,,N,,147,23:35,120-04734
20180212ER-18-01188            ,BERGEN      ,EAST RUTHERFORD BORO    ,2/8/2018,TH,742,1,EAST RUTHERFORD PD       ,,0,0,0,0,P,B,N,N,1,2,NJ 3                                              ,E,3,,00000003__      ,7.5,2,,2,1,1,1,1,1,,,,,,,,55,,,,N,,144,7:40,120-04734
20170212ER-17-06118            ,BERGEN      ,EAST RUTHERFORD BORO    ,7/10/2017,MO,1714,1,EAST RUTHERFORD PD       ,,0,0,0,0,P,B,N,N,1,2,NJ 3                                              ,E,3,,00000003__      ,8.14,2,,2,1,1,1,1,0,,,,,,,,55,,,,N,,126,17:15,120-04733
20160212ER-16-04335            ,BERGEN      ,EAST RUTHERFORD BORO    ,6/1/2016,W ,727,1,EAST RUTHERFORD PD       ,,0,0,0,0,P,B,N,N,2,2,NJ 3                                              ,E,3,,00000003__      ,8.3,2,1,2,1,1,1,1,1,,,,,,,,40,,,,N,,141,7:25,120N04733