CRASH_ID,CTY_NAME,MUN_NAME,DATE,DAY,TIME,POL_CODE,POL_DEPT,POL_STA,KILLED,INJURED,PED_KILL,PED_INJ,SEVERITY,INTERSEC,ALCOHOL,HAZMAT,CRASH_TYPE,VEH_COUNT,LOCATION,LOC_DIR,ROUTE,RT_SFX,SRI,MP,RD_SYS,RD_CHAR,RD_SURF,SURF_COND,LIGHT,WEATHER,RD_DIV,RD_WRKZN,X_DIST,DIST_UNT,X_DIR,X_NAME,IS_RAMP,RAMP_RT,RAMP_DIR,SPD_LMT,SPD_X,LAT,LONG,CELL_USE,PROP_DMG,BADGE,TIME_ROUND,TMC
20160212ER-16-07192            ,BERGEN      ,EAST RUTHERFORD BORO    ,8/25/2016,TH,1000,1,EAST RUTHERFORD PD       ,,0,0,0,0,P,B,N,N,15,2,NJ 3                                              ,E,3,,00000003__      ,7.7,2,1,2,1,1,1,5,1,,,,,,,,55,,,,N,,144,10:00,120N04734
20130212ER-13-05333            ,BERGEN      ,EAST RUTHERFORD BORO    ,6/19/2013,W ,919,1,EAST RUTHERFORD PD       ,,0,0,0,0,P,B,N,N,2,2,NJ 3                                              ,E,3,,00000003__      ,,2,2,2,1,1,1,1,1,,,,,T,RT 3 E                   ,EB,35,,,,N,,139,9:20,120-07448
20170212ER-17-09261            ,BERGEN      ,EAST RUTHERFORD BORO    ,10/27/2017,FR,1551,1,EAST RUTHERFORD PD       ,,0,1,0,0,I,B,N,N,1,3,NJ 3                                              ,E,3,,00000003__      ,6.9,2,,2,1,1,1,1,1,,,E,,,,,55,,,,N,,,15:50,120N04735
20160212ER-16-07221            ,BERGEN      ,EAST RUTHERFORD BORO    ,8/26/2016,F ,135,1,EAST RUTHERFORD PD       ,,0,0,0,0,P,B,N,N,1,2,NJ 3                                              ,E,3,,00000003__      ,7.1,2,1,2,1,6,1,4,1,,,,,,,,25,,,,N,NONE                                                                            ,150,1:35,120N04735
20140212ER-14-09446            ,BERGEN      ,EAST RUTHERFORD BORO    ,10/20/2014,M ,622,1,EAST RUTHERFORD PD       ,,0,3,0,0,I,B,N,N,1,4,NJ 3                                              ,E,3,,00000003__      ,7.5,2,1,2,1,6,1,2,1,,,,,,,,55,,40.80615,74.07542,N,NONE                                                                            ,150,6:20,120-04734
20150212ER-15-08563            ,BERGEN      ,EAST RUTHERFORD BORO    ,9/5/2015,SA,1226,1,EAST RUTHERFORD PD       ,,0,1,0,0,I,B,N,N,1,2,NJ 3                                              ,E,3,,00000003__      ,8.1,2,2,2,1,1,1,3,1,,,E,,,,,55,,,,N,,132,12:25,120-04733
20130212ER-13-05584            ,BERGEN      ,EAST RUTHERFORD BORO    ,6/26/2013,W ,11,1,EAST RUTHERFORD PD       ,,0,0,0,0,P,B,N,N,2,2,NJ 3                                              ,E,3,,00000003__      ,7.1,2,1,2,1,6,1,5,2,,,,,,,,55,,,,N,NONE                                                                            ,151,1:10,120N04735
20140212ER-14-09872            ,BERGEN      ,EAST RUTHERFORD BORO    ,10/31/2014,F ,725,1,EAST RUTHERFORD PD       ,,0,0,0,0,P,B,N,N,2,2,NJ 3                                              ,E,3,,00000003__      ,7.9,2,4,2,1,3,1,1,1,100,FE,,,T,ROUTE 120 NORTH          ,NB,40,,40.80003,74.07087,N,,141,7:25,120-04733
20130212ER-13-05624            ,BERGEN      ,EAST RUTHERFORD BORO    ,6/26/2013,W ,2241,1,EAST RUTHERFORD PD       ,,0,0,0,0,P,B,N,N,2,2,NJ 3                                              ,E,3,,00000003__      ,7.1,2,2,2,1,6,1,1,2,,,,,,,,55,,,,N,,148,22:40,120N04735
20150212ER-15-08954            ,BERGEN      ,EAST RUTHERFORD BORO    ,9/17/2015,TH,901,1,EAST RUTHERFORD PD       ,,0,0,0,0,P,B,N,N,1,2,NJ 3                                              ,E,3,,00000003__      ,7.1,2,1,2,1,1,1,5,1,,,,,,,,55,,,,N,,144,9:00,120N04735
20160212ER-16-07417            ,BERGEN      ,EAST RUTHERFORD BORO    ,8/31/2016,W ,836,1,EAST RUTHERFORD PD       ,,0,0,0,0,P,I,N,N,2,2,NJ 3                                              ,E,3,,00000003__      ,7.56,2,4,2,1,1,1,1,,,AT,,NJ 120                             ,,,,55,50,,,N,,142,8:35,120-04734
20130212ER-13-05626            ,BERGEN      ,EAST RUTHERFORD BORO    ,6/26/2013,W ,2249,1,EAST RUTHERFORD PD       ,ERPD           ,0,0,0,0,P,B,N,N,1,2,NJ 3                                              ,E,3,,00000003__      ,7.1,2,1,2,1,6,1,1,2,,,,,,,,55,,,,N,,143,22:50,120N04735
20160212ER-16-07460            ,BERGEN      ,EAST RUTHERFORD BORO    ,9/1/2016,TH,1408,1,EAST RUTHERFORD PD       ,ERPD           ,0,0,0,0,P,B,N,N,11,1,NJ 3                                              ,E,3,,00000003__      ,7.9,2,1,2,2,1,2,1,1,,,,,,,,55,,,,N,,143,14:10,120-04733
20150212ER-15-09199            ,BERGEN      ,EAST RUTHERFORD BORO    ,9/25/2015,F ,50,1,EAST RUTHERFORD PD       ,,0,0,0,0,P,B,N,N,2,2,NJ 3                                              ,E,3,,00000003__      ,7.27,2,4,2,1,6,1,2,1,20,FE,,NJ 120                             ,,NJT                      ,,40,,,,N,,147,5:50,120-04734
20160212ER-16-07630            ,BERGEN      ,EAST RUTHERFORD BORO    ,9/7/2016,W ,930,1,EAST RUTHERFORD PD       ,,0,0,0,0,P,B,N,N,1,2,NJ 3                                              ,E,3,,00000003__      ,8.2,2,1,2,1,1,1,1,1,,,,,,,,55,,,,N,,140,9:30,120N04733
20150212ER-15-09315            ,BERGEN      ,EAST RUTHERFORD BORO    ,9/29/2015,TU,738,1,EAST RUTHERFORD PD       ,,0,0,0,0,P,B,N,N,1,2,NJ 3                                              ,E,3,,00000003__      ,7.5,2,1,2,1,1,1,3,1,,,N,,,,,55,,,,N,,139,7:40,120-04734
20180212ER-18-04964            ,BERGEN      ,EAST RUTHERFORD BORO    ,6/26/2018,TU,838,1,EAST RUTHERFORD PD       ,,0,2,0,0,I,B,N,N,1,4,NJ 3                                              ,E,3,,00000003__      ,8.4,2,,2,1,1,1,5,1,,,,,,,,55,,,,N,,,8:40,120-04732
20150212ER-15-09373            ,BERGEN      ,EAST RUTHERFORD BORO    ,10/1/2015,TH,36,1,EAST RUTHERFORD PD       ,,0,0,0,0,P,B,N,N,2,2,NJ 3                                              ,E,3,,00000003__      ,8.1,2,1,2,1,7,1,1,1,,,E,,,,,55,,,,N,,145,3:35,120-04733
20180212ER-18-05185            ,BERGEN      ,EAST RUTHERFORD BORO    ,7/5/2018,TH,637,1,EAST RUTHERFORD PD       ,,0,0,0,0,P,B,N,N,2,2,NJ 3                                              ,E,3,,00000003__      ,7.5,2,,2,1,1,1,1,1,,,,,,,,55,,,,N,,131,6:35,120-04734
20170212ER-17-09644            ,BERGEN      ,EAST RUTHERFORD BORO    ,11/8/2017,WE,753,1,EAST RUTHERFORD PD       ,ERPD           ,0,0,0,0,P,B,N,N,1,2,NJ 3                                              ,E,3,,00000003__      ,7.7,2,,2,1,1,1,1,1,,,,,,,,55,,,,N,,143,7:55,120N04734
20160212ER-16-07906            ,BERGEN      ,EAST RUTHERFORD BORO    ,9/16/2016,F ,909,1,EAST RUTHERFORD PD       ,,0,1,0,0,I,B,N,N,1,3,NJ 3                                              ,E,3,,00000003__      ,8.4,2,1,2,1,1,1,5,1,,,,,,,,55,,,,N,,138,9:10,120-04732
20160212ER-16-07979            ,BERGEN      ,EAST RUTHERFORD BORO    ,9/19/2016,M ,853,1,EAST RUTHERFORD PD       ,,0,0,0,0,P,B,N,N,15,2,NJ 3                                              ,E,3,,00000003__      ,6.86,2,2,1,2,1,2,1,1,,,,,,,,55,,,,N,,142,8:55,120N04736
20140212ER-14-10118            ,BERGEN      ,EAST RUTHERFORD BORO    ,11/7/2014,F ,805,1,EAST RUTHERFORD PD       ,,0,0,0,0,P,B,N,N,1,2,NJ 3                                              ,E,3,,00000003__      ,7.7,2,1,2,1,1,1,1,1,,,,,,,,55,,40.80315,74.07302,N,,142,8:05,120N04734
20170212ER-17-09681            ,BERGEN      ,EAST RUTHERFORD BORO    ,11/9/2017,TH,1216,1,EAST RUTHERFORD PD       ,,0,0,0,0,P,B,N,N,1,3,NJ 3                                              ,E,3,,00000003__      ,7.8,2,,2,1,1,1,1,2,,,,,,,,55,,,,N,,131,12:15,120-04733
20180212ER-18-05269            ,BERGEN      ,EAST RUTHERFORD BORO    ,7/8/2018,SU,1418,1,EAST RUTHERFORD PD       ,,0,0,0,0,P,B,N,N,1,2,NJ 3                                              ,E,3,,00000003__      ,8.1,2,,2,1,1,1,1,1,,,,,,,,55,,,,N,,155,14:20,120-04733
20150212ER-15-09536            ,BERGEN      ,EAST RUTHERFORD BORO    ,10/6/2015,TU,924,1,EAST RUTHERFORD PD       ,EAST RUTHERFORD,0,0,0,0,P,B,N,N,2,2,NJ 3                                              ,E,3,,00000003__      ,,2,3,2,1,1,1,5,1,,,,,,,,55,,,,N,NONE                                                                            ,125,9:25,120-07448
20180212ER-18-05305            ,BERGEN      ,EAST RUTHERFORD BORO    ,7/10/2018,TU,711,1,EAST RUTHERFORD PD       ,,0,1,0,0,I,B,N,N,1,2,NJ 3                                              ,E,3,,00000003__      ,7,2,,1,1,1,1,1,1,,,,,,,,55,,,,N,,131,7:10,120N04735
20140212ER-14-10130            ,BERGEN      ,EAST RUTHERFORD BORO    ,11/7/2014,F ,1018,1,EAST RUTHERFORD PD       ,,0,0,0,0,P,B,N,N,1,2,NJ 3                                              ,E,3,,00000003__      ,7.4,2,1,2,1,1,1,1,1,,,,,,,,55,,40.80731,74.07715,N,,142,10:20,120-04734
20160212ER-16-08079            ,BERGEN      ,EAST RUTHERFORD BORO    ,9/22/2016,TH,653,1,EAST RUTHERFORD PD       ,,0,0,0,0,P,B,N,N,1,3,NJ 3                                              ,E,3,,00000003__      ,8.4,2,2,2,1,1,1,1,1,,,,,,,,55,,,,N,,139,6:55,120-04732
20170212ER-17-09734            ,BERGEN      ,EAST RUTHERFORD BORO    ,11/10/2017,FR,1652,1,EAST RUTHERFORD PD       ,,0,0,0,0,P,B,N,N,1,2,NJ 3                                              ,E,3,,00000003__      ,8.45,2,,2,1,7,1,1,1,,,,,,,,55,,,,N,,144,16:50,120-04732
20170212ER-17-09768            ,BERGEN      ,EAST RUTHERFORD BORO    ,11/11/2017,SA,1849,1,EAST RUTHERFORD PD       ,E.R.P.D.       ,0,0,0,0,P,B,N,N,2,2,NJ 3                                              ,E,3,,00000003__      ,6.96,2,,2,1,6,1,1,1,,,,,,,,55,,,,N,,153,18:50,120N04735
20130212ER-13-06120            ,BERGEN      ,EAST RUTHERFORD BORO    ,7/14/2013,S ,138,1,EAST RUTHERFORD PD       ,,0,0,0,0,P,B,N,N,11,1,NJ 3                                              ,E,3,,00000003__      ,8.49,2,3,1,,6,1,1,1,,,,,,,,55,,,,N,GUARDRAIL FARE (NORTH SIDE OF HACKENSACK RIVER BRIDGE  LEFT LANE)               ,151,1:40,120-04732
20140212ER-14-10414            ,BERGEN      ,EAST RUTHERFORD BORO    ,11/16/2014,S ,1045,1,EAST RUTHERFORD PD       ,,0,0,0,0,P,B,N,N,1,3,NJ 3                                              ,E,3,,00000003__      ,7.1,2,2,2,1,1,1,1,1,,,N,,,,,55,,40.81005,74.08313,N,,139,10:45,120N04735
20160212ER-16-08255            ,BERGEN      ,EAST RUTHERFORD BORO    ,9/27/2016,TU,2102,1,EAST RUTHERFORD PD       ,ERPD           ,0,0,0,0,P,B,N,N,2,2,NJ 3                                              ,E,3,,00000003__      ,7.4,2,1,2,1,6,1,1,,,,,,,,,55,,,,N,,153,21:00,120-04734
20150212ER-15-09900            ,BERGEN      ,EAST RUTHERFORD BORO    ,10/16/2015,F ,839,1,EAST RUTHERFORD PD       ,,0,0,0,0,P,B,N,N,1,2,NJ 3                                              ,E,3,,00000003__      ,8.3,2,5,2,1,1,1,1,1,,,E,,,,,55,,,,N,,146,8:40,120N04733
20150212ER-15-09965            ,BERGEN      ,EAST RUTHERFORD BORO    ,10/18/2015,S ,1629,1,EAST RUTHERFORD PD       ,,0,0,0,0,P,B,N,N,1,3,NJ 3                                              ,E,3,,00000003__      ,7.1,2,1,2,1,1,1,4,1,,,N,,,,,40,,,,N,,146,16:30,120N04735
20170212ER-17-09824            ,BERGEN      ,EAST RUTHERFORD BORO    ,11/13/2017,MO,1212,1,EAST RUTHERFORD PD       ,ERPD           ,0,0,0,0,P,B,N,N,1,2,NJ 3                                              ,E,3,,00000003__      ,8.3,2,,2,2,1,2,1,1,,,,,,,,55,,,,N,VEHICLE 2 DRIVER-SIDE MIRROR  DRIVER-SIDE WINDOW  AND HOOD                      ,143,12:10,120N04733
20150212ER-15-10014            ,BERGEN      ,EAST RUTHERFORD BORO    ,10/19/2015,M ,1953,1,EAST RUTHERFORD PD       ,,0,0,0,0,P,B,N,N,2,2,NJ 3                                              ,E,3,,00000003__      ,6.9,2,0,2,0,0,0,1,0,,,,,,,,55,,,,N,NONE                                                                            ,149,19:55,120N04735
20130212ER-13-06155            ,BERGEN      ,EAST RUTHERFORD BORO    ,7/15/2013,M ,1240,1,EAST RUTHERFORD PD       ,,0,0,0,0,P,B,N,N,1,2,NJ 3                                              ,E,3,,00000003__      ,7.5,2,1,2,1,1,1,1,5,,,,,,,,55,,,,N,,127,12:40,120-04734
20160212ER-16-08451            ,BERGEN      ,EAST RUTHERFORD BORO    ,10/4/2016,TU,1411,1,EAST RUTHERFORD PD       ,,0,0,0,0,P,B,N,N,2,2,NJ 3                                              ,E,3,,00000003__      ,8.4,2,2,2,1,1,1,1,1,,,,,,,,55,,,,N,,142,14:10,120-04732
20170212ER-17-09850            ,BERGEN      ,EAST RUTHERFORD BORO    ,11/14/2017,TU,719,1,EAST RUTHERFORD PD       ,,0,0,0,0,P,B,N,N,2,2,NJ 3                                              ,E,3,,00000003__      ,8.4,2,,2,1,1,1,1,1,,,,,,,,55,,,,N,,145,7:20,120-04732
20140212ER-14-10790            ,BERGEN      ,EAST RUTHERFORD BORO    ,11/26/2014,W ,1439,1,EAST RUTHERFORD PD       ,1,0,0,0,0,P,B,N,N,11,1,NJ 3                                              ,E,3,,00000003__      ,6.86,2,2,1,3,1,3,1,1,,,E,,,,,55,,40.81098,74.08852,N,NONE                                                                            ,131,14:40,120N04736
20130212ER-13-06211            ,BERGEN      ,EAST RUTHERFORD BORO    ,7/16/2013,TU,2149,1,EAST RUTHERFORD PD       ,,0,0,0,0,P,B,N,N,11,1,NJ 3                                              ,E,3,,00000003__      ,6.9,2,4,2,1,6,1,2,1,,,,,T,RT 3 SERVICE RD          ,SB,55,,,,N,GUARD RAIL                                                                      ,149,21:50,120N04735
20160212ER-16-08505            ,BERGEN      ,EAST RUTHERFORD BORO    ,10/6/2016,TH,630,1,EAST RUTHERFORD PD       ,,0,0,0,0,P,B,N,N,2,2,NJ 3                                              ,E,3,,00000003__      ,7.8,2,2,2,1,6,4,1,,,,,,,,,55,,,,Y,,132,6:30,120-04733
20170212ER-17-09986            ,BERGEN      ,EAST RUTHERFORD BORO    ,11/18/2017,SA,851,1,EAST RUTHERFORD PD       ,,0,0,0,0,P,B,N,N,2,2,NJ 3                                              ,E,3,,00000003__      ,,2,,2,1,1,1,1,1,,,,,,,,55,,,,N,,145,8:50,120-07448
20140212ER-14-10934            ,BERGEN      ,EAST RUTHERFORD BORO    ,12/2/2014,TU,835,1,EAST RUTHERFORD PD       ,,0,0,0,0,P,B,N,N,2,2,NJ 3                                              ,E,3,,00000003__      ,7.9,2,5,2,1,1,1,5,1,,,,,,,,40,,40.80003,74.07087,N,,144,8:35,120-04733
20170212ER-17-10089            ,BERGEN      ,EAST RUTHERFORD BORO    ,11/21/2017,TU,759,1,EAST RUTHERFORD PD       ,,0,0,0,0,P,B,N,N,1,2,NJ 3                                              ,E,3,,00000003__      ,8,2,,2,1,1,1,1,1,,,,,,,,55,,,,N,,144,8:00,120-04733
20150212ER-15-10234            ,BERGEN      ,EAST RUTHERFORD BORO    ,10/27/2015,TU,826,1,EAST RUTHERFORD PD       ,,0,0,0,0,P,B,N,N,1,2,NJ 3                                              ,E,3,,00000003__      ,8.4,2,2,2,1,1,1,1,1,,,,,,,,55,,,,N,,141,8:25,120-04732
20160212ER-16-08692            ,BERGEN      ,EAST RUTHERFORD BORO    ,10/12/2016,W ,904,1,EAST RUTHERFORD PD       ,ERPD           ,0,0,0,0,P,B,N,N,1,2,NJ 3                                              ,E,3,,00000003__      ,6.86,2,1,2,1,1,1,1,,,,,,,,,55,,,,N,,143,9:05,120N04736
20180212ER-18-05957            ,BERGEN      ,EAST RUTHERFORD BORO    ,8/2/2018,TH,1833,1,EAST RUTHERFORD PD       ,,0,0,0,0,P,B,N,N,1,2,NJ 3                                              ,E,3,,00000003__      ,6.86,2,,1,1,1,1,1,1,,,,,,,,55,,,,N,,142,18:35,120N04736
20170212ER-17-10217            ,BERGEN      ,EAST RUTHERFORD BORO    ,11/27/2017,MO,316,1,EAST RUTHERFORD PD       ,,0,1,0,0,I,B,N,N,12,1,NJ 3                                              ,E,3,,00000003__      ,7.2,2,,2,1,6,1,1,1,,,,,,,,55,,,,N,NONE OBSERVED                                                                   ,154,3:15,120-04734
20150212ER-15-10257            ,BERGEN      ,EAST RUTHERFORD BORO    ,10/28/2015,W ,632,1,EAST RUTHERFORD PD       ,,0,0,0,0,P,B,N,N,2,2,NJ 3                                              ,E,3,,00000003__      ,7.6,2,1,2,1,2,1,1,1,,,E,,,,,55,,,,N,,,6:30,120N04734
20180212ER-18-05973            ,BERGEN      ,EAST RUTHERFORD BORO    ,8/2/2018,TH,2121,1,EAST RUTHERFORD PD       ,E.R.P.D.       ,0,2,0,0,I,B,N,N,11,1,NJ 3                                              ,E,3,,00000003__      ,7.7,2,,2,2,6,2,1,1,,,,,,,,55,,,,N,,136,21:20,120N04734
20140212ER-14-11033            ,BERGEN      ,EAST RUTHERFORD BORO    ,12/5/2014,F ,950,1,EAST RUTHERFORD PD       ,,0,0,0,0,P,B,N,N,2,2,NJ 3                                              ,E,3,,00000003__      ,8,2,4,2,1,1,1,5,1,,,,,,,,55,,40.7991,74.06948,N,,127,9:50,120-04733
20150212ER-15-10258            ,BERGEN      ,EAST RUTHERFORD BORO    ,10/28/2015,W ,0,1,EAST RUTHERFORD PD       ,,0,0,0,0,P,B,N,N,2,2,NJ 3                                              ,E,3,,00000003__      ,8.4,2,1,2,1,2,1,1,1,,,,,,,,55,,,,N,,,0:00,120-04732
20160212ER-16-08728            ,BERGEN      ,EAST RUTHERFORD BORO    ,10/13/2016,TH,802,1,EAST RUTHERFORD PD       ,ERPD           ,0,0,0,0,P,B,N,N,1,3,NJ 3                                              ,E,3,,00000003__      ,8.49,2,1,2,1,2,1,1,,,,,,,,,55,,,,N,,143,8:00,120-04732
20160212ER-16-08822            ,BERGEN      ,EAST RUTHERFORD BORO    ,10/16/2016,S ,319,1,EAST RUTHERFORD PD       ,,2,3,0,0,F,B,N,N,99,4,NJ 3                                              ,E,3,,00000003__      ,7.7,2,1,2,1,6,1,1,1,,,,,,,,55,,,,N,,150,3:20,120N04734
20160212ER-16-08840            ,BERGEN      ,EAST RUTHERFORD BORO    ,10/17/2016,M ,327,1,EAST RUTHERFORD PD       ,,0,0,0,0,P,B,Y,N,6,2,NJ 3                                              ,E,3,,00000003__      ,8.3,2,2,2,1,6,1,1,1,,,,,,,,55,,,,N,NONE                                                                            ,150,3:25,120N04733
20180212ER-18-06207            ,BERGEN      ,EAST RUTHERFORD BORO    ,8/10/2018,FR,1959,1,EAST RUTHERFORD PD       ,,0,1,0,0,I,B,N,N,1,2,NJ 3                                              ,E,3,,00000003__      ,8.48,2,,2,1,3,1,5,1,,,,,,,,55,,,,N,,149,20:00,120-04732
20170212ER-17-10446            ,BERGEN      ,EAST RUTHERFORD BORO    ,12/5/2017,TU,622,1,EAST RUTHERFORD PD       ,,0,0,0,0,P,B,N,N,2,2,NJ 3                                              ,E,3,,00000003__      ,6.9,2,,2,1,7,1,5,1,,,,,,,,55,,,,N,,144,6:20,120N04735
20180212ER-18-06314            ,BERGEN      ,EAST RUTHERFORD BORO    ,8/15/2018,WE,1543,1,EAST RUTHERFORD PD       ,,0,0,0,0,P,B,N,N,2,2,NJ 3                                              ,E,3,,00000003__      ,6.9,2,,2,1,1,1,1,1,,,,,,,,55,,,,N,,142,15:45,120N04735
20150212ER-15-10373            ,BERGEN      ,EAST RUTHERFORD BORO    ,10/31/2015,SA,2031,1,EAST RUTHERFORD PD       ,,0,0,0,0,P,B,N,N,2,3,NJ 3                                              ,E,3,,00000003__      ,8.4,2,2,1,1,6,1,1,1,,,E,,,,,55,,,,N,,,20:30,120-04732
20180212ER-18-06446            ,BERGEN      ,EAST RUTHERFORD BORO    ,8/21/2018,TU,445,1,EAST RUTHERFORD PD       ,E.R.P.D.       ,0,0,0,0,P,B,N,N,2,2,NJ 3                                              ,E,3,,00000003__      ,6.9,2,,2,1,6,1,1,1,,,,,,,,55,,,,N,,153,4:45,120N04735
20150212ER-15-10434            ,BERGEN      ,EAST RUTHERFORD BORO    ,11/3/2015,TU,753,1,EAST RUTHERFORD PD       ,,0,0,0,0,P,B,N,N,1,2,NJ 3                                              ,E,3,,00000003__      ,8,2,2,2,1,1,1,5,1,,,E,,,,,55,,,,N,,144,7:55,120-04733
20140212ER-14-11377            ,BERGEN      ,EAST RUTHERFORD BORO    ,12/17/2014,W ,736,1,EAST RUTHERFORD PD       ,EAST RUTHERFORD,0,0,0,0,P,B,N,N,1,2,NJ 3                                              ,E,3,,00000003__      ,8.2,2,1,2,1,1,1,1,1,,,,,,,,50,,40.79798,74.06758,N,,146,7:35,120N04733
20160212ER-16-09035            ,BERGEN      ,EAST RUTHERFORD BORO    ,10/23/2016,S ,1654,1,EAST RUTHERFORD PD       ,,0,0,0,0,P,B,N,N,1,2,NJ 3                                              ,E,3,,00000003__      ,7.5,2,1,2,1,1,1,1,1,,,,,,,,55,,,,Y,,141,16:55,120-04734
20140212ER-14-11391            ,BERGEN      ,EAST RUTHERFORD BORO    ,12/17/2014,W ,1730,1,EAST RUTHERFORD PD       ,,0,0,0,0,P,B,N,N,6,2,NJ 3                                              ,E,3,,00000003__      ,7.3,2,4,2,1,6,1,5,1,,,,,,,,35,,40.80827,74.07912,N,NONE                                                                            ,115,17:30,120-04734
20130212ER-13-07025            ,BERGEN      ,EAST RUTHERFORD BORO    ,8/10/2013,SA,1654,1,EAST RUTHERFORD PD       ,,0,0,0,0,P,B,N,N,1,2,NJ 3                                              ,E,3,,00000003__      ,7.4,2,1,2,1,1,1,1,1,,,,,,,,55,,,,N,,148,16:55,120-04734
20170212ER-17-10584            ,BERGEN      ,EAST RUTHERFORD BORO    ,12/9/2017,SA,1610,1,EAST RUTHERFORD PD       ,,0,0,0,0,P,B,N,N,1,2,NJ 3                                              ,E,3,,00000003__      ,7.8,2,,2,3,3,3,1,1,,,,,,,,55,,,,N,,139,16:10,120-04733
20150212ER-15-10542            ,BERGEN      ,EAST RUTHERFORD BORO    ,11/7/2015,SA,414,1,EAST RUTHERFORD PD       ,,0,0,0,0,P,B,N,N,2,2,NJ 3                                              ,E,3,,00000003__      ,8.3,2,4,2,1,6,1,1,1,,,E,,,,,40,,,,N,NONE                                                                            ,,4:15,120N04733
20160212ER-16-09036            ,BERGEN      ,EAST RUTHERFORD BORO    ,10/23/2016,S ,1801,1,EAST RUTHERFORD PD       ,ERPD           ,0,0,0,0,P,B,N,N,2,2,NJ 3                                              ,E,3,,00000003__      ,8.3,2,1,2,1,3,1,,,,,,,T,NJ 3                     ,EB,25,,,,N,,143,18:00,120N04733
20140212ER-14-11436            ,BERGEN      ,EAST RUTHERFORD BORO    ,12/18/2014,TH,2237,1,EAST RUTHERFORD PD       ,,1,1,1,1,F,B,Y,N,13,1,NJ 3                                              ,E,3,,00000003__      ,7.6,2,1,2,1,6,1,2,1,,,,,,,,55,,40.80473,74.07402,N,,150,22:35,120N04734
20150212ER-15-10647            ,BERGEN      ,EAST RUTHERFORD BORO    ,11/10/2015,TU,856,1,EAST RUTHERFORD PD       ,,0,0,0,0,P,B,N,N,2,2,NJ 3                                              ,E,3,,00000003__      ,7.8,2,1,2,2,1,2,1,1,,,,,,,,55,,,,N,,146,8:55,120-04733
20180212ER-18-06692            ,BERGEN      ,EAST RUTHERFORD BORO    ,8/30/2018,TH,832,1,EAST RUTHERFORD PD       ,,0,0,0,0,P,B,N,N,1,3,NJ 3                                              ,E,3,,00000003__      ,8.4,2,,2,1,1,1,1,1,,,,,,,,55,,,,N,,,8:30,120-04732
20150212ER-15-10659            ,BERGEN      ,EAST RUTHERFORD BORO    ,11/10/2015,TU,1535,1,EAST RUTHERFORD PD       ,,0,0,0,0,P,B,N,N,1,2,NJ 3                                              ,E,3,,00000003__      ,7.5,2,2,2,2,1,2,2,1,20,FE,E,,T,NJ TURNPIKE              ,SB,55,,,,N,,146,15:35,120-04734
20140212ER-14-11467            ,BERGEN      ,EAST RUTHERFORD BORO    ,12/19/2014,F ,2047,1,EAST RUTHERFORD PD       ,EAST RUTHERFORD,0,1,0,1,I,I,N,N,13,1,NJ 3                                              ,E,3,,00000003__      ,8.14,2,1,2,1,6,1,1,1,,AT,,NEW JERSEY TURNPIKE                ,,,,55,25,40.79832,74.06815,N,,143,20:45,120-04733
20150212ER-15-10699            ,BERGEN      ,EAST RUTHERFORD BORO    ,11/11/2015,W ,1739,1,EAST RUTHERFORD PD       ,,0,0,0,0,P,B,N,N,1,2,NJ 3                                              ,E,3,,00000003__      ,6.86,2,1,2,1,7,1,5,1,,,N,,,,,55,,,,N,,144,17:40,120N04736
20130212ER-13-07248            ,BERGEN      ,EAST RUTHERFORD BORO    ,8/17/2013,SA,930,1,EAST RUTHERFORD PD       ,,0,0,0,0,P,B,N,N,1,2,NJ 3                                              ,E,3,,00000003__      ,7.3,2,1,2,1,1,1,1,1,,,,,,,,55,,,,N,,148,9:30,120-04734
20180212ER-18-06895            ,BERGEN      ,EAST RUTHERFORD BORO    ,9/6/2018,TH,1915,1,EAST RUTHERFORD PD       ,,0,0,0,0,P,B,N,N,11,1,NJ 3                                              ,E,3,,00000003__      ,8.3,2,,2,2,1,1,1,1,,,,,,,,55,,,,N,,146,19:15,120N04733
20170212ER-17-11083            ,BERGEN      ,EAST RUTHERFORD BORO    ,12/28/2017,TH,1035,1,EAST RUTHERFORD PD       ,,0,0,0,0,P,B,N,N,11,1,NJ 3                                              ,E,3,,00000003__      ,7.3,2,,2,9,1,1,3,1,,,,,,,,35,,,,N,,139,10:35,120-04734
20150212ER-15-10740            ,BERGEN      ,EAST RUTHERFORD BORO    ,11/13/2015,F ,748,1,EAST RUTHERFORD PD       ,,0,0,0,0,P,B,N,N,1,3,NJ 3                                              ,E,3,,00000003__      ,7.4,2,2,2,1,1,1,1,1,,,,,,,,55,,,,N,,139,7:50,120-04734
2014025614-00524               ,BERGEN      ,RUTHERFORD BORO         ,1/7/2014,TU,704,1,RUTHERFORD PD            ,,0,0,0,0,P,I,N,N,2,2,NJ 3                                              ,E,3,,00000003__      ,6.1,2,2,2,1,1,1,1,2,,AT,N,,,,,45,,40.81268,74.10541,N,,,7:05,120N04737
20150212ER-15-10787            ,BERGEN      ,EAST RUTHERFORD BORO    ,11/14/2015,SA,1918,1,EAST RUTHERFORD PD       ,,0,0,0,0,P,B,N,N,5,3,NJ 3                                              ,E,3,,00000003__      ,7.2,2,2,2,1,6,1,1,1,,,,,,,,55,,,,N,NONE                                                                            ,,19:20,120-04734
20180212ER-18-06929            ,BERGEN      ,EAST RUTHERFORD BORO    ,9/7/2018,FR,1735,1,EAST RUTHERFORD PD       ,,0,0,0,0,P,B,N,N,2,2,NJ 3                                              ,E,3,,00000003__      ,7.6,2,,2,1,1,1,1,1,,,,,,,,55,,,,N,,142,17:35,120N04734
20170212ER17-01186             ,BERGEN      ,EAST RUTHERFORD BORO    ,2/9/2017,TH,548,1,EAST RUTHERFORD PD       ,,0,0,0,0,P,B,N,N,11,2,NJ 3                                              ,E,3,,00000003__      ,8,2,,2,3,7,3,1,1,,,,,,,,55,,,,N,,144,5:50,120-04733
20130212ER-13-07658            ,BERGEN      ,EAST RUTHERFORD BORO    ,8/30/2013,F ,1507,1,EAST RUTHERFORD PD       ,,0,0,0,0,P,B,N,N,1,2,NJ 3                                              ,E,3,,00000003__      ,8.2,2,1,2,1,1,1,1,1,,,,,,,,55,,,,N,,131,15:05,120N04733
20160212ER-16-09447            ,BERGEN      ,EAST RUTHERFORD BORO    ,11/6/2016,S ,1209,1,EAST RUTHERFORD PD       ,,0,0,0,0,P,B,N,N,1,2,NJ 3                                              ,E,3,,00000003__      ,7.2,2,1,2,1,1,1,1,1,,,,,,,,55,,,,N,,142,12:10,120-04734
20180212ER-18-06982            ,BERGEN      ,EAST RUTHERFORD BORO    ,9/9/2018,SU,2139,1,EAST RUTHERFORD PD       ,,0,2,0,0,I,B,N,N,11,2,NJ 3                                              ,E,3,,00000003__      ,,2,,2,2,7,5,5,1,,,,,,,,40,,,,N,GUARD RAIL                                                                      ,155,21:40,120-07448
20180212ER-18-07002            ,BERGEN      ,EAST RUTHERFORD BORO    ,9/9/2018,SU,1814,1,EAST RUTHERFORD PD       ,,0,0,0,0,P,B,N,N,11,1,NJ 3                                              ,E,3,,00000003__      ,7.2,2,,2,2,1,2,1,1,,,,,T,NJ 120                   ,NB,50,,,,N,METAL STREET LIGHT                                                              ,131,18:15,120-04734
20170212ER17-01195             ,BERGEN      ,EAST RUTHERFORD BORO    ,2/9/2017,TH,1609,1,EAST RUTHERFORD PD       ,,0,0,0,0,P,B,N,N,11,1,NJ 3                                              ,E,3,,00000003__      ,7.9,2,,2,3,1,8,1,1,,,,,,,,55,,,,N,GUARDRAIL IS DAMAGED ALONG LEFT SIDE OF HIGHWAY PRIOR TO RT 120 OVERPASS.       ,146,16:10,120-04733
20160212ER-16-09481            ,BERGEN      ,EAST RUTHERFORD BORO    ,11/7/2016,M ,646,1,EAST RUTHERFORD PD       ,,0,0,0,0,P,B,N,N,11,1,NJ 3                                              ,E,3,,00000003__      ,8,2,1,2,1,1,1,1,1,,,E,,,,,55,,,,N,,132,6:45,120-04733