CRASH_ID,CTY_NAME,MUN_NAME,DATE,DAY,TIME,POL_CODE,POL_DEPT,POL_STA,KILLED,INJURED,PED_KILL,PED_INJ,SEVERITY,INTERSEC,ALCOHOL,HAZMAT,CRASH_TYPE,VEH_COUNT,LOCATION,LOC_DIR,ROUTE,RT_SFX,SRI,MP,RD_SYS,RD_CHAR,RD_SURF,SURF_COND,LIGHT,WEATHER,RD_DIV,RD_WRKZN,X_DIST,DIST_UNT,X_DIR,X_NAME,IS_RAMP,RAMP_RT,RAMP_DIR,SPD_LMT,SPD_X,LAT,LONG,CELL_USE,PROP_DMG,BADGE,TIME_ROUND,TMC
20170212ER17-01216             ,BERGEN      ,EAST RUTHERFORD BORO    ,2/10/2017,FR,811,1,EAST RUTHERFORD PD       ,,0,0,0,0,P,B,N,N,1,2,NJ 3                                              ,E,3,,00000003__      ,7.2,2,,2,2,1,1,1,1,,,,,,,,55,,,,N,,,8:10,120-04734
20150212ER-15-11271            ,BERGEN      ,EAST RUTHERFORD BORO    ,11/29/2015,S ,1721,1,EAST RUTHERFORD PD       ,ERPD           ,0,0,0,0,P,B,N,N,2,2,NJ 3                                              ,E,3,,00000003__      ,7.1,2,4,2,1,6,1,5,1,,,E,,,,,40,,,,N,,129,17:20,120N04735
20170212ER17-01749             ,BERGEN      ,EAST RUTHERFORD BORO    ,3/3/2017,FR,845,1,EAST RUTHERFORD PD       ,,0,0,0,0,P,I,N,N,1,2,NJ 3                                              ,E,3,,00000003__      ,8.49,2,,2,1,1,1,1,1,,AT,E,,,,,55,,,,N,,,8:45,120-04732
20170212ER17-01909             ,BERGEN      ,EAST RUTHERFORD BORO    ,3/9/2017,TH,804,1,EAST RUTHERFORD PD       ,,0,0,0,0,P,B,N,N,1,3,NJ 3                                              ,E,3,,00000003__      ,8.1,2,,2,1,1,1,1,1,,,,,,,,55,,,,N,,,8:05,120-04733
20160212ER-16-09617            ,BERGEN      ,EAST RUTHERFORD BORO    ,11/11/2016,F ,1610,1,EAST RUTHERFORD PD       ,,0,0,0,0,P,B,N,N,2,2,NJ 3                                              ,E,3,,00000003__      ,,2,1,2,1,1,1,2,1,,,,,T,NJ 120                   ,NB,40,,,,N,,140,16:10,120-07448
20170212ER17-01912             ,BERGEN      ,EAST RUTHERFORD BORO    ,3/9/2017,TH,902,1,EAST RUTHERFORD PD       ,,0,0,0,0,P,B,N,N,1,2,NJ 3                                              ,E,3,,00000003__      ,8.1,2,,2,1,1,1,1,1,,,,,,,,55,,,,N,,140,9:00,120-04733
20130212ER-13-08203            ,BERGEN      ,EAST RUTHERFORD BORO    ,9/15/2013,S ,1305,1,EAST RUTHERFORD PD       ,,0,0,0,0,P,B,N,N,1,2,NJ 3                                              ,E,3,,00000003__      ,8.49,2,2,2,1,1,1,5,1,,,,,,,,55,,,,N,,144,13:05,120-04732
2014025614-01368               ,BERGEN      ,RUTHERFORD BORO         ,1/17/2014,F ,153,1,RUTHERFORD PD            ,,0,0,0,0,P,I,N,N,11,1,NJ 3                                              ,E,3,,00000003__      ,6.5,2,1,2,1,6,1,1,2,,AT,N,,,,,45,,40.81031,74.09686,N,,84,1:55,120-04736
20180212ER-18-07216            ,BERGEN      ,EAST RUTHERFORD BORO    ,9/17/2018,MO,1940,1,EAST RUTHERFORD PD       ,,0,0,0,0,P,B,N,N,1,2,NJ 3                                              ,E,3,,00000003__      ,7.3,2,,2,2,7,5,1,1,,,,,,,,50,,,,N,,155,19:40,120-04734
20160212ER-16-09749            ,BERGEN      ,EAST RUTHERFORD BORO    ,11/16/2016,W ,429,1,EAST RUTHERFORD PD       ,,0,0,0,0,P,B,N,N,12,1,NJ 3                                              ,E,3,,00000003__      ,8.14,2,1,2,1,7,1,1,1,,,,,,,,55,,,,N,,152,4:30,120-04733
20180212ER-18-07451            ,BERGEN      ,EAST RUTHERFORD BORO    ,9/25/2018,TU,1842,1,EAST RUTHERFORD PD       ,,0,0,0,0,P,B,N,N,1,2,NJ 3                                              ,E,3,,00000003__      ,8.2,2,,2,2,3,2,1,5,,,,,,,,55,,,,N,,146,18:40,120N04733
2014025614-01737               ,BERGEN      ,RUTHERFORD BORO         ,1/21/2014,TU,1453,1,RUTHERFORD PD            ,,0,0,0,0,P,I,N,N,1,2,NJ 3                                              ,E,3,,00000003__      ,5,2,1,1,3,1,3,1,2,,AT,N,,,,,45,,40.82242,74.12299,N,,,14:55,120N04738
20180212ER-18-07455            ,BERGEN      ,EAST RUTHERFORD BORO    ,9/25/2018,TU,1934,1,EAST RUTHERFORD PD       ,,0,0,0,0,P,B,N,N,1,2,NJ 3                                              ,E,3,,00000003__      ,7.6,2,,2,2,7,2,1,1,,,,,,,,55,,,,N,,152,19:35,120N04734
2014025614-01744               ,BERGEN      ,RUTHERFORD BORO         ,1/21/2014,TU,1605,1,RUTHERFORD PD            ,,0,1,0,0,I,I,N,N,1,3,NJ 3                                              ,E,3,,00000003__      ,6.4,2,1,2,3,1,3,1,2,,AT,N,,,,,45,,40.81044,74.09915,N,,50,16:05,120-04736
20150212ER-15-11888            ,BERGEN      ,EAST RUTHERFORD BORO    ,12/18/2015,F ,1709,1,EAST RUTHERFORD PD       ,,0,1,0,0,I,B,N,N,1,2,NJ 3                                              ,E,3,,00000003__      ,7.2,2,1,2,1,4,5,1,1,,,,,,,,55,,,,N,,142,17:10,120-04734
20180212ER-18-07527            ,BERGEN      ,EAST RUTHERFORD BORO    ,9/28/2018,FR,1626,1,EAST RUTHERFORD PD       ,,0,0,0,0,P,B,N,N,2,2,NJ 3                                              ,E,3,,00000003__      ,8.49,2,,1,1,1,1,5,1,,,,,,,,55,,,,N,,151,16:25,120-04732
20160212ER-16-09925            ,BERGEN      ,EAST RUTHERFORD BORO    ,11/21/2016,M ,1425,1,EAST RUTHERFORD PD       ,,0,1,0,0,I,B,N,N,2,2,NJ 3                                              ,E,3,,00000003__      ,7.7,2,1,2,1,1,1,3,1,,,,,,,,55,,,,N,,139,14:25,120N04734
20150212ER-15-11994            ,BERGEN      ,EAST RUTHERFORD BORO    ,12/21/2015,M ,1440,1,EAST RUTHERFORD PD       ,,0,2,0,0,I,B,N,Y,8,2,NJ 3                                              ,E,3,,00000003__      ,7.8,2,1,2,1,1,1,1,1,,,,,,,,40,,,,N,N/A                                                                             ,146,14:40,120-04733
2014025614-01927               ,BERGEN      ,RUTHERFORD BORO         ,1/23/2014,TH,858,1,RUTHERFORD PD            ,,0,0,0,0,P,I,N,N,1,3,NJ 3                                              ,E,3,,00000003__      ,6.5,2,1,2,1,1,1,1,1,,AT,N,,F,NJ  17                   ,SB,55,,40.81031,74.09686,N,,,9:00,120-04736
20180212ER-18-07546            ,BERGEN      ,EAST RUTHERFORD BORO    ,9/29/2018,SA,421,1,EAST RUTHERFORD PD       ,,0,3,0,0,I,B,N,N,10,1,NJ 3                                              ,E,3,,00000003__      ,6.9,2,,1,1,6,1,1,1,,,,,,,,55,,,,N,NONE OBSERVED                                                                   ,154,4:20,120N04735
20150212ER-15-12029            ,BERGEN      ,EAST RUTHERFORD BORO    ,12/23/2015,W ,901,1,EAST RUTHERFORD PD       ,ERPD           ,0,1,0,0,I,B,N,N,1,2,NJ 3                                              ,E,3,,00000003__      ,7.1,2,1,2,2,1,2,1,1,,,,,,,,55,,,,N,,129,9:00,120N04735
2014025614-01930               ,BERGEN      ,RUTHERFORD BORO         ,1/23/2014,TH,912,1,RUTHERFORD PD            ,,0,0,0,0,P,I,N,N,1,2,NJ 3                                              ,E,3,,00000003__      ,6.5,2,5,2,2,1,1,1,1,,AT,N,,F,NJ 17                    ,SB,55,,40.81031,74.09686,N,,40,9:10,120-04736
20170212ER17-04609             ,BERGEN      ,EAST RUTHERFORD BORO    ,5/24/2017,WE,746,1,EAST RUTHERFORD PD       ,1,0,0,0,0,P,I,N,N,11,1,NJ 3                                              ,E,3,,00000003__      ,7.3,2,,2,2,1,5,1,1,,AT,,,T,NJ 3                     ,EB,55,,,,N,GUARDRAIL AND LIGHT POST                                                        ,131,7:45,120-04734
20150212ER-15-12139            ,BERGEN      ,EAST RUTHERFORD BORO    ,12/27/2015,S ,1218,1,EAST RUTHERFORD PD       ,,0,0,0,0,P,B,N,N,11,1,NJ 3                                              ,E,3,,00000003__      ,8.3,2,5,1,2,1,5,1,1,,,E,,,,,55,,,,N,,126,12:20,120N04733
20170212ER17-05389             ,BERGEN      ,EAST RUTHERFORD BORO    ,6/15/2017,TH,1038,1,EAST RUTHERFORD PD       ,,0,0,0,0,P,B,N,N,2,3,NJ 3                                              ,E,3,,00000003__      ,7,2,,2,1,1,1,1,1,,,,,,,,55,,,,N,,144,10:40,120N04735
20180212ER-18-07599            ,BERGEN      ,EAST RUTHERFORD BORO    ,9/30/2018,SU,1946,1,EAST RUTHERFORD PD       ,,0,1,0,0,I,B,N,N,1,2,NJ 3                                              ,E,3,,00000003__      ,7.4,2,,2,1,6,1,3,1,,,,,,,,40,,,,N,,152,19:45,120-04734
20150212ER-15-12154            ,BERGEN      ,EAST RUTHERFORD BORO    ,12/27/2015,S ,1910,1,EAST RUTHERFORD PD       ,,0,1,0,0,I,B,N,N,2,2,NJ 3                                              ,E,3,,00000003__      ,8.4,2,3,2,2,6,1,1,1,,,E,,,,,55,,,,N,GUARDRAIL                                                                       ,*****,19:10,120-04732
20170212ER17-05603             ,BERGEN      ,EAST RUTHERFORD BORO    ,6/22/2017,TH,641,1,EAST RUTHERFORD PD       ,,0,0,0,0,P,I,N,N,2,2,NJ 3                                              ,E,3,,00000003__      ,7.35,2,,2,1,1,1,1,1,,AT,,,,,,55,,,,N,,126,6:40,120-04734
20130212ER-13-2051             ,BERGEN      ,EAST RUTHERFORD BORO    ,3/8/2013,F ,2127,1,EAST RUTHERFORD PD       ,,0,1,0,0,I,B,Y,N,11,1,NJ 3                                              ,E,3,,00000003__      ,8.1,2,5,2,2,6,1,4,1,,,,,,,,55,,,,N,THE GUIDE RAIL OF RT 3 EAST DOT ADVISED                                         ,150,21:25,120-04733
2014025614-02226               ,BERGEN      ,RUTHERFORD BORO         ,1/27/2014,M ,800,1,RUTHERFORD PD            ,,0,2,0,0,I,I,N,N,1,2,NJ 3                                              ,E,3,,00000003__      ,6.5,2,5,2,1,1,1,2,1,,AT,N,,F,NJ 17 SOUTH              ,EB,55,,40.81031,74.09686,N,,89,8:00,120-04736
20150212ER-15-7785             ,BERGEN      ,EAST RUTHERFORD BORO    ,12/15/2015,TU,831,1,EAST RUTHERFORD PD       ,EAST RUTHERFORD,0,0,0,0,P,B,N,N,2,2,NJ 3                                              ,E,3,,00000003__      ,7.9,2,1,2,1,1,1,5,1,,,,,,,,35,,,,N,NONE                                                                            ,125,8:30,120-04733
20180212ER-18-07614            ,BERGEN      ,EAST RUTHERFORD BORO    ,10/1/2018,MO,930,1,EAST RUTHERFORD PD       ,,0,0,0,0,P,B,N,N,1,2,NJ 3                                              ,E,3,,00000003__      ,8.4,2,,2,1,1,1,5,1,,,,,,,,55,,,,N,,144,9:30,120-04732
20130212ER-13-5325             ,BERGEN      ,EAST RUTHERFORD BORO    ,6/19/2013,W ,38,1,EAST RUTHERFORD PD       ,,0,2,0,0,I,B,N,N,1,2,NJ 3                                              ,E,3,,00000003__      ,7.9,2,1,2,2,6,2,1,2,,,,,,,,55,,,,N,,149,3:40,120-04733
2015025615-00308               ,BERGEN      ,RUTHERFORD BORO         ,1/4/2015,S ,1223,1,RUTHERFORD PD            ,,0,0,0,0,P,B,N,N,11,1,NJ 3                                              ,E,3,,00000003__      ,,2,5,1,2,1,5,1,1,,,,,F,NJ 17                    ,SB,55,,,,N,,40,12:25,120-07448
20170212ER1701216              ,BERGEN      ,EAST RUTHERFORD BORO    ,2/10/2017,FR,811,1,EAST RUTHERFORD PD       ,,0,0,0,0,P,B,N,N,99,1,NJ 3                                              ,E,3,,00000003__      ,7.2,2,,2,2,1,1,1,1,,,,,,,,55,,,,N,,142,8:10,120-04734
20160212ER-16-10415            ,BERGEN      ,EAST RUTHERFORD BORO    ,12/7/2016,W ,753,1,EAST RUTHERFORD PD       ,,0,0,0,0,P,B,N,N,2,2,NJ 3                                              ,E,3,,00000003__      ,7.96,2,5,2,2,1,2,5,1,,,,,T,NJ 120                   ,,35,,,,N,,142,7:55,120-04733
20130212ER-13-5682             ,BERGEN      ,EAST RUTHERFORD BORO    ,6/29/2013,SA,1,1,EAST RUTHERFORD PD       ,,0,0,0,0,P,B,N,N,2,2,NJ 3                                              ,E,3,,00000003__      ,8.14,2,1,2,1,6,1,1,2,25,FE,W,NEW JERSEY TURNPIKE                ,,,,55,,,,N,NONE                                                                            ,150,1:00,120-04733
2015025615-00312               ,BERGEN      ,RUTHERFORD BORO         ,1/4/2015,S ,1223,1,RUTHERFORD PD            ,,0,0,0,0,P,B,N,N,11,1,NJ 3                                              ,E,3,,00000003__      ,,2,5,1,2,1,5,1,1,,,,,F,NJ 17                    ,SB,55,,,,N,,40,12:25,120-07448
2014025614-02399               ,BERGEN      ,RUTHERFORD BORO         ,1/29/2014,W ,533,1,RUTHERFORD PD            ,,0,0,0,0,P,I,N,N,11,1,NJ 3                                              ,E,3,,00000003__      ,6.4,2,4,2,3,6,1,1,1,,AT,N,,T,NJ 17                   ,NB,55,,40.81044,74.09915,N,NONE                                                                            ,,5:35,120-04736
20180212ER-18-07836            ,BERGEN      ,EAST RUTHERFORD BORO    ,10/8/2018,MO,646,1,EAST RUTHERFORD PD       ,,0,0,0,0,P,B,N,N,2,2,NJ 3                                              ,E,3,,00000003__      ,7.8,2,,2,1,2,1,1,1,,,,,,,,55,,,,N,,140,6:45,120-04733
20170212ER1701227              ,BERGEN      ,EAST RUTHERFORD BORO    ,2/10/2017,FR,1432,1,EAST RUTHERFORD PD       ,,0,0,0,0,P,B,N,N,11,1,NJ 3                                              ,E,3,,00000003__      ,8.1,2,,2,1,1,1,2,5,,,,,,,,55,,,,N,FACE OF METAL GUADRAIL                                                          ,131,14:30,120-04733
20160212ER-16-10417            ,BERGEN      ,EAST RUTHERFORD BORO    ,12/7/2016,W ,903,1,EAST RUTHERFORD PD       ,1,0,0,0,0,P,B,N,N,1,3,NJ 3                                              ,E,3,,00000003__      ,8.4,2,2,1,2,1,2,1,1,,,,,,,,50,,,,N,GUARDRAIL FACE                                                                  ,131,9:05,120-04732
2015025615-00313               ,BERGEN      ,RUTHERFORD BORO         ,1/4/2015,S ,1223,1,RUTHERFORD PD            ,,0,0,0,0,P,B,N,N,2,2,NJ 3                                              ,E,3,,00000003__      ,,2,5,1,2,1,5,2,1,,,,,F,ROUTE 17                 ,SB,55,,,,N,,40,12:25,120-07448
2015025615-00850               ,BERGEN      ,RUTHERFORD BORO         ,1/9/2015,F ,1344,1,RUTHERFORD PD            ,,0,0,0,0,P,B,N,N,1,2,NJ 3                                              ,E,3,,00000003__      ,6.7,2,2,2,1,1,1,1,1,,,E,,,,,55,,,,N,,52,13:45,120N04736
20130212ER-13-776              ,BERGEN      ,EAST RUTHERFORD BORO    ,1/26/2013,SA,2352,1,EAST RUTHERFORD PD       ,,0,0,0,0,P,B,N,N,2,2,NJ 3                                              ,E,3,,00000003__      ,7.5,2,1,2,1,6,1,4,1,,,,,T,RT 3 EAST SERVICE R?     ,WB,55,,,,N,NONE                                                                            ,150,23:50,120-04734
2015025615-00867               ,BERGEN      ,RUTHERFORD BORO         ,1/9/2015,F ,1722,1,RUTHERFORD PD            ,,0,0,0,0,P,B,N,N,1,2,NJ 3                                              ,E,3,,00000003__      ,6.5,2,2,2,2,6,1,1,1,,,,,,,,55,,,,N,,67,17:20,120-04736
20160212ER-16-10604            ,BERGEN      ,EAST RUTHERFORD BORO    ,12/14/2016,W ,945,1,EAST RUTHERFORD PD       ,,0,1,0,0,I,B,N,N,1,2,NJ 3                                              ,E,3,,00000003__      ,8.2,2,2,2,1,1,1,1,1,,,,,,,,55,,,,N,,140,9:45,120N04733
20160212ER-16-10609            ,BERGEN      ,EAST RUTHERFORD BORO    ,12/14/2016,W ,1438,1,EAST RUTHERFORD PD       ,,0,0,0,0,P,B,N,N,1,3,NJ 3                                              ,E,3,,00000003__      ,8.4,2,2,2,1,1,1,5,1,,,,,,,,55,,,,N,,139,14:40,120-04732
2013025613-14841               ,BERGEN      ,RUTHERFORD BORO         ,12/3/2013,TU,2130,1,RUTHERFORD PD            ,,0,0,0,0,P,I,N,N,15,1,NJ 3                                              ,E,3,,00000003__      ,5.5,2,2,2,1,6,1,1,2,,AT,N,,,,,45,,,,N,,,21:30,120-04737
2015025615-01575               ,BERGEN      ,RUTHERFORD BORO         ,1/16/2015,F ,1831,1,RUTHERFORD PD            ,,0,0,0,0,P,I,N,N,1,2,NJ 3                                              ,E,3,,00000003__      ,6.36,2,2,2,1,6,1,1,1,,AT,E,NJ 17                              ,,,,55,,,,N,,76,18:30,120-04736
2014025614-02900               ,BERGEN      ,RUTHERFORD BORO         ,2/3/2014,M ,1503,1,RUTHERFORD PD            ,,0,0,0,0,P,I,N,N,11,1,NJ 3                                              ,E,3,,00000003__      ,6.4,2,2,2,5,1,3,1,2,,AT,N,,,,,45,,40.81044,74.09915,N,,,15:05,120-04736
20160212ER-16-10610            ,BERGEN      ,EAST RUTHERFORD BORO    ,12/14/2016,W ,1448,1,EAST RUTHERFORD PD       ,,0,0,0,0,P,B,N,N,2,2,NJ 3                                              ,E,3,,00000003__      ,7.8,2,4,2,1,1,1,1,1,,,,,T,ROUTE 120 / 3            ,NB,35,,,,N,,126,14:50,120-04733
2015025615-01620               ,BERGEN      ,RUTHERFORD BORO         ,1/17/2015,SA,119,1,RUTHERFORD PD            ,,0,0,0,0,P,B,N,N,2,2,NJ 3                                              ,E,3,,00000003__      ,5,2,1,2,1,6,1,1,1,,,,,,,,55,,,,N,NONE                                                                            ,95,1:20,120N04738
2014025614-03087               ,BERGEN      ,RUTHERFORD BORO         ,2/5/2014,W ,931,1,RUTHERFORD PD            ,,0,0,0,0,P,I,N,N,11,1,NJ 3                                              ,E,3,,00000003__      ,6.4,2,4,2,3,1,3,5,2,,AT,N,,T,NJ 17                    ,NB,45,,40.81044,74.09915,N,,50,9:30,120-04736
20160212ER-16-10652            ,BERGEN      ,EAST RUTHERFORD BORO    ,12/16/2016,F ,1147,1,EAST RUTHERFORD PD       ,,0,0,0,0,P,B,N,N,2,2,NJ 3                                              ,E,3,,00000003__      ,8.4,2,2,1,1,1,1,1,1,,,,,,,,50,,,,N,NONE                                                                            ,131,11:45,120-04732
2015025615-01755               ,BERGEN      ,RUTHERFORD BORO         ,1/18/2015,S ,756,1,RUTHERFORD PD            ,,0,0,0,0,P,B,N,N,11,1,NJ 3                                              ,E,3,,00000003__      ,5,2,2,2,4,1,6,1,1,,,,,,,,55,,,,N,,,7:55,120N04738
2013025613-15325               ,BERGEN      ,RUTHERFORD BORO         ,12/11/2013,W ,709,1,RUTHERFORD PD            ,,0,0,0,0,P,I,N,N,1,2,NJ 3                                              ,E,3,,00000003__      ,5.16,2,2,2,1,1,1,1,2,,AT,N,US 30 / PARK AVE EXIT RAMP         ,,,,45,,,,N,,,7:10,120N04738
2014025614-03098               ,BERGEN      ,RUTHERFORD BORO         ,2/5/2014,W ,1051,1,RUTHERFORD PD            ,,0,0,0,0,P,I,N,N,11,1,NJ 3                                              ,E,3,,00000003__      ,6,2,5,2,5,1,2,3,1,,AT,N,,T,NJ 17                    ,NB,25,,40.81357,74.10742,N,NONE                                                                            ,,10:50,120N04737
20170212ER1702641              ,BERGEN      ,EAST RUTHERFORD BORO    ,3/31/2017,FR,1630,1,EAST RUTHERFORD PD       ,,0,0,0,0,P,B,Y,N,1,2,NJ 3                                              ,E,3,,00000003__      ,6.86,2,,2,2,1,2,1,2,,,,,,,,55,,,,N,,144,16:30,120N04736
20170212ER1702792              ,BERGEN      ,EAST RUTHERFORD BORO    ,4/5/2017,WE,228,1,EAST RUTHERFORD PD       ,,0,1,0,0,I,B,N,N,11,1,NJ 3                                              ,E,3,,00000003__      ,8,2,,2,2,6,1,1,1,25,MI,S,NJ 3                               ,,,,40,55,,,N,DAMAGE TO GUARDRAIL AND UTILITY POLE #2567 WAS REMOVED FROM GROUND AND BROKEN   ,154,2:30,120-04733
20160212ER-16-10755            ,BERGEN      ,EAST RUTHERFORD BORO    ,12/19/2016,M ,1721,1,EAST RUTHERFORD PD       ,,0,0,0,0,P,B,N,N,2,2,NJ 3                                              ,E,3,,00000003__      ,8.4,2,2,1,1,6,1,1,1,,,,,,,,55,,,,N,,150,17:20,120-04732
2015025615-01926               ,BERGEN      ,RUTHERFORD BORO         ,1/20/2015,TU,843,1,RUTHERFORD PD            ,,0,0,0,0,P,B,N,N,1,2,NJ 3                                              ,E,3,,00000003__      ,6.2,2,1,2,1,1,1,1,1,,,,,,,,55,,,,N,,85,8:45,120N04737
2013025613-15415               ,BERGEN      ,RUTHERFORD BORO         ,12/12/2013,TH,1714,1,RUTHERFORD PD            ,,0,0,0,0,P,I,N,N,1,2,NJ 3                                              ,E,3,,00000003__      ,6.5,2,5,2,1,6,1,2,1,,AT,N,,F,NJ 17                    ,NB,45,,,,N,,,17:15,120-04736
20170212ER1702836              ,BERGEN      ,EAST RUTHERFORD BORO    ,4/6/2017,TH,640,1,EAST RUTHERFORD PD       ,,0,0,0,0,P,B,N,N,1,2,NJ 3                                              ,E,3,,00000003__      ,7,2,,2,2,6,2,1,1,,,,,,,,55,,,,N,,140,6:40,120N04735
20170212ER1702883              ,BERGEN      ,EAST RUTHERFORD BORO    ,4/7/2017,FR,1358,1,EAST RUTHERFORD PD       ,,0,0,0,0,P,B,N,N,1,2,NJ 3                                              ,E,3,,00000003__      ,8.4,2,,2,1,1,5,1,1,,,,,F,NJ                       ,SB,55,,,,N,,142,14:00,120-04732
2015025615-02102               ,BERGEN      ,RUTHERFORD BORO         ,1/22/2015,TH,731,1,RUTHERFORD PD            ,,0,0,0,0,P,B,N,N,2,2,NJ 3                                              ,E,3,,00000003__      ,6.4,2,2,2,1,1,1,1,1,,,,,F,NJ 17                    ,NB,55,,,,N,,87,7:30,120-04736
2014025614-03691               ,BERGEN      ,RUTHERFORD BORO         ,2/12/2014,W ,841,1,RUTHERFORD PD            ,,0,0,0,0,P,I,N,N,1,3,NJ 3                                              ,E,3,,00000003__      ,6.5,2,1,2,1,1,1,1,2,,AT,N,,,,,45,,40.81031,74.09686,N,,,8:40,120-04736
20170212ER1702915              ,BERGEN      ,EAST RUTHERFORD BORO    ,4/8/2017,SA,1138,1,EAST RUTHERFORD PD       ,ERPD           ,0,0,0,0,P,B,N,N,15,2,NJ 3                                              ,E,3,,00000003__      ,7.56,2,,2,1,1,1,1,1,,,,,,,,55,,,,N,,141,11:40,120-04734
20180212ER-18-08518            ,BERGEN      ,EAST RUTHERFORD BORO    ,10/30/2018,TU,655,1,EAST RUTHERFORD PD       ,,0,0,0,0,P,I,N,N,2,2,NJ 3                                              ,E,3,,00000003__      ,8.14,2,,2,1,2,1,3,1,,AT,,NEW JERSEY TURNPIKE                ,,,,50,35,,,N,,142,6:55,120-04733
2015025615-02234               ,BERGEN      ,RUTHERFORD BORO         ,1/23/2015,F ,1418,1,RUTHERFORD PD            ,,0,0,0,0,P,B,N,N,1,2,NJ 3                                              ,E,3,,00000003__      ,5.93,2,2,2,1,1,1,5,1,10,FE,E,ORIENT WAY                         ,,,,40,35,,,N,,85,14:20,120N04737
20170212ER1703240              ,BERGEN      ,EAST RUTHERFORD BORO    ,4/16/2017,SU,2249,1,EAST RUTHERFORD PD       ,,0,0,0,0,P,B,Y,N,11,2,NJ 3                                              ,E,3,,00000003__      ,8.4,2,,2,1,6,1,1,1,,,,,,,,55,,,,N,DAMAGE TO GUARD RAIL                                                            ,150,22:50,120-04732
20180212ER-18-08622            ,BERGEN      ,EAST RUTHERFORD BORO    ,11/2/2018,FR,757,1,EAST RUTHERFORD PD       ,,0,0,0,0,P,B,N,N,2,2,NJ 3                                              ,E,3,,00000003__      ,8.4,2,,2,1,1,5,1,1,,,,,,,,55,,,,N,,142,7:55,120-04732
2013025613-15471               ,BERGEN      ,RUTHERFORD BORO         ,12/13/2013,F ,1144,1,RUTHERFORD PD            ,,0,0,0,0,P,B,N,N,10,1,NJ 3                                              ,E,3,,00000003__      ,,2,5,2,1,1,1,2,1,,,,,F,NJ 17                    ,SB,40,,,,N,,,11:45,120-07448
2015025615-02633               ,BERGEN      ,RUTHERFORD BORO         ,1/27/2015,TU,953,1,RUTHERFORD PD            ,,0,0,0,0,P,B,N,N,1,2,NJ 3                                              ,E,3,,00000003__      ,6.2,2,4,2,3,1,3,2,1,,,,,T,POLITO AVE               ,SB,55,,,,N,,91,9:55,120N04737
20170212ER1703724              ,BERGEN      ,EAST RUTHERFORD BORO    ,4/29/2017,SA,328,1,EAST RUTHERFORD PD       ,E.R.P D        ,0,0,0,0,P,B,Y,N,11,1,NJ 3                                              ,E,3,,00000003__      ,7.56,2,,2,2,6,2,3,1,,,,,T,NJ TURNPIKE              ,,55,,,,N,NJTPK HIGHWAY SIGN                                                              ,150,3:30,120-04734
20180212ER-18-08766            ,BERGEN      ,EAST RUTHERFORD BORO    ,11/7/2018,WE,856,1,EAST RUTHERFORD PD       ,,0,0,0,0,P,B,N,N,1,2,NJ 3                                              ,E,3,,00000003__      ,7.4,2,,2,1,1,1,1,1,,,,,,,,35,,,,N,,142,8:55,120-04734
20170212ER1704039              ,BERGEN      ,EAST RUTHERFORD BORO    ,5/8/2017,MO,1439,1,EAST RUTHERFORD PD       ,,0,0,0,0,P,B,N,N,1,2,NJ 3                                              ,E,3,,00000003__      ,8.2,2,,2,1,1,1,3,1,,,,,,,,55,,,,N,,132,14:40,120N04733
2013025613-15661               ,BERGEN      ,RUTHERFORD BORO         ,12/16/2013,M ,905,1,RUTHERFORD PD            ,,0,0,0,0,P,B,N,N,15,2,NJ 3                                              ,E,3,,00000003__      ,6.4,2,2,2,1,1,1,1,2,,,,,,,,45,,,,N,,,9:05,120-04736
2015025615-03358               ,BERGEN      ,RUTHERFORD BORO         ,2/3/2015,TU,1251,1,RUTHERFORD PD            ,,0,1,0,0,I,B,N,N,11,1,NJ 3                                              ,E,3,,00000003__      ,5.6,2,2,2,1,1,1,1,1,,,,,,,,55,,,,N,,88,12:50,120-04737
2016025616-00317               ,BERGEN      ,RUTHERFORD BORO         ,1/4/2016,M ,2344,1,RUTHERFORD PD            ,,0,1,0,0,I,B,N,N,1,3,NJ 3                                              ,E,3,,00000003__      ,6,2,1,2,1,6,1,1,1,,,N,,,,,55,,,,N,,91,23:45,120N04737
20170212ER1704395              ,BERGEN      ,EAST RUTHERFORD BORO    ,5/18/2017,TH,1036,1,EAST RUTHERFORD PD       ,,0,0,0,0,P,B,N,N,2,2,NJ 3                                              ,E,3,,00000003__      ,7.8,2,,2,1,1,1,3,1,,,,,,,,55,,,,N,,132,10:35,120-04733
2016025616-00406               ,BERGEN      ,RUTHERFORD BORO         ,1/6/2016,W ,644,1,RUTHERFORD PD            ,,0,0,0,0,P,B,N,N,1,3,NJ 3                                              ,E,3,,00000003__      ,6.6,2,1,2,1,1,1,1,1,,,,,,,,55,,,,N,,95,6:45,120-04736
20180212ER-18-08913            ,BERGEN      ,EAST RUTHERFORD BORO    ,11/12/2018,MO,215,1,EAST RUTHERFORD PD       ,,0,0,0,0,P,B,N,N,11,1,NJ 3                                              ,E,3,,00000003__      ,7.21,2,,2,1,6,1,1,1,,,,,,,,35,,,,N,GUARDRAIL                                                                       ,152,2:15,120-04734
2015025615-03528               ,BERGEN      ,RUTHERFORD BORO         ,2/5/2015,TH,736,1,RUTHERFORD PD            ,,0,0,0,0,P,B,N,N,2,2,NJ 3                                              ,E,3,,00000003__      ,6.2,2,1,2,1,1,1,1,1,,,,,,,,55,,,,N,,56,7:35,120N04737
20180212ER-18-08956            ,BERGEN      ,EAST RUTHERFORD BORO    ,11/13/2018,TU,725,1,EAST RUTHERFORD PD       ,,0,0,0,0,P,B,N,N,1,2,NJ 3                                              ,E,3,,00000003__      ,7.5,2,,2,2,1,2,1,1,,,,,T,ROUTE 120                ,NB,50,,,,N,,141,7:25,120-04734
2015025615-03565               ,BERGEN      ,RUTHERFORD BORO         ,2/5/2015,TH,1405,1,RUTHERFORD PD            ,,0,1,0,0,I,I,N,N,2,2,NJ 3                                              ,E,3,,00000003__      ,6.36,2,1,2,1,1,1,1,1,,AT,,NJ 17 RAMP                         ,,,,55,,,,N,,56,14:05,120-04736
20180212ER-18-08993            ,BERGEN      ,EAST RUTHERFORD BORO    ,11/14/2018,WE,1703,1,EAST RUTHERFORD PD       ,,0,1,0,0,I,B,N,N,1,2,NJ 3                                              ,E,3,,00000003__      ,7.5,2,,2,1,7,1,1,1,,,,,,,,55,,,,N,,144,17:05,120-04734
20170212ER1704703              ,BERGEN      ,EAST RUTHERFORD BORO    ,5/26/2017,FR,2224,1,EAST RUTHERFORD PD       ,,0,2,0,0,I,B,N,N,1,2,NJ 3                                              ,E,3,,00000003__      ,7.9,2,,2,1,6,1,1,1,,,,,,,,55,,,,N,,146,22:25,120-04733
20180212ER-18-09005            ,BERGEN      ,EAST RUTHERFORD BORO    ,11/15/2018,TH,448,1,EAST RUTHERFORD PD       ,,0,0,0,0,P,B,N,N,2,2,NJ 3                                              ,E,3,,00000003__      ,8.08,2,,2,1,6,1,2,1,,,,,F,NJ 120                   ,SB,55,,,,N,GUIDE RAIL ON RAMP FROM RT 120 S TO RT 3 EAST                                   ,149,4:50,120-04733