CRASH_ID,CTY_NAME,MUN_NAME,DATE,DAY,TIME,POL_CODE,POL_DEPT,POL_STA,KILLED,INJURED,PED_KILL,PED_INJ,SEVERITY,INTERSEC,ALCOHOL,HAZMAT,CRASH_TYPE,VEH_COUNT,LOCATION,LOC_DIR,ROUTE,RT_SFX,SRI,MP,RD_SYS,RD_CHAR,RD_SURF,SURF_COND,LIGHT,WEATHER,RD_DIV,RD_WRKZN,X_DIST,DIST_UNT,X_DIR,X_NAME,IS_RAMP,RAMP_RT,RAMP_DIR,SPD_LMT,SPD_X,LAT,LONG,CELL_USE,PROP_DMG,BADGE,TIME_ROUND,TMC
20170212ER1704930              ,BERGEN      ,EAST RUTHERFORD BORO    ,6/2/2017,FR,1534,1,EAST RUTHERFORD PD       ,,0,0,0,0,P,B,N,N,1,2,NJ 3                                              ,E,3,,00000003__      ,8.4,2,,2,1,1,1,1,1,,,,,,,,55,,,,N,,126,15:35,120-04732
20170212ER1704932              ,BERGEN      ,EAST RUTHERFORD BORO    ,6/2/2017,FR,1731,1,EAST RUTHERFORD PD       ,,0,0,0,0,P,B,N,N,2,2,NJ 3                                              ,E,3,,00000003__      ,6.86,2,,1,1,1,1,1,1,,,,,,,,55,,,,N,,141,17:30,120N04736
20180212ER-18-09010            ,BERGEN      ,EAST RUTHERFORD BORO    ,11/15/2018,TH,749,1,EAST RUTHERFORD PD       ,,0,0,0,0,P,B,N,N,1,2,NJ 3                                              ,E,3,,00000003__      ,7.4,2,,2,1,1,1,1,1,,,,,,,,55,,,,N,,144,7:50,120-04734
2015025615-04197               ,BERGEN      ,RUTHERFORD BORO         ,2/13/2015,F ,942,1,RUTHERFORD PD            ,,0,2,0,0,I,I,N,N,1,2,NJ 3                                              ,E,3,,00000003__      ,6.8,2,1,1,1,1,1,1,1,,AT,E,,,,,55,,,,N,,83,9:40,120N04736
20180212ER-18-09011            ,BERGEN      ,EAST RUTHERFORD BORO    ,11/15/2018,TH,821,1,EAST RUTHERFORD PD       ,,0,0,0,0,P,B,N,N,1,4,NJ 3                                              ,E,3,,00000003__      ,8.3,2,,2,1,1,1,5,1,,,,,,,,55,,,,N,,139,8:20,120N04733
2015025615-04198               ,BERGEN      ,RUTHERFORD BORO         ,2/13/2015,F ,947,1,RUTHERFORD PD            ,,0,1,0,0,I,B,N,N,1,2,NJ 3                                              ,E,3,,00000003__      ,6.3,2,1,2,1,1,1,1,1,,,E,,,,,55,,,,N,,76,9:45,120-04736
2016025616-00743               ,BERGEN      ,RUTHERFORD BORO         ,1/10/2016,S ,815,1,RUTHERFORD PD            ,,0,0,0,0,P,B,N,N,11,1,NJ 3                                              ,E,3,,00000003__      ,6.6,2,6,2,6,1,2,1,1,,,E,,,,,55,,,,N,,56,8:15,120-04736
20170212ER1705151              ,BERGEN      ,EAST RUTHERFORD BORO    ,6/8/2017,TH,1913,1,EAST RUTHERFORD PD       ,,0,0,0,0,P,B,N,N,2,2,NJ 3                                              ,E,3,,00000003__      ,7,2,,2,1,1,1,1,1,,,,,,,,55,,,,N,,145,19:15,120N04735
2016025616-00788               ,BERGEN      ,RUTHERFORD BORO         ,1/11/2016,M ,928,1,RUTHERFORD PD            ,,0,0,0,0,P,B,N,N,2,2,NJ 3                                              ,E,3,,00000003__      ,5.4,2,2,2,1,1,1,1,1,,,E,,,,,55,,,,N,,53,9:30,120-04737
2014025614-05039               ,BERGEN      ,RUTHERFORD BORO         ,3/1/2014,SA,714,1,RUTHERFORD PD            ,,0,0,0,0,P,I,N,N,1,2,NJ 3                                              ,E,3,,00000003__      ,6.2,2,1,2,1,1,1,1,1,,AT,N,,,,,45,,40.81178,74.10341,N,,87,7:15,120N04737
20180212ER-18-09027            ,BERGEN      ,EAST RUTHERFORD BORO    ,11/15/2018,TH,1548,1,EAST RUTHERFORD PD       ,,0,0,0,0,P,B,N,N,3,2,NJ 3                                              ,E,3,,00000003__      ,6.9,2,,2,3,1,3,1,1,,,,,,,,55,,,,N,,144,15:50,120N04735
2015025615-04594               ,BERGEN      ,RUTHERFORD BORO         ,2/17/2015,TU,746,1,RUTHERFORD PD            ,,0,0,0,0,P,B,N,N,2,2,NJ 3                                              ,E,3,,00000003__      ,6.8,2,1,2,5,1,3,2,1,,,,,F,NJ 17                    ,SB,55,,,,N,,92,7:45,120N04736
20180212ER-18-09030            ,BERGEN      ,EAST RUTHERFORD BORO    ,11/15/2018,TH,1623,1,EAST RUTHERFORD PD       ,,0,0,0,0,P,B,N,N,3,2,NJ 3                                              ,E,3,,00000003__      ,7.3,2,,2,3,7,3,1,1,,,,,,,,40,,,,N,,144,16:25,120-04734
2015025615-04682               ,BERGEN      ,RUTHERFORD BORO         ,2/18/2015,W ,721,1,RUTHERFORD PD            ,,0,0,0,0,P,B,N,N,1,2,NJ 3                                              ,E,3,,00000003__      ,6.5,2,5,2,1,1,1,1,1,,,,,F,ROUTE 17                 ,SB,55,,,,N,,76,7:20,120-04736
20170212ER1705255              ,BERGEN      ,EAST RUTHERFORD BORO    ,6/12/2017,MO,15,1,EAST RUTHERFORD PD       ,,0,0,0,0,P,I,N,N,2,2,NJ 3                                              ,E,3,,00000003__      ,7.2,2,,2,1,6,1,4,1,,AT,,,T,NJ TURNPIKE              ,SB,40,,,,N,,146,1:15,120-04734
201302562013-000012            ,BERGEN      ,RUTHERFORD BORO         ,1/1/2013,TU,1000,1,RUTHERFORD PD            ,,0,0,0,0,P,B,N,N,99,1,NJ 3                                              ,E,3,,00000003__      ,6.5,2,4,2,1,1,1,1,1,,,,,F,ROUTE 17                 ,SB,55,,,,N,NONE                                                                            ,43,10:00,120-04736
2016025616-01136               ,BERGEN      ,RUTHERFORD BORO         ,1/14/2016,TH,1712,1,RUTHERFORD PD            ,,0,0,0,0,P,B,N,N,1,2,NJ 3                                              ,E,3,,00000003__      ,6.5,2,5,2,1,6,5,1,1,,,E,,T,NJ 17                    ,NB,55,,,,N,,62,17:10,120-04736
20170212ER1705312              ,BERGEN      ,EAST RUTHERFORD BORO    ,6/13/2017,TU,923,1,EAST RUTHERFORD PD       ,1,0,0,0,0,P,B,N,N,1,2,NJ 3                                              ,E,3,,00000003__      ,7.9,2,,2,1,1,1,2,1,,,,,,,,55,,,,N,,131,9:25,120-04733
201302562013-000038            ,BERGEN      ,RUTHERFORD BORO         ,1/1/2013,TU,2255,1,RUTHERFORD PD            ,,0,1,0,0,I,B,N,N,11,1,NJ 3                                              ,E,3,,00000003__      ,6.3,2,1,2,1,6,1,1,2,,,,,,,,45,,,,N,,79,22:55,120-04736
2014025614-05236               ,BERGEN      ,RUTHERFORD BORO         ,3/4/2014,TU,2020,1,RUTHERFORD PD            ,,0,1,0,0,I,I,N,N,7,3,NJ 3                                              ,E,3,,00000003__      ,6.4,2,1,5,7,6,1,1,1,,AT,N,,,,,55,,40.81044,74.09915,N,GRASS ON THE SIDE OF ROUTE 3 EAST MP 6.8                                        ,65,20:20,120-04736
201302562013-000039            ,BERGEN      ,RUTHERFORD BORO         ,1/1/2013,TU,2316,1,RUTHERFORD PD            ,,0,0,0,0,P,B,N,N,15,1,NJ 3                                              ,E,3,,00000003__      ,6.2,2,1,2,1,6,1,1,2,,,,,,,,45,,,,N,,79,23:15,120N04737
2016025616-013837              ,BERGEN      ,RUTHERFORD BORO         ,1/23/2016,SA,13,1,RUTHERFORD PD            ,,0,1,0,0,I,B,Y,N,11,1,NJ 3                                              ,E,3,,00000003__      ,6.5,2,1,2,3,6,3,1,1,,,E,,,,,55,,,,N,,67,1:15,120-04736
20180212ER-18-09220            ,BERGEN      ,EAST RUTHERFORD BORO    ,11/21/2018,WE,625,1,EAST RUTHERFORD PD       ,,0,0,0,0,P,B,N,N,2,2,NJ 3                                              ,E,3,,00000003__      ,7.8,2,,2,1,2,1,1,1,,,,,,,,55,,,,N,,152,6:25,120-04733
2014025614-05411               ,BERGEN      ,RUTHERFORD BORO         ,3/7/2014,F ,340,1,RUTHERFORD PD            ,,0,0,0,0,P,I,Y,N,11,1,NJ 3                                              ,E,3,,00000003__      ,,2,5,2,1,6,1,2,1,,AT,N,,F,17,SB,55,,,,Y,GUARDRAIL                                                                       ,,3:40,120-07448
2016025616-01384               ,BERGEN      ,RUTHERFORD BORO         ,1/17/2016,S ,2033,1,RUTHERFORD PD            ,,0,0,0,0,P,B,N,N,11,1,NJ 3                                              ,E,3,,00000003__      ,6.5,2,5,2,4,6,3,5,1,,,E,,F,NJ 17                    ,SB,40,,,,N,,,20:35,120-04736
2014025614-05498               ,BERGEN      ,RUTHERFORD BORO         ,3/8/2014,SA,900,1,RUTHERFORD PD            ,,0,0,0,0,P,B,N,N,2,2,NJ 3                                              ,E,3,,00000003__      ,,2,2,2,1,1,1,1,1,,,,,F,NJ 17                    ,NB,55,,,,N,,77,9:00,120-07448
2017025617-00018               ,BERGEN      ,RUTHERFORD BORO         ,1/1/2017,SU,618,1,RUTHERFORD PD            ,,0,0,0,0,P,B,N,N,1,2,NJ 3                                              ,E,3,,00000003__      ,,2,,2,1,6,1,1,1,,,,,,,,55,,,,N,,83,6:20,120-07448
2014025614-05523               ,BERGEN      ,RUTHERFORD BORO         ,3/8/2014,SA,1625,1,RUTHERFORD PD            ,,0,0,0,0,P,I,N,N,8,2,NJ 3                                              ,E,3,,00000003__      ,6.2,2,1,2,1,1,1,1,1,,AT,,,T,POLITO ROAD              ,SB,55,,40.81178,74.10341,N,,,16:25,120N04737
2017025617-00175               ,BERGEN      ,RUTHERFORD BORO         ,1/3/2017,TU,1733,1,RUTHERFORD PD            ,,0,0,0,0,P,B,N,N,2,2,NJ 3                                              ,E,3,,00000003__      ,5.97,2,,2,2,6,2,5,1,200,FE,E,ORIENT WAY                         ,,,,40,35,,,N,,86,17:35,120N04737
201302562013-000251            ,BERGEN      ,RUTHERFORD BORO         ,1/7/2013,M ,1220,1,RUTHERFORD PD            ,,0,2,0,0,I,B,N,N,99,2,NJ 3                                              ,E,3,,00000003__      ,6.2,2,5,2,1,1,1,5,1,,,,,T,17,SB,45,,,,N,,50,12:20,120N04737
2015025615-05699               ,BERGEN      ,RUTHERFORD BORO         ,3/1/2015,S ,1412,1,RUTHERFORD PD            ,,0,0,0,0,P,B,N,N,11,1,NJ 3                                              ,E,3,,00000003__      ,6.4,2,5,2,3,1,3,3,1,,,,,T,NJ 17                    ,NB,55,,,,N,,53,14:10,120-04736
20180212ER-18-09382            ,BERGEN      ,EAST RUTHERFORD BORO    ,11/27/2018,TU,936,1,EAST RUTHERFORD PD       ,,0,1,0,0,I,B,N,N,1,2,NJ 3                                              ,E,3,,00000003__      ,7.9,2,,2,1,1,1,3,1,,,,,,,,55,,,,N,,131,9:35,120-04733
20180212ER-18-09383            ,BERGEN      ,EAST RUTHERFORD BORO    ,11/27/2018,TU,548,1,EAST RUTHERFORD PD       ,,0,0,0,0,P,B,N,N,3,2,NJ 3                                              ,E,3,,00000003__      ,7.4,2,,2,1,1,1,1,,,,,,,,,50,,,,N,,155,5:50,120-04734
2016025616-01853               ,BERGEN      ,RUTHERFORD BORO         ,1/23/2016,SA,748,1,RUTHERFORD PD            ,,0,0,0,0,P,B,N,N,1,2,NJ 3                                              ,E,3,,00000003__      ,5,2,2,2,3,1,3,1,1,,,,,T,RUTHERFORD AVE           ,EB,55,,,,N,,93,7:50,120N04738
2014025614-05793               ,BERGEN      ,RUTHERFORD BORO         ,3/12/2014,W ,1527,1,RUTHERFORD PD            ,,0,3,0,0,I,B,N,N,11,3,NJ 3                                              ,E,3,,00000003__      ,5.7,2,1,2,1,1,5,1,2,,,,,,,,45,,40.81606,74.1125,N,NJ STATE BRIDGE. PSE&G GAS PIPE. VERIZON CONDUIT                                ,77,15:25,120-04737
2017025617-00575               ,BERGEN      ,RUTHERFORD BORO         ,1/9/2017,MO,838,1,RUTHERFORD PD            ,,0,0,0,0,P,B,N,N,1,2,NJ 3                                              ,E,3,,00000003__      ,6,2,,2,1,1,1,1,1,,,E,,,,,55,,,,N,,94,8:40,120N04737
2015025615-05711               ,BERGEN      ,RUTHERFORD BORO         ,3/1/2015,S ,1635,1,RUTHERFORD PD            ,,0,1,0,0,I,B,N,N,10,1,NJ 3                                              ,E,3,,00000003__      ,6.1,2,1,2,3,1,3,1,1,,,E,,,,,55,,,,N,,95,16:35,120N04737
20180212ER-18-09385            ,BERGEN      ,EAST RUTHERFORD BORO    ,11/27/2018,TU,731,1,EAST RUTHERFORD PD       ,,0,0,0,0,P,B,N,N,2,2,NJ 3                                              ,E,3,,00000003__      ,8.2,2,,2,1,1,1,1,1,,,,,,,,55,,,,N,,127,7:30,120N04733
2017025617-00649               ,BERGEN      ,RUTHERFORD BORO         ,1/10/2017,TU,636,1,RUTHERFORD PD            ,,0,0,0,0,P,B,N,N,1,2,NJ 3                                              ,E,3,,00000003__      ,6,2,,2,1,2,1,1,1,,,,,,,,55,,,,N,,89,6:35,120N04737
2016025616-02399               ,BERGEN      ,RUTHERFORD BORO         ,1/28/2016,TH,1910,1,RUTHERFORD PD            ,,0,0,0,0,P,B,N,N,1,2,NJ 3                                              ,E,3,,00000003__      ,6.2,2,4,2,1,4,1,1,1,,,E,,T,NJ 17                    ,SB,55,,,,N,,65,19:10,120N04737
20180212ER-18-09417            ,BERGEN      ,EAST RUTHERFORD BORO    ,11/28/2018,WE,726,1,EAST RUTHERFORD PD       ,,0,0,0,0,P,B,N,N,1,4,NJ 3                                              ,E,3,,00000003__      ,8.1,2,,2,1,1,1,5,1,,,E,,,,,55,,,,N,,,7:25,120-04733
2016025616-02472               ,BERGEN      ,RUTHERFORD BORO         ,1/29/2016,F ,1611,1,RUTHERFORD PD            ,,0,1,0,0,I,B,N,N,2,2,NJ 3                                              ,E,3,,00000003__      ,6.2,2,1,2,1,1,1,1,1,,,,,,,,55,,,,N,NONE                                                                            ,95,16:10,120N04737
201302562013-000524            ,BERGEN      ,RUTHERFORD BORO         ,1/14/2013,M ,659,1,RUTHERFORD PD            ,,0,2,0,0,I,B,N,N,3,4,NJ 3                                              ,E,3,,00000003__      ,6.5,2,5,2,2,2,5,4,1,,,,,F,ROUTE 17                 ,SB,55,,,,N,,40,7:00,120-04736
2017025617-00909               ,BERGEN      ,RUTHERFORD BORO         ,1/13/2017,FR,715,1,RUTHERFORD PD            ,,0,0,0,0,P,B,N,N,1,2,NJ 3                                              ,E,3,,00000003__      ,6.5,2,,2,1,1,1,1,1,,,,,F,NJ 17                    ,NB,55,,,,N,,95,7:15,120-04736
201302562013-000630            ,BERGEN      ,RUTHERFORD BORO         ,1/16/2013,W ,1032,1,RUTHERFORD PD            ,,0,0,0,0,P,B,N,N,11,1,NJ 3                                              ,E,3,,00000003__      ,6.5,2,5,2,2,1,2,2,1,,,,,F,ROUTE 17                 ,SB,45,,,,N,,50,10:30,120-04736
2017025617-00913               ,BERGEN      ,RUTHERFORD BORO         ,1/13/2017,FR,753,1,RUTHERFORD PD            ,,0,1,0,0,I,B,N,N,1,3,NJ 3                                              ,E,3,,00000003__      ,6.8,2,,2,1,1,1,1,1,,,,,,,,55,,,,N,,,7:55,120N04736
2016025616-02527               ,BERGEN      ,RUTHERFORD BORO         ,1/30/2016,SA,745,1,RUTHERFORD PD            ,,0,1,0,0,I,B,N,N,10,1,NJ 3                                              ,E,3,,00000003__      ,5.4,2,1,2,1,1,1,1,1,,,E,,,,,55,,,,N,,83,7:45,120-04737
2017025617-00958               ,BERGEN      ,RUTHERFORD BORO         ,1/13/2017,FR,1416,1,RUTHERFORD PD            ,,0,0,0,0,P,B,N,N,2,3,NJ 3                                              ,E,3,,00000003__      ,6.4,2,,2,1,1,1,1,1,,,,,,,,55,,,,N,,,14:15,120-04736
2015025615-06117               ,BERGEN      ,RUTHERFORD BORO         ,3/5/2015,TH,1458,1,RUTHERFORD PD            ,,0,2,0,0,I,B,N,N,2,2,NJ 3                                              ,E,3,,00000003__      ,5,2,1,2,3,1,3,1,1,,,,,,,,55,,,,N,,89,15:00,120N04738
201302562013-000670            ,BERGEN      ,RUTHERFORD BORO         ,1/17/2013,TH,1550,1,RUTHERFORD PD            ,,0,0,0,0,P,B,N,N,1,2,NJ 3                                              ,E,3,,00000003__      ,5.1,2,1,2,1,1,1,1,2,,,,,,,,45,,,,N,,80,15:50,120N04738
2017025617-00994               ,BERGEN      ,RUTHERFORD BORO         ,1/14/2017,SA,417,1,RUTHERFORD PD            ,,0,2,0,0,I,B,N,N,11,1,NJ 3                                              ,E,3,,00000003__      ,6.4,2,,2,1,6,1,1,1,,,,,,,,55,,,,N,,53,4:15,120-04736
20180212ER-18-09465            ,BERGEN      ,EAST RUTHERFORD BORO    ,11/29/2018,TH,806,1,EAST RUTHERFORD PD       ,,0,0,0,0,P,B,N,N,1,2,NJ 3                                              ,E,3,,00000003__      ,7.2,2,,2,1,1,1,1,1,,,,,,,,55,,,,N,,138,8:05,120-04734
2015025615-06187               ,BERGEN      ,RUTHERFORD BORO         ,3/6/2015,F ,817,1,RUTHERFORD PD            ,,0,0,0,0,P,I,N,N,11,2,NJ 3                                              ,E,3,,00000003__      ,5,2,3,2,4,1,1,5,1,,AT,,,T,PARK AVENUE (CR 45)      ,EB,55,,,,N,,91,8:15,120N04738
201302562013-000716            ,BERGEN      ,RUTHERFORD BORO         ,1/18/2013,F ,1400,1,RUTHERFORD PD            ,,0,0,0,0,P,B,N,N,2,2,NJ 3                                              ,E,3,,00000003__      ,5.1,2,1,2,1,1,1,1,2,,,,,,,,45,,,,N,NONE                                                                            ,43,14:00,120N04738
2016025616-03474               ,BERGEN      ,RUTHERFORD BORO         ,2/11/2016,TH,1332,1,RUTHERFORD PD            ,,0,0,0,0,P,B,N,N,11,1,NJ 3                                              ,E,3,,00000003__      ,6.2,2,4,2,1,1,1,2,1,,,E,,T,NJ 17                    ,SB,55,,,,N,,65,13:30,120N04737
2016025616-03775               ,BERGEN      ,RUTHERFORD BORO         ,2/16/2016,TU,535,1,RUTHERFORD PD            ,,0,0,0,0,P,B,N,N,11,1,NJ 3                                              ,E,3,,00000003__      ,6,2,1,2,2,6,2,1,1,,,E,,,,,55,,,,N,,93,5:35,120N04737
2016025616-04368               ,BERGEN      ,RUTHERFORD BORO         ,2/23/2016,TU,2002,1,RUTHERFORD PD            ,,0,0,0,0,P,B,N,N,1,2,NJ 3                                              ,E,3,,00000003__      ,5.93,2,2,2,2,6,2,1,1,250,FE,E,ORIENT WAY                         ,,,,40,35,,,N,,76,20:00,120N04737
2014025614-07410               ,BERGEN      ,RUTHERFORD BORO         ,4/3/2014,TH,625,1,RUTHERFORD PD            ,,0,1,0,0,I,I,N,N,1,3,NJ 3                                              ,E,3,,00000003__      ,5,2,2,2,1,1,1,1,2,,AT,N,,,,,45,,40.82242,74.12299,N,,,6:25,120N04738
2018025618-00592               ,BERGEN      ,RUTHERFORD BORO         ,1/7/2018,SU,317,1,RUTHERFORD PD            ,,0,0,0,0,P,B,N,N,10,1,NJ 3                                              ,E,3,,00000003__      ,5.4,2,,2,1,6,1,1,1,,,,,,,,55,,,,N,CONCRETE BARRIER                                                                ,67,3:15,120-04737
2018025618-00617               ,BERGEN      ,RUTHERFORD BORO         ,1/7/2018,SU,1231,1,RUTHERFORD PD            ,,0,0,0,0,P,B,N,N,2,2,NJ 3                                              ,E,3,,00000003__      ,5,2,,2,1,1,1,1,1,,,,,,,,55,,,,N,,93,12:30,120N04738
2014025614-07473               ,BERGEN      ,RUTHERFORD BORO         ,4/3/2014,TH,2001,1,RUTHERFORD PD            ,,0,1,0,0,I,I,N,N,11,1,NJ 3                                              ,E,3,,00000003__      ,6.5,2,5,2,1,6,1,2,1,,AT,N,,F,NJ 17                    ,SB,55,,40.81031,74.09686,N,,76,20:00,120-04736
201302562013-000868            ,BERGEN      ,RUTHERFORD BORO         ,1/22/2013,TU,740,1,RUTHERFORD PD            ,,0,0,0,0,P,B,N,N,1,2,NJ 3                                              ,E,3,,00000003__      ,6,2,5,2,1,1,1,3,1,,,,,F,ROUTE 17                 ,SB,45,,,,N,,50,7:40,120N04737
2018025618-00649               ,BERGEN      ,RUTHERFORD BORO         ,1/8/2018,MO,22,1,RUTHERFORD PD            ,,0,0,0,0,P,B,N,N,11,1,NJ 3                                              ,E,3,,00000003__      ,6.5,2,,2,1,6,1,1,1,,,,,F,NJ 17                    ,SB,55,,,,N,NJDOT CEMENT MEDIAN/GUARDRAIL                                                   ,,2:20,120-04736
2018025618-00658               ,BERGEN      ,RUTHERFORD BORO         ,1/8/2018,MO,855,1,RUTHERFORD PD            ,,0,0,0,0,P,B,N,N,1,2,NJ 3                                              ,E,3,,00000003__      ,6,2,,2,1,1,1,1,1,,,,,,,,55,,,,N,,99,8:55,120N04737
2015025615-06944               ,BERGEN      ,RUTHERFORD BORO         ,3/16/2015,M ,737,1,RUTHERFORD PD            ,,0,0,0,0,P,B,N,N,1,2,NJ 3                                              ,E,3,,00000003__      ,6.4,2,1,2,1,1,1,1,1,,,E,,,,,55,,,,N,,56,7:35,120-04736
2016025616-04934               ,BERGEN      ,RUTHERFORD BORO         ,3/2/2016,W ,1735,1,RUTHERFORD PD            ,,0,0,0,0,P,B,N,N,2,2,NJ 3                                              ,E,3,,00000003__      ,6.8,2,1,1,1,3,1,1,1,,,E,,,,,55,,,,N,,95,17:35,120N04736
2018025618-00859               ,BERGEN      ,RUTHERFORD BORO         ,1/10/2018,WE,834,1,RUTHERFORD PD            ,,0,0,0,0,P,B,N,N,1,2,NJ 3                                              ,E,3,,00000003__      ,5.6,2,,2,1,1,1,1,1,,,,,,,,55,,,,N,,77,8:35,120-04737
2017025617-01667               ,BERGEN      ,RUTHERFORD BORO         ,1/25/2017,WE,801,1,RUTHERFORD PD            ,,0,0,0,0,P,B,N,N,1,2,NJ 3                                              ,E,3,,00000003__      ,6,2,,2,1,1,1,1,1,,,,,,,,55,,,,N,,67,8:00,120N04737
2016025616-05385               ,BERGEN      ,RUTHERFORD BORO         ,3/9/2016,W ,843,1,RUTHERFORD PD            ,,0,1,0,0,I,B,N,N,1,3,NJ 3                                              ,E,3,,00000003__      ,5.1,2,1,2,1,1,1,1,1,,,,,,,,55,,,,N,,93,8:45,120N04738
2014025614-07739               ,BERGEN      ,RUTHERFORD BORO         ,4/7/2014,M ,2000,1,RUTHERFORD PD            ,,0,0,0,0,P,B,N,N,11,2,NJ 3                                              ,E,3,,00000003__      ,6,2,2,2,2,6,2,1,2,,,,,,,,45,,40.81357,74.10742,N,,56,20:00,120N04737
2015025615-07330               ,BERGEN      ,RUTHERFORD BORO         ,3/20/2015,F ,1900,1,RUTHERFORD PD            ,,0,0,0,0,P,B,N,N,11,1,NJ 3                                              ,E,3,,00000003__      ,6.2,2,1,2,3,6,3,1,1,,,,,,,,55,,,,N,,93,19:00,120N04737
201302562013-000911            ,BERGEN      ,RUTHERFORD BORO         ,1/23/2013,W ,700,1,RUTHERFORD PD            ,,0,1,0,0,I,B,N,N,15,2,NJ 3                                              ,E,3,,00000003__      ,6.5,2,2,2,1,1,1,1,1,,,,,,,,55,,,,N,NONE                                                                            ,43,7:00,120-04736
2018025618-00861               ,BERGEN      ,RUTHERFORD BORO         ,1/10/2018,WE,851,1,RUTHERFORD PD            ,,0,0,0,0,P,B,N,N,1,2,NJ 3                                              ,E,3,,00000003__      ,,2,,2,1,1,1,2,1,,,,,F,NJ 17                    ,SB,55,,,,N,,85,8:50,120-07448
2016025616-05389               ,BERGEN      ,RUTHERFORD BORO         ,3/9/2016,W ,922,1,RUTHERFORD PD            ,,0,0,0,0,P,B,N,N,1,2,NJ 3                                              ,E,3,,00000003__      ,5.1,2,1,2,1,1,1,1,1,,,E,,,,,55,,,,N,,93,9:20,120N04738
2015025615-07586               ,BERGEN      ,RUTHERFORD BORO         ,3/24/2015,TU,714,1,RUTHERFORD PD            ,,0,0,0,0,P,B,N,N,1,2,NJ 3                                              ,E,3,,00000003__      ,6,2,1,2,1,1,1,1,1,,,,,,,,55,,,,N,,94,7:15,120N04737
2015025615-07634               ,BERGEN      ,RUTHERFORD BORO         ,3/24/2015,TU,1735,1,RUTHERFORD PD            ,,0,0,0,0,P,B,N,N,15,3,NJ 3                                              ,E,3,,00000003__      ,5,2,1,2,1,1,1,1,1,,,E,,,,,55,,,,N,,89,17:35,120N04738
2017025617-02093               ,BERGEN      ,RUTHERFORD BORO         ,1/31/2017,TU,1622,1,RUTHERFORD PD            ,,0,0,0,0,P,B,N,N,1,2,NJ 3                                              ,E,3,,00000003__      ,5.99,2,,2,2,1,3,5,1,300,FE,E,ORIENT WAY                         ,,,,40,35,,,N,,86,16:20,120N04737
2016025616-05585               ,BERGEN      ,RUTHERFORD BORO         ,3/11/2016,F ,1706,1,RUTHERFORD PD            ,,0,1,0,0,I,B,N,N,1,2,NJ 3                                              ,E,3,,00000003__      ,6,2,1,2,1,1,1,1,1,,,,,,,,55,,,,N,,76,17:05,120N04737
2015025615-07856               ,BERGEN      ,RUTHERFORD BORO         ,3/27/2015,F ,450,1,RUTHERFORD PD            ,,0,0,0,0,P,B,N,N,11,1,NJ 3                                              ,E,3,,00000003__      ,6.5,2,1,2,2,6,2,1,1,,,,,,,,55,,,,N,,92,4:50,120-04736
2017025617-02104               ,BERGEN      ,RUTHERFORD BORO         ,1/31/2017,TU,1839,1,RUTHERFORD PD            ,,0,0,0,0,P,B,N,N,1,2,NJ 3                                              ,E,3,,00000003__      ,6.5,2,,2,2,6,1,1,1,,,,,F,NJ 17                    ,SB,55,,,,N,,91,18:40,120-04736
2015025615-08651               ,BERGEN      ,RUTHERFORD BORO         ,4/6/2015,M ,358,1,RUTHERFORD PD            ,,0,0,0,0,P,B,Y,N,11,1,NJ 3                                              ,E,3,,00000003__      ,6.2,2,1,2,1,6,1,1,1,,,,,,,,55,,,,N,,91,4:00,120N04737
2016025616-05649               ,BERGEN      ,RUTHERFORD BORO         ,3/12/2016,SA,239,1,RUTHERFORD PD            ,,0,3,0,0,I,B,Y,N,11,3,NJ 3                                              ,E,3,,00000003__      ,6.2,2,4,2,1,7,1,1,1,,,E,,,,,55,,,,N,SUEZ WATER FIRE HYDRANT #6-275 & NJ DOT GUARDRAIL                               ,89,2:40,120N04737
201302562013-001039            ,BERGEN      ,RUTHERFORD BORO         ,1/25/2013,F ,1739,1,RUTHERFORD PD            ,,0,0,0,0,P,B,N,N,1,2,NJ 3                                              ,E,3,,00000003__      ,6.5,2,5,1,3,6,3,1,1,,,,,F,ROUTE 17                 ,SB,55,,,,N,,80,17:40,120-04736
2014025614-08204               ,BERGEN      ,RUTHERFORD BORO         ,4/14/2014,M ,1946,1,RUTHERFORD PD            ,,0,0,0,0,P,B,N,N,2,2,NJ 3                                              ,E,3,,00000003__      ,6.5,2,2,2,1,3,1,1,1,,,,,,,,55,,40.81031,74.09686,N,,,19:45,120-04736
2017025617-02105               ,BERGEN      ,RUTHERFORD BORO         ,1/31/2017,TU,1847,1,RUTHERFORD PD            ,,0,1,0,0,I,B,N,N,11,2,NJ 3                                              ,E,3,,00000003__      ,6.8,2,,1,2,6,5,1,1,,,,,,,,55,,,,N,,89,18:45,120N04736
201302562013-001112            ,BERGEN      ,RUTHERFORD BORO         ,1/28/2013,M ,800,1,RUTHERFORD PD            ,,0,0,0,0,P,B,N,N,2,2,NJ 3                                              ,E,3,,00000003__      ,4.95,2,2,2,1,1,1,5,2,,,,,,,,45,,,,N,,50,8:00,120-04738
2018025618-01365               ,BERGEN      ,RUTHERFORD BORO         ,1/17/2018,WE,700,1,RUTHERFORD PD            ,,0,0,0,0,P,B,N,N,2,2,NJ 3                                              ,E,3,,00000003__      ,6,2,,2,3,1,3,1,1,,,,,,,,55,,,,N,,83,7:00,120N04737
2017025617-02302               ,BERGEN      ,RUTHERFORD BORO         ,2/3/2017,FR,532,1,RUTHERFORD PD            ,,0,0,0,0,P,B,N,N,2,2,NJ 3                                              ,E,3,,00000003__      ,6.4,2,,2,1,2,1,1,1,,,,,,,,55,,,,N,,62,5:30,120-04736
2016025616-05660               ,BERGEN      ,RUTHERFORD BORO         ,3/12/2016,SA,720,1,RUTHERFORD PD            ,,0,1,0,0,I,B,N,N,11,1,NJ 3                                              ,E,3,,00000003__      ,6.5,2,1,2,1,1,1,1,1,,,,,,,,55,,,,N,,95,7:20,120-04736
2015025615-08894               ,BERGEN      ,RUTHERFORD BORO         ,4/10/2015,F ,427,1,RUTHERFORD PD            ,,0,1,0,0,I,I,N,N,11,1,NJ 3                                              ,E,3,,00000003__      ,6.36,2,4,2,2,6,2,1,1,,AT,,NJ 17                              ,,,,40,,,,N,,90,4:25,120-04736
2017025617-02321               ,BERGEN      ,RUTHERFORD BORO         ,2/3/2017,FR,1018,1,RUTHERFORD PD            ,,0,1,0,0,I,B,N,N,1,3,NJ 3                                              ,E,3,,00000003__      ,6.5,2,,2,1,1,1,1,1,,,,,F,NJ 17                    ,SB,55,,,,N,,,10:20,120-04736
2018025618-01463               ,BERGEN      ,RUTHERFORD BORO         ,1/18/2018,TH,942,1,RUTHERFORD PD            ,,0,0,0,0,P,B,N,N,1,2,NJ 3                                              ,E,3,,00000003__      ,6.8,2,,2,1,1,1,1,1,,,,,,,,55,,,,N,,83,9:40,120N04736