CRASH_ID,CTY_NAME,MUN_NAME,DATE,DAY,TIME,POL_CODE,POL_DEPT,POL_STA,KILLED,INJURED,PED_KILL,PED_INJ,SEVERITY,INTERSEC,ALCOHOL,HAZMAT,CRASH_TYPE,VEH_COUNT,LOCATION,LOC_DIR,ROUTE,RT_SFX,SRI,MP,RD_SYS,RD_CHAR,RD_SURF,SURF_COND,LIGHT,WEATHER,RD_DIV,RD_WRKZN,X_DIST,DIST_UNT,X_DIR,X_NAME,IS_RAMP,RAMP_RT,RAMP_DIR,SPD_LMT,SPD_X,LAT,LONG,CELL_USE,PROP_DMG,BADGE,TIME_ROUND,TMC
201302562013-001335            ,BERGEN      ,RUTHERFORD BORO         ,2/2/2013,SA,1249,1,RUTHERFORD PD            ,,0,0,0,0,P,B,N,N,2,2,NJ 3                                              ,E,3,,00000003__      ,5,2,1,2,1,1,1,1,2,,,,,,,,45,,,,N,,67,12:50,120N04738
2018025618-01598               ,BERGEN      ,RUTHERFORD BORO         ,1/19/2018,FR,1559,1,RUTHERFORD PD            ,,0,0,0,0,P,B,N,N,1,2,NJ 3                                              ,E,3,,00000003__      ,5.93,2,,2,1,1,1,5,1,15,FE,E,ORIENT WAY                         ,,,,40,35,,,N,,88,16:00,120N04737
2015025615-09705               ,BERGEN      ,RUTHERFORD BORO         ,4/21/2015,TU,821,1,RUTHERFORD PD            ,,0,0,0,0,P,B,N,N,1,2,NJ 3                                              ,E,3,,00000003__      ,6.1,2,1,2,2,1,1,1,1,,,E,,,,,55,,,,N,,76,8:20,120N04737
2018025618-01833               ,BERGEN      ,RUTHERFORD BORO         ,1/23/2018,TU,737,1,RUTHERFORD PD            ,,0,0,0,0,P,B,N,N,2,2,NJ 3                                              ,E,3,,00000003__      ,6.6,2,,2,2,1,2,1,1,,,,,,,,55,,,,N,,83,7:35,120-04736
2016025616-05985               ,BERGEN      ,RUTHERFORD BORO         ,3/16/2016,W ,1717,1,RUTHERFORD PD            ,,0,0,0,0,P,B,N,N,1,2,NJ 3                                              ,E,3,,00000003__      ,5.95,2,2,2,1,1,1,5,2,100,FE,E,ORIENT WAY                         ,,,,40,25,,,N,,83,17:15,120N04737
2017025617-02740               ,BERGEN      ,RUTHERFORD BORO         ,2/9/2017,TH,1134,1,RUTHERFORD PD            ,,0,0,0,0,P,B,N,N,11,1,NJ 3                                              ,E,3,,00000003__      ,6.5,2,,2,3,1,3,1,1,,,,,F,NJ 17                    ,SB,55,,,,N,,93,11:35,120-04736
2014025614-09052               ,BERGEN      ,RUTHERFORD BORO         ,4/26/2014,SA,209,1,RUTHERFORD PD            ,,0,0,0,0,P,I,N,N,1,2,NJ 3                                              ,E,3,,00000003__      ,6.6,2,2,2,2,6,2,1,1,,AT,N,,,,,55,,40.8105,74.09454,N,BOX 51: EXTREMELV WET CONDITIONS. DRIVING RAIN AND AREAS OF POOLED WATER ON THE?,89,2:10,120-04736
2017025617-02761               ,BERGEN      ,RUTHERFORD BORO         ,2/9/2017,TH,1327,1,RUTHERFORD PD            ,,0,0,0,0,P,B,N,N,11,1,NJ 3                                              ,E,3,,00000003__      ,,2,,2,2,1,3,1,1,,,,,,,,55,,,,N,,93,13:25,120-07448
2015025615-10178               ,BERGEN      ,RUTHERFORD BORO         ,4/27/2015,M ,606,1,RUTHERFORD PD            ,,0,1,0,0,I,B,N,N,1,2,NJ 3                                              ,E,3,,00000003__      ,6,2,1,2,1,1,1,1,1,,,E,,,,,55,,,,N,,91,6:05,120N04737
2016025616-06735               ,BERGEN      ,RUTHERFORD BORO         ,3/25/2016,F ,1408,1,RUTHERFORD PD            ,,0,1,0,0,I,B,N,N,3,3,NJ 3                                              ,E,3,,00000003__      ,5.3,2,2,1,1,1,5,1,1,,,,,,,,55,,,,N,,40,14:10,120-04737
2017025617-03068               ,BERGEN      ,RUTHERFORD BORO         ,2/14/2017,TU,818,1,RUTHERFORD PD            ,,0,0,0,0,P,B,N,N,1,2,NJ 3                                              ,E,3,,00000003__      ,6.5,2,,2,1,1,1,1,1,,,,,F,ROUTE 17                 ,NB,55,,,,N,,93,8:20,120-04736
2014025614-09433               ,BERGEN      ,RUTHERFORD BORO         ,5/1/2014,TH,831,1,RUTHERFORD PD            ,,0,0,0,0,P,I,N,N,1,2,NJ 3                                              ,E,3,,00000003__      ,5.3,2,2,2,2,1,2,1,2,,AT,N,,,,,45,,40.81967,74.11856,N,,76,8:30,120-04737
2016025616-06807               ,BERGEN      ,RUTHERFORD BORO         ,3/26/2016,SA,1148,1,RUTHERFORD PD            ,,0,0,0,0,P,B,N,N,2,2,NJ 3                                              ,E,3,,00000003__      ,6.8,2,3,2,1,1,1,1,1,,,E,,,,,55,,,,N,,56,11:50,120N04736
2018025618-02423               ,BERGEN      ,RUTHERFORD BORO         ,1/30/2018,TU,2121,1,RUTHERFORD PD            ,,0,0,0,0,P,B,N,N,2,2,NJ 3                                              ,E,3,,00000003__      ,6.5,2,,1,1,6,1,1,1,,,,,F,NJ 17                    ,SB,55,,,,N,,93,21:20,120-04736
2015025615-10768               ,BERGEN      ,RUTHERFORD BORO         ,5/4/2015,M ,2141,1,RUTHERFORD PD            ,,0,0,0,0,P,B,N,N,1,2,NJ 3                                              ,E,3,,00000003__      ,6.8,2,3,1,1,6,1,1,1,,,,,,,,55,,,,N,,83,21:40,120N04736
2018025618-02461               ,BERGEN      ,RUTHERFORD BORO         ,1/31/2018,WE,842,1,RUTHERFORD PD            ,,0,0,0,0,P,B,N,N,1,2,NJ 3                                              ,E,3,,00000003__      ,5,2,,2,1,1,1,1,1,,,,,,,,55,,,,N,,99,8:40,120N04738
2016025616-07558               ,BERGEN      ,RUTHERFORD BORO         ,4/4/2016,M ,1756,1,RUTHERFORD PD            ,,0,2,0,0,I,B,N,N,11,1,NJ 3                                              ,E,3,,00000003__      ,6.4,2,2,2,2,1,2,1,1,,,E,,,,,55,,,,N,,67,17:55,120-04736
2015025615-10772               ,BERGEN      ,RUTHERFORD BORO         ,5/4/2015,M ,2211,1,RUTHERFORD PD            ,,0,1,0,0,I,B,N,N,1,2,NJ 3                                              ,E,3,,00000003__      ,6.8,2,3,1,1,6,1,1,1,,,E,,,,,55,,,,N,NONE                                                                            ,83,22:10,120N04736
2017025617-03581               ,BERGEN      ,RUTHERFORD BORO         ,2/22/2017,WE,625,1,RUTHERFORD PD            ,,0,0,0,0,P,B,N,N,1,3,NJ 3                                              ,E,3,,00000003__      ,6.1,2,,2,1,1,1,1,1,,,,,,,,55,,,,N,,,6:25,120N04737
2016025616-07809               ,BERGEN      ,RUTHERFORD BORO         ,4/7/2016,TH,1452,1,RUTHERFORD PD            ,,0,0,0,0,P,B,N,N,11,1,NJ 3                                              ,E,3,,00000003__      ,6.5,2,6,2,2,1,2,5,1,,,E,,F,NJ 17                    ,SB,40,,,,N,,91,14:50,120-04736
2014025614-09782               ,BERGEN      ,RUTHERFORD BORO         ,5/5/2014,M ,2229,1,RUTHERFORD PD            ,,0,1,0,0,I,I,N,N,11,1,NJ 3                                              ,E,3,,00000003__      ,,2,1,2,1,6,1,1,2,,AT,N,,,,,45,,,,N,NONE                                                                            ,,22:30,120-07448
2017025617-03585               ,BERGEN      ,RUTHERFORD BORO         ,2/22/2017,WE,641,1,RUTHERFORD PD            ,,0,1,0,0,I,B,N,N,1,4,NJ 3                                              ,E,3,,00000003__      ,6.3,2,,2,1,1,5,1,1,,,,,,,,55,,,,N,,,6:40,120-04736
2015025615-11145               ,BERGEN      ,RUTHERFORD BORO         ,5/8/2015,F ,1736,1,RUTHERFORD PD            ,,0,1,0,0,I,B,Y,N,11,1,NJ 3                                              ,E,3,,00000003__      ,6.4,2,4,2,1,1,1,3,1,,,E,,T,ROUTE 17                 ,NB,55,,,,N,,89,17:35,120-04736
201302562013-002310            ,BERGEN      ,RUTHERFORD BORO         ,2/24/2013,S ,923,1,RUTHERFORD PD            ,,0,0,0,0,P,I,N,N,11,1,NJ 3                                              ,E,3,,00000003__      ,6.5,2,5,2,2,1,1,2,1,,AT,E,,F,NJ 17                    ,SB,55,,,,N,,50,9:25,120-04736
2016025616-08212               ,BERGEN      ,RUTHERFORD BORO         ,4/12/2016,TU,1942,1,RUTHERFORD PD            ,,0,0,0,0,P,B,N,N,2,2,NJ 3                                              ,E,3,,00000003__      ,5.6,2,2,2,1,6,1,1,1,,,,,,,,55,,,,N,,88,19:40,120-04737
201302562013-002319            ,BERGEN      ,RUTHERFORD BORO         ,2/24/2013,S ,1500,1,RUTHERFORD PD            ,,0,1,0,0,I,B,N,N,11,1,NJ 3                                              ,E,3,,00000003__      ,6.2,2,1,2,1,1,1,1,2,,,,,,,,45,,,,N,,53,15:00,120N04737
2017025617-03590               ,BERGEN      ,RUTHERFORD BORO         ,2/22/2017,WE,654,1,RUTHERFORD PD            ,,0,1,0,0,I,B,N,N,2,3,NJ 3                                              ,E,3,,00000003__      ,6.3,2,,2,1,1,5,1,1,,,,,,,,55,,,,N,,,6:55,120-04736
2015025615-11435               ,BERGEN      ,RUTHERFORD BORO         ,5/12/2015,TU,1714,1,RUTHERFORD PD            ,,0,4,0,0,I,B,N,N,2,3,NJ 3                                              ,E,3,,00000003__      ,6,2,1,2,1,1,1,5,1,,,E,,,,,55,,,,N,,90,17:15,120N04737
2016025616-08237               ,BERGEN      ,RUTHERFORD BORO         ,4/13/2016,W ,630,1,RUTHERFORD PD            ,,0,0,0,0,P,B,N,N,1,2,NJ 3                                              ,E,3,,00000003__      ,6.3,2,1,2,1,1,1,1,1,,,,,,,,55,,,,N,,67,6:30,120-04736
201302562013-002345            ,BERGEN      ,RUTHERFORD BORO         ,2/25/2013,M ,532,1,RUTHERFORD PD            ,,0,0,0,0,P,I,N,N,15,2,NJ 3                                              ,E,3,,00000003__      ,5.3,2,2,2,1,6,1,1,2,,AT,E,,,,,45,,,,N,,62,5:30,120-04737
2014025614-10166               ,BERGEN      ,RUTHERFORD BORO         ,5/10/2014,SA,1257,1,RUTHERFORD PD            ,,0,0,0,0,P,I,N,N,2,2,NJ 3                                              ,E,3,,00000003__      ,6,2,1,2,1,1,1,1,1,,AT,N,,,,,45,,40.81357,74.10742,N,,83,12:55,120N04737
2015025615-11555               ,BERGEN      ,RUTHERFORD BORO         ,5/14/2015,TH,650,1,RUTHERFORD PD            ,,0,1,0,0,I,B,N,N,1,2,NJ 3                                              ,E,3,,00000003__      ,6.5,2,5,2,1,1,1,1,1,,,E,,F,NJ 17                    ,SB,55,,,,N,,94,6:50,120-04736
2016025616-08239               ,BERGEN      ,RUTHERFORD BORO         ,4/13/2016,W ,645,1,RUTHERFORD PD            ,,0,0,0,0,P,B,N,N,15,2,NJ 3                                              ,E,3,,00000003__      ,6.5,2,1,2,1,1,1,1,1,,,E,,,,,55,,,,N,,89,6:45,120-04736
2015025615-11556               ,BERGEN      ,RUTHERFORD BORO         ,5/14/2015,TH,712,1,RUTHERFORD PD            ,,0,0,0,0,P,B,N,N,1,2,NJ 3                                              ,E,3,,00000003__      ,5.2,2,1,2,1,1,1,1,1,,,E,,,,,55,,,,N,,69,7:10,120N04738
201302562013-002350            ,BERGEN      ,RUTHERFORD BORO         ,2/25/2013,M ,839,1,RUTHERFORD PD            ,,0,0,0,0,P,I,N,N,1,2,NJ 3                                              ,E,3,,00000003__      ,6,2,1,2,1,1,1,1,2,,AT,E,,,,,45,,,,N,,78,8:40,120N04737
2017025617-03732               ,BERGEN      ,RUTHERFORD BORO         ,2/24/2017,FR,816,1,RUTHERFORD PD            ,,0,0,0,0,P,I,N,N,1,2,NJ 3                                              ,E,3,,00000003__      ,6.2,2,,2,1,1,1,5,1,,AT,,NJ 17                              ,,,,55,40,,,N,,90,8:15,120N04737
2018025618-03083               ,BERGEN      ,RUTHERFORD BORO         ,2/7/2018,WE,1040,1,RUTHERFORD PD            ,,0,0,0,0,P,B,N,N,11,1,NJ 3                                              ,E,3,,00000003__      ,6.4,2,,2,3,1,3,5,1,,,,,F,NJ 17                    ,NB,55,,,,N,,98,10:40,120-04736
2014025614-10221               ,BERGEN      ,RUTHERFORD BORO         ,5/11/2014,S ,255,1,RUTHERFORD PD            ,,0,0,0,0,P,I,N,N,11,1,NJ 3                                              ,E,3,,00000003__      ,6.5,2,5,2,2,6,1,1,1,,AT,N,,F,ROUTE 17                 ,SB,55,,40.81031,74.09686,N,,87,2:55,120-04736
201302562013-002351            ,BERGEN      ,RUTHERFORD BORO         ,2/25/2013,M ,848,1,RUTHERFORD PD            ,,0,0,0,0,P,I,N,N,1,3,NJ 3                                              ,E,3,,00000003__      ,5.8,2,1,2,1,1,1,1,1,,AT,E,,,,,45,,,,N,,66,8:50,120N04737
2015025615-11561               ,BERGEN      ,RUTHERFORD BORO         ,5/14/2015,TH,902,1,RUTHERFORD PD            ,,0,1,0,0,I,B,N,N,1,2,NJ 3                                              ,E,3,,00000003__      ,6.3,2,1,2,1,1,1,1,1,,,E,,,,,55,,,,N,,94,9:00,120-04736
2015025615-12407               ,BERGEN      ,RUTHERFORD BORO         ,5/24/2015,S ,1314,1,RUTHERFORD PD            ,,0,3,0,0,I,B,N,N,2,2,NJ 3                                              ,E,3,,00000003__      ,5,2,1,2,1,1,1,1,1,,,,,,,,55,,,,N,,94,13:15,120N04738
2017025617-03861               ,BERGEN      ,RUTHERFORD BORO         ,2/25/2017,SA,2355,1,RUTHERFORD PD            ,,0,0,0,0,P,B,N,N,2,2,NJ 3                                              ,E,3,,00000003__      ,6.2,2,,2,1,6,1,1,1,,,,,,,,55,,,,N,SLIGHT PAINT TRANSFER TO CONCRETE MEDIAN                                        ,95,23:55,120N04737
2014025614-10386               ,BERGEN      ,RUTHERFORD BORO         ,5/13/2014,TU,814,1,RUTHERFORD PD            ,,0,0,0,0,P,B,N,N,2,2,NJ 3                                              ,E,3,,00000003__      ,6.6,2,2,2,1,1,1,1,1,,,,,,,,55,,40.8105,74.09454,N,,,8:15,120-04736
2015025615-12541               ,BERGEN      ,RUTHERFORD BORO         ,5/26/2015,TU,844,1,RUTHERFORD PD            ,,0,0,0,0,P,I,N,N,3,2,NJ 3                                              ,E,3,,00000003__      ,0,2,2,2,1,1,1,5,1,,AT,N,VETERANS BLVD                      ,,,,40,25,,,N,,,8:45,120-07448
2016025616-08888               ,BERGEN      ,RUTHERFORD BORO         ,4/21/2016,TH,853,1,RUTHERFORD PD            ,,0,0,0,0,P,B,N,N,2,2,NJ 3                                              ,E,3,,00000003__      ,6.2,2,1,2,1,1,1,1,1,,,,,,,,55,,,,N,,65,8:55,120N04737
2018025618-03796               ,BERGEN      ,RUTHERFORD BORO         ,2/16/2018,FR,349,1,RUTHERFORD PD            ,,0,0,0,0,P,B,N,N,6,2,NJ 3                                              ,E,3,,00000003__      ,6.4,2,,2,2,6,2,1,2,,,,,,,,55,,,,N,,90,3:50,120-04736
2016025616-08949               ,BERGEN      ,RUTHERFORD BORO         ,4/22/2016,F ,720,1,RUTHERFORD PD            ,,0,0,0,0,P,B,N,N,1,2,NJ 3                                              ,E,3,,00000003__      ,6.4,2,1,2,1,1,1,1,1,,,E,,,,,55,,,,N,,89,7:20,120-04736
2015025615-12991               ,BERGEN      ,RUTHERFORD BORO         ,6/1/2015,M ,144,1,RUTHERFORD PD            ,,0,0,0,0,P,I,N,N,1,2,NJ 3                                              ,E,3,,00000003__      ,6.5,2,6,2,2,6,2,5,1,,AT,E,,F,NJ 17                    ,SB,40,,,,N,,90,1:45,120-04736
2018025618-04085               ,BERGEN      ,RUTHERFORD BORO         ,2/20/2018,TU,611,1,RUTHERFORD PD            ,,0,0,0,0,P,B,N,N,1,2,NJ 3                                              ,E,3,,00000003__      ,6.5,2,,2,2,2,2,1,1,,,,,F,NJ 17                    ,SB,55,,,,N,,89,6:10,120-04736
2014025614-10901               ,BERGEN      ,RUTHERFORD BORO         ,5/20/2014,TU,1331,1,RUTHERFORD PD            ,,0,2,0,0,I,I,N,N,11,2,NJ 3                                              ,E,3,,00000003__      ,5.6,2,2,2,1,1,1,1,2,,AT,N,,,,,45,,40.81692,74.11406,N,,89,13:30,120-04737
2017025617-04233               ,BERGEN      ,RUTHERFORD BORO         ,3/3/2017,FR,919,1,RUTHERFORD PD            ,,0,0,0,0,P,B,N,N,1,2,NJ 3                                              ,E,3,,00000003__      ,6.8,2,,1,1,1,1,2,1,,,,,,,,55,,,,N,,91,9:20,120N04736
2018025618-04503               ,BERGEN      ,RUTHERFORD BORO         ,2/25/2018,SU,402,1,RUTHERFORD PD            ,,0,0,0,0,P,B,N,N,11,1,NJ 3                                              ,E,3,,00000003__      ,6.4,2,,2,2,6,2,1,1,,,,,,,,55,,,,N,,76,4:00,120-04736
2016025616-09425               ,BERGEN      ,RUTHERFORD BORO         ,4/28/2016,TH,917,1,RUTHERFORD PD            ,,0,1,0,0,I,B,N,N,11,1,NJ 3                                              ,E,3,,00000003__      ,,2,5,2,1,1,1,1,1,,,,,F,NJ 17                    ,SB,40,,,,N,GUARDRAIL                                                                       ,53,9:15,120-07448
2014025614-11251               ,BERGEN      ,RUTHERFORD BORO         ,5/24/2014,SA,1249,1,RUTHERFORD PD            ,,0,0,0,0,P,I,N,N,1,2,NJ 3                                              ,E,3,,00000003__      ,5.5,2,2,2,1,1,1,1,2,,AT,N,,,,,45,,40.81781,74.11557,N,,40,12:50,120-04737
2017025617-04570               ,BERGEN      ,RUTHERFORD BORO         ,3/8/2017,WE,1034,1,RUTHERFORD PD            ,,0,0,0,0,P,B,N,N,15,2,NJ 3                                              ,E,3,,00000003__      ,6.1,2,,2,1,1,1,1,1,,,,,,,,55,,,,N,,85,10:35,120N04737
2015025615-13666               ,BERGEN      ,RUTHERFORD BORO         ,6/9/2015,TU,8,1,RUTHERFORD PD            ,,0,0,0,0,P,B,N,N,11,1,NJ 3                                              ,E,3,,00000003__      ,6.5,2,5,2,2,6,2,5,1,,,,,F,NJ 17                    ,SB,40,,,,N,DOT LIGHT POLE                                                                  ,90,8:10,120-04736
2018025618-04901               ,BERGEN      ,RUTHERFORD BORO         ,3/2/2018,FR,1718,1,RUTHERFORD PD            ,,0,0,0,0,P,B,N,N,2,2,NJ 3                                              ,E,3,,00000003__      ,6,2,,2,2,3,7,1,1,,,,,,,,55,,,,N,,96,17:20,120N04737
2015025615-13957               ,BERGEN      ,RUTHERFORD BORO         ,6/12/2015,F ,1542,1,RUTHERFORD PD            ,,0,0,0,0,P,B,N,N,1,2,NJ 3                                              ,E,3,,00000003__      ,5,2,2,2,1,1,1,1,1,,,,,,,,55,,,,N,,92,15:40,120N04738
2018025618-05116               ,BERGEN      ,RUTHERFORD BORO         ,3/6/2018,TU,645,1,RUTHERFORD PD            ,,0,0,0,0,P,B,N,N,2,2,NJ 3                                              ,E,3,,00000003__      ,5.2,2,,2,1,1,1,1,1,,,,,,,,55,,,,N,,90,6:45,120N04738
2016025616-09739               ,BERGEN      ,RUTHERFORD BORO         ,5/2/2016,M ,2101,1,RUTHERFORD PD            ,,0,0,0,0,P,B,N,N,2,2,NJ 3                                              ,E,3,,00000003__      ,6.7,2,2,1,1,6,1,1,1,,,,,,,,55,,,,N,,85,21:00,120N04736
201302562013-003175            ,BERGEN      ,RUTHERFORD BORO         ,3/16/2013,SA,2217,1,RUTHERFORD PD            ,,0,0,0,0,P,B,N,N,11,1,NJ 3                                              ,E,3,,00000003__      ,,2,5,2,2,7,3,2,1,,,,,F,NJ 17                    ,SB,40,,,,N,,52,22:15,120-07448
2017025617-04990               ,BERGEN      ,RUTHERFORD BORO         ,3/14/2017,TU,600,1,RUTHERFORD PD            ,,0,0,0,0,P,B,N,N,11,1,NJ 3                                              ,E,3,,00000003__      ,5.8,2,,2,3,2,3,1,1,,,E,,,,,55,,,,N,,69,6:00,120N04737
2018025618-05118               ,BERGEN      ,RUTHERFORD BORO         ,3/6/2018,TU,712,1,RUTHERFORD PD            ,,0,0,0,0,P,B,N,N,1,2,NJ 3                                              ,E,3,,00000003__      ,6,2,,2,1,1,1,1,1,,,,,,,,55,,,,N,,90,7:10,120N04737
2015025615-13960               ,BERGEN      ,RUTHERFORD BORO         ,6/12/2015,F ,1607,1,RUTHERFORD PD            ,,0,1,0,0,I,B,N,N,1,3,NJ 3                                              ,E,3,,00000003__      ,6.5,2,5,2,1,1,1,1,1,200,FE,,,F,NJ 17                    ,SB,55,,,,N,,,16:05,120-04736
2018025618-05177               ,BERGEN      ,RUTHERFORD BORO         ,3/7/2018,WE,200,1,RUTHERFORD PD            ,,0,0,0,0,P,B,N,N,11,1,NJ 3                                              ,E,3,,00000003__      ,5,2,,2,2,7,2,1,1,,,,,,,,55,,,,N,,99,2:00,120N04738
2017025617-05011               ,BERGEN      ,RUTHERFORD BORO         ,3/14/2017,TU,743,1,RUTHERFORD PD            ,,0,0,0,0,P,B,N,N,11,1,NJ 3                                              ,E,3,,00000003__      ,6,2,,2,3,1,3,1,5,,,,,,,,55,,,,N,CENTER DIVIDER                                                                  ,67,7:45,120N04737
2017025617-05030               ,BERGEN      ,RUTHERFORD BORO         ,3/14/2017,TU,1244,1,RUTHERFORD PD            ,,0,0,0,0,P,B,N,N,11,1,NJ 3                                              ,E,3,,00000003__      ,6,2,,2,5,1,7,1,1,,,E,,,,,55,,,,N,,65,12:45,120N04737
2017025617-05044               ,BERGEN      ,RUTHERFORD BORO         ,3/14/2017,TU,1800,1,RUTHERFORD PD            ,,0,1,0,0,I,B,N,N,11,1,NJ 3                                              ,E,3,,00000003__      ,6.4,2,,2,3,1,7,1,1,,,E,,,,,55,,,,N,,62,18:00,120-04736
2018025618-05348               ,BERGEN      ,RUTHERFORD BORO         ,3/8/2018,TH,811,1,RUTHERFORD PD            ,,0,0,0,0,P,B,N,N,2,2,NJ 3                                              ,E,3,,00000003__      ,6.8,2,,2,5,1,1,1,1,,,,,,,,55,,,,N,,62,8:10,120N04736
201302562013-003656            ,BERGEN      ,RUTHERFORD BORO         ,3/30/2013,SA,48,1,RUTHERFORD PD            ,,0,1,0,0,I,B,N,N,11,1,NJ 3                                              ,E,3,,00000003__      ,,2,5,2,1,6,1,1,1,,,,,F,ROUTE 17 SOUTH           ,SB,50,,,,N,,78,4:50,120-07448
2017025617-05212               ,BERGEN      ,RUTHERFORD BORO         ,3/16/2017,TH,1723,1,RUTHERFORD PD            ,,0,0,0,0,P,B,N,N,1,2,NJ 3                                              ,E,3,,00000003__      ,5,2,,2,1,1,1,1,1,,,E,,,,,55,,,,N,,94,17:25,120N04738
2015025615-14376               ,BERGEN      ,RUTHERFORD BORO         ,6/18/2015,TH,950,1,RUTHERFORD PD            ,,0,0,0,0,P,B,N,N,2,2,NJ 3                                              ,E,3,,00000003__      ,6.8,2,2,2,1,1,5,1,1,,,,,,,,55,,,,N,,,9:50,120N04736
2018025618-05858               ,BERGEN      ,RUTHERFORD BORO         ,3/15/2018,TH,645,1,RUTHERFORD PD            ,,0,0,0,0,P,B,N,N,1,2,NJ 3                                              ,E,3,,00000003__      ,6,2,,2,1,1,1,1,1,,,,,,,,55,,,,N,,90,6:45,120N04737
2015025615-14737               ,BERGEN      ,RUTHERFORD BORO         ,6/22/2015,M ,849,1,RUTHERFORD PD            ,,0,2,0,0,I,B,N,N,3,2,NJ 3                                              ,E,3,,00000003__      ,6.02,2,5,2,1,1,1,5,1,500,FE,E,ORIENT WAY                         ,,,,40,35,,,N,,85,8:50,120N04737
2017025617-05581               ,BERGEN      ,RUTHERFORD BORO         ,3/22/2017,WE,806,1,RUTHERFORD PD            ,,0,0,0,0,P,B,N,N,1,3,NJ 3                                              ,E,3,,00000003__      ,5.9,2,,2,1,1,1,1,1,,,,,,,,55,,,,N,,,8:05,120N04737
2017025617-05907               ,BERGEN      ,RUTHERFORD BORO         ,3/27/2017,MO,752,1,RUTHERFORD PD            ,,0,1,0,0,I,B,N,N,1,2,NJ 3                                              ,E,3,,00000003__      ,5.7,2,,2,2,1,2,1,1,,,,,,,,55,,,,N,,89,7:50,120-04737
2018025618-06197               ,BERGEN      ,RUTHERFORD BORO         ,3/19/2018,MO,556,1,RUTHERFORD PD            ,,0,0,0,0,P,B,N,N,2,2,NJ 3                                              ,E,3,,00000003__      ,5.8,2,,2,1,6,1,1,2,,,,,,,,55,,,,N,,53,5:55,120N04737
2016025616-10090               ,BERGEN      ,RUTHERFORD BORO         ,5/7/2016,SA,237,1,RUTHERFORD PD            ,,0,0,0,0,P,B,N,N,11,1,NJ 3                                              ,E,3,,00000003__      ,6.5,2,5,2,2,5,2,1,1,,,E,,F,NJ 17 SOUTH              ,,40,,,,N,,89,2:35,120-04736
2015025615-14958               ,BERGEN      ,RUTHERFORD BORO         ,6/25/2015,TH,750,1,RUTHERFORD PD            ,,0,0,0,0,P,B,N,N,2,2,NJ 3                                              ,E,3,,00000003__      ,5,2,1,2,1,1,1,1,1,,,N,,,,,55,,,,N,,94,7:50,120N04738
2018025618-06226               ,BERGEN      ,RUTHERFORD BORO         ,3/19/2018,MO,1416,1,RUTHERFORD PD            ,,0,0,0,0,P,B,N,N,8,2,NJ 3                                              ,E,3,,00000003__      ,6.2,2,,2,1,1,1,2,2,,,N,,T,POLITO AVENUE            ,SB,55,,,,N,,53,14:15,120N04737
2016025616-10107               ,BERGEN      ,RUTHERFORD BORO         ,5/7/2016,SA,727,1,RUTHERFORD PD            ,,0,0,0,0,P,B,N,N,11,1,NJ 3                                              ,E,3,,00000003__      ,6.4,2,4,2,2,1,2,5,1,,,,,T,ROUTE 17                 ,NB,55,,,,N,NONE                                                                            ,95,7:25,120-04736
2016025616-10210               ,BERGEN      ,RUTHERFORD BORO         ,5/8/2016,S ,743,1,RUTHERFORD PD            ,,0,0,0,0,P,B,N,N,11,1,NJ 3                                              ,E,3,,00000003__      ,6.4,2,5,2,2,1,2,1,1,,,E,,,,,55,,,,N,,56,7:45,120-04736
2017025617-06006               ,BERGEN      ,RUTHERFORD BORO         ,3/28/2017,TU,2009,1,RUTHERFORD PD            ,,0,0,0,0,P,B,N,N,11,2,NJ 3                                              ,E,3,,00000003__      ,6.5,2,,2,2,6,2,1,1,,,E,,,,,55,,,,N,,67,20:10,120-04736
2015025615-15401               ,BERGEN      ,RUTHERFORD BORO         ,7/1/2015,W ,848,1,RUTHERFORD PD            ,,0,0,0,0,P,B,N,N,1,2,NJ 3                                              ,E,3,,00000003__      ,6.8,2,3,1,1,1,1,2,1,,,,,,,,55,,,,N,,91,8:50,120N04736
2014025614-12655               ,BERGEN      ,RUTHERFORD BORO         ,6/12/2014,TH,1045,1,RUTHERFORD PD            ,,0,0,0,0,P,I,N,N,1,2,NJ 3                                              ,E,3,,00000003__      ,,2,4,2,1,1,1,1,1,,AT,E,,F,NJ 17                    ,SB,45,,,,N,NONE                                                                            ,,10:45,120-07448
201302562013-004013            ,BERGEN      ,RUTHERFORD BORO         ,4/8/2013,M ,1132,1,RUTHERFORD PD            ,,0,0,0,0,P,B,N,N,15,2,NJ 3                                              ,E,3,,00000003__      ,6.5,2,4,2,1,1,1,5,1,,,,,F,ROUTE 17                 ,NB,55,,,,N,NONE                                                                            ,43,11:30,120-04736
2015025615-15775               ,BERGEN      ,RUTHERFORD BORO         ,7/6/2015,M ,1457,1,RUTHERFORD PD            ,,0,0,0,0,P,B,N,N,2,2,NJ 3                                              ,E,3,,00000003__      ,6.5,2,1,2,1,1,1,1,1,,,,,,,,55,,,,N,,91,14:55,120-04736
2017025617-06397               ,BERGEN      ,RUTHERFORD BORO         ,4/4/2017,TU,405,1,RUTHERFORD PD            ,,0,0,0,0,P,B,N,N,11,1,NJ 3                                              ,E,3,,00000003__      ,5.6,2,,2,2,6,2,1,1,,,,,,,,55,,,,N,,87,4:05,120-04737
2015025615-15830               ,BERGEN      ,RUTHERFORD BORO         ,7/7/2015,TU,1244,1,RUTHERFORD PD            ,,0,2,0,0,I,B,N,N,11,2,NJ 3                                              ,E,3,,00000003__      ,6.8,2,1,2,1,1,1,1,1,,,E,,,,,55,,,,N,NJ DOT DIVIDER                                                                  ,90,12:45,120N04736
201302562013-004107            ,BERGEN      ,RUTHERFORD BORO         ,4/10/2013,W ,1100,1,RUTHERFORD PD            ,,0,1,0,0,I,B,N,N,11,1,NJ 3                                              ,E,3,,00000003__      ,5.6,2,1,2,1,1,1,1,2,,,,,,,,45,,,,N,NONE                                                                            ,43,11:00,120-04737
2018025618-06945               ,BERGEN      ,RUTHERFORD BORO         ,3/28/2018,WE,935,1,RUTHERFORD PD            ,,0,0,0,0,P,B,N,N,2,2,NJ 3                                              ,E,3,,00000003__      ,5.7,2,,2,1,1,1,1,2,,,,,,,,55,,,,N,,99,9:35,120-04737
2017025617-06534               ,BERGEN      ,RUTHERFORD BORO         ,4/6/2017,TH,730,1,RUTHERFORD PD            ,,0,1,0,0,I,B,N,N,1,3,NJ 3                                              ,E,3,,00000003__      ,6.5,2,,1,2,1,2,1,1,,,,,F,NJ 17                    ,SB,55,,,,N,,,7:30,120-04736
2017025617-06542               ,BERGEN      ,RUTHERFORD BORO         ,4/6/2017,TH,821,1,RUTHERFORD PD            ,,0,0,0,0,P,B,N,N,1,2,NJ 3                                              ,E,3,,00000003__      ,5.1,2,,2,2,1,2,1,1,,,,,,,,55,,,,N,,93,8:20,120N04738