CRASH_ID,CTY_NAME,MUN_NAME,DATE,DAY,TIME,POL_CODE,POL_DEPT,POL_STA,KILLED,INJURED,PED_KILL,PED_INJ,SEVERITY,INTERSEC,ALCOHOL,HAZMAT,CRASH_TYPE,VEH_COUNT,LOCATION,LOC_DIR,ROUTE,RT_SFX,SRI,MP,RD_SYS,RD_CHAR,RD_SURF,SURF_COND,LIGHT,WEATHER,RD_DIV,RD_WRKZN,X_DIST,DIST_UNT,X_DIR,X_NAME,IS_RAMP,RAMP_RT,RAMP_DIR,SPD_LMT,SPD_X,LAT,LONG,CELL_USE,PROP_DMG,BADGE,TIME_ROUND,TMC
2018025618-07034               ,BERGEN      ,RUTHERFORD BORO         ,3/29/2018,TH,947,1,RUTHERFORD PD            ,,0,0,0,0,P,B,N,N,2,2,NJ 3                                              ,E,3,,00000003__      ,5.1,2,,2,2,1,2,1,2,,,,,,,,55,,,,N,,95,9:45,120N04738
2015025615-16368               ,BERGEN      ,RUTHERFORD BORO         ,7/14/2015,TU,816,1,RUTHERFORD PD            ,,0,0,0,0,P,I,N,N,1,2,NJ 3                                              ,E,3,,00000003__      ,6,2,1,2,1,1,1,1,1,,AT,E,,,,,55,,,,N,,87,8:15,120N04737
2016025616-11248               ,BERGEN      ,RUTHERFORD BORO         ,5/21/2016,SA,552,1,RUTHERFORD PD            ,,0,0,0,0,P,B,N,N,1,2,NJ 3                                              ,E,3,,00000003__      ,6.2,2,1,2,1,1,1,1,1,,,,,,,,55,,,,N,,95,5:50,120N04737
201302562013-004351            ,BERGEN      ,RUTHERFORD BORO         ,4/16/2013,TU,648,1,RUTHERFORD PD            ,,0,0,0,0,P,B,N,N,1,2,NJ 3                                              ,E,3,,00000003__      ,5,2,1,2,1,1,1,1,2,,,,,,,,45,,,,N,,78,6:50,120N04738
2015025615-16956               ,BERGEN      ,RUTHERFORD BORO         ,7/22/2015,W ,1239,1,RUTHERFORD PD            ,,0,0,0,0,P,B,N,N,1,3,NJ 3                                              ,E,3,,00000003__      ,5,2,3,2,1,1,1,1,1,,,,,,,,55,,,,N,NONE                                                                            ,83,12:40,120N04738
2017025617-06544               ,BERGEN      ,RUTHERFORD BORO         ,4/6/2017,TH,901,1,RUTHERFORD PD            ,,0,0,0,0,P,B,N,N,1,2,NJ 3                                              ,E,3,,00000003__      ,5,2,,1,2,1,2,1,1,,,,,,,,55,,,,N,,93,9:00,120N04738
2017025617-06668               ,BERGEN      ,RUTHERFORD BORO         ,4/8/2017,SA,647,1,RUTHERFORD PD            ,,0,0,0,0,P,B,N,N,99,2,NJ 3                                              ,E,3,,00000003__      ,5.1,2,,2,1,1,1,1,1,,,,,,,,55,,,,N,,40,6:45,120N04738
2014025614-13315               ,BERGEN      ,RUTHERFORD BORO         ,6/20/2014,F ,2001,1,RUTHERFORD PD            ,,0,0,0,0,P,I,N,N,2,2,NJ 3                                              ,E,3,,00000003__      ,6.8,2,1,2,1,1,1,1,1,,AT,N,,,,,55,,40.81095,74.08986,N,,67,20:00,120N04736
2018025618-07370               ,BERGEN      ,RUTHERFORD BORO         ,4/3/2018,TU,606,1,RUTHERFORD PD            ,,0,0,0,0,P,B,N,N,2,2,NJ 3                                              ,E,3,,00000003__      ,5.3,2,,2,2,6,1,1,2,,,,,,,,55,,,,N,,94,6:05,120-04737
201302562013-004439            ,BERGEN      ,RUTHERFORD BORO         ,4/18/2013,TH,818,1,RUTHERFORD PD            ,,0,0,0,0,P,B,N,N,2,3,NJ 3                                              ,E,3,,00000003__      ,5.7,2,1,2,1,1,1,1,2,,,,,,,,45,,,,N,NONE                                                                            ,43,8:20,120-04737
2017025617-06684               ,BERGEN      ,RUTHERFORD BORO         ,4/8/2017,SA,1208,1,RUTHERFORD PD            ,,0,0,0,0,P,B,N,N,1,2,NJ 3                                              ,E,3,,00000003__      ,6.4,2,,2,1,1,1,1,1,,,,,,,,55,,,,N,,83,12:10,120-04736
2014025614-13327               ,BERGEN      ,RUTHERFORD BORO         ,6/20/2014,F ,2322,1,RUTHERFORD PD            ,,0,0,0,0,P,I,N,N,2,2,NJ 3                                              ,E,3,,00000003__      ,6.5,2,2,2,1,1,1,1,1,,AT,E,,,,,55,,40.81031,74.09686,N,,,23:20,120-04736
2016025616-11922               ,BERGEN      ,RUTHERFORD BORO         ,5/30/2016,M ,100,1,RUTHERFORD PD            ,,0,0,0,0,P,B,N,N,11,1,NJ 3                                              ,E,3,,00000003__      ,6.8,2,2,2,2,6,2,1,1,,,,,,,,55,,,,N,,62,1:00,120N04736
201302562013-004539            ,BERGEN      ,RUTHERFORD BORO         ,4/20/2013,SA,217,1,RUTHERFORD PD            ,,0,2,0,0,I,B,N,N,1,2,NJ 3                                              ,E,3,,00000003__      ,5,2,2,2,2,6,2,1,2,,,,,,,,45,,,,N,,62,2:15,120N04738
2015025615-17177               ,BERGEN      ,RUTHERFORD BORO         ,7/25/2015,SA,1030,1,RUTHERFORD PD            ,,0,0,0,0,P,B,N,N,2,2,NJ 3                                              ,E,3,,00000003__      ,6.2,2,1,2,1,1,1,1,1,,,,,,,,55,,,,N,,76,10:30,120N04737
2014025614-13345               ,BERGEN      ,RUTHERFORD BORO         ,6/21/2014,SA,553,1,RUTHERFORD PD            ,,0,0,0,0,P,I,N,N,1,2,NJ 3                                              ,E,3,,00000003__      ,6.4,2,1,2,1,1,1,1,2,,AT,N,,,,,45,,40.81044,74.09915,N,,87,5:55,120-04736
2017025617-06828               ,BERGEN      ,RUTHERFORD BORO         ,4/10/2017,MO,1821,1,RUTHERFORD PD            ,,0,0,0,0,P,B,N,N,2,2,NJ 3                                              ,E,3,,00000003__      ,6.5,2,,2,1,1,1,1,1,,,,,F,NJ N17                   ,SB,55,,,,N,,91,18:20,120-04736
2018025618-07565               ,BERGEN      ,RUTHERFORD BORO         ,4/5/2018,TH,802,1,RUTHERFORD PD            ,,0,0,0,0,P,B,N,N,2,3,NJ 3                                              ,E,3,,00000003__      ,5.6,2,,2,1,1,1,1,2,,,,,,,,55,,,,N,,98,8:00,120-04737
2015025615-17183               ,BERGEN      ,RUTHERFORD BORO         ,7/25/2015,SA,1113,1,RUTHERFORD PD            ,,0,0,0,0,P,B,N,N,2,2,NJ 3                                              ,E,3,,00000003__      ,6.2,2,1,2,1,1,1,1,1,,,E,,,,,55,,,,N,,76,11:15,120N04737
2015025615-17184               ,BERGEN      ,RUTHERFORD BORO         ,7/25/2015,SA,1136,1,RUTHERFORD PD            ,,0,0,0,0,P,B,N,N,15,2,NJ 3                                              ,E,3,,00000003__      ,6.2,2,2,2,1,1,1,1,1,,,,,,,,55,,,,N,,,11:35,120N04737
2016025616-12210               ,BERGEN      ,RUTHERFORD BORO         ,6/2/2016,TH,1613,1,RUTHERFORD PD            ,,0,0,0,0,P,B,N,N,1,3,NJ 3                                              ,E,3,,00000003__      ,6.4,2,1,2,1,1,1,3,1,,,,,T,NJ 17                    ,NB,55,,,,N,,91,16:15,120-04736
2018025618-07646               ,BERGEN      ,RUTHERFORD BORO         ,4/6/2018,FR,952,1,RUTHERFORD PD            ,,0,0,0,0,P,B,N,N,2,2,NJ 3                                              ,E,3,,00000003__      ,6.4,2,,2,2,1,2,1,2,,,,,,,,55,,,,N,,94,9:50,120-04736
2014025614-13440               ,BERGEN      ,RUTHERFORD BORO         ,6/22/2014,S ,845,1,RUTHERFORD PD            ,,0,0,0,0,P,B,N,N,11,1,NJ 3                                              ,E,3,,00000003__      ,5.6,2,5,2,1,1,1,1,2,,,,,F,RUTHERFORD AVENUE        ,EB,45,,40.81692,74.11406,N,DOT PROPERTY  GUARDRAIL END AND CRASH CUSHION DOT NOTIFIED 06/25/2014           ,55,8:45,120-04737
2018025618-07666               ,BERGEN      ,RUTHERFORD BORO         ,4/6/2018,FR,1226,1,RUTHERFORD PD            ,,0,0,0,0,P,B,N,N,1,2,NJ 3                                              ,E,3,,00000003__      ,5.95,2,,2,2,1,5,5,1,100,FE,E,ORIENT WAY                         ,,,,40,35,,,N,,94,12:25,120N04737
2016025616-12610               ,BERGEN      ,RUTHERFORD BORO         ,6/8/2016,W ,657,1,RUTHERFORD PD            ,,0,2,0,0,I,B,N,N,1,2,NJ 3                                              ,E,3,,00000003__      ,6,2,1,2,1,1,1,1,1,,,,,,,,55,,,,N,,85,6:55,120N04737
2018025618-07858               ,BERGEN      ,RUTHERFORD BORO         ,4/9/2018,MO,550,1,RUTHERFORD PD            ,,0,1,0,0,I,B,N,N,1,3,NJ 3                                              ,E,3,,00000003__      ,5.3,2,,2,1,1,1,1,1,,,,,,,,55,,,,N,,69,5:50,120-04737
2015025615-17925               ,BERGEN      ,RUTHERFORD BORO         ,8/4/2015,TU,1641,1,RUTHERFORD PD            ,,0,0,0,0,P,B,N,N,1,2,NJ 3                                              ,E,3,,00000003__      ,5.99,2,5,2,1,1,1,5,1,300,FE,E,ORIENT WAY                         ,,,,40,35,,,N,,,16:40,120N04737
2014025614-13578               ,BERGEN      ,RUTHERFORD BORO         ,6/24/2014,TU,1331,1,RUTHERFORD PD            ,,0,0,0,0,P,B,N,N,15,2,NJ 3                                              ,E,3,,00000003__      ,6.2,2,2,2,1,1,1,5,1,,,,,,,,55,,40.81178,74.10341,N,,88,13:30,120N04737
2018025618-07865               ,BERGEN      ,RUTHERFORD BORO         ,4/9/2018,MO,802,1,RUTHERFORD PD            ,,0,0,0,0,P,B,N,N,2,2,NJ 3                                              ,E,3,,00000003__      ,6.5,2,,2,1,1,1,1,1,,,,,F,NJ 17                    ,SB,55,,,,N,,91,8:00,120-04736
2018025618-07935               ,BERGEN      ,RUTHERFORD BORO         ,4/10/2018,TU,840,1,RUTHERFORD PD            ,,0,0,0,0,P,B,N,N,2,2,NJ 3                                              ,E,3,,00000003__      ,5.7,2,,2,1,1,1,1,2,,,,,,,,55,,,,N,,91,8:40,120-04737
2014025614-13627               ,BERGEN      ,RUTHERFORD BORO         ,6/25/2014,W ,1310,1,RUTHERFORD PD            ,,0,0,0,0,P,B,N,N,99,1,NJ 3                                              ,E,3,,00000003__      ,6.2,2,1,2,1,1,1,1,2,,,,,,,,45,,40.81178,74.10341,N,VERIZON FIBER OPTIC CABLE                                                       ,,13:10,120N04737
2016025616-13224               ,BERGEN      ,RUTHERFORD BORO         ,6/16/2016,TH,539,1,RUTHERFORD PD            ,,0,0,0,0,P,B,N,N,11,1,NJ 3                                              ,E,3,,00000003__      ,6.5,2,5,1,2,2,2,1,1,,,,,F,NJ 17                    ,SB,55,,,,N,NONE                                                                            ,93,5:40,120-04736
2015025615-18042               ,BERGEN      ,RUTHERFORD BORO         ,8/6/2015,TH,1022,1,RUTHERFORD PD            ,,0,0,0,0,P,B,N,N,2,2,NJ 3                                              ,E,3,,00000003__      ,6.8,2,3,2,1,1,1,1,1,,,,,,,,55,,,,N,,56,10:20,120N04736
2018025618-08043               ,BERGEN      ,RUTHERFORD BORO         ,4/11/2018,WE,1839,1,RUTHERFORD PD            ,,0,0,0,0,P,B,N,N,1,2,NJ 3                                              ,E,3,,00000003__      ,5,2,,1,1,1,1,1,1,,,,,,,,55,,,,N,,76,18:40,120N04738
201302562013-004981            ,BERGEN      ,RUTHERFORD BORO         ,4/29/2013,M ,2302,1,RUTHERFORD PD            ,,0,1,0,0,I,B,N,N,11,1,NJ 3                                              ,E,3,,00000003__      ,6.5,2,5,1,1,6,5,5,1,,,,,F,17,SB,55,,,,N,,63,23:00,120-04736
2017025617-07518               ,BERGEN      ,RUTHERFORD BORO         ,4/20/2017,TH,433,1,RUTHERFORD PD            ,,0,0,0,0,P,B,N,N,11,1,NJ 3                                              ,E,3,,00000003__      ,6.5,2,,1,2,6,2,1,1,,,,,F,NJ 17                    ,SB,55,,,,N,VEHICLE 1 STRUCK AN NJFOT GUARDRAIL LOCATED ON TH ENORTH SIDE    CAUSING MINOR ?,91,4:35,120-04736
2017025617-07913               ,BERGEN      ,RUTHERFORD BORO         ,4/26/2017,WE,1031,1,RUTHERFORD PD            ,,0,0,0,0,P,B,N,N,1,2,NJ 3                                              ,E,3,,00000003__      ,5,2,,2,2,1,2,1,1,,,,,,,,55,,,,N,,95,10:30,120N04738
2014025614-13955               ,BERGEN      ,RUTHERFORD BORO         ,6/30/2014,M ,1939,1,RUTHERFORD PD            ,,0,0,0,0,P,I,N,N,11,1,NJ 3                                              ,E,3,,00000003__      ,6.5,2,2,2,1,1,1,1,2,,AT,N,,,,,45,,40.81031,74.09686,N,APPROXIMATELY 30' OF GUARD RAIL WAS DAMAGED.                                    ,63,19:40,120-04736
201302562013-005091            ,BERGEN      ,RUTHERFORD BORO         ,5/2/2013,TH,926,1,RUTHERFORD PD            ,,0,1,0,0,I,B,N,N,1,3,NJ 3                                              ,E,3,,00000003__      ,6.6,2,5,2,1,1,1,5,1,,,,,F,NJ 17                    ,SB,55,,,,N,NONE                                                                            ,43,9:25,120-04736
2018025618-08311               ,BERGEN      ,RUTHERFORD BORO         ,4/15/2018,SU,1101,1,RUTHERFORD PD            ,,0,1,0,0,I,B,N,N,1,2,NJ 3                                              ,E,3,,00000003__      ,5,2,,2,1,1,1,1,1,,,,,T,PARK AVENUE              ,,55,,,,N,,65,11:00,120N04738
2016025616-13464               ,BERGEN      ,RUTHERFORD BORO         ,6/19/2016,S ,150,1,RUTHERFORD PD            ,,0,1,0,0,I,B,Y,N,11,1,NJ 3                                              ,E,3,,00000003__      ,,2,4,2,1,6,1,2,1,,,,,F,NJ 17                    ,SB,40,,,,N,NJDOT PROPERTY: 2 METAL SIGNS  GUARD RAIL                                       ,66,1:50,120-07448
2017025617-07977               ,BERGEN      ,RUTHERFORD BORO         ,4/27/2017,TH,612,1,RUTHERFORD PD            ,,0,0,0,0,P,B,N,N,2,2,NJ 3                                              ,E,3,,00000003__      ,5.6,2,,2,2,1,5,1,1,,,,,,,,55,,,,N,,94,6:10,120-04737
2016025616-13555               ,BERGEN      ,RUTHERFORD BORO         ,6/20/2016,M ,633,1,RUTHERFORD PD            ,,0,0,0,0,P,B,N,N,1,2,NJ 3                                              ,E,3,,00000003__      ,6.2,2,2,2,1,1,1,1,1,,,E,,,,,55,,,,N,,56,6:35,120N04737
2015025615-20272               ,BERGEN      ,RUTHERFORD BORO         ,9/5/2015,SA,1130,1,RUTHERFORD PD            ,,0,1,0,0,I,B,N,N,2,2,NJ 3                                              ,E,3,,00000003__      ,6.1,2,1,2,1,1,1,1,1,,,,,,,,55,,,,N,NJDOT LIGHT POLE #OW429                                                         ,S38  ,11:30,120N04737
2017025617-08044               ,BERGEN      ,RUTHERFORD BORO         ,4/27/2017,TH,2037,1,RUTHERFORD PD            ,,0,0,0,0,P,B,N,N,11,1,NJ 3                                              ,E,3,,00000003__      ,6.5,2,,2,1,6,1,1,1,,,,,,,,55,,,,N,,53,20:35,120-04736
2018025618-08357               ,BERGEN      ,RUTHERFORD BORO         ,4/16/2018,MO,827,1,RUTHERFORD PD            ,,0,0,0,0,P,B,N,N,1,2,NJ 3                                              ,E,3,,00000003__      ,6.5,2,,2,2,1,2,1,1,,,,,,,,55,,,,N,,95,8:25,120-04736
2015025615-20273               ,BERGEN      ,RUTHERFORD BORO         ,9/5/2015,SA,1154,1,RUTHERFORD PD            ,,0,0,0,0,P,B,N,N,2,2,NJ 3                                              ,E,3,,00000003__      ,6.4,2,1,2,1,1,1,1,1,,,E,,,,,55,,,,N,,91,11:55,120-04736
2017025617-08048               ,BERGEN      ,RUTHERFORD BORO         ,4/27/2017,TH,2053,1,RUTHERFORD PD            ,,0,0,0,0,P,B,N,N,15,1,NJ 3                                              ,E,3,,00000003__      ,6.5,2,,2,1,6,1,1,1,,,,,,,,55,,,,N,,53,20:55,120-04736
201302562013-005465            ,BERGEN      ,RUTHERFORD BORO         ,5/10/2013,F ,737,1,RUTHERFORD PD            ,,0,0,0,0,P,B,N,N,11,2,NJ 3                                              ,E,3,,00000003__      ,6.2,2,5,2,1,1,1,1,2,,,,,T,NJ 17                    ,SB,45,,,,N,TRAFFIC SIGNAL AND TRAFFIC SIGNAL STANDARD                                      ,50,7:35,120N04737
2015025615-20502               ,BERGEN      ,RUTHERFORD BORO         ,9/8/2015,TU,755,1,RUTHERFORD PD            ,,0,0,0,0,P,B,N,N,1,2,NJ 3                                              ,E,3,,00000003__      ,6.5,2,5,2,1,1,1,1,1,,,,,F,NJ 17                    ,SB,40,,,,N,,94,7:55,120-04736
201302562013-005558            ,BERGEN      ,RUTHERFORD BORO         ,5/12/2013,S ,348,1,RUTHERFORD PD            ,,0,0,0,0,P,B,N,N,11,1,NJ 3                                              ,E,3,,00000003__      ,5,2,2,2,1,6,5,1,2,,,,,,,,45,,,,N,,62,3:50,120N04738
2015025615-20636               ,BERGEN      ,RUTHERFORD BORO         ,9/10/2015,TH,715,1,RUTHERFORD PD            ,,0,1,0,0,I,B,N,N,1,2,NJ 3                                              ,E,3,,00000003__      ,5.6,2,2,2,2,1,2,1,1,,,E,,,,,55,,,,N,,67,7:15,120-04737
2018025618-08725               ,BERGEN      ,RUTHERFORD BORO         ,4/21/2018,SA,440,1,RUTHERFORD PD            ,,0,1,0,0,I,B,N,N,1,2,NJ 3                                              ,E,3,,00000003__      ,6,2,,2,1,6,1,1,2,,,N,,,,,55,,,,Y,,85,4:40,120N04737
2016025616-13867               ,BERGEN      ,RUTHERFORD BORO         ,6/23/2016,TH,2132,1,RUTHERFORD PD            ,,0,0,0,0,P,B,N,N,15,2,NJ 3                                              ,E,3,,00000003__      ,6.5,2,2,2,1,6,1,1,1,,,,,,,,55,,,,N,,94,21:30,120-04736
2014025614-14461               ,BERGEN      ,RUTHERFORD BORO         ,7/7/2014,M ,1633,1,RUTHERFORD PD            ,,0,0,0,0,P,B,N,N,1,2,NJ 3                                              ,E,3,,00000003__      ,5.95,2,2,2,1,1,1,5,1,100,FE,E,ORIENT WAY                         ,,,,40,35,40.81402,74.10843,N,,56,16:35,120N04737
2017025617-08452               ,BERGEN      ,RUTHERFORD BORO         ,5/3/2017,WE,715,1,RUTHERFORD PD            ,,0,0,0,0,P,B,N,N,1,2,NJ 3                                              ,E,3,,00000003__      ,6.1,2,,2,1,1,1,1,1,,,E,,,,,55,,,,N,,91,7:15,120N04737
2015025615-20696               ,BERGEN      ,RUTHERFORD BORO         ,9/10/2015,TH,2206,1,RUTHERFORD PD            ,,0,0,0,0,P,B,N,N,11,1,NJ 3                                              ,E,3,,00000003__      ,6.5,2,5,2,2,7,5,2,1,,,E,,F,NJ 17                    ,SB,55,,,,N,,88,22:05,120-04736
2018025618-08746               ,BERGEN      ,RUTHERFORD BORO         ,4/21/2018,SA,1253,1,RUTHERFORD PD            ,,0,0,0,0,P,B,N,N,1,2,NJ 3                                              ,E,3,,00000003__      ,6.8,2,,2,1,1,1,1,1,,,,,,,,55,,,,N,,95,12:55,120N04736
2016025616-13951               ,BERGEN      ,RUTHERFORD BORO         ,6/24/2016,F ,2148,1,RUTHERFORD PD            ,,0,1,0,0,I,B,N,N,10,1,NJ 3                                              ,E,3,,00000003__      ,5.7,2,1,2,1,6,1,1,1,,,E,,,,,55,,,,N,,69,21:50,120-04737
2014025614-14517               ,BERGEN      ,RUTHERFORD BORO         ,7/8/2014,TU,1027,1,RUTHERFORD PD            ,,0,0,0,0,P,I,N,N,1,2,NJ 3                                              ,E,3,,00000003__      ,6.2,2,2,2,1,1,1,5,2,,AT,N,,,,,45,,40.81178,74.10341,N,,88,10:25,120N04737
2017025617-08459               ,BERGEN      ,RUTHERFORD BORO         ,5/3/2017,WE,840,1,RUTHERFORD PD            ,,0,3,0,0,I,B,N,N,1,2,NJ 3                                              ,E,3,,00000003__      ,6.2,2,,2,1,1,1,1,1,,,,,,,,55,,,,N,,67,8:40,120N04737
2018025618-08909               ,BERGEN      ,RUTHERFORD BORO         ,4/24/2018,TU,112,1,RUTHERFORD PD            ,,0,0,0,0,P,B,N,N,10,1,NJ 3                                              ,E,3,,00000003__      ,6.36,2,,2,1,6,1,5,1,,,,,F,NJ 17                    ,SB,55,,,,N,DAMAGE TO DOT STORM DRAIN AS WELL AS APPROXIMATELY 100 OF CURB.                 ,98,1:10,120-04736
2015025615-20699               ,BERGEN      ,RUTHERFORD BORO         ,9/10/2015,TH,2211,1,RUTHERFORD PD            ,,0,0,0,0,P,B,N,N,1,2,NJ 3                                              ,E,3,,00000003__      ,6.5,2,5,2,2,6,5,1,1,300,FE,,,F,NJ 17                    ,SB,55,,,,N,,,22:10,120-04736
2018025618-08918               ,BERGEN      ,RUTHERFORD BORO         ,4/24/2018,TU,852,1,RUTHERFORD PD            ,,0,0,0,0,P,B,N,N,2,2,NJ 3                                              ,E,3,,00000003__      ,6.2,2,,2,1,1,1,1,2,,,,,,,,55,,,,N,,88,8:50,120N04737
2016025616-14139               ,BERGEN      ,RUTHERFORD BORO         ,6/27/2016,M ,2201,1,RUTHERFORD PD            ,,0,1,0,0,I,B,N,N,11,1,NJ 3                                              ,E,3,,00000003__      ,6.6,2,5,2,2,6,2,1,1,,,E,,,,,55,,,,N,,85,22:00,120-04736
2017025617-08620               ,BERGEN      ,RUTHERFORD BORO         ,5/5/2017,FR,1413,1,RUTHERFORD PD            ,,0,0,0,0,P,B,N,N,11,1,NJ 3                                              ,E,3,,00000003__      ,6.8,2,,2,2,1,2,1,1,,,,,,,,55,,,,N,,87,14:15,120N04736
2018025618-08963               ,BERGEN      ,RUTHERFORD BORO         ,4/24/2018,TU,2242,1,RUTHERFORD PD            ,,0,0,0,0,P,B,N,N,11,1,NJ 3                                              ,E,3,,00000003__      ,,2,,2,2,7,2,5,1,,,,,F,NJ 17                    ,SB,55,,,,N,CURB ON RAMP.                                                                   ,98,22:40,120-07448
2018025618-08977               ,BERGEN      ,RUTHERFORD BORO         ,4/25/2018,WE,612,1,RUTHERFORD PD            ,,0,2,0,0,I,B,N,N,1,3,NJ 3                                              ,E,3,,00000003__      ,5,2,,2,2,2,2,1,1,,,,,,,,55,,,,N,,53,6:10,120N04738
2015025615-21152               ,BERGEN      ,RUTHERFORD BORO         ,9/17/2015,TH,715,1,RUTHERFORD PD            ,,0,0,0,0,P,B,N,N,1,2,NJ 3                                              ,E,3,,00000003__      ,6.1,2,1,2,1,1,1,1,1,,,,,,,,55,,,,N,,76,7:15,120N04737
2016025616-14236               ,BERGEN      ,RUTHERFORD BORO         ,6/29/2016,W ,1408,1,RUTHERFORD PD            ,,0,1,0,0,I,B,N,N,15,1,NJ 3                                              ,E,3,,00000003__      ,5,2,2,1,1,1,1,1,1,,,E,,,,,55,,,,N,,88,14:10,120N04738
2018025618-08979               ,BERGEN      ,RUTHERFORD BORO         ,4/25/2018,WE,621,1,RUTHERFORD PD            ,,0,1,0,0,I,B,N,N,1,2,NJ 3                                              ,E,3,,00000003__      ,5.3,2,,2,2,1,2,1,1,,,,,,,,55,,,,N,,97,6:20,120-04737
2017025617-08806               ,BERGEN      ,RUTHERFORD BORO         ,5/8/2017,MO,903,1,RUTHERFORD PD            ,,0,0,0,0,P,B,N,N,2,2,NJ 3                                              ,E,3,,00000003__      ,6.1,2,,2,1,1,1,1,1,,,,,,,,55,,,,N,,91,9:05,120N04737
2014025614-14813               ,BERGEN      ,RUTHERFORD BORO         ,7/12/2014,SA,2029,1,RUTHERFORD PD            ,,0,0,0,0,P,I,N,N,11,1,NJ 3                                              ,E,3,,00000003__      ,6.8,2,3,1,1,6,1,1,1,,AT,N,,,,,55,,40.81095,74.08986,N,,83,20:30,120N04736
2016025616-14341               ,BERGEN      ,RUTHERFORD BORO         ,7/1/2016,F ,1639,1,RUTHERFORD PD            ,,0,1,0,0,I,B,N,N,11,1,NJ 3                                              ,E,3,,00000003__      ,6.4,2,4,2,2,1,1,3,1,,,,,T,NJ  17                   ,NB,55,,,,N,,,16:40,120-04736
2018025618-09014               ,BERGEN      ,RUTHERFORD BORO         ,4/25/2018,WE,1620,1,RUTHERFORD PD            ,,0,0,0,0,P,B,N,N,2,2,NJ 3                                              ,E,3,,00000003__      ,6.5,2,,2,2,1,1,5,1,,,,,F,NJ 17                    ,SB,55,,,,N,,90,16:20,120-04736
2018025618-09119               ,BERGEN      ,RUTHERFORD BORO         ,4/27/2018,FR,851,1,RUTHERFORD PD            ,,0,0,0,0,P,B,N,N,1,2,NJ 3                                              ,E,3,,00000003__      ,5.7,2,,2,2,1,2,1,2,,,,,,,,55,,,,N,,96,8:50,120-04737
2016025616-14522               ,BERGEN      ,RUTHERFORD BORO         ,7/4/2016,M ,249,1,RUTHERFORD PD            ,,0,1,0,0,I,B,N,N,11,1,NJ 3                                              ,E,3,,00000003__      ,6.8,2,2,1,1,6,1,1,1,,,,,,,,55,,,,Y,,94,2:50,120N04736
2018025618-09437               ,BERGEN      ,RUTHERFORD BORO         ,5/2/2018,WE,849,1,RUTHERFORD PD            ,,0,0,0,0,P,B,N,N,1,2,NJ 3                                              ,E,3,,00000003__      ,5,2,,2,1,1,1,1,1,,,,,,,,55,,,,N,,61,8:50,120N04738
2016025616-14556               ,BERGEN      ,RUTHERFORD BORO         ,7/4/2016,M ,1720,1,RUTHERFORD PD            ,,0,5,0,0,I,B,N,N,1,3,NJ 3                                              ,E,3,,00000003__      ,6.2,2,2,2,1,1,1,1,1,,,,,,,,55,,,,N,,92,17:20,120N04737
2018025618-09438               ,BERGEN      ,RUTHERFORD BORO         ,5/2/2018,WE,919,1,RUTHERFORD PD            ,,0,0,0,0,P,B,N,N,2,2,NJ 3                                              ,E,3,,00000003__      ,5.4,2,,2,1,1,1,1,2,,,,,,,,55,,,,N,,61,9:20,120-04737
2017025617-08972               ,BERGEN      ,RUTHERFORD BORO         ,5/10/2017,WE,1605,1,RUTHERFORD PD            ,,0,1,0,0,I,B,N,N,1,2,NJ 3                                              ,E,3,,00000003__      ,5.6,2,,2,1,1,1,1,1,,,,,,,,55,,,,N,,56,16:05,120-04737
2016025616-14583               ,BERGEN      ,RUTHERFORD BORO         ,7/5/2016,TU,20,1,RUTHERFORD PD            ,,0,1,0,0,I,B,N,N,11,1,NJ 3                                              ,E,3,,00000003__      ,6.8,2,3,2,2,6,2,1,1,,,N,,,,,55,,,,N,,91,2:20,120N04736
2017025617-09057               ,BERGEN      ,RUTHERFORD BORO         ,5/11/2017,TH,,1,RUTHERFORD PD            ,,0,0,0,0,P,B,N,N,2,2,NJ 3                                              ,E,3,,00000003__      ,5.96,2,,2,1,1,1,5,1,150,FE,E,ORIENT WAY                         ,,,,40,35,,,N,,95,#VALUE!,120N04737
201302562013-006160            ,BERGEN      ,RUTHERFORD BORO         ,5/24/2013,F ,1930,1,RUTHERFORD PD            ,,0,0,0,0,P,B,N,N,11,1,NJ 3                                              ,E,3,,00000003__      ,6.4,2,5,2,2,3,2,5,1,,,,,F,ROUTE 17 SOUTH           ,SB,55,,,,N,,53,19:30,120-04736
201302562013-006282            ,BERGEN      ,RUTHERFORD BORO         ,5/28/2013,TU,905,1,RUTHERFORD PD            ,,0,0,0,0,P,B,N,N,2,2,NJ 3                                              ,E,3,,00000003__      ,6.5,2,5,2,1,1,5,2,1,,,,,,,,45,,,,N,,40,9:05,120-04736
2018025618-09759               ,BERGEN      ,RUTHERFORD BORO         ,5/6/2018,SU,38,1,RUTHERFORD PD            ,,0,0,0,0,P,B,N,N,11,1,NJ 3                                              ,E,3,,00000003__      ,6.5,2,,2,1,6,1,5,1,,,,,F,ROUTE 17                 ,SB,55,,,,N,GUARD RAIL.                                                                     ,99,3:40,120-04736
2018025618-10072               ,BERGEN      ,RUTHERFORD BORO         ,5/10/2018,TH,641,1,RUTHERFORD PD            ,,0,0,0,0,P,B,N,N,1,3,NJ 3                                              ,E,3,,00000003__      ,5,2,,2,1,1,1,1,1,,,,,,,,55,,,,N,,,6:40,120N04738
2016025616-14860               ,BERGEN      ,RUTHERFORD BORO         ,7/8/2016,F ,1418,1,RUTHERFORD PD            ,,0,0,0,0,P,B,N,N,11,1,NJ 3                                              ,E,3,,00000003__      ,6,2,2,2,1,1,5,1,1,,,,,,,,55,,,,N,HIGHWAY LIGHT STANDARD (#OW4215)                                                ,62,14:20,120N04737
2017025617-09214               ,BERGEN      ,RUTHERFORD BORO         ,5/14/2017,SU,2205,1,RUTHERFORD PD            ,,0,0,0,0,P,B,N,N,15,1,NJ 3                                              ,E,3,,00000003__      ,6.7,2,,2,1,6,1,1,1,,,E,,,,,55,,,,N,,88,22:05,120N04736
2014025614-15247               ,BERGEN      ,RUTHERFORD BORO         ,7/18/2014,F ,636,1,RUTHERFORD PD            ,,0,0,0,0,P,I,N,N,1,2,NJ 3                                              ,E,3,,00000003__      ,5.3,2,1,2,1,1,1,1,2,,AT,N,,,,,45,,40.81967,74.11856,N,,,6:35,120-04737
201302562013-006635            ,BERGEN      ,RUTHERFORD BORO         ,6/5/2013,W ,1413,1,RUTHERFORD PD            ,,0,0,0,0,P,B,N,N,11,1,NJ 3                                              ,E,3,,00000003__      ,6,2,2,2,1,1,1,1,2,,,,,,,,45,,,,N,,56,14:15,120N04737