CRASH_ID,CTY_NAME,MUN_NAME,DATE,DAY,TIME,POL_CODE,POL_DEPT,POL_STA,KILLED,INJURED,PED_KILL,PED_INJ,SEVERITY,INTERSEC,ALCOHOL,HAZMAT,CRASH_TYPE,VEH_COUNT,LOCATION,LOC_DIR,ROUTE,RT_SFX,SRI,MP,RD_SYS,RD_CHAR,RD_SURF,SURF_COND,LIGHT,WEATHER,RD_DIV,RD_WRKZN,X_DIST,DIST_UNT,X_DIR,X_NAME,IS_RAMP,RAMP_RT,RAMP_DIR,SPD_LMT,SPD_X,LAT,LONG,CELL_USE,PROP_DMG,BADGE,TIME_ROUND,TMC
2018025618-10167               ,BERGEN      ,RUTHERFORD BORO         ,5/11/2018,FR,1542,1,RUTHERFORD PD            ,,0,0,0,0,P,B,N,N,1,2,NJ 3                                              ,E,3,,00000003__      ,6.2,2,,2,1,1,1,1,2,,,,,,,,55,,,,N,,96,15:40,120N04737
2017025617-09735               ,BERGEN      ,RUTHERFORD BORO         ,5/23/2017,TU,742,1,RUTHERFORD PD            ,,0,0,0,0,P,B,N,N,1,2,NJ 3                                              ,E,3,,00000003__      ,5.8,2,,2,1,1,1,1,1,,,,,,,,55,,,,N,,53,7:40,120N04737
2018025618-10220               ,BERGEN      ,RUTHERFORD BORO         ,5/12/2018,SA,216,1,RUTHERFORD PD            ,,0,0,0,0,P,B,N,N,11,1,NJ 3                                              ,E,3,,00000003__      ,6.3,2,,2,1,6,1,1,1,,,,,,,,55,,,,N,SCRATCHES TO THE CONCRETE DIVIDER                                               ,65,2:15,120-04736
2018025618-10255               ,BERGEN      ,RUTHERFORD BORO         ,5/12/2018,SA,1215,1,RUTHERFORD PD            ,,0,0,0,0,P,B,N,N,11,1,NJ 3                                              ,E,3,,00000003__      ,6.5,2,,1,2,1,2,1,1,,,,,F,NJ 17                    ,SB,55,,,,N,,61,12:15,120-04736
2015025615-23271               ,BERGEN      ,RUTHERFORD BORO         ,10/15/2015,TH,733,1,RUTHERFORD PD            ,,0,0,0,0,P,B,N,N,1,2,NJ 3                                              ,E,3,,00000003__      ,5,2,3,1,1,1,1,1,1,,,E,,,,,55,,,,N,,87,7:35,120N04738
2016025616-15846               ,BERGEN      ,RUTHERFORD BORO         ,7/21/2016,TH,841,1,RUTHERFORD PD            ,,0,0,0,0,P,B,N,N,1,2,NJ 3                                              ,E,3,,00000003__      ,6,2,1,2,1,1,1,1,1,,,,,,,,55,,,,N,,89,8:40,120N04737
201302562013-006700            ,BERGEN      ,RUTHERFORD BORO         ,6/7/2013,F ,517,1,RUTHERFORD PD            ,,0,0,0,0,P,B,N,N,1,2,NJ 3                                              ,E,3,,00000003__      ,6.2,2,1,2,2,2,2,1,2,,,,,,,,45,,,,N,,78,5:15,120N04737
2018025618-10282               ,BERGEN      ,RUTHERFORD BORO         ,5/12/2018,SA,2027,1,RUTHERFORD PD            ,,0,0,0,0,P,B,N,N,2,2,NJ 3                                              ,E,3,,00000003__      ,6.4,2,,2,2,6,2,1,1,,,N,,T,NJ 17                    ,,55,,,,N,,91,20:25,120-04736
2018025618-10428               ,BERGEN      ,RUTHERFORD BORO         ,5/15/2018,TU,627,1,RUTHERFORD PD            ,,0,0,0,0,P,B,N,N,1,2,NJ 3                                              ,E,3,,00000003__      ,5.7,2,,2,1,1,1,1,1,,,,,,,,55,,,,N,,97,6:25,120-04737
2017025617-10003               ,BERGEN      ,RUTHERFORD BORO         ,5/26/2017,FR,2241,1,RUTHERFORD PD            ,,0,1,0,0,I,B,Y,N,11,1,NJ 3                                              ,E,3,,00000003__      ,5,2,,2,1,6,1,1,1,,,E,,,,,55,,,,N,,67,22:40,120N04738
2015025615-23324               ,BERGEN      ,RUTHERFORD BORO         ,10/15/2015,TH,1938,1,RUTHERFORD PD            ,,0,0,0,0,P,B,N,N,2,2,NJ 3                                              ,E,3,,00000003__      ,5.7,2,3,2,1,6,1,5,1,,,,,T,RIDGE ROAD               ,,55,,,,N,,95,19:40,120-04737
201302562013-006813            ,BERGEN      ,RUTHERFORD BORO         ,6/9/2013,S ,1845,1,RUTHERFORD PD            ,,0,1,0,0,I,B,N,N,11,1,NJ 3                                              ,E,3,,00000003__      ,6.1,2,1,2,1,1,1,1,2,,,,,,,,45,,,,N,,52,18:45,120N04737
2017025617-10009               ,BERGEN      ,RUTHERFORD BORO         ,5/26/2017,FR,2313,1,RUTHERFORD PD            ,,0,0,0,0,P,B,N,N,2,2,NJ 3                                              ,E,3,,00000003__      ,6.6,2,,2,1,6,1,1,1,,,E,,,,,55,,,,N,,91,23:15,120-04736
2016025616-16042               ,BERGEN      ,RUTHERFORD BORO         ,7/24/2016,S ,1330,1,RUTHERFORD PD            ,,0,0,0,0,P,B,N,N,11,1,NJ 3                                              ,E,3,,00000003__      ,6.8,2,1,2,1,1,1,1,1,,,E,,,,,55,,,,N,,67,13:30,120N04736
2018025618-10494               ,BERGEN      ,RUTHERFORD BORO         ,5/15/2018,TU,1904,1,RUTHERFORD PD            ,,0,0,0,0,P,B,N,N,11,1,NJ 3                                              ,E,3,,00000003__      ,6.4,2,,2,2,3,2,5,1,,,,,T,NJ 17                    ,NB,55,,,,N,TREE                                                                            ,95,19:05,120-04736
2016025616-16413               ,BERGEN      ,RUTHERFORD BORO         ,7/29/2016,F ,2222,1,RUTHERFORD PD            ,,0,0,0,0,P,B,N,N,11,1,NJ 3                                              ,E,3,,00000003__      ,6.5,2,1,2,1,6,1,1,1,,,E,,,,,55,,,,N,,95,22:20,120-04736
2018025618-10529               ,BERGEN      ,RUTHERFORD BORO         ,5/16/2018,WE,740,1,RUTHERFORD PD            ,,0,0,0,0,P,B,N,N,2,2,NJ 3                                              ,E,3,,00000003__      ,5.4,2,,2,2,1,2,1,2,,,,,,,,55,,,,N,,61,7:40,120-04737
201302562013-006901            ,BERGEN      ,RUTHERFORD BORO         ,6/11/2013,TU,1511,1,RUTHERFORD PD            ,,0,0,0,0,P,B,N,N,1,2,NJ 3                                              ,E,3,,00000003__      ,6.5,2,6,2,1,1,1,1,1,,,,,F,ROUTE 17 SOUTH           ,,55,,,,N,,56,15:10,120-04736
2015025615-23673               ,BERGEN      ,RUTHERFORD BORO         ,10/20/2015,TU,752,1,RUTHERFORD PD            ,,0,0,0,0,P,B,N,N,1,3,NJ 3                                              ,E,3,,00000003__      ,6.5,2,2,2,1,1,1,1,1,,,E,,,,,55,,,,N,,85,7:50,120-04736
2016025616-16469               ,BERGEN      ,RUTHERFORD BORO         ,7/30/2016,SA,1614,1,RUTHERFORD PD            ,,0,1,0,0,I,B,N,N,1,2,NJ 3                                              ,E,3,,00000003__      ,6.6,2,2,2,2,1,2,1,1,,,E,,,,,55,,,,N,,89,16:15,120-04736
2018025618-10814               ,BERGEN      ,RUTHERFORD BORO         ,5/19/2018,SA,1643,1,RUTHERFORD PD            ,,0,0,0,0,P,B,N,N,11,1,NJ 3                                              ,E,3,,00000003__      ,6.4,2,,2,2,1,2,2,1,,,,,T,NJ 17                    ,NB,55,,,,N,,83,16:45,120-04736
2016025616-16474               ,BERGEN      ,RUTHERFORD BORO         ,7/30/2016,SA,1718,1,RUTHERFORD PD            ,,0,0,0,0,P,B,N,N,11,1,NJ 3                                              ,E,3,,00000003__      ,6.5,2,5,1,2,1,2,1,1,,,,,F,NJ 17                    ,SB,55,,,,N,,85,17:20,120-04736
2018025618-10865               ,BERGEN      ,RUTHERFORD BORO         ,5/20/2018,SU,840,1,RUTHERFORD PD            ,,0,0,0,0,P,B,N,N,11,1,NJ 3                                              ,E,3,,00000003__      ,6.4,2,,2,2,1,2,2,1,,,,,T,NJ 17                    ,NB,55,,,,N,,97,8:40,120-04736
2016025616-16538               ,BERGEN      ,RUTHERFORD BORO         ,7/31/2016,S ,554,1,RUTHERFORD PD            ,,0,0,0,0,P,B,N,N,11,1,NJ 3                                              ,E,3,,00000003__      ,6.5,2,5,1,2,2,2,1,1,,,E,,F,NJ 17                    ,SB,55,,,,N,,85,5:55,120-04736
2018025618-10929               ,BERGEN      ,RUTHERFORD BORO         ,5/21/2018,MO,946,1,RUTHERFORD PD            ,,0,0,0,0,P,B,N,N,1,3,NJ 3                                              ,E,3,,00000003__      ,6.5,2,,1,1,1,1,1,1,,,,,F,NJ 17                    ,SB,55,,,,N,,,9:45,120-04736
2017025617-10965               ,BERGEN      ,RUTHERFORD BORO         ,6/10/2017,SA,2110,1,RUTHERFORD PD            ,,0,2,0,0,I,B,N,N,10,1,NJ 3                                              ,E,3,,00000003__      ,5,2,,2,1,6,1,1,1,,,,,T,NJ 17                    ,SB,55,,,,N,DIRECTIONAL ARROWS AND GUIDERAIL.                                               ,90,21:10,120N04738
2018025618-10957               ,BERGEN      ,RUTHERFORD BORO         ,5/21/2018,MO,1316,1,RUTHERFORD PD            ,,0,0,0,0,P,B,N,N,2,2,NJ 3                                              ,E,3,,00000003__      ,6.7,2,,1,1,1,1,1,2,,,,,,,,55,,,,N,,91,13:15,120N04736
2015025615-24269               ,BERGEN      ,RUTHERFORD BORO         ,10/28/2015,W ,901,1,RUTHERFORD PD            ,,0,1,0,0,I,B,N,N,1,2,NJ 3                                              ,E,3,,00000003__      ,5.95,2,2,2,1,1,5,5,1,100,FE,E,ORIENT WAY                         ,,,,40,35,,,N,,94,9:00,120N04737
2018025618-11123               ,BERGEN      ,RUTHERFORD BORO         ,5/23/2018,WE,1016,1,RUTHERFORD PD            ,,0,0,0,0,P,B,N,N,1,2,NJ 3                                              ,E,3,,00000003__      ,6,2,,2,1,1,1,1,2,,,E,,,,,55,,,,N,,95,10:15,120N04737
201302562013-007193            ,BERGEN      ,RUTHERFORD BORO         ,6/17/2013,M ,2154,1,RUTHERFORD PD            ,,0,0,0,0,P,B,N,N,11,1,NJ 3                                              ,E,3,,00000003__      ,6.5,2,6,2,1,6,1,1,1,,,,,F,ROUTE 17 SOUTH           ,,55,,,,N,GUARDRAIL                                                                       ,56,21:55,120-04736
2015025615-24358               ,BERGEN      ,RUTHERFORD BORO         ,10/29/2015,TH,146,1,RUTHERFORD PD            ,,0,1,0,0,I,B,N,N,1,2,NJ 3                                              ,E,3,,00000003__      ,5.6,2,1,2,2,6,2,1,1,,,,,,,,55,,,,N,,53,1:45,120-04737
2017025617-11240               ,BERGEN      ,RUTHERFORD BORO         ,6/15/2017,TH,714,1,RUTHERFORD PD            ,,0,0,0,0,P,B,N,N,1,2,NJ 3                                              ,E,3,,00000003__      ,6.2,2,,2,1,1,1,1,1,,,,,,,,55,,,,N,,86,7:15,120N04737
2017025617-11241               ,BERGEN      ,RUTHERFORD BORO         ,6/15/2017,TH,719,1,RUTHERFORD PD            ,,0,0,0,0,P,B,N,N,1,2,NJ 3                                              ,E,3,,00000003__      ,6.1,2,,2,1,1,1,1,1,,,,,,,,55,,,,N,,88,7:20,120N04737
2018025618-11367               ,BERGEN      ,RUTHERFORD BORO         ,5/27/2018,SU,637,1,RUTHERFORD PD            ,,0,0,0,0,P,B,N,N,11,1,NJ 3                                              ,E,3,,00000003__      ,5.8,2,,2,2,1,2,1,2,,,,,,,,55,,,,N,,98,6:35,120N04737
2017025617-11274               ,BERGEN      ,RUTHERFORD BORO         ,6/15/2017,TH,1348,1,RUTHERFORD PD            ,,0,0,0,0,P,B,N,N,2,2,NJ 3                                              ,E,3,,00000003__      ,6.3,2,,2,1,1,1,1,1,,,,,,,,55,,,,N,,88,13:50,120-04736
2015025615-24767               ,BERGEN      ,RUTHERFORD BORO         ,11/3/2015,TU,911,1,RUTHERFORD PD            ,,0,2,0,0,I,B,N,N,1,2,NJ 3                                              ,E,3,,00000003__      ,5,2,1,2,1,1,1,1,1,,,E,,,,,55,,,,N,,89,9:10,120N04738
2016025616-17735               ,BERGEN      ,RUTHERFORD BORO         ,8/18/2016,TH,29,1,RUTHERFORD PD            ,,0,0,0,0,P,B,N,N,11,1,NJ 3                                              ,E,3,,00000003__      ,6.8,2,2,2,1,6,1,1,1,,,E,,,,,55,,,,N,,94,2:30,120N04736
2018025618-11693               ,BERGEN      ,RUTHERFORD BORO         ,5/31/2018,TH,2249,1,RUTHERFORD PD            ,,0,1,0,0,I,B,Y,N,8,2,NJ 3                                              ,E,3,,00000003__      ,6.8,2,,2,2,6,1,1,1,,,,,,,,55,,,,N,,93,22:50,120N04736
2014025614-17831               ,BERGEN      ,RUTHERFORD BORO         ,8/24/2014,S ,2010,1,RUTHERFORD PD            ,,0,0,0,0,P,B,N,N,11,1,NJ 3                                              ,E,3,,00000003__      ,5.2,2,2,2,1,7,1,1,2,,,N,,,,,45,,40.82063,74.11999,N,,,20:10,120N04738
2016025616-17749               ,BERGEN      ,RUTHERFORD BORO         ,8/18/2016,TH,611,1,RUTHERFORD PD            ,,0,0,0,0,P,B,N,N,2,2,NJ 3                                              ,E,3,,00000003__      ,6,2,1,2,1,2,1,1,1,,,E,,,,,55,,,,N,,56,6:10,120N04737
2015025615-25235               ,BERGEN      ,RUTHERFORD BORO         ,11/9/2015,M ,1118,1,RUTHERFORD PD            ,,0,0,0,0,P,B,N,N,2,2,NJ 3                                              ,E,3,,00000003__      ,6.2,2,1,2,1,1,1,1,1,,,,,,,,55,,,,N,,93,11:20,120N04737
201302562013-007786            ,BERGEN      ,RUTHERFORD BORO         ,6/30/2013,S ,246,1,RUTHERFORD PD            ,,0,1,0,0,I,B,N,N,2,3,NJ 3                                              ,E,3,,00000003__      ,5.3,2,1,2,1,6,1,,2,,,,,,,,45,,,,N,,84,2:45,120-04737
2015025615-25288               ,BERGEN      ,RUTHERFORD BORO         ,11/10/2015,TU,638,1,RUTHERFORD PD            ,,0,0,0,0,P,B,N,N,1,2,NJ 3                                              ,E,3,,00000003__      ,6.2,2,2,2,1,1,5,1,1,,,E,,,,,55,,,,N,,92,6:40,120N04737
2017025617-11350               ,BERGEN      ,RUTHERFORD BORO         ,6/16/2017,FR,1622,1,RUTHERFORD PD            ,,0,1,0,0,I,B,N,N,1,2,NJ 3                                              ,E,3,,00000003__      ,5,2,,2,1,1,1,1,1,,,,,T,RUTHERFORD AVENUE        ,EB,55,,,,N,,76,16:20,120N04738
2015025615-25291               ,BERGEN      ,RUTHERFORD BORO         ,11/10/2015,TU,720,1,RUTHERFORD PD            ,,0,0,0,0,P,B,N,N,2,2,NJ 3                                              ,E,3,,00000003__      ,6,2,2,2,2,1,2,1,1,,,E,,,,,55,,,,N,,,7:20,120N04737
2015025615-25305               ,BERGEN      ,RUTHERFORD BORO         ,11/10/2015,TU,940,1,RUTHERFORD PD            ,,0,0,0,0,P,B,N,N,1,2,NJ 3                                              ,E,3,,00000003__      ,5.4,2,2,2,2,1,2,1,1,,,,,,,,55,,,,N,,92,9:40,120-04737
201302562013-007864            ,BERGEN      ,RUTHERFORD BORO         ,7/1/2013,M ,1520,1,RUTHERFORD PD            ,,0,1,0,0,I,B,N,N,11,1,NJ 3                                              ,E,3,,00000003__      ,6.5,2,5,2,2,1,2,5,1,,,,,F,ROUTE 17                 ,SB,40,,,,N,,85,15:20,120-04736
2017025617-11413               ,BERGEN      ,RUTHERFORD BORO         ,6/17/2017,SA,1404,1,RUTHERFORD PD            ,,0,3,0,0,I,B,N,N,11,1,NJ 3                                              ,E,3,,00000003__      ,6.5,2,,2,2,1,5,1,1,,,,,,,,55,,,,N,DOT NOTIFIED OF DAMAGE TO THE GUARDRAIL IN THE ABOVE AREA.                      ,90,14:05,120-04736
2014025614-18759               ,BERGEN      ,RUTHERFORD BORO         ,9/7/2014,S ,1539,1,RUTHERFORD PD            ,,0,0,0,0,P,B,N,N,2,2,NJ 3                                              ,E,3,,00000003__      ,6.6,2,1,2,1,1,1,1,1,,,N,,,,,55,,40.8105,74.09454,N,,56,15:40,120-04736
2014025614-18799               ,BERGEN      ,RUTHERFORD BORO         ,9/8/2014,M ,817,1,RUTHERFORD PD            ,,0,0,0,0,P,B,N,N,2,2,NJ 3                                              ,E,3,,00000003__      ,6.2,2,1,2,1,1,1,1,2,,,N,,,,,45,,40.81178,74.10341,N,,76,8:15,120N04737
201302562013-007929            ,BERGEN      ,RUTHERFORD BORO         ,7/2/2013,TU,2032,1,RUTHERFORD PD            ,,0,0,0,0,P,B,N,N,11,1,NJ 3                                              ,E,3,,00000003__      ,6.5,2,5,2,2,6,2,1,1,,,,,F,ROUTE 17                 ,SB,55,,,,N,,76,20:30,120-04736
2015025615-25549               ,BERGEN      ,RUTHERFORD BORO         ,11/13/2015,F ,814,1,RUTHERFORD PD            ,,0,0,0,0,P,B,N,N,9,2,NJ 3                                              ,E,3,,00000003__      ,6.6,2,5,2,1,1,1,2,1,,,E,,F,NJ 17                    ,SB,55,,,,N,,S33  ,8:15,120-04736
2016025616-17948               ,BERGEN      ,RUTHERFORD BORO         ,8/21/2016,S ,200,1,RUTHERFORD PD            ,,0,0,0,0,P,B,N,N,1,2,NJ 3                                              ,E,3,,00000003__      ,6.8,2,3,1,1,6,1,1,1,,,E,,,,,55,,,,N,,91,2:00,120N04736
2018025618-12118               ,BERGEN      ,RUTHERFORD BORO         ,6/6/2018,WE,909,1,RUTHERFORD PD            ,,0,0,0,0,P,B,N,N,1,2,NJ 3                                              ,E,3,,00000003__      ,6.8,2,,1,1,1,1,1,1,,,,,,,,55,,,,N,,95,9:10,120N04736
2014025614-18944               ,BERGEN      ,RUTHERFORD BORO         ,9/10/2014,W ,727,1,RUTHERFORD PD            ,,0,0,0,0,P,B,N,N,1,2,NJ 3                                              ,E,3,,00000003__      ,5.1,2,2,2,1,1,1,1,1,,,N,,,,,45,,40.82154,74.12145,N,,40,7:25,120N04738
2017025617-11607               ,BERGEN      ,RUTHERFORD BORO         ,6/20/2017,TU,2013,1,RUTHERFORD PD            ,,0,0,0,0,P,B,N,N,15,2,NJ 3                                              ,E,3,,00000003__      ,5.6,2,,2,1,3,1,1,1,,,,,,,,55,,,,N,,62,20:15,120-04737
2015025615-25647               ,BERGEN      ,RUTHERFORD BORO         ,11/14/2015,SA,1917,1,RUTHERFORD PD            ,,0,0,0,0,P,B,N,N,2,2,NJ 3                                              ,E,3,,00000003__      ,6.2,2,1,2,1,6,1,1,1,,,E,,,,,55,,,,N,,90,19:15,120N04737
2016025616-17955               ,BERGEN      ,RUTHERFORD BORO         ,8/21/2016,S ,711,1,RUTHERFORD PD            ,,0,0,0,0,P,B,N,N,11,1,NJ 3                                              ,E,3,,00000003__      ,6.4,2,5,2,2,1,2,1,1,200,FE,,,T,NJ 17                    ,NB,55,,,,N,,,7:10,120-04736
2018025618-12183               ,BERGEN      ,RUTHERFORD BORO         ,6/6/2018,WE,2057,1,RUTHERFORD PD            ,,0,1,0,0,I,B,N,N,10,1,NJ 3                                              ,E,3,,00000003__      ,6.5,2,,2,2,6,1,1,1,,,,,,,,55,,,,N,,76,20:55,120-04736
2015025615-25715               ,BERGEN      ,RUTHERFORD BORO         ,11/15/2015,S ,1931,1,RUTHERFORD PD            ,,0,0,0,0,P,B,N,N,12,1,NJ 3                                              ,E,3,,00000003__      ,6.2,2,1,2,1,6,1,1,1,,,E,,,,,55,,,,N,,91,19:30,120N04737
2016025616-17995               ,BERGEN      ,RUTHERFORD BORO         ,8/21/2016,S ,2145,1,RUTHERFORD PD            ,,0,0,0,0,P,B,N,N,11,1,NJ 3                                              ,E,3,,00000003__      ,6.5,2,5,1,2,6,2,1,1,,,E,,F,NJ 17                    ,SB,55,,,,N,,85,21:45,120-04736
2017025617-11732               ,BERGEN      ,RUTHERFORD BORO         ,6/22/2017,TH,1350,1,RUTHERFORD PD            ,,0,1,0,0,I,B,N,N,1,2,NJ 3                                              ,E,3,,00000003__      ,6.5,2,,2,1,1,1,1,1,,,,,T,ROUTE 17                 ,NB,55,,,,N,,56,13:50,120-04736
2018025618-12271               ,BERGEN      ,RUTHERFORD BORO         ,6/8/2018,FR,656,1,RUTHERFORD PD            ,,0,0,0,0,P,B,N,N,2,3,NJ 3                                              ,E,3,,00000003__      ,5.7,2,,2,1,1,1,1,3,,,,,,,,55,,,,N,,,6:55,120-04737
2016025616-18104               ,BERGEN      ,RUTHERFORD BORO         ,8/23/2016,TU,650,1,RUTHERFORD PD            ,,0,0,0,0,P,B,N,N,1,2,NJ 3                                              ,E,3,,00000003__      ,6.5,2,5,2,1,1,1,1,1,,,E,,F,ROUTE 17                 ,SB,55,,,,N,,93,6:50,120-04736
2018025618-12289               ,BERGEN      ,RUTHERFORD BORO         ,6/8/2018,FR,934,1,RUTHERFORD PD            ,,0,0,0,0,P,B,N,N,2,2,NJ 3                                              ,E,3,,00000003__      ,5.8,2,,2,1,1,1,5,1,,,E,,,,,55,,,,N,,69,9:35,120N04737
2015025615-25742               ,BERGEN      ,RUTHERFORD BORO         ,11/16/2015,M ,752,1,RUTHERFORD PD            ,,0,0,0,0,P,B,N,N,1,3,NJ 3                                              ,E,3,,00000003__      ,6.1,2,1,2,1,1,1,1,1,,,N,,,,,55,,,,N,,76,7:50,120N04737
2016025616-18107               ,BERGEN      ,RUTHERFORD BORO         ,8/23/2016,TU,715,1,RUTHERFORD PD            ,,0,0,0,0,P,B,N,N,1,2,NJ 3                                              ,E,3,,00000003__      ,6.2,2,1,2,1,1,1,1,1,,,N,,,,,55,,,,N,,93,7:15,120N04737
201302562013-007979            ,BERGEN      ,RUTHERFORD BORO         ,7/3/2013,W ,1906,1,RUTHERFORD PD            ,,0,0,0,0,P,B,N,N,11,1,NJ 3                                              ,E,3,,00000003__      ,6.4,2,5,1,2,1,2,1,1,,,,,F,ROUTE 17                 ,SB,55,,,,N,,76,19:05,120-04736
2017025617-11850               ,BERGEN      ,RUTHERFORD BORO         ,6/24/2017,SA,702,1,RUTHERFORD PD            ,,0,0,0,0,P,B,N,N,11,1,NJ 3                                              ,E,3,,00000003__      ,6.5,2,,2,2,1,2,1,1,,,,,F,NJ 17                    ,SB,55,,,,N,MINOR DAMAGE TO GUARDRAIL. NJ DOT NOTIFIED.                                     ,91,7:00,120-04736
2015025615-25863               ,BERGEN      ,RUTHERFORD BORO         ,11/17/2015,TU,1502,1,RUTHERFORD PD            ,,0,0,0,0,P,B,N,N,1,2,NJ 3                                              ,E,3,,00000003__      ,5.1,2,1,2,1,3,1,1,1,,,,,,,,55,,,,N,,95,15:00,120N04738
2014025614-19370               ,BERGEN      ,RUTHERFORD BORO         ,9/16/2014,TU,1002,1,RUTHERFORD PD            ,,0,0,0,0,P,I,N,N,1,2,NJ 3                                              ,E,3,,00000003__      ,6,2,1,2,2,1,2,1,2,,AT,,,,,,45,,40.81357,74.10742,N,,65,10:00,120N04737
2015025615-25927               ,BERGEN      ,RUTHERFORD BORO         ,11/18/2015,W ,742,1,RUTHERFORD PD            ,,0,0,0,0,P,B,N,N,1,3,NJ 3                                              ,E,3,,00000003__      ,6.1,2,2,2,1,1,5,1,1,,,E,,,,,55,,,,N,,,7:40,120N04737
2016025616-18294               ,BERGEN      ,RUTHERFORD BORO         ,8/25/2016,TH,1654,1,RUTHERFORD PD            ,,0,0,0,0,P,B,N,N,11,1,NJ 3                                              ,E,3,,00000003__      ,6.4,2,4,2,2,1,2,1,1,,,E,,T,NJ 17                    ,NB,55,,,,Y,,93,16:55,120-04736
2014025614-19528               ,BERGEN      ,RUTHERFORD BORO         ,9/18/2014,TH,822,1,RUTHERFORD PD            ,,0,0,0,0,P,B,N,N,1,2,NJ 3                                              ,E,3,,00000003__      ,5,2,2,2,1,1,1,1,2,,,,,,,,45,,40.82242,74.12299,N,,89,8:20,120N04738
2015025615-26006               ,BERGEN      ,RUTHERFORD BORO         ,11/19/2015,TH,835,1,RUTHERFORD PD            ,,0,0,0,0,P,B,N,N,1,2,NJ 3                                              ,E,3,,00000003__      ,6.2,2,2,2,1,1,5,1,1,,,,,,,,55,,,,N,,,8:35,120N04737
2018025618-12526               ,BERGEN      ,RUTHERFORD BORO         ,6/11/2018,MO,1044,1,RUTHERFORD PD            ,,0,0,0,0,P,B,N,N,1,2,NJ 3                                              ,E,3,,00000003__      ,6.4,2,,2,1,1,1,1,1,,,,,,,,55,,,,N,,56,10:45,120-04736
2014025614-19557               ,BERGEN      ,RUTHERFORD BORO         ,9/18/2014,TH,1748,1,RUTHERFORD PD            ,,0,0,0,0,P,I,N,N,1,2,NJ 3                                              ,E,3,,00000003__      ,6.2,2,4,2,1,1,1,1,1,,AT,,,T,NJ 17                    ,SB,45,,40.81178,74.10341,N,NONE                                                                            ,87,17:50,120N04737
2017025617-12566               ,BERGEN      ,RUTHERFORD BORO         ,7/6/2017,TH,1221,1,RUTHERFORD PD            ,,0,0,0,0,P,B,N,N,2,2,NJ 3                                              ,E,3,,00000003__      ,6.39,2,,2,1,1,5,5,1,,,,,F,NJ 17                    ,NB,55,,,,N,,87,12:20,120-04736
201302562013-008366            ,BERGEN      ,RUTHERFORD BORO         ,7/12/2013,F ,1302,1,RUTHERFORD PD            ,,0,0,0,0,P,B,N,N,2,2,NJ 3                                              ,E,3,,00000003__      ,5,2,1,2,1,1,1,2,2,,,,,,,,45,,,,N,,85,13:00,120N04738
2016025616-18827               ,BERGEN      ,RUTHERFORD BORO         ,9/1/2016,TH,949,1,RUTHERFORD PD            ,,0,0,0,0,P,B,N,N,11,1,NJ 3                                              ,E,3,,00000003__      ,6.5,2,5,1,2,1,2,1,1,,,E,,F,NJ 17                    ,SB,55,,,,N,,76,9:50,120-04736
2014025614-19907               ,BERGEN      ,RUTHERFORD BORO         ,9/23/2014,TU,735,1,RUTHERFORD PD            ,,0,0,0,0,P,B,N,N,1,2,NJ 3                                              ,E,3,,00000003__      ,6.2,2,1,2,1,1,1,1,1,,,N,,,,,55,,40.81178,74.10341,N,,89,7:35,120N04737
201302562013-008401            ,BERGEN      ,RUTHERFORD BORO         ,7/13/2013,SA,838,1,RUTHERFORD PD            ,,0,0,0,0,P,B,N,N,11,1,NJ 3                                              ,E,3,,00000003__      ,6.5,2,5,1,2,1,2,1,1,,,,,F,ROUTE 17                 ,SB,50,,,,N,,85,8:40,120-04736
2017025617-12617               ,BERGEN      ,RUTHERFORD BORO         ,7/7/2017,FR,1238,1,RUTHERFORD PD            ,,0,2,0,0,I,B,N,N,4,2,NJ 3                                              ,E,3,,00000003__      ,6.5,2,,2,2,1,1,1,1,,,,,F,NJ 17                    ,SB,55,,,,N,MINOR DAMAGE TO CONCRETE TRAFFIC BARRIER                                        ,91,12:40,120-04736
2018025618-13194               ,BERGEN      ,RUTHERFORD BORO         ,6/19/2018,TU,1856,1,RUTHERFORD PD            ,,0,0,0,0,P,B,N,N,2,2,NJ 3                                              ,E,3,,00000003__      ,6.2,2,,2,1,1,1,1,1,,,,,,,,55,,,,N,,69,18:55,120N04737
2017025617-12622               ,BERGEN      ,RUTHERFORD BORO         ,7/7/2017,FR,1421,1,RUTHERFORD PD            ,,0,0,0,0,P,B,N,N,2,2,NJ 3                                              ,E,3,,00000003__      ,6.5,2,,2,2,1,1,1,1,,,,,F,NJ 17                    ,SB,55,,,,N,,91,14:20,120-04736
2018025618-13274               ,BERGEN      ,RUTHERFORD BORO         ,6/21/2018,TH,759,1,RUTHERFORD PD            ,,0,0,0,0,P,B,N,N,1,2,NJ 3                                              ,E,3,,00000003__      ,6,2,,2,2,1,5,1,1,,,,,,,,55,,,,N,,97,8:00,120N04737
2018025618-13360               ,BERGEN      ,RUTHERFORD BORO         ,6/22/2018,FR,836,1,RUTHERFORD PD            ,,0,0,0,0,P,B,N,N,2,2,NJ 3                                              ,E,3,,00000003__      ,5.3,2,,2,1,1,1,1,2,,,,,,,,55,,,,N,,93,8:35,120-04737
201302562013-008451            ,BERGEN      ,RUTHERFORD BORO         ,7/14/2013,S ,723,1,RUTHERFORD PD            ,,0,0,0,0,P,B,N,N,11,1,NJ 3                                              ,E,3,,00000003__      ,,2,5,2,2,1,5,3,1,,,,,F,ROUTE 17                 ,SB,55,,,,N,,40,7:25,120-07448
201302562013-008452            ,BERGEN      ,RUTHERFORD BORO         ,7/14/2013,S ,742,1,RUTHERFORD PD            ,,0,0,0,0,P,B,N,N,11,1,NJ 3                                              ,E,3,,00000003__      ,4,2,5,2,2,1,5,3,1,,,,,F,17,SB,55,,,,N,,40,7:40,120N04740
2017025617-12739               ,BERGEN      ,RUTHERFORD BORO         ,7/9/2017,SU,1456,1,RUTHERFORD PD            ,,0,0,0,0,P,B,N,N,2,2,NJ 3                                              ,E,3,,00000003__      ,6,2,,2,1,1,1,1,1,,,,,,,,55,,,,N,,69,14:55,120N04737
2016025616-19251               ,BERGEN      ,RUTHERFORD BORO         ,9/6/2016,TU,2335,1,RUTHERFORD PD            ,,0,0,0,0,P,B,N,N,11,1,NJ 3                                              ,E,3,,00000003__      ,6.4,2,2,2,2,6,2,1,1,,,E,,,,,55,,,,N,,94,23:35,120-04736
2014025614-20069               ,BERGEN      ,RUTHERFORD BORO         ,9/25/2014,TH,1436,1,RUTHERFORD PD            ,,0,0,0,0,P,B,N,N,11,1,NJ 3                                              ,E,3,,00000003__      ,6.5,2,5,2,2,1,2,2,2,,,N,,T,NJ 17                    ,NB,45,,40.81031,74.09686,N,,85,14:35,120-04736
2015025615-27093               ,BERGEN      ,RUTHERFORD BORO         ,12/2/2015,W ,2200,1,RUTHERFORD PD            ,,0,0,0,0,P,B,N,N,11,1,NJ 3                                              ,E,3,,00000003__      ,6.5,2,5,2,2,6,2,5,1,,,E,,F,NJ 17                    ,SB,55,,,,N,,67,22:00,120-04736