CRASH_ID,CTY_NAME,MUN_NAME,DATE,DAY,TIME,POL_CODE,POL_DEPT,POL_STA,KILLED,INJURED,PED_KILL,PED_INJ,SEVERITY,INTERSEC,ALCOHOL,HAZMAT,CRASH_TYPE,VEH_COUNT,LOCATION,LOC_DIR,ROUTE,RT_SFX,SRI,MP,RD_SYS,RD_CHAR,RD_SURF,SURF_COND,LIGHT,WEATHER,RD_DIV,RD_WRKZN,X_DIST,DIST_UNT,X_DIR,X_NAME,IS_RAMP,RAMP_RT,RAMP_DIR,SPD_LMT,SPD_X,LAT,LONG,CELL_USE,PROP_DMG,BADGE,TIME_ROUND,TMC
2014025614-20454               ,BERGEN      ,RUTHERFORD BORO         ,9/30/2014,TU,810,1,RUTHERFORD PD            ,,0,0,0,0,P,I,N,N,2,2,NJ 3                                              ,E,3,,00000003__      ,6.5,2,1,2,1,1,1,1,1,,AT,E,NJ 17                              ,,,,55,,40.81031,74.09686,N,NONE                                                                            ,84,8:10,120-04736
2018025618-14065               ,BERGEN      ,RUTHERFORD BORO         ,7/2/2018,MO,823,1,RUTHERFORD PD            ,,0,0,0,0,P,B,N,N,1,2,NJ 3                                              ,E,3,,00000003__      ,6,2,,2,1,1,1,1,2,,,E,,,,,55,,,,N,,96,8:25,120N04737
201302562013-008580            ,BERGEN      ,RUTHERFORD BORO         ,7/17/2013,W ,851,1,RUTHERFORD PD            ,,0,0,0,0,P,B,N,N,1,2,NJ 3                                              ,E,3,,00000003__      ,5.4,2,1,2,1,1,1,1,2,,,,,,,,45,,,,N,,86,8:50,120-04737
2014025614-20788               ,BERGEN      ,RUTHERFORD BORO         ,10/4/2014,SA,941,1,RUTHERFORD PD            ,,0,1,0,0,I,B,N,N,11,1,NJ 3                                              ,E,3,,00000003__      ,,2,4,2,2,1,2,1,1,,,E,,,,,55,,,,N,,65,9:40,120-07448
201302562013-008600            ,BERGEN      ,RUTHERFORD BORO         ,7/17/2013,W ,1538,1,RUTHERFORD PD            ,,0,0,0,0,P,B,N,N,15,1,NJ 3                                              ,E,3,,00000003__      ,5.6,2,1,2,1,1,1,1,2,,,,,,,,45,,,,N,,56,15:40,120-04737
2015025615-27367               ,BERGEN      ,RUTHERFORD BORO         ,12/6/2015,S ,1003,1,RUTHERFORD PD            ,,0,2,0,0,I,B,N,N,2,2,NJ 3                                              ,E,3,,00000003__      ,6.2,2,1,2,1,1,1,1,1,,,E,,,,,55,,,,N,,95,10:05,120N04737
2014025614-20797               ,BERGEN      ,RUTHERFORD BORO         ,10/4/2014,SA,1108,1,RUTHERFORD PD            ,,0,1,0,0,I,B,N,N,11,1,NJ 3                                              ,E,3,,00000003__      ,6.8,2,4,2,2,1,2,1,1,,,N,,,,,55,,40.81095,74.08986,N,,65,11:10,120N04736
201302562013-008603            ,BERGEN      ,RUTHERFORD BORO         ,7/17/2013,W ,1607,1,RUTHERFORD PD            ,,0,0,0,0,P,B,N,N,15,1,NJ 3                                              ,E,3,,00000003__      ,5.6,2,1,2,1,1,1,1,2,,FE,E,,,,,45,,,,N,,87,16:05,120-04737
2017025617-13084               ,BERGEN      ,RUTHERFORD BORO         ,7/15/2017,SA,629,1,RUTHERFORD PD            ,,0,0,0,0,P,I,N,N,11,1,NJ 3                                              ,E,3,,00000003__      ,6.36,2,,2,2,1,5,1,1,,AT,,NJ 17                              ,,,,55,,,,N,EXTENSIVE DAMAGE TO GUARDRAIL                                                   ,89,6:30,120-04736
2014025614-20801               ,BERGEN      ,RUTHERFORD BORO         ,10/4/2014,SA,1213,1,RUTHERFORD PD            ,,0,1,0,0,I,B,N,N,10,1,NJ 3                                              ,E,3,,00000003__      ,6.4,2,4,2,2,1,2,1,1,,,N,,,,,55,,40.81044,74.09915,N,,65,12:15,120-04736
2017025617-13090               ,BERGEN      ,RUTHERFORD BORO         ,7/15/2017,SA,1018,1,RUTHERFORD PD            ,,0,0,0,0,P,B,N,N,1,2,NJ 3                                              ,E,3,,00000003__      ,5,2,,2,1,1,1,1,1,,,,,,,,55,,,,N,,87,10:20,120N04738
201302562013-008604            ,BERGEN      ,RUTHERFORD BORO         ,7/17/2013,W ,1538,1,RUTHERFORD PD            ,,0,0,0,0,P,B,N,N,15,1,NJ 3                                              ,E,3,,00000003__      ,5.6,2,1,2,1,1,1,1,2,,,E,,,,,45,,,,N,,87,15:40,120-04737
2014025614-20983               ,BERGEN      ,RUTHERFORD BORO         ,10/6/2014,M ,1717,1,RUTHERFORD PD            ,,0,0,0,0,P,I,N,N,1,3,NJ 3                                              ,E,3,,00000003__      ,6.5,2,5,2,1,1,1,1,1,,AT,E,NJ 17                              ,,,,40,,40.81031,74.09686,N,,53,17:15,120-04736
201302562013-008607            ,BERGEN      ,RUTHERFORD BORO         ,7/17/2013,W ,1616,1,RUTHERFORD PD            ,,0,0,0,0,P,B,N,N,15,1,NJ 3                                              ,E,3,,00000003__      ,5.6,2,1,2,1,1,1,1,2,,,,,,,,45,,,,N,,56,16:15,120-04737
2014025614-21525               ,BERGEN      ,RUTHERFORD BORO         ,10/14/2014,TU,1355,1,RUTHERFORD PD            ,,0,0,0,0,P,I,N,N,11,1,NJ 3                                              ,E,3,,00000003__      ,6.36,2,4,2,1,1,1,1,1,,AT,E,NJ 17                              ,,,,55,,40.81059,74.10006,N,NJ DOT SIGN                                                                     ,,13:55,120-04736
2016025616-20125               ,BERGEN      ,RUTHERFORD BORO         ,9/19/2016,M ,751,1,RUTHERFORD PD            ,,0,0,0,0,P,B,N,N,1,2,NJ 3                                              ,E,3,,00000003__      ,5.2,2,2,2,2,1,2,1,1,,,E,,,,,55,,,,N,,85,7:50,120N04738
201302562013-008608            ,BERGEN      ,RUTHERFORD BORO         ,7/17/2013,W ,1538,1,RUTHERFORD PD            ,,0,0,0,0,P,B,N,N,15,1,NJ 3                                              ,E,3,,00000003__      ,5.6,2,2,2,1,1,1,1,2,,,,,,,,45,,,,N,,62,15:40,120-04737
201302562013-008609            ,BERGEN      ,RUTHERFORD BORO         ,7/17/2013,W ,1538,1,RUTHERFORD PD            ,,0,0,0,0,P,B,N,N,15,1,NJ 3                                              ,E,3,,00000003__      ,5.6,2,2,2,1,1,1,1,2,,,,,,,,45,,,,N,,62,15:40,120-04737
2016025616-20380               ,BERGEN      ,RUTHERFORD BORO         ,10/27/2016,TH,2235,1,RUTHERFORD PD            ,,0,0,0,0,P,B,N,N,11,1,NJ 3                                              ,E,3,,00000003__      ,6.4,2,5,2,2,6,2,2,1,,,E,,T,NJ 17                    ,NB,55,,,,N,,85,22:35,120-04736
201302562013-008613            ,BERGEN      ,RUTHERFORD BORO         ,7/17/2013,W ,1703,1,RUTHERFORD PD            ,,0,0,0,0,P,B,N,N,2,2,NJ 3                                              ,E,3,,00000003__      ,6.5,2,5,1,1,1,1,1,1,,,E,,F,ROUTE 17                 ,NB,55,,,,N,,87,17:05,120-04736
2017025617-13256               ,BERGEN      ,RUTHERFORD BORO         ,7/18/2017,TU,845,1,RUTHERFORD PD            ,,0,2,0,0,I,B,N,N,1,4,NJ 3                                              ,E,3,,00000003__      ,6.7,2,,2,1,1,1,1,1,,,,,,,,55,,,,N,,88,8:45,120N04736
2018025618-14921               ,BERGEN      ,RUTHERFORD BORO         ,7/14/2018,SA,1131,1,RUTHERFORD PD            ,,0,1,0,0,I,B,N,N,2,2,NJ 3                                              ,E,3,,00000003__      ,5.7,2,,2,1,1,1,1,2,,,,,,,,55,,,,N,,97,11:30,120-04737
2014025614-21971               ,BERGEN      ,RUTHERFORD BORO         ,10/20/2014,M ,712,1,RUTHERFORD PD            ,,0,0,0,0,P,B,N,N,1,2,NJ 3                                              ,E,3,,00000003__      ,5.8,2,1,2,1,1,1,1,1,,,N,,,,,55,,40.81521,74.11094,N,NONE                                                                            ,76,7:10,120N04737
2014025614-21981               ,BERGEN      ,RUTHERFORD BORO         ,10/20/2014,M ,845,1,RUTHERFORD PD            ,,0,0,0,0,P,B,N,N,1,2,NJ 3                                              ,E,3,,00000003__      ,5,2,3,2,1,1,1,1,1,,,,,T,RUTHERFORD AVE           ,EB,55,,40.82242,74.12299,N,,56,8:45,120N04738
2015025615-27839               ,BERGEN      ,RUTHERFORD BORO         ,12/12/2015,SA,1503,1,RUTHERFORD PD            ,,0,0,0,0,P,B,N,N,11,1,NJ 3                                              ,E,3,,00000003__      ,5.2,2,1,2,1,1,1,1,1,,,E,,,,,55,,,,N,,90,15:05,120N04738
2017025617-13414               ,BERGEN      ,RUTHERFORD BORO         ,7/20/2017,TH,813,1,RUTHERFORD PD            ,,0,1,0,0,I,B,N,N,2,3,NJ 3                                              ,E,3,,00000003__      ,6.4,2,,2,1,1,1,1,1,,,,,,,,55,,,,N,,90,8:15,120-04736
2016025616-20487               ,BERGEN      ,RUTHERFORD BORO         ,9/23/2016,F ,1223,1,RUTHERFORD PD            ,,0,1,0,0,I,B,N,N,1,2,NJ 3                                              ,E,3,,00000003__      ,6.7,2,2,2,1,1,1,1,1,,,E,,,,,55,,,,N,,66,12:25,120N04736
2017025617-13420               ,BERGEN      ,RUTHERFORD BORO         ,7/20/2017,TH,813,1,RUTHERFORD PD            ,,0,0,0,0,P,B,N,N,3,2,NJ 3                                              ,E,3,,00000003__      ,6.1,2,,2,1,1,1,1,1,,,,,,,,55,,,,N,,90,8:15,120N04737
2016025616-20497               ,BERGEN      ,RUTHERFORD BORO         ,9/23/2016,F ,1307,1,RUTHERFORD PD            ,,0,0,0,0,P,B,N,N,2,2,NJ 3                                              ,E,3,,00000003__      ,,2,1,2,1,1,1,2,1,,,,,F,NJ 17                    ,NB,55,,,,N,,87,13:05,120-07448
2014025614-22545               ,BERGEN      ,RUTHERFORD BORO         ,10/27/2014,M ,1154,1,RUTHERFORD PD            ,,0,1,0,0,I,B,N,N,11,2,NJ 3                                              ,E,3,,00000003__      ,5.5,2,1,2,1,1,1,1,4,,,,,,,,55,,40.81781,74.11557,N,,83,11:55,120-04737
2016025616-20529               ,BERGEN      ,RUTHERFORD BORO         ,9/23/2016,F ,1955,1,RUTHERFORD PD            ,,0,0,0,0,P,B,N,N,1,2,NJ 3                                              ,E,3,,00000003__      ,,2,5,2,1,6,1,2,1,,,E,,F,NJ 17                    ,NB,55,,,,N,,40,19:55,120-07448
2014025614-22645               ,BERGEN      ,RUTHERFORD BORO         ,10/28/2014,TU,1849,1,RUTHERFORD PD            ,,0,0,0,0,P,I,N,N,1,2,NJ 3                                              ,E,3,,00000003__      ,6.5,2,5,2,1,6,1,2,1,,AT,,,F,NJ 17                    ,NB,40,,40.81031,74.09686,N,,85,18:50,120-04736
2015025615-28020               ,BERGEN      ,RUTHERFORD BORO         ,12/14/2015,M ,1800,1,RUTHERFORD PD            ,,0,0,0,0,P,B,N,N,2,2,NJ 3                                              ,E,3,,00000003__      ,0,2,4,2,2,6,2,5,1,500,FE,E,VETERANS BLVD                      ,,,,40,25,,,N,,95,18:00,120-07448
2017025617-13828               ,BERGEN      ,RUTHERFORD BORO         ,7/26/2017,WE,644,1,RUTHERFORD PD            ,,0,0,0,0,P,B,N,N,1,3,NJ 3                                              ,E,3,,00000003__      ,6.5,2,,2,1,1,1,1,1,,,N,,F,NJ 17                    ,SB,55,,,,N,,36,6:45,120-04736
2017025617-13901               ,BERGEN      ,RUTHERFORD BORO         ,7/27/2017,TH,931,1,RUTHERFORD PD            ,,0,0,0,0,P,I,N,N,1,2,NJ 3                                              ,E,3,,00000003__      ,5,2,,2,1,1,1,1,1,,AT,,,,,,55,,,,N,,62,9:30,120N04738
2016025616-20787               ,BERGEN      ,RUTHERFORD BORO         ,9/27/2016,TU,647,1,RUTHERFORD PD            ,,0,0,0,0,P,B,N,N,1,2,NJ 3                                              ,E,3,,00000003__      ,6,2,1,2,2,2,2,1,1,,,W,,,,,55,,,,N,,91,6:45,120N04737
2014025614-23052               ,BERGEN      ,RUTHERFORD BORO         ,11/3/2014,M ,119,1,RUTHERFORD PD            ,,0,0,0,0,P,B,Y,N,1,2,NJ 3                                              ,E,3,,00000003__      ,6.7,2,2,1,1,6,1,1,1,,,N,,,,,55,,40.81074,74.09222,N,,77,1:20,120N04736
2018025618-15431               ,BERGEN      ,RUTHERFORD BORO         ,7/22/2018,SU,18,1,RUTHERFORD PD            ,,0,1,0,0,I,B,N,N,11,1,NJ 3                                              ,E,3,,00000003__      ,6.8,2,,2,2,6,2,1,1,,,,,,,,55,,,,N,GUARD RAIL LOCATED IN RIGHT SHOULDER                                            ,96,1:20,120N04736
2016025616-20823               ,BERGEN      ,RUTHERFORD BORO         ,9/27/2016,TU,1551,1,RUTHERFORD PD            ,,0,0,0,0,P,B,N,N,2,2,NJ 3                                              ,E,3,,00000003__      ,6,2,1,2,1,1,1,1,1,,,,,,,,55,,,,N,,67,15:50,120N04737
2017025617-14045               ,BERGEN      ,RUTHERFORD BORO         ,7/29/2017,SA,1314,1,RUTHERFORD PD            ,,0,0,0,0,P,B,N,N,1,2,NJ 3                                              ,E,3,,00000003__      ,6.02,2,,2,1,1,1,5,1,500,FE,E,ORIENT WAY                         ,,,,40,,,,N,,97,13:15,120N04737
2018025618-15661               ,BERGEN      ,RUTHERFORD BORO         ,7/25/2018,WE,1230,1,RUTHERFORD PD            ,,0,0,0,0,P,B,N,N,1,2,NJ 3                                              ,E,3,,00000003__      ,5,2,,1,2,1,2,1,1,,,,,,,,55,,,,N,,98,12:30,120N04738
2015025615-28270               ,BERGEN      ,RUTHERFORD BORO         ,12/17/2015,TH,2001,1,RUTHERFORD PD            ,,0,1,0,0,I,B,N,N,1,2,NJ 3                                              ,E,3,,00000003__      ,6.2,2,2,2,2,6,2,1,5,,,E,,,,,55,,,,N,,88,20:00,120N04737
201302562013-009078            ,BERGEN      ,RUTHERFORD BORO         ,7/27/2013,SA,1835,1,RUTHERFORD PD            ,,0,1,0,0,I,B,N,N,10,1,NJ 3                                              ,E,3,,00000003__      ,6.4,2,2,2,1,1,1,1,1,,,,,,,,55,,,,N,,40,18:35,120-04736
201302562013-009130            ,BERGEN      ,RUTHERFORD BORO         ,7/29/2013,M ,420,1,RUTHERFORD PD            ,,0,0,0,0,P,B,N,N,11,1,NJ 3                                              ,E,3,,00000003__      ,6.5,2,4,1,2,7,1,1,1,,,,,F,ROUTE 17                 ,SB,55,,,,N,,83,4:20,120-04736
2015025615-28277               ,BERGEN      ,RUTHERFORD BORO         ,12/17/2015,TH,2301,1,RUTHERFORD PD            ,,0,0,0,0,P,B,N,N,11,1,NJ 3                                              ,E,3,,00000003__      ,6.5,2,5,1,2,6,2,2,1,,,E,,F,ROUTE 17                 ,SB,55,,,,N,,92,23:00,120-04736
2014025614-23592               ,BERGEN      ,RUTHERFORD BORO         ,11/10/2014,M ,652,1,RUTHERFORD PD            ,,0,0,0,0,P,B,N,N,11,1,NJ 3                                              ,E,3,,00000003__      ,6.5,2,1,2,1,1,1,1,1,,,N,,,,,55,,40.81031,74.09686,N,,85,6:50,120-04736
2016025616-20956               ,BERGEN      ,RUTHERFORD BORO         ,9/29/2016,TH,1150,1,RUTHERFORD PD            ,,0,0,0,0,P,B,N,N,2,2,NJ 3                                              ,E,3,,00000003__      ,6.5,2,1,2,1,1,5,2,1,,,,,F,NJ 17                    ,SB,40,,,,N,,87,11:50,120-04736
2014025614-23594               ,BERGEN      ,RUTHERFORD BORO         ,11/10/2014,M ,753,1,RUTHERFORD PD            ,,0,1,0,0,I,B,N,N,1,2,NJ 3                                              ,E,3,,00000003__      ,6.2,2,1,2,1,1,1,2,1,,,E,,,,,55,,40.81178,74.10341,N,,85,7:55,120N04737
201302562013-009230            ,BERGEN      ,RUTHERFORD BORO         ,7/31/2013,W ,549,1,RUTHERFORD PD            ,,0,0,0,0,P,B,N,N,2,2,NJ 3                                              ,E,3,,00000003__      ,6.5,2,6,2,1,1,1,1,1,,,,,F,ROUTE 17                 ,SB,55,,,,N,,65,5:50,120-04736
2015025615-28336               ,BERGEN      ,RUTHERFORD BORO         ,12/18/2015,F ,1748,1,RUTHERFORD PD            ,,0,0,0,0,P,B,N,N,1,2,NJ 3                                              ,E,3,,00000003__      ,6.8,2,2,2,1,6,1,1,1,,,E,,,,,55,,,,N,,94,17:50,120N04736
2017025617-14968               ,BERGEN      ,RUTHERFORD BORO         ,8/11/2017,FR,1837,1,RUTHERFORD PD            ,,0,1,0,0,I,B,N,N,1,3,NJ 3                                              ,E,3,,00000003__      ,6.5,2,,2,1,1,1,1,1,,,,,F,NJ 17                    ,SB,55,,,,N,,89,18:35,120-04736
201302562013-009234            ,BERGEN      ,RUTHERFORD BORO         ,7/31/2013,W ,714,1,RUTHERFORD PD            ,,0,0,0,0,P,B,N,N,1,2,NJ 3                                              ,E,3,,00000003__      ,6.8,2,1,2,1,1,1,1,2,,,,,,,,45,,,,N,NONE                                                                            ,43,7:15,120N04736
2015025615-28357               ,BERGEN      ,RUTHERFORD BORO         ,12/18/2015,F ,2102,1,RUTHERFORD PD            ,,0,4,0,0,I,B,N,N,1,2,NJ 3                                              ,E,3,,00000003__      ,6.1,2,1,2,1,6,1,1,1,,,,,,,,55,,,,N,,56,21:00,120N04737
2014025614-23929               ,BERGEN      ,RUTHERFORD BORO         ,11/14/2014,F ,1215,1,RUTHERFORD PD            ,,0,2,0,0,I,B,N,N,2,2,NJ 3                                              ,E,3,,00000003__      ,6.2,2,1,2,1,1,1,1,1,,,,,,,,55,,40.81178,74.10341,N,,85,12:15,120N04737
2016025616-21107               ,BERGEN      ,RUTHERFORD BORO         ,9/30/2016,F ,2214,1,RUTHERFORD PD            ,,0,0,0,0,P,B,N,N,11,1,NJ 3                                              ,E,3,,00000003__      ,5.4,2,4,2,2,6,2,1,1,,,E,,T,NJ 17                    ,NB,55,,,,N,,93,22:15,120-04737
201302562013-009339            ,BERGEN      ,RUTHERFORD BORO         ,8/2/2013,F ,1151,1,RUTHERFORD PD            ,,0,0,0,0,P,B,N,N,10,1,NJ 3                                              ,E,3,,00000003__      ,6.2,2,5,2,1,1,1,5,1,,,,,T,NJ 17                    ,NB,45,,,,N,,87,11:50,120N04737
2015025615-28402               ,BERGEN      ,RUTHERFORD BORO         ,12/19/2015,SA,1232,1,RUTHERFORD PD            ,,0,4,0,0,I,B,N,N,11,1,NJ 3                                              ,E,3,,00000003__      ,6.4,2,1,2,1,1,1,1,1,,,E,,,,,55,,,,N,,93,12:30,120-04736
2017025617-15230               ,BERGEN      ,RUTHERFORD BORO         ,8/15/2017,TU,1558,1,RUTHERFORD PD            ,,0,0,0,0,P,B,N,N,11,1,NJ 3                                              ,E,3,,00000003__      ,6.4,2,,2,2,1,2,3,1,,,,,T,NJ 17                    ,NB,55,,,,N,,67,16:00,120-04736
201302562013-009363            ,BERGEN      ,RUTHERFORD BORO         ,8/2/2013,F ,2304,1,RUTHERFORD PD            ,,0,1,0,0,I,B,N,N,11,1,NJ 3                                              ,E,3,,00000003__      ,6.5,2,5,1,1,6,1,5,1,,,,,F,ROUTE 17                 ,SB,55,,,,N,,63,23:05,120-04736
201302562013-009388            ,BERGEN      ,RUTHERFORD BORO         ,8/3/2013,SA,1740,1,RUTHERFORD PD            ,,0,1,0,0,I,B,N,N,10,1,NJ 3                                              ,E,3,,00000003__      ,6.5,2,1,2,1,1,1,1,1,,,,,F,ROUTE 17                 ,SB,55,,,,N,,56,17:40,120-04736
2015025615-28594               ,BERGEN      ,RUTHERFORD BORO         ,12/22/2015,TU,923,1,RUTHERFORD PD            ,,0,1,0,0,I,B,N,N,10,1,NJ 3                                              ,E,3,,00000003__      ,6.5,2,4,2,2,1,2,1,1,,,,,F,NJ 17                    ,SB,40,,,,N,,90,9:25,120-04736
2016025616-21536               ,BERGEN      ,RUTHERFORD BORO         ,10/7/2016,F ,1021,1,RUTHERFORD PD            ,,0,0,0,0,P,B,N,N,2,2,NJ 3                                              ,E,3,,00000003__      ,6.5,2,1,2,1,1,1,1,1,,,E,,,,,55,,,,N,,85,10:20,120-04736
2015025615-28616               ,BERGEN      ,RUTHERFORD BORO         ,12/22/2015,TU,1344,1,RUTHERFORD PD            ,,0,1,0,0,I,B,N,N,11,1,NJ 3                                              ,E,3,,00000003__      ,6.5,2,5,2,2,1,2,5,1,,,E,,F,NJ 17                    ,SB,40,,,,N,,67,13:45,120-04736
2014025614-24171               ,BERGEN      ,RUTHERFORD BORO         ,11/18/2014,TU,1058,1,RUTHERFORD PD            ,,0,0,0,0,P,I,N,N,11,1,NJ 3                                              ,E,3,,00000003__      ,6,2,1,2,1,1,1,1,1,,AT,N,,,,,55,,40.81357,74.10742,N,,69,11:00,120N04737
2016025616-21624               ,BERGEN      ,RUTHERFORD BORO         ,10/8/2016,SA,1628,1,RUTHERFORD PD            ,,0,0,0,0,P,B,N,N,11,1,NJ 3                                              ,E,3,,00000003__      ,6.3,2,5,2,2,1,2,1,1,,,N,,F,NJU 17                   ,SB,40,,,,N,,94,16:30,120-04736
201302562013-009510            ,BERGEN      ,RUTHERFORD BORO         ,8/6/2013,TU,938,1,RUTHERFORD PD            ,,0,0,0,0,P,B,N,N,2,2,NJ 3                                              ,E,3,,00000003__      ,6.8,2,2,1,1,1,1,1,1,,,,,,,,55,,,,N,,87,9:40,120N04736
201302562013-009800            ,BERGEN      ,RUTHERFORD BORO         ,8/12/2013,M ,831,1,RUTHERFORD PD            ,,0,1,0,0,I,B,N,N,10,1,NJ 3                                              ,E,3,,00000003__      ,6.2,2,5,2,2,1,1,3,1,,,,,T,NJ 17                    ,NB,55,,,,N,,52,8:30,120N04737
2016025616-21661               ,BERGEN      ,RUTHERFORD BORO         ,10/9/2016,S ,719,1,RUTHERFORD PD            ,,0,0,0,0,P,B,N,N,11,1,NJ 3                                              ,E,3,,00000003__      ,6.3,2,6,2,2,1,2,5,1,,,,,F,NJ 17                    ,SB,40,,,,N,,95,7:20,120-04736
2014025614-24300               ,BERGEN      ,RUTHERFORD BORO         ,11/19/2014,W ,1923,1,RUTHERFORD PD            ,,0,0,0,0,P,I,N,N,12,1,NJ 3                                              ,E,3,,00000003__      ,6.4,2,1,2,1,6,1,1,1,,AT,E,,,,,55,,40.81044,74.09915,N,,89,19:25,120-04736
2016025616-21663               ,BERGEN      ,RUTHERFORD BORO         ,10/9/2016,S ,726,1,RUTHERFORD PD            ,,0,0,0,0,P,B,N,N,2,2,NJ 3                                              ,E,3,,00000003__      ,6.4,2,6,2,2,1,2,5,1,,,E,,F,NJ 17                    ,SB,40,,,,N,,95,7:25,120-04736
2014025614-24403               ,BERGEN      ,RUTHERFORD BORO         ,11/21/2014,F ,537,1,RUTHERFORD PD            ,,0,0,0,0,P,B,N,N,11,1,NJ 3                                              ,E,3,,00000003__      ,6.5,2,5,2,1,6,1,1,1,,,,,F,NJ 17                    ,SB,55,,40.81031,74.09686,N,NONE                                                                            ,56,5:35,120-04736
2017025617-15923               ,BERGEN      ,RUTHERFORD BORO         ,8/26/2017,SA,1246,1,RUTHERFORD PD            ,,0,1,0,0,I,B,N,N,1,2,NJ 3                                              ,E,3,,00000003__      ,6.7,2,,1,1,1,1,1,1,,,,,,,,55,,,,N,,94,12:45,120N04736
20150256ER-15-10725            ,BERGEN      ,RUTHERFORD BORO         ,11/12/2015,TH,0,1,EAST RUTHERFORD PD       ,,0,0,0,0,P,B,N,N,1,2,NJ 3                                              ,E,3,,00000003__      ,6.85,2,1,1,2,7,2,1,1,,,,,,,,55,,,,N,,145,0:00,120N04736
2018025618-16351               ,BERGEN      ,RUTHERFORD BORO         ,8/4/2018,SA,1140,1,RUTHERFORD PD            ,,0,0,0,0,P,B,N,N,11,1,NJ 3                                              ,E,3,,00000003__      ,,2,,1,2,1,2,1,1,,,,,F,NJ 17                    ,SB,55,,,,N,,98,11:40,120-07448
2014025614-24618               ,BERGEN      ,RUTHERFORD BORO         ,11/24/2014,M ,621,1,RUTHERFORD PD            ,,0,0,0,0,P,B,N,N,1,2,NJ 3                                              ,E,3,,00000003__      ,5.6,2,3,2,2,6,2,1,1,,,,,F,NJ 17                    ,NB,55,,,,N,,84,6:20,120-04737
2016025616-21676               ,BERGEN      ,RUTHERFORD BORO         ,10/9/2016,S ,1030,1,RUTHERFORD PD            ,,0,0,0,0,P,B,N,N,11,1,NJ 3                                              ,E,3,,00000003__      ,6.6,2,5,2,2,1,2,1,1,,,E,,F,ROUTE 17                 ,SB,55,,,,N,,89,10:30,120-04736
2015090815-001773              ,HUDSON      ,NORTH BERGEN TWP        ,2/6/2015,F ,1805,1,SECAUCUS PD              ,HEADQUARTERS   ,0,0,0,0,P,B,N,N,1,3,NJ 3                                              ,E,3,,00000003__      ,10.5,2,1,2,1,5,1,1,1,,,,,,,,55,,,,N,NONE                                                                            ,155,18:05,120N13767
2014025614-24631               ,BERGEN      ,RUTHERFORD BORO         ,11/24/2014,M ,1011,1,RUTHERFORD PD            ,,0,0,0,0,P,B,N,N,11,1,NJ 3                                              ,E,3,,00000003__      ,6.1,2,6,2,2,1,1,3,1,,,E,,F,NJ 17                    ,SB,40,,,,N,,84,10:10,120N04737
2015090815-008262              ,HUDSON      ,NORTH BERGEN TWP        ,4/6/2015,M ,1245,3,HUDSON CO SHERIFFS DEPT  ,PATROL         ,0,0,0,0,P,B,N,N,6,2,NJ 3                                              ,E,3,,00000003__      ,,2,1,2,1,1,1,1,1,,,,,,,,35,,,,Y,,I-12 ,12:45,120-07448
2016025616-21945               ,BERGEN      ,RUTHERFORD BORO         ,10/12/2016,W ,2202,1,RUTHERFORD PD            ,,0,1,0,0,I,B,N,N,1,2,NJ 3                                              ,E,3,,00000003__      ,5.6,2,1,2,1,6,1,1,1,,,E,,,,,55,,,,N,,89,22:00,120-04737
2015090815-016991              ,HUDSON      ,NORTH BERGEN TWP        ,11/13/2015,F ,802,1,SECAUCUS PD              ,SPD            ,0,0,0,0,P,B,N,N,1,3,NJ 3                                              ,E,3,,00000003__      ,10.4,2,1,2,1,1,1,1,1,300,FE,W,NJ 495                             ,,,,50,,,,N,NONE                                                                            ,167,8:00,120N13767
2017025617-16127               ,BERGEN      ,RUTHERFORD BORO         ,8/30/2017,WE,721,1,RUTHERFORD PD            ,,0,0,0,0,P,B,N,N,1,2,NJ 3                                              ,E,3,,00000003__      ,6.5,2,,2,1,1,1,1,1,,,,,,,,55,,,,N,,56,7:20,120-04736
2014025614-24957               ,BERGEN      ,RUTHERFORD BORO         ,11/28/2014,F ,2312,1,RUTHERFORD PD            ,,0,1,0,0,I,B,Y,N,1,2,NJ 3                                              ,E,3,,00000003__      ,6.2,2,2,2,1,6,1,1,1,,,,,,,,55,,40.81178,74.10341,N,,86,23:10,120N04737
2014025614-24963               ,BERGEN      ,RUTHERFORD BORO         ,11/28/2014,F ,2323,1,RUTHERFORD PD            ,,0,0,0,0,P,B,N,N,1,2,NJ 3                                              ,E,3,,00000003__      ,5.7,2,2,2,1,6,1,1,1,,,E,,,,,55,,40.81606,74.1125,N,,88,23:25,120-04737
2014025614-25087               ,BERGEN      ,RUTHERFORD BORO         ,11/30/2014,S ,1917,1,RUTHERFORD PD            ,,0,0,0,0,P,I,N,N,1,2,NJ 3                                              ,E,3,,00000003__      ,6.39,2,4,2,1,5,1,2,1,,AT,E,NJ 17 RAMP                         ,,,,55,,40.81047,74.09937,N,,88,19:15,120-04736
2016025616-22677               ,BERGEN      ,RUTHERFORD BORO         ,10/23/2016,S ,352,1,RUTHERFORD PD            ,,0,1,0,0,I,B,N,N,11,1,NJ 3                                              ,E,3,,00000003__      ,5,2,1,2,1,6,1,1,1,,,E,,,,,55,,,,N,,89,3:50,120N04738
2014025614-25281               ,BERGEN      ,RUTHERFORD BORO         ,12/3/2014,W ,808,1,RUTHERFORD PD            ,,0,0,0,0,P,B,N,N,2,2,NJ 3                                              ,E,3,,00000003__      ,6.8,2,2,2,2,1,1,1,1,,,,,,,,55,,40.81095,74.08986,N,,65,8:10,120N04736
2014025614-25538               ,BERGEN      ,RUTHERFORD BORO         ,12/6/2014,SA,127,1,RUTHERFORD PD            ,,0,1,0,0,I,I,N,N,11,1,NJ 3                                              ,E,3,,00000003__      ,6.5,2,5,2,2,6,2,1,1,,AT,,,F,NJ 17                    ,SB,55,,40.81031,74.09686,N,,56,1:25,120-04736
2.02E+15,HUDSON      ,NORTH BERGEN TWP        ,1/18/2015,S ,2116,1,NORTH BERGEN PD          ,,0,0,0,0,P,B,N,N,11,1,NJ 3                                              ,E,3,,00000003__      ,0,2,4,2,6,6,2,2,1,,,E,RAMP E                             ,,,,50,50,,,N,,,21:15,120-07448
2016025616-22824               ,BERGEN      ,RUTHERFORD BORO         ,10/25/2016,TU,707,1,RUTHERFORD PD            ,,0,1,0,0,I,B,N,N,1,2,NJ 3                                              ,E,3,,00000003__      ,6.2,2,1,2,1,1,1,1,1,,,E,,,,,55,,,,N,,62,7:05,120N04737