CRASH_ID,CTY_NAME,MUN_NAME,DATE,DAY,TIME,POL_CODE,POL_DEPT,POL_STA,KILLED,INJURED,PED_KILL,PED_INJ,SEVERITY,INTERSEC,ALCOHOL,HAZMAT,CRASH_TYPE,VEH_COUNT,LOCATION,LOC_DIR,ROUTE,RT_SFX,SRI,MP,RD_SYS,RD_CHAR,RD_SURF,SURF_COND,LIGHT,WEATHER,RD_DIV,RD_WRKZN,X_DIST,DIST_UNT,X_DIR,X_NAME,IS_RAMP,RAMP_RT,RAMP_DIR,SPD_LMT,SPD_X,LAT,LONG,CELL_USE,PROP_DMG,BADGE,TIME_ROUND,TMC
2.02E+15,HUDSON      ,NORTH BERGEN TWP        ,2/2/2015,M ,607,1,NORTH BERGEN PD          ,,0,0,0,0,P,B,N,N,2,2,NJ 3                                              ,E,3,,00000003__      ,,2,1,2,4,5,3,1,1,,,,,,,,40,,,,N,,,6:05,120-07448
2018025618-17152               ,BERGEN      ,RUTHERFORD BORO         ,8/15/2018,WE,2153,1,RUTHERFORD PD            ,,0,0,0,0,P,B,N,N,2,2,NJ 3                                              ,E,3,,00000003__      ,6.4,2,,2,1,6,1,1,1,,,,,,,,55,,,,N,,95,21:55,120-04736
201302562013-010629            ,BERGEN      ,RUTHERFORD BORO         ,8/29/2013,TH,1914,1,RUTHERFORD PD            ,,0,0,0,0,P,B,N,N,2,2,NJ 3                                              ,E,3,,00000003__      ,6.8,2,2,2,1,1,1,1,1,,,,,,,,55,,,,N,,85,19:15,120N04736
201302562013-010841            ,BERGEN      ,RUTHERFORD BORO         ,9/3/2013,TU,1600,1,RUTHERFORD PD            ,,0,0,0,0,P,B,N,N,11,1,NJ 3                                              ,E,3,,00000003__      ,4.95,2,5,2,1,1,1,1,1,,,,,T,ROUTE 17                 ,NB,55,,,,N,GRASS ALONG THE RAMP OF ROUTE 17 NORTH                                          ,84,16:00,120-04738
201302562013-010874            ,BERGEN      ,RUTHERFORD BORO         ,9/4/2013,W ,732,1,RUTHERFORD PD            ,,0,1,0,0,I,B,N,N,1,2,NJ 3                                              ,E,3,,00000003__      ,6,2,1,2,1,1,1,1,1,,,,,,,,45,,,,N,,50,7:30,120N04737
2018025618-17228               ,BERGEN      ,RUTHERFORD BORO         ,8/16/2018,TH,2255,1,RUTHERFORD PD            ,,0,0,0,0,P,B,N,N,1,2,NJ 3                                              ,E,3,,00000003__      ,5.94,2,,2,1,6,1,5,1,50,FE,E,ORIENT WAY                         ,,,,40,35,,,N,,95,22:55,120N04737
2017025617-17003               ,BERGEN      ,RUTHERFORD BORO         ,9/13/2017,WE,1813,1,RUTHERFORD PD            ,,0,0,0,0,P,B,N,N,1,2,NJ 3                                              ,E,3,,00000003__      ,6.01,2,,2,1,1,5,5,1,400,FE,E,ORIENT WAY                         ,,,,40,,,,N,,95,18:15,120N04737
2016025616-23058               ,BERGEN      ,RUTHERFORD BORO         ,10/27/2016,TH,1627,1,RUTHERFORD PD            ,,0,0,0,0,P,B,N,N,11,1,NJ 3                                              ,E,3,,00000003__      ,6.5,2,5,1,2,5,2,1,1,,,N,,F,NJ 17                    ,SB,55,,,,N,,76,16:25,120-04736
201302562013-011088            ,BERGEN      ,RUTHERFORD BORO         ,9/9/2013,M ,713,1,RUTHERFORD PD            ,,0,0,0,0,P,B,N,N,1,2,NJ 3                                              ,E,3,,00000003__      ,6.7,2,1,2,1,1,1,1,1,,,,,,,,55,,,,N,NONE                                                                            ,43,7:15,120N04736
2.02E+14,HUDSON      ,NORTH BERGEN TWP        ,3/30/2015,M ,810,1,NORTH BERGEN PD          ,,0,0,0,0,P,B,N,N,1,2,NJ 3                                              ,E,3,,00000003__      ,,2,4,2,1,1,1,5,1,,,,,,,,25,,,,N,NONE                                                                            ,,8:10,120-07448
2017025617-17024               ,BERGEN      ,RUTHERFORD BORO         ,9/14/2017,TH,816,1,RUTHERFORD PD            ,,0,0,0,0,P,B,N,N,1,3,NJ 3                                              ,E,3,,00000003__      ,6.2,2,,2,1,1,5,1,1,,,E,,,,,55,,,,N,,90,8:15,120N04737
201302562013-011112            ,BERGEN      ,RUTHERFORD BORO         ,9/9/2013,M ,1610,1,RUTHERFORD PD            ,,0,0,0,0,P,B,N,N,1,2,NJ 3                                              ,E,3,,00000003__      ,6.5,2,5,2,1,1,1,2,1,,,,,F,ROUTE 17                 ,NB,55,,,,N,,85,16:10,120-04736
2018025618-17629               ,BERGEN      ,RUTHERFORD BORO         ,8/23/2018,TH,2358,1,RUTHERFORD PD            ,,0,1,0,0,I,B,N,N,1,3,NJ 3                                              ,E,3,,00000003__      ,5.3,2,,2,1,6,1,1,2,,,,,,,,55,,,,N,,,0:00,120-04737
201302562013-011143            ,BERGEN      ,RUTHERFORD BORO         ,9/10/2013,TU,1004,1,RUTHERFORD PD            ,,0,1,0,0,I,B,N,N,11,3,NJ 3                                              ,E,3,,00000003__      ,5.7,2,2,2,1,1,1,1,2,,,,,,,,45,,,,N,PSEG GAS MAIN  DOT RIDGE ROAD OVERPASS  VF FORKLIFT                             ,40,10:05,120-04737
2017025617-17084               ,BERGEN      ,RUTHERFORD BORO         ,9/15/2017,FR,728,1,RUTHERFORD PD            ,,0,1,0,0,I,B,N,N,1,2,NJ 3                                              ,E,3,,00000003__      ,6.2,2,,2,1,1,1,1,1,,,,,,,,55,,,,N,,62,7:30,120N04737
2017025617-17249               ,BERGEN      ,RUTHERFORD BORO         ,9/17/2017,SU,2130,1,RUTHERFORD PD            ,,0,0,0,0,P,B,N,N,2,2,NJ 3                                              ,E,3,,00000003__      ,6,2,,2,1,6,1,1,1,,,,,,,,55,,,,N,,91,21:30,120N04737
2.02E+15,HUDSON      ,NORTH BERGEN TWP        ,4/18/2015,SA,1652,1,NORTH BERGEN PD          ,15-031517      ,0,2,0,0,I,B,N,N,1,2,NJ 3                                              ,E,3,,00000003__      ,,2,1,2,1,1,1,1,1,,,,,,,,40,,,,N,NONE                                                                            ,,16:50,120-07448
2017025617-17283               ,BERGEN      ,RUTHERFORD BORO         ,9/18/2017,MO,1431,1,RUTHERFORD PD            ,,0,1,0,0,I,B,N,N,1,4,NJ 3                                              ,E,3,,00000003__      ,6.4,2,,2,1,1,1,1,1,,,,,,,,55,,,,N,,97,14:30,120-04736
2018025618-17723               ,BERGEN      ,RUTHERFORD BORO         ,8/25/2018,SA,1332,1,RUTHERFORD PD            ,,0,0,0,0,P,B,N,N,11,1,NJ 3                                              ,E,3,,00000003__      ,6.5,2,,2,1,1,1,3,1,,,,,F,NJ 17                    ,SB,35,,,,N,DOT OVERHEAD LIGHT POLE                                                         ,90,13:30,120-04736
2.02E+15,HUDSON      ,NORTH BERGEN TWP        ,4/24/2015,F ,1834,1,NORTH BERGEN PD          ,,0,0,0,0,P,I,N,N,2,2,NJ 3                                              ,E,3,,00000003__      ,10.46,2,4,2,1,1,1,4,1,,AT,,NJ 495                             ,,,,40,40,,,N,NONE                                                                            ,,18:35,120N13767
2016025616-23542               ,BERGEN      ,RUTHERFORD BORO         ,11/3/2016,TH,646,1,RUTHERFORD PD            ,,0,1,0,0,I,B,N,N,1,2,NJ 3                                              ,E,3,,00000003__      ,5.8,2,2,2,1,2,1,1,1,,,E,,,,,55,,,,N,,88,6:45,120N04737
201302562013-011385            ,BERGEN      ,RUTHERFORD BORO         ,9/15/2013,S ,1140,1,RUTHERFORD PD            ,,0,1,0,0,I,B,N,N,2,2,NJ 3                                              ,E,3,,00000003__      ,6.4,2,1,1,1,1,1,1,1,,,,,,,,55,,,,N,,87,11:40,120-04736
2.02E+15,HUDSON      ,NORTH BERGEN TWP        ,5/5/2015,TU,824,1,NORTH BERGEN PD          ,,0,0,0,0,P,B,N,N,1,2,NJ 3                                              ,E,3,,00000003__      ,,2,1,2,1,1,1,1,1,,,,,,,,50,,,,N,NONE                                                                            ,,8:25,120-07448
2016025616-23543               ,BERGEN      ,RUTHERFORD BORO         ,11/3/2016,TH,652,1,RUTHERFORD PD            ,,0,0,0,0,P,B,N,N,1,3,NJ 3                                              ,E,3,,00000003__      ,5.3,2,1,2,1,6,1,1,1,,,E,,,,,55,,,,N,,93,6:50,120-04737
2014025614-26898               ,BERGEN      ,RUTHERFORD BORO         ,12/24/2014,W ,130,1,RUTHERFORD PD            ,,0,0,0,0,P,B,N,N,11,1,NJ 3                                              ,E,3,,00000003__      ,6.5,2,5,1,2,6,2,5,1,,,,,F,ROUTE 17                 ,SB,40,,40.81031,74.09686,N,,67,1:30,120-04736
2.02E+15,HUDSON      ,NORTH BERGEN TWP        ,5/9/2015,SA,233,1,NORTH BERGEN PD          ,,0,4,0,0,I,B,N,N,5,2,NJ 3                                              ,E,3,,00000003__      ,,2,4,2,1,6,1,5,1,,,,,,,,50,,,,N,NONE                                                                            ,,2:35,120-07448
2016025616-23686               ,BERGEN      ,RUTHERFORD BORO         ,11/4/2016,F ,1843,1,RUTHERFORD PD            ,,0,0,0,0,P,B,N,N,8,2,NJ 3                                              ,E,3,,00000003__      ,6.2,2,1,2,1,6,1,2,1,,,,,T,POLITO AVE               ,,55,,,,N,,85,18:45,120N04737
2.02E+15,HUDSON      ,NORTH BERGEN TWP        ,5/15/2015,F ,1014,1,NORTH BERGEN PD          ,,0,0,0,0,P,I,N,N,2,2,NJ 3                                              ,E,3,,00000003__      ,0,2,1,2,1,1,1,5,1,,AT,,RAMP B                             ,,,,50,15,,,N,NONE                                                                            ,,10:15,120-07448
2017025617-17909               ,BERGEN      ,RUTHERFORD BORO         ,9/27/2017,WE,1527,1,RUTHERFORD PD            ,,0,0,0,0,P,B,N,N,15,2,NJ 3                                              ,E,3,,00000003__      ,5,2,,2,1,1,1,1,1,,,,,,,,55,,,,N,,90,15:25,120N04738
2016025616-23852               ,BERGEN      ,RUTHERFORD BORO         ,11/6/2016,S ,1807,1,RUTHERFORD PD            ,,0,1,0,0,I,B,N,N,1,2,NJ 3                                              ,E,3,,00000003__      ,6.5,2,1,2,1,6,1,1,1,,,E,,,,,55,,,,N,,95,18:05,120-04736
2018025618-18052               ,BERGEN      ,RUTHERFORD BORO         ,8/30/2018,TH,943,1,RUTHERFORD PD            ,,0,0,0,0,P,B,N,N,1,2,NJ 3                                              ,E,3,,00000003__      ,6.5,2,,1,1,1,1,1,1,,,,,F,NJ 17                    ,SB,55,,,,N,,76,9:45,120-04736
2.02E+15,HUDSON      ,NORTH BERGEN TWP        ,6/3/2015,W ,825,1,NORTH BERGEN PD          ,,0,0,0,0,P,B,N,N,2,2,NJ 3                                              ,E,3,,00000003__      ,,2,1,2,1,1,1,5,1,,,,,,,,50,,,,N,NONE                                                                            ,,8:25,120-07448
2017025617-18152               ,BERGEN      ,RUTHERFORD BORO         ,10/2/2017,MO,639,1,RUTHERFORD PD            ,,0,0,0,0,P,B,N,N,1,2,NJ 3                                              ,E,3,,00000003__      ,5,2,,2,1,1,1,1,1,,,,,,,,55,,,,N,,97,6:40,120N04738
2016025616-23993               ,BERGEN      ,RUTHERFORD BORO         ,11/9/2016,W ,48,1,RUTHERFORD PD            ,,0,0,0,0,P,B,N,N,12,1,NJ 3                                              ,E,3,,00000003__      ,6,2,2,2,1,6,1,1,1,,,E,,,,,55,,,,N,,,4:50,120N04737
2014090814-010349              ,HUDSON      ,NORTH BERGEN TWP        ,7/3/2014,TH,610,3,HUDSON CO SHERIFFS DEPT  ,PATROL         ,3,0,0,0,F,I,N,N,11,1,NJ 3                                              ,E,3,,00000003__      ,10.5,2,4,2,1,2,5,1,1,,AT,,NJ 495                             ,,,,45,45,,,N,GUARDRAIL                                                                       ,,6:10,120N13767
2.02E+15,HUDSON      ,NORTH BERGEN TWP        ,6/17/2015,W ,905,1,NORTH BERGEN PD          ,15-049387      ,0,0,0,0,P,B,N,N,2,2,NJ 3                                              ,E,3,,00000003__      ,,2,5,2,1,1,1,1,1,,,E,,T,NJ 3                     ,EB,50,,,,N,,,9:05,120-07448
2017025617-18329               ,BERGEN      ,RUTHERFORD BORO         ,10/4/2017,WE,1908,1,RUTHERFORD PD            ,,0,0,0,0,P,B,N,N,1,2,NJ 3                                              ,E,3,,00000003__      ,5,2,,2,1,6,1,1,1,,,,,T,PARK AVENUE              ,,55,,,,N,,65,19:10,120N04738
2016025616-23999               ,BERGEN      ,RUTHERFORD BORO         ,11/9/2016,W ,637,1,RUTHERFORD PD            ,,0,1,0,0,I,B,N,N,1,3,NJ 3                                              ,E,3,,00000003__      ,6.1,2,1,2,1,1,1,1,1,,,E,,,,,55,,,,N,,85,6:35,120N04737
201302562013-011670            ,BERGEN      ,RUTHERFORD BORO         ,9/22/2013,S ,202,1,RUTHERFORD PD            ,,0,1,0,0,I,B,N,N,2,2,NJ 3                                              ,E,3,,00000003__      ,6.8,2,1,2,2,6,2,1,1,,,S,,,,,50,,,,N,BENT GUARD RAIL                                                                 ,83,2:00,120N04736
2.01E+15,HUDSON      ,NORTH BERGEN TWP        ,1/17/2014,F ,1328,1,NORTH BERGEN PD          ,14004371,0,0,0,0,P,I,N,N,1,2,NJ 3                                              ,E,3,,00000003__      ,10.46,2,6,2,1,1,1,3,1,,AT,,NJ 495                             ,,,,40,25,40.7777,74.0457,N,NONE                                                                            ,89,13:30,120N13767
2.01E+15,HUDSON      ,NORTH BERGEN TWP        ,1/27/2014,M ,522,1,NORTH BERGEN PD          ,14006985,0,0,0,0,P,B,N,N,99,1,NJ 3                                              ,E,3,,00000003__      ,10.5,2,4,2,2,6,1,2,1,,,,NJ 495                             ,,,,50,50,,,N,NONE                                                                            ,140,5:20,120N13767
2016025616-24214               ,BERGEN      ,RUTHERFORD BORO         ,11/11/2016,F ,1719,1,RUTHERFORD PD            ,,0,1,0,0,I,B,N,N,1,2,NJ 3                                              ,E,3,,00000003__      ,6.4,2,5,2,1,6,1,2,1,,,E,,F,NJ 17                    ,NB,55,,,,N,,67,17:20,120-04736
2.01E+16,HUDSON      ,NORTH BERGEN TWP        ,12/30/2014,TU,2352,1,NORTH BERGEN PD          ,14102868,0,0,0,0,P,B,N,N,1,2,NJ 3                                              ,E,3,,00000003__      ,,2,4,2,1,6,1,1,1,,,,,,,,40,,,,N,NONE                                                                            ,68,23:50,120-07448
2.02E+15,HUDSON      ,NORTH BERGEN TWP        ,6/26/2015,F ,2233,1,NORTH BERGEN PD          ,,0,0,0,0,P,I,N,N,2,2,NJ 3                                              ,E,3,,00000003__      ,,2,4,2,1,6,1,4,1,,AT,,,T,NJ 495 EAST              ,EB,40,,,,N,,,22:35,120-07448
2017025617-18547               ,BERGEN      ,RUTHERFORD BORO         ,10/8/2017,SU,914,1,RUTHERFORD PD            ,,0,0,0,0,P,B,N,N,11,1,NJ 3                                              ,E,3,,00000003__      ,6.4,2,,2,2,1,2,2,1,,,,,T,NJ 17                    ,NB,55,,,,N,,53,9:15,120-04736
2.02E+15,HUDSON      ,NORTH BERGEN TWP        ,7/4/2015,SA,1609,1,NORTH BERGEN PD          ,15-054253      ,0,1,0,0,I,B,N,N,10,1,NJ 3                                              ,E,3,,00000003__      ,,2,4,2,1,1,1,3,1,,,,,,,,40,,,,N,,,16:10,120-07448
2017025617-18549               ,BERGEN      ,RUTHERFORD BORO         ,10/8/2017,SU,944,1,RUTHERFORD PD            ,,0,0,0,0,P,B,N,N,11,1,NJ 3                                              ,E,3,,00000003__      ,6.4,2,,2,2,1,2,2,1,,,,,T,NJ 17                    ,NB,55,,,,N,,53,9:45,120-04736
2018025618-18781               ,BERGEN      ,RUTHERFORD BORO         ,9/8/2018,SA,1845,1,RUTHERFORD PD            ,,0,3,0,0,I,B,N,N,11,1,NJ 3                                              ,E,3,,00000003__      ,6.5,2,,2,2,3,2,2,1,,,,,,,,55,,,,N,,93,18:45,120-04736
2.01E+15,HUDSON      ,NORTH BERGEN TWP        ,2/16/2014,S ,1710,1,NORTH BERGEN PD          ,14-013226      ,0,0,0,0,P,I,N,N,11,1,NJ 3                                              ,E,3,,00000003__      ,10.46,2,4,2,2,1,1,5,1,,AT,,NJ 495                             ,,,,50,50,40.7777,74.0457,N,RAIL GUARD LOCATED ON RT 3 EAST AT INTERSECTION WITH RT 495 EAST                ,,17:10,120N13767
2018025618-18789               ,BERGEN      ,RUTHERFORD BORO         ,9/8/2018,SA,2026,1,RUTHERFORD PD            ,,0,0,0,0,P,B,N,N,11,1,NJ 3                                              ,E,3,,00000003__      ,6.2,2,,2,2,6,2,5,1,,,,,T,POLITO AVE               ,,55,,,,N,,95,20:25,120N04737
201302562013-011832            ,BERGEN      ,RUTHERFORD BORO         ,9/25/2013,W ,1629,1,RUTHERFORD PD            ,,0,1,0,0,I,B,N,N,10,1,NJ 3                                              ,E,3,,00000003__      ,6.4,2,5,2,1,1,1,5,1,,,,,T,NJ 17                    ,NB,55,,,,N,,84,16:30,120-04736
2017025617-18551               ,BERGEN      ,RUTHERFORD BORO         ,10/8/2017,SU,1006,1,RUTHERFORD PD            ,,0,0,0,0,P,B,N,N,2,2,NJ 3                                              ,E,3,,00000003__      ,6.8,2,,2,2,1,2,2,1,,,,,F,NJ 17                    ,SB,55,,,,N,,53,10:05,120N04736
2.02E+15,HUDSON      ,NORTH BERGEN TWP        ,7/20/2015,M ,18,1,NORTH BERGEN PD          ,15-058340      ,0,0,0,0,P,B,N,N,1,2,NJ 3                                              ,E,3,,00000003__      ,10.5,2,4,2,1,6,1,4,1,,,,,T,495 EAST                 ,EB,50,,,,N,NONE                                                                            ,,1:20,120N13767
2.01E+15,HUDSON      ,NORTH BERGEN TWP        ,3/1/2014,SA,253,1,NORTH BERGEN PD          ,14-016633      ,0,0,0,0,P,B,N,N,11,1,NJ 3                                              ,E,3,,00000003__      ,,2,4,2,1,6,1,3,1,,,,,,,,40,,,,N,GUARDRAIL                                                                       ,,2:55,120-07448
2017025617-18557               ,BERGEN      ,RUTHERFORD BORO         ,10/8/2017,SU,1031,1,RUTHERFORD PD            ,,0,0,0,0,P,B,N,N,11,1,NJ 3                                              ,E,3,,00000003__      ,6.4,2,,2,2,1,2,2,1,,,,,,,,50,,,,N,,97,10:30,120-04736
2016025616-24490               ,BERGEN      ,RUTHERFORD BORO         ,11/15/2016,TU,1542,1,RUTHERFORD PD            ,,0,0,0,0,P,B,N,N,11,1,NJ 3                                              ,E,3,,00000003__      ,6.5,2,5,1,2,1,1,1,1,,,E,,F,NJ 17                    ,SB,40,,,,N,,93,15:40,120-04736
2018025618-18821               ,BERGEN      ,RUTHERFORD BORO         ,9/9/2018,SU,1154,1,RUTHERFORD PD            ,,0,0,0,0,P,B,N,N,1,2,NJ 3                                              ,E,3,,00000003__      ,6.5,2,,2,2,1,2,1,1,,,,,,,,55,,,,N,,,11:55,120-04736
201302562013-011951            ,BERGEN      ,RUTHERFORD BORO         ,9/28/2013,SA,251,1,RUTHERFORD PD            ,,0,0,0,0,P,B,N,N,99,2,NJ 3                                              ,E,3,,00000003__      ,5,2,2,1,1,6,1,1,2,,,,,,,,45,,,,N,,65,2:50,120N04738
2017025617-18660               ,BERGEN      ,RUTHERFORD BORO         ,10/10/2017,TU,643,1,RUTHERFORD PD            ,,0,0,0,0,P,B,N,N,1,2,NJ 3                                              ,E,3,,00000003__      ,5,2,,2,1,2,1,1,1,,,,,,,,55,,,,N,,67,6:45,120N04738
2018025618-18833               ,BERGEN      ,RUTHERFORD BORO         ,9/9/2018,SU,1538,1,RUTHERFORD PD            ,,0,0,0,0,P,B,N,N,11,1,NJ 3                                              ,E,3,,00000003__      ,6.5,2,,2,2,1,2,1,1,,,,,,,,55,,,,N,,97,15:40,120-04736
2.02E+15,HUDSON      ,NORTH BERGEN TWP        ,8/4/2015,TU,1633,1,NORTH BERGEN PD          ,15-062660      ,0,0,0,0,P,B,N,N,1,2,NJ 3                                              ,E,3,,00000003__      ,,2,1,2,1,1,1,4,1,,,,,,,,40,,,,N,,,16:35,120-07448
2017025617-18662               ,BERGEN      ,RUTHERFORD BORO         ,10/10/2017,TU,643,1,RUTHERFORD PD            ,,0,0,0,0,P,B,N,N,1,2,NJ 3                                              ,E,3,,00000003__      ,5,2,,2,1,2,1,1,1,,,,,,,,55,,,,N,,67,6:45,120N04738
2016025616-24742               ,BERGEN      ,RUTHERFORD BORO         ,11/18/2016,F ,1905,1,RUTHERFORD PD            ,,0,0,0,0,P,B,N,N,2,2,NJ 3                                              ,E,3,,00000003__      ,6.4,2,1,2,1,6,1,1,1,,,,,,,,55,,,,N,,,19:05,120-04736
2018025618-18836               ,BERGEN      ,RUTHERFORD BORO         ,9/9/2018,SU,1628,1,RUTHERFORD PD            ,,0,0,0,0,P,B,N,N,11,1,NJ 3                                              ,E,3,,00000003__      ,6.4,2,,2,2,1,2,2,1,,,,,T,NJ 17                    ,NB,55,,,,N,,97,16:30,120-04736
2.02E+15,HUDSON      ,NORTH BERGEN TWP        ,8/10/2015,M ,1410,1,NORTH BERGEN PD          ,,0,1,0,0,I,B,N,N,1,2,NJ 3                                              ,E,3,,00000003__      ,10.83,2,1,2,1,1,1,1,,50,FE,S,US 1 / US 9                        ,,,,50,,,,N,,,14:10,120N13767
2.01E+15,HUDSON      ,NORTH BERGEN TWP        ,4/8/2014,TU,949,1,NORTH BERGEN PD          ,14-027231      ,0,0,0,0,P,I,N,N,2,2,NJ 3                                              ,E,3,,00000003__      ,10.5,2,3,2,1,1,1,,1,,AT,,NJ 495                             ,,,,50,50,,,N,,,9:50,120N13767
2018025618-18888               ,BERGEN      ,RUTHERFORD BORO         ,9/10/2018,MO,1351,1,RUTHERFORD PD            ,,0,0,0,0,P,B,N,N,11,1,NJ 3                                              ,E,3,,00000003__      ,,2,,2,2,1,2,5,1,,,,,T,NJ 17                    ,NB,55,,,,N,,98,13:50,120-07448
2018025618-19010               ,BERGEN      ,RUTHERFORD BORO         ,9/12/2018,WE,32,1,RUTHERFORD PD            ,,0,0,0,0,P,B,N,N,11,1,NJ 3                                              ,E,3,,00000003__      ,6.7,2,,2,1,6,1,1,1,,,,,,,,55,,,,N,,93,3:30,120N04736
2.01E+15,HUDSON      ,NORTH BERGEN TWP        ,4/16/2014,W ,631,1,NORTH BERGEN PD          ,14-029587      ,0,2,0,0,I,B,N,N,1,5,NJ 3                                              ,E,3,,00000003__      ,10.55,2,1,2,2,1,1,1,1,500,FE,E,NJ 495                             ,,,,50,,40.77645,74.04514,N,NONE                                                                            ,,6:30,120N13767
2.02E+15,HUDSON      ,NORTH BERGEN TWP        ,9/3/2015,TH,1759,1,NORTH BERGEN PD          ,15-071156      ,0,0,0,0,P,B,N,N,2,2,NJ 3                                              ,E,3,,00000003__      ,0,2,5,2,1,1,1,5,1,,,,RAMP E                             ,,,,35,,,,N,NONE                                                                            ,,18:00,120-07448
2017025617-18862               ,BERGEN      ,RUTHERFORD BORO         ,10/12/2017,TH,1449,1,RUTHERFORD PD            ,,0,0,0,0,P,B,N,N,15,1,NJ 3                                              ,E,3,,00000003__      ,5.3,2,,2,1,1,1,1,1,,,,,,,,55,,,,N,,89,14:50,120-04737
2.02E+15,HUDSON      ,NORTH BERGEN TWP        ,9/10/2015,TH,1451,1,NORTH BERGEN PD          ,15-073153      ,0,1,0,0,I,B,N,N,11,1,NJ 3                                              ,E,3,,00000003__      ,10.79,2,4,2,2,1,2,1,1,250,FE,W,US 1 / US 9                        ,,,,50,45,,,N,UTILITY POLE - NO POLE NUMBER                                                   ,D1   ,14:50,120N13767
2018025618-19154               ,BERGEN      ,RUTHERFORD BORO         ,9/14/2018,FR,823,1,RUTHERFORD PD            ,,0,0,0,0,P,B,N,N,2,2,NJ 3                                              ,E,3,,00000003__      ,5,2,,1,1,1,5,1,1,,,,,,,,55,,,,N,,98,8:25,120N04738
2018025618-19187               ,BERGEN      ,RUTHERFORD BORO         ,9/14/2018,FR,1408,1,RUTHERFORD PD            ,,0,0,0,0,P,B,N,N,2,2,NJ 3                                              ,E,3,,00000003__      ,6,2,,2,1,1,1,1,1,,,,,,,,55,,,,N,,98,14:10,120N04737
2016025616-25269               ,BERGEN      ,RUTHERFORD BORO         ,11/26/2016,SA,751,1,RUTHERFORD PD            ,,0,1,0,0,I,B,N,N,11,1,NJ 3                                              ,E,3,,00000003__      ,6.4,2,4,2,1,1,1,5,1,,,E,,T,ROUTE 17 NORTH           ,,55,,,,N,,65,7:50,120-04736
2017025617-18967               ,BERGEN      ,RUTHERFORD BORO         ,10/14/2017,SA,347,1,RUTHERFORD PD            ,,0,0,0,0,P,B,N,N,11,1,NJ 3                                              ,E,3,,00000003__      ,6.6,2,,2,2,6,2,1,1,,,,,,,,55,,,,N,,88,3:45,120-04736
2.02E+15,HUDSON      ,NORTH BERGEN TWP        ,9/28/2015,M ,1538,1,NORTH BERGEN PD          ,15-078558      ,0,0,0,0,P,B,N,N,2,2,NJ 3                                              ,E,3,,00000003__      ,,2,1,2,1,1,1,1,1,,,,,,,,45,,,,N,,,15:40,120-07448
2018025618-19198               ,BERGEN      ,RUTHERFORD BORO         ,9/14/2018,FR,1542,1,RUTHERFORD PD            ,,0,0,0,0,P,B,N,N,11,1,NJ 3                                              ,E,3,,00000003__      ,6.3,2,,2,1,1,1,1,1,,,,,,,,55,,,,N,,98,15:40,120-04736
2017025617-19218               ,BERGEN      ,RUTHERFORD BORO         ,10/18/2017,WE,820,1,RUTHERFORD PD            ,,0,0,0,0,P,B,N,N,2,2,NJ 3                                              ,E,3,,00000003__      ,5.5,2,,2,1,1,1,1,1,,,,,,,,55,,,,N,,65,8:20,120-04737
2018025618-19201               ,BERGEN      ,RUTHERFORD BORO         ,9/14/2018,FR,1556,1,RUTHERFORD PD            ,,0,0,0,0,P,B,N,N,1,2,NJ 3                                              ,E,3,,00000003__      ,6.3,2,,2,1,1,1,1,1,,,,,,,,55,,,,N,,98,15:55,120-04736
2.02E+15,HUDSON      ,NORTH BERGEN TWP        ,10/2/2015,F ,1054,1,NORTH BERGEN PD          ,15-079735      ,0,0,0,0,P,I,N,N,1,2,NJ 3                                              ,E,3,,00000003__      ,10.84,2,4,2,2,1,2,4,1,,AT,,US 1 / US 9                        ,,,,25,25,,,N,,,10:55,120N13767
2.01E+15,HUDSON      ,NORTH BERGEN TWP        ,5/1/2014,TH,1735,1,NORTH BERGEN PD          ,14-033653      ,0,0,0,0,P,B,N,N,1,3,NJ 3                                              ,E,3,,00000003__      ,,2,5,2,1,1,1,3,1,,,,,,,,25,,,,N,,,17:35,120-07448
2.01E+15,HUDSON      ,NORTH BERGEN TWP        ,5/19/2014,M ,802,1,NORTH BERGEN PD          ,14-038153      ,0,0,0,0,P,B,N,N,2,2,NJ 3                                              ,E,3,,00000003__      ,,2,1,2,1,1,1,1,,,,,,,,,55,,,,N,NONO                                                                            ,,8:00,120-07448
2016025616-25510               ,BERGEN      ,RUTHERFORD BORO         ,11/30/2016,W ,32,1,RUTHERFORD PD            ,,0,0,0,0,P,B,N,N,11,1,NJ 3                                              ,E,3,,00000003__      ,6.4,2,5,2,2,6,1,2,1,,,E,,T,ROUTE 17                 ,NB,55,,,,N,,76,3:30,120-04736
2017025617-19443               ,BERGEN      ,RUTHERFORD BORO         ,10/21/2017,SA,918,1,RUTHERFORD PD            ,,0,2,0,0,I,B,N,N,2,3,NJ 3                                              ,E,3,,00000003__      ,6.8,2,,2,1,1,1,1,1,,,,,,,,55,,,,N,,95,9:20,120N04736
2.02E+15,HUDSON      ,NORTH BERGEN TWP        ,10/12/2015,M ,1006,1,NORTH BERGEN PD          ,15-082633      ,0,0,0,0,P,B,N,N,1,2,NJ 3                                              ,E,3,,00000003__      ,10.85,2,1,1,1,1,1,1,1,,,,US 1 / US 9                        ,,,,50,,,,N,NONE                                                                            ,,10:05,120N13767
2017025617-19540               ,BERGEN      ,RUTHERFORD BORO         ,10/22/2017,SU,1938,1,RUTHERFORD PD            ,,0,0,0,0,P,B,N,N,12,1,NJ 3                                              ,E,3,,00000003__      ,6.4,2,,2,1,6,1,1,1,,,E,,,,,55,,,,N,,83,19:40,120-04736
2.01E+15,HUDSON      ,NORTH BERGEN TWP        ,6/27/2014,F ,1954,1,NORTH BERGEN PD          ,14-049165      ,0,0,0,0,P,I,N,N,1,2,NJ 3                                              ,E,3,,00000003__      ,10.46,2,1,2,1,1,1,1,1,,AT,,NJ 495                             ,,,,50,,40.7777,74.0457,N,NONE                                                                            ,,19:55,120N13767
2.02E+15,HUDSON      ,NORTH BERGEN TWP        ,10/14/2015,W ,1746,1,NORTH BERGEN PD          ,15-083353      ,0,0,0,0,P,B,N,N,2,2,NJ 3                                              ,E,3,,00000003__      ,,2,1,2,1,1,1,1,1,,,,,,,,50,,,,N,,,17:45,120-07448