CRASH_ID,CTY_NAME,MUN_NAME,DATE,DAY,TIME,POL_CODE,POL_DEPT,POL_STA,KILLED,INJURED,PED_KILL,PED_INJ,SEVERITY,INTERSEC,ALCOHOL,HAZMAT,CRASH_TYPE,VEH_COUNT,LOCATION,LOC_DIR,ROUTE,RT_SFX,SRI,MP,RD_SYS,RD_CHAR,RD_SURF,SURF_COND,LIGHT,WEATHER,RD_DIV,RD_WRKZN,X_DIST,DIST_UNT,X_DIR,X_NAME,IS_RAMP,RAMP_RT,RAMP_DIR,SPD_LMT,SPD_X,LAT,LONG,CELL_USE,PROP_DMG,BADGE,TIME_ROUND,TMC
2016025616-25600               ,BERGEN      ,RUTHERFORD BORO         ,12/1/2016,TH,804,1,RUTHERFORD PD            ,,0,0,0,0,P,B,N,N,1,2,NJ 3                                              ,E,3,,00000003__      ,6.5,2,4,2,2,1,2,1,1,,,E,,F,ROUTE 17                 ,SB,55,,,,N,,91,8:05,120-04736
2.01E+15,HUDSON      ,NORTH BERGEN TWP        ,7/3/2014,TH,1313,1,NORTH BERGEN PD          ,14-050895      ,0,0,0,0,P,B,N,N,2,2,NJ 3                                              ,E,3,,00000003__      ,,2,1,2,1,1,1,1,1,,,,,T,RT 1 & 9 SOUTH           ,SB,45,,,,N,NONE                                                                            ,,13:15,120-07448
2018025618-19705               ,BERGEN      ,RUTHERFORD BORO         ,9/21/2018,FR,1943,1,RUTHERFORD PD            ,,0,0,0,0,P,B,N,N,2,2,NJ 3                                              ,E,3,,00000003__      ,6.4,2,,2,1,6,1,1,1,,,,,,,,55,,,,N,,97,19:45,120-04736
201302562013-012927            ,BERGEN      ,RUTHERFORD BORO         ,10/19/2013,SA,1135,1,RUTHERFORD PD            ,,0,0,0,0,P,I,N,N,15,1,NJ 3                                              ,E,3,,00000003__      ,,2,1,2,1,1,1,1,2,,AT,E,,,,,45,,,,N,,60,11:35,120-07448
2.02E+15,HUDSON      ,NORTH BERGEN TWP        ,10/28/2015,W ,1156,1,NORTH BERGEN PD          ,15-087020      ,0,0,0,0,P,B,N,N,2,2,NJ 3                                              ,E,3,,00000003__      ,,2,1,2,1,1,1,1,1,,,,,T,NJ 495                   ,EB,50,,,,N,NONE                                                                            ,,11:55,120-07448
2016025616-25993               ,BERGEN      ,RUTHERFORD BORO         ,12/7/2016,W ,906,1,RUTHERFORD PD            ,,0,0,0,0,P,B,N,N,2,2,NJ 3                                              ,E,3,,00000003__      ,5,2,3,1,2,1,2,1,1,,,,,,,,55,,,,N,,40,9:05,120N04738
2017025617-19694               ,BERGEN      ,RUTHERFORD BORO         ,10/25/2017,WE,741,1,RUTHERFORD PD            ,,0,0,0,0,P,B,N,N,1,2,NJ 3                                              ,E,3,,00000003__      ,6.4,2,,2,1,1,1,1,1,,,,,,,,55,,,,N,,94,7:40,120-04736
2017025617-19697               ,BERGEN      ,RUTHERFORD BORO         ,10/25/2017,WE,815,1,RUTHERFORD PD            ,,0,0,0,0,P,B,N,N,2,3,NJ 3                                              ,E,3,,00000003__      ,6.2,2,,2,1,1,1,1,1,,,,,,,,55,,,,N,,77,8:15,120N04737
2018025618-19974               ,BERGEN      ,RUTHERFORD BORO         ,9/25/2018,TU,1200,1,RUTHERFORD PD            ,,0,0,0,0,P,B,N,N,2,2,NJ 3                                              ,E,3,,00000003__      ,6.3,2,,2,2,1,2,1,1,,,,,,,,55,,,,N,,67,12:00,120-04736
2.02E+15,HUDSON      ,NORTH BERGEN TWP        ,11/10/2015,TU,914,1,NORTH BERGEN PD          ,,0,0,0,0,P,B,N,N,2,2,NJ 3                                              ,E,3,,00000003__      ,,2,1,1,2,1,2,1,1,,,,,,,,35,,,,N,,,9:15,120-07448
2017025617-19854               ,BERGEN      ,RUTHERFORD BORO         ,10/27/2017,FR,1608,1,RUTHERFORD PD            ,,0,0,0,0,P,B,N,N,1,2,NJ 3                                              ,E,3,,00000003__      ,6.5,2,,2,1,1,2,2,1,,,N,,F,NJ 17                    ,SB,55,,,,N,,67,16:10,120-04736
2.01E+15,HUDSON      ,NORTH BERGEN TWP        ,7/31/2014,TH,748,1,NORTH BERGEN PD          ,14-058839      ,0,0,0,0,P,I,N,N,2,2,NJ 3                                              ,E,3,,00000003__      ,,2,2,2,1,1,1,1,1,,AT,W,,,,,50,,,,N,NONE                                                                            ,,7:50,120-07448
2016025616-26337               ,BERGEN      ,RUTHERFORD BORO         ,12/12/2016,M ,1112,1,RUTHERFORD PD            ,,0,0,0,0,P,B,N,N,11,1,NJ 3                                              ,E,3,,00000003__      ,6.5,2,4,1,2,1,5,5,1,,,E,,F,NJ 17                    ,SB,55,,,,N,,83,11:10,120-04736
2018025618-20038               ,BERGEN      ,RUTHERFORD BORO         ,9/26/2018,WE,828,1,RUTHERFORD PD            ,,0,0,0,0,P,B,N,N,2,3,NJ 3                                              ,E,3,,00000003__      ,,2,,2,2,1,1,2,1,,,,,F,NJ 17                    ,SB,55,,,,N,,,8:30,120-07448
2018025618-20043               ,BERGEN      ,RUTHERFORD BORO         ,9/26/2018,WE,931,1,RUTHERFORD PD            ,,0,0,0,0,P,B,N,N,1,2,NJ 3                                              ,E,3,,00000003__      ,5,2,,2,2,1,1,1,1,,,,,,,,55,,,,N,,99,9:30,120N04738
2017025617-19976               ,BERGEN      ,RUTHERFORD BORO         ,10/29/2017,SU,1048,1,RUTHERFORD PD            ,,0,1,0,0,I,B,N,N,11,1,NJ 3                                              ,E,3,,00000003__      ,6.4,2,,2,2,1,2,2,1,,,,,T,NJ 17                    ,NB,55,,,,N,,83,10:50,120-04736
2018025618-20198               ,BERGEN      ,RUTHERFORD BORO         ,9/28/2018,FR,457,1,RUTHERFORD PD            ,,0,1,0,0,I,B,N,N,2,2,NJ 3                                              ,E,3,,00000003__      ,6.4,2,,2,2,6,2,1,1,,,,,,,,55,,,,N,,93,4:55,120-04736
2017025617-20020               ,BERGEN      ,RUTHERFORD BORO         ,10/30/2017,MO,715,1,RUTHERFORD PD            ,,0,1,0,0,I,B,N,N,1,2,NJ 3                                              ,E,3,,00000003__      ,6.2,2,,2,2,2,2,1,1,,,,,,,,55,,,,N,,61,7:15,120N04737
2016025616-26762               ,BERGEN      ,RUTHERFORD BORO         ,12/17/2016,SA,1900,1,RUTHERFORD PD            ,,0,0,0,0,P,B,N,N,1,2,NJ 3                                              ,E,3,,00000003__      ,6.6,2,1,2,2,6,1,1,1,,,E,,,,,55,,,,N,,95,19:00,120-04736
2016025616-26783               ,BERGEN      ,RUTHERFORD BORO         ,12/18/2016,S ,257,1,RUTHERFORD PD            ,,0,3,0,0,I,B,Y,N,11,2,NJ 3                                              ,E,3,,00000003__      ,6,2,1,2,2,6,4,1,1,,,,,,,,55,,,,N,CONCRETE BARRIER                                                                ,95,2:55,120N04737
2.01E+15,HUDSON      ,NORTH BERGEN TWP        ,8/30/2014,SA,326,1,NORTH BERGEN PD          ,14-067459      ,0,4,0,0,I,B,N,N,99,1,NJ 3                                              ,E,3,,00000003__      ,,2,1,2,1,6,1,4,1,,,,,,,,45,,,,N,NONE                                                                            ,,3:25,120-07448
2017025617-20295               ,BERGEN      ,RUTHERFORD BORO         ,11/2/2017,TH,840,1,RUTHERFORD PD            ,,0,0,0,0,P,B,N,N,1,2,NJ 3                                              ,E,3,,00000003__      ,5.3,2,,2,1,1,1,1,1,,,,,,,,55,,,,N,,67,8:40,120-04737
201302562013-013334            ,BERGEN      ,RUTHERFORD BORO         ,10/28/2013,M ,2151,1,RUTHERFORD PD            ,,0,0,0,0,P,B,N,N,2,2,NJ 3                                              ,E,3,,00000003__      ,5.5,2,1,2,1,6,1,1,2,,,,,,,,45,,,,N,,85,21:50,120-04737
2.02E+15,HUDSON      ,NORTH BERGEN TWP        ,11/25/2015,W ,649,1,NORTH BERGEN PD          ,15-095653      ,0,0,0,0,P,B,N,N,99,2,NJ 3                                              ,E,3,,00000003__      ,0,2,1,2,1,1,1,1,1,,,E,RAMP J                             ,,,,50,50,,,N,NONE                                                                            ,,6:50,120-07448
2016025616-26895               ,BERGEN      ,RUTHERFORD BORO         ,12/20/2016,TU,808,1,RUTHERFORD PD            ,,0,0,0,0,P,B,N,N,1,2,NJ 3                                              ,E,3,,00000003__      ,5,2,2,2,1,1,1,1,1,,,E,,,,,55,,,,N,,62,8:10,120N04738
2017025617-20331               ,BERGEN      ,RUTHERFORD BORO         ,11/2/2017,TH,1835,1,RUTHERFORD PD            ,,0,0,0,0,P,B,N,N,15,1,NJ 3                                              ,E,3,,00000003__      ,5.2,2,,2,1,6,1,1,1,,,,,,,,55,,,,N,,86,18:35,120N04738
2018025618-20455               ,BERGEN      ,RUTHERFORD BORO         ,10/2/2018,TU,717,1,RUTHERFORD PD            ,,0,1,0,0,I,B,N,N,2,2,NJ 3                                              ,E,3,,00000003__      ,5.2,2,,2,1,1,1,1,2,,,,,,,,55,,,,N,,94,7:15,120N04738
2018025618-20582               ,BERGEN      ,RUTHERFORD BORO         ,10/3/2018,WE,1804,1,RUTHERFORD PD            ,,0,0,0,0,P,B,N,N,1,2,NJ 3                                              ,E,3,,00000003__      ,5,2,,2,1,1,1,1,1,,,E,,,,,55,,,,N,,96,18:05,120N04738
2017025617-20332               ,BERGEN      ,RUTHERFORD BORO         ,11/2/2017,TH,1853,1,RUTHERFORD PD            ,,0,0,0,0,P,B,N,N,15,1,NJ 3                                              ,E,3,,00000003__      ,5.2,2,,2,1,6,1,1,1,,,E,,,,,55,,,,N,,86,18:55,120N04738
2016025616-26900               ,BERGEN      ,RUTHERFORD BORO         ,12/20/2016,TU,854,1,RUTHERFORD PD            ,,0,0,0,0,P,B,N,N,2,2,NJ 3                                              ,E,3,,00000003__      ,6.5,2,2,2,1,1,1,1,1,,,,,,,,55,,,,N,,62,8:55,120-04736
2.02E+15,HUDSON      ,NORTH BERGEN TWP        ,12/14/2015,M ,1450,1,NORTH BERGEN PD          ,15-101259      ,0,2,0,0,I,I,N,N,1,2,NJ 3                                              ,E,3,,00000003__      ,10.46,2,3,2,1,1,1,1,1,,AT,,NJ 495                             ,,,,40,,,,N,NONE                                                                            ,,14:50,120N13767
201302562013-013530            ,BERGEN      ,RUTHERFORD BORO         ,11/2/2013,SA,543,1,RUTHERFORD PD            ,,0,0,0,0,P,I,N,N,2,3,NJ 3                                              ,E,3,,00000003__      ,6.5,2,3,2,1,6,1,1,1,,AT,E,,,,,55,,,,N,,83,5:45,120-04736
2016025616-26954               ,BERGEN      ,RUTHERFORD BORO         ,12/21/2016,W ,624,1,RUTHERFORD PD            ,,0,0,0,0,P,B,N,N,1,2,NJ 3                                              ,E,3,,00000003__      ,6.5,2,5,2,1,6,1,2,1,,,E,,F,NJ 17                    ,NB,55,,,,N,,76,6:25,120-04736
2017025617-20512               ,BERGEN      ,RUTHERFORD BORO         ,11/5/2017,SU,1645,1,RUTHERFORD PD            ,,0,0,0,0,P,B,N,N,11,1,NJ 3                                              ,E,3,,00000003__      ,6.5,2,,2,2,5,2,1,1,,,,,F,NJ 17                    ,SB,55,,,,N,DAMAGED WAS SUSTAINED TO GUARDRAIL  ABOUT HALF WAY DOWN THE RAMP ON THE SOUTH S?,89,16:45,120-04736
2.01E+15,HUDSON      ,NORTH BERGEN TWP        ,10/17/2014,F ,1624,1,NORTH BERGEN PD          ,14-081416      ,0,0,0,0,P,B,N,N,2,2,NJ 3                                              ,E,3,,00000003__      ,,2,1,2,1,1,1,1,1,,,,,,,,40,,,,N,NONE                                                                            ,,16:25,120-07448
201302562013-013531            ,BERGEN      ,RUTHERFORD BORO         ,11/2/2013,SA,553,1,RUTHERFORD PD            ,,0,0,0,0,P,I,N,N,1,2,NJ 3                                              ,E,3,,00000003__      ,6.5,2,1,2,1,6,1,1,1,,AT,N,,,,,55,,,,N,,76,5:55,120-04736
2.01E+15,HUDSON      ,NORTH BERGEN TWP        ,10/23/2014,TH,1520,1,NORTH BERGEN PD          ,14-083144      ,0,2,0,0,I,I,N,N,1,2,NJ 3                                              ,E,3,,00000003__      ,10.46,2,1,2,2,1,1,1,,,AT,,NJ 495                             ,,,,45,45,40.7777,74.0457,N,,,15:20,120N13767
2017025617-20540               ,BERGEN      ,RUTHERFORD BORO         ,11/6/2017,MO,33,1,RUTHERFORD PD            ,,0,1,0,0,I,I,N,N,11,1,NJ 3                                              ,E,3,,00000003__      ,,2,,1,2,6,5,1,1,,AT,,,T,NJ 3                     ,NB,55,,,,N,NJ DOT GUARDRAIL                                                                ,76,3:35,120-07448
201302562013-013542            ,BERGEN      ,RUTHERFORD BORO         ,11/2/2013,SA,1316,1,RUTHERFORD PD            ,,0,0,0,0,P,I,N,N,1,2,NJ 3                                              ,E,3,,00000003__      ,5.16,2,2,2,1,1,1,1,2,,AT,E,US 30 / PARK AVE                   ,,,,45,,,,N,,52,13:15,120N04738
2018025618-20675               ,BERGEN      ,RUTHERFORD BORO         ,10/5/2018,FR,253,1,RUTHERFORD PD            ,,0,2,0,0,I,B,N,N,1,2,NJ 3                                              ,E,3,,00000003__      ,6.3,2,,2,1,6,1,1,2,,,E,,,,,55,,,,N,,62,2:55,120-04736
2017025617-20558               ,BERGEN      ,RUTHERFORD BORO         ,11/6/2017,MO,904,1,RUTHERFORD PD            ,,0,0,0,0,P,B,N,N,2,2,NJ 3                                              ,E,3,,00000003__      ,6.5,2,,2,2,1,5,1,1,,,,,F,NJ 17                    ,SB,55,,,,N,,88,9:05,120-04736
2015090915-000097              ,HUDSON      ,SECAUCUS TOWN           ,1/3/2015,SA,1615,1,SECAUCUS PD              ,HEADQUARTERS   ,0,1,0,0,I,B,N,N,2,2,NJ 3                                              ,E,3,,00000003__      ,8.62,2,2,2,2,6,2,5,1,100,FE,E,MEADOWLANDS PKWY                   ,,,,55,,,,N,NONE                                                                            ,159,16:15,120-04732
2016025616-27147               ,BERGEN      ,RUTHERFORD BORO         ,12/24/2016,SA,925,1,RUTHERFORD PD            ,,0,2,0,0,I,B,N,N,2,2,NJ 3                                              ,E,3,,00000003__      ,6.5,2,2,2,2,1,2,4,1,,,,,F,NJ 17                    ,SB,55,,,,N,,88,9:25,120-04736
2015090915-000368              ,HUDSON      ,SECAUCUS TOWN           ,1/8/2015,TH,1131,1,SECAUCUS PD              ,HQTS           ,0,2,0,0,I,I,N,N,1,2,NJ 3                                              ,E,3,,00000003__      ,10.04,2,5,2,1,1,1,2,1,,AT,,CR 681 / PATERSON PLANK RD         ,,,,50,,,,N,,150,11:30,120N04729
2016025616-27158               ,BERGEN      ,RUTHERFORD BORO         ,12/24/2016,SA,935,1,RUTHERFORD PD            ,,0,1,0,0,I,B,N,N,11,1,NJ 3                                              ,E,3,,00000003__      ,6.8,2,2,2,2,1,2,1,1,,,,,,,,55,,,,N,,88,9:35,120N04736
2015090915-001185              ,HUDSON      ,SECAUCUS TOWN           ,1/24/2015,SA,247,1,SECAUCUS PD              ,SPD HEADQUARTE?,0,0,0,0,P,B,N,N,11,1,NJ 3                                              ,E,3,,00000003__      ,9.8,2,1,2,3,7,3,1,,500,FE,E,MILL CREEK DR.                     ,,,,55,,,,N,NONE                                                                            ,152,2:45,120N04729
2016025616-27428               ,BERGEN      ,RUTHERFORD BORO         ,12/29/2016,TH,1821,1,RUTHERFORD PD            ,,0,0,0,0,P,B,N,N,11,1,NJ 3                                              ,E,3,,00000003__      ,6.5,2,5,2,2,6,1,1,1,,,,,F,NJ 17                    ,SB,55,,,,N,,56,18:20,120-04736
2015090915-001300              ,HUDSON      ,SECAUCUS TOWN           ,1/26/2015,M ,1806,1,SECAUCUS PD              ,HQ             ,0,0,0,0,P,B,N,N,11,1,NJ 3                                              ,E,3,,00000003__      ,9.9,2,1,2,3,6,3,1,1,50,FE,E,HARMON MEADOW BLVD                 ,,,,50,25,,,N,GUARDRAIL PAINT                                                                 ,160,18:05,120N04729
2018025618-21126               ,BERGEN      ,RUTHERFORD BORO         ,10/11/2018,TH,1354,1,RUTHERFORD PD            ,,0,0,0,0,P,B,N,N,11,1,NJ 3                                              ,E,3,,00000003__      ,6.4,2,,2,2,1,1,2,1,,,,,T,NJ 17                    ,NB,55,,,,N,,85,13:55,120-04736
201602566-00908                ,BERGEN      ,RUTHERFORD BORO         ,1/12/2016,TU,1133,1,RUTHERFORD PD            ,,0,2,0,0,I,B,N,N,10,1,NJ 3                                              ,E,3,,00000003__      ,6.8,2,3,1,1,1,5,1,1,,,E,,,,,55,,,,N,,66,11:35,120N04736
2015090915-001835              ,HUDSON      ,SECAUCUS TOWN           ,2/8/2015,S ,319,1,SECAUCUS PD              ,HQTS           ,0,0,0,0,P,B,N,N,11,1,NJ 3                                              ,E,3,,00000003__      ,9.5,2,1,2,2,6,1,1,1,350,FE,W,NJTP RAMP                          ,,,,55,,,,N,SCRAPES ON CONCRETE BARRIER.                                                    ,150,3:20,120-04729
201302562013-013911            ,BERGEN      ,RUTHERFORD BORO         ,11/12/2013,TU,1138,1,RUTHERFORD PD            ,,0,0,0,0,P,B,N,N,15,2,NJ 3                                              ,E,3,,00000003__      ,5.16,2,2,1,1,1,5,1,2,25,FE,W,US 30 / PARK AVE                   ,,,,45,,,,N,,87,11:40,120N04738
20160256BS-16-042153           ,BERGEN      ,RUTHERFORD BORO         ,7/29/2016,F ,1126,3,BERGEN CO PD             ,PARAMUS        ,0,0,0,0,P,B,N,N,2,2,NJ 3                                              ,E,3,,00000003__      ,6.59,2,2,2,1,1,5,1,1,1056,FE,E,NJ 17                              ,,,,55,50,,,N,NONE                                                                            ,271,11:25,120-04736
2015090915-002023              ,HUDSON      ,SECAUCUS TOWN           ,2/11/2015,W ,1214,1,SECAUCUS PD              ,HQ             ,1,2,0,0,F,B,N,N,11,2,NJ 3                                              ,E,3,,00000003__      ,10,2,1,2,1,1,1,1,1,,,,,,,,50,,,,N,STEEL BEAM ON THE PATERSON PLANK ROAD BRIDGE OVERPASS MAINTAINED BY THE COUNTY ?,126,12:15,120N04729
2018025618-21412               ,BERGEN      ,RUTHERFORD BORO         ,10/15/2018,MO,1125,1,RUTHERFORD PD            ,,0,0,0,0,P,B,N,N,2,2,NJ 3                                              ,E,3,,00000003__      ,6.39,2,,2,2,1,2,1,1,,,,,F,NJ 17                    ,SB,55,,,,N,,76,11:25,120-04736
2014090914-000907              ,HUDSON      ,SECAUCUS TOWN           ,1/14/2014,TU,1428,1,SECAUCUS PD              ,HQTS           ,0,0,0,0,P,B,N,N,99,1,NJ 3                                              ,E,3,,00000003__      ,9.75,2,1,2,2,1,2,1,1,,,,,,,,50,,40.7873,74.04964,N,MINOR SCRAPING AND DENTING OF GUARDRAIL                                         ,141,14:30,120N04729
2017025617-22047               ,BERGEN      ,RUTHERFORD BORO         ,11/30/2017,TH,631,1,RUTHERFORD PD            ,,0,0,0,0,P,B,N,N,1,2,NJ 3                                              ,E,3,,00000003__      ,6,2,,2,1,2,1,1,1,,,,,,,,55,,,,N,,62,6:30,120N04737
2015090915-002469              ,HUDSON      ,SECAUCUS TOWN           ,2/20/2015,F ,37,1,SECAUCUS PD              ,HQTS           ,0,1,0,0,I,B,N,N,1,2,NJ 3                                              ,E,3,,00000003__      ,9.5,2,1,2,1,6,1,2,1,,,,,,,,40,,,,N,NONE                                                                            ,150,3:35,120-04729
2014090914-001148              ,HUDSON      ,SECAUCUS TOWN           ,1/17/2014,F ,1808,1,SECAUCUS PD              ,HQ'S           ,0,0,0,0,P,B,N,N,2,2,NJ 3                                              ,E,3,,00000003__      ,10.24,2,1,2,1,6,1,2,1,,,,,,,,45,,40.78055,74.04731,N,,142,18:10,120-13767
2.02E+15,HUDSON      ,NORTH BERGEN TWP        ,1/27/2016,W ,1118,1,NORTH BERGEN PD          ,NORTH BERGEN   ,0,0,0,0,P,B,N,N,2,2,NJ 3                                              ,E,3,,00000003__      ,,2,6,2,3,1,1,4,1,,,,,,,,40,,,,N,,293,11:20,120-07448
2017025617-22050               ,BERGEN      ,RUTHERFORD BORO         ,11/30/2017,TH,703,1,RUTHERFORD PD            ,,0,0,0,0,P,B,N,N,1,2,NJ 3                                              ,E,3,,00000003__      ,6.5,2,,2,1,1,1,2,1,,,,,,,,55,,,,N,,88,7:05,120-04736
2018025618-21479               ,BERGEN      ,RUTHERFORD BORO         ,10/16/2018,TU,957,1,RUTHERFORD PD            ,,0,0,0,0,P,B,N,N,15,1,NJ 3                                              ,E,3,,00000003__      ,6.6,2,,2,1,1,1,1,1,,,,,,,,55,,,,N,,97,9:55,120-04736
2014090914-001152              ,HUDSON      ,SECAUCUS TOWN           ,1/17/2014,F ,1856,1,SECAUCUS PD              ,HQ             ,0,0,0,0,P,B,N,N,1,2,NJ 3                                              ,E,3,,00000003__      ,10.24,2,1,2,1,6,1,1,1,,,,,,,,55,,40.78055,74.04731,N,,142,18:55,120-13767
2017025617-22115               ,BERGEN      ,RUTHERFORD BORO         ,12/1/2017,FR,900,1,RUTHERFORD PD            ,,0,0,0,0,P,B,N,N,1,2,NJ 3                                              ,E,3,,00000003__      ,6.2,2,,2,1,1,1,1,1,,,,,,,,55,,,,N,,97,9:00,120N04737
201302562013-014066            ,BERGEN      ,RUTHERFORD BORO         ,11/15/2013,F ,2005,1,RUTHERFORD PD            ,,0,4,0,0,I,B,N,N,1,3,NJ 3                                              ,E,3,,00000003__      ,6.4,2,4,2,1,6,1,1,1,,,,,,,,55,,,,N,,55,20:05,120-04736
201302562013-014105            ,BERGEN      ,RUTHERFORD BORO         ,11/16/2013,SA,1658,1,RUTHERFORD PD            ,,0,0,0,0,P,B,N,N,1,3,NJ 3                                              ,E,3,,00000003__      ,5,2,2,1,1,6,1,1,2,,,,,,,,45,,,,N,,85,17:00,120N04738
2.02E+16,HUDSON      ,NORTH BERGEN TWP        ,11/6/2016,S ,301,1,NORTH BERGEN PD          ,16-095035      ,0,0,0,0,P,B,N,N,8,2,NJ 3                                              ,E,3,,00000003__      ,,2,1,2,1,6,1,1,1,10,FE,E,,,,,40,,,,N,,,3:00,120-07448
2017025617-22930               ,BERGEN      ,RUTHERFORD BORO         ,12/14/2017,TH,1201,1,RUTHERFORD PD            ,,0,1,0,0,I,B,N,N,1,3,NJ 3                                              ,E,3,,00000003__      ,5.95,2,,2,2,1,1,5,1,100,FE,E,ORIENT WAY                         ,,,,40,35,,,N,,96,12:00,120N04737
2.02E+15,HUDSON      ,NORTH BERGEN TWP        ,2/13/2016,SA,1623,1,NORTH BERGEN PD          ,NORTH BERGEN   ,0,0,0,0,P,B,N,N,1,2,NJ 3                                              ,E,3,,00000003__      ,10.84,2,1,2,1,1,1,4,1,,,,US 1 / US 9                        ,,,,50,,,,N,NONE                                                                            ,350,16:25,120N13767
2018025618-22142               ,BERGEN      ,RUTHERFORD BORO         ,10/26/2018,FR,1651,1,RUTHERFORD PD            ,,0,0,0,0,P,B,N,N,1,2,NJ 3                                              ,E,3,,00000003__      ,5.93,2,,2,1,1,1,5,1,5,FE,E,ORIENT WAY                         ,,,,40,35,,,N,,96,16:50,120N04737
2015090915-003203              ,HUDSON      ,SECAUCUS TOWN           ,3/5/2015,TH,1209,1,SECAUCUS PD              ,HQTS           ,0,1,0,0,I,B,N,N,1,3,NJ 3                                              ,E,3,,00000003__      ,9,2,4,2,3,1,1,1,1,,,,,,,,55,,,,N,NONE                                                                            ,156,12:10,120-04731
2.02E+15,HUDSON      ,NORTH BERGEN TWP        ,2/27/2016,SA,1244,1,NORTH BERGEN PD          ,NORTH BERGEN   ,0,0,0,0,P,B,N,N,1,2,NJ 3                                              ,E,3,,00000003__      ,,2,1,2,1,1,1,4,1,,,,,,,,50,,,,N,NONE                                                                            ,350,12:45,120-07448
2.02E+15,HUDSON      ,NORTH BERGEN TWP        ,2/27/2016,SA,1258,1,NORTH BERGEN PD          ,NORTH BERGEN   ,0,0,0,0,P,B,N,N,1,2,NJ 3                                              ,E,3,,00000003__      ,,2,1,2,1,1,1,4,1,,,,,,,,50,,,,N,NONE                                                                            ,350,13:00,120-07448
2018025618-22232               ,BERGEN      ,RUTHERFORD BORO         ,10/28/2018,SU,740,1,RUTHERFORD PD            ,,0,0,0,0,P,B,N,N,11,1,NJ 3                                              ,E,3,,00000003__      ,6.4,2,,2,2,1,1,2,1,,,,,T,NJ 17                    ,NB,55,,,,N,GRASS                                                                           ,61,7:40,120-04736
2018025618-22234               ,BERGEN      ,RUTHERFORD BORO         ,10/28/2018,SU,752,1,RUTHERFORD PD            ,,0,0,0,0,P,I,N,N,11,1,NJ 3                                              ,E,3,,00000003__      ,6.4,2,,2,2,1,5,1,2,,AT,,,T,NJ 17                    ,NB,55,,,,N,,62,7:50,120-04736
2017025617-23534               ,BERGEN      ,RUTHERFORD BORO         ,12/22/2017,FR,941,1,RUTHERFORD PD            ,,0,1,0,0,I,B,N,N,10,1,NJ 3                                              ,E,3,,00000003__      ,6,2,,2,1,1,1,1,1,,,,,T,NJ 17                    ,NB,55,,,,N,CURB GRASS                                                                      ,98,9:40,120N04737
2014090914-003612              ,HUDSON      ,SECAUCUS TOWN           ,2/23/2014,S ,2207,1,SECAUCUS PD              ,HQ             ,0,0,0,0,P,B,Y,N,2,2,NJ 3                                              ,E,3,,00000003__      ,10.2,2,1,2,1,4,1,2,1,,,,,,,,40,,40.78111,74.04713,N,NONE                                                                            ,126,22:05,120N04729
2.02E+15,HUDSON      ,NORTH BERGEN TWP        ,3/4/2016,F ,531,1,NORTH BERGEN PD          ,,0,0,0,0,P,B,N,N,1,2,NJ 3                                              ,E,3,,00000003__      ,10.84,2,1,2,2,6,3,1,1,,,,US 1 / US 9                        ,,,,45,,,,N,,470,5:30,120N13767
2018025618-22295               ,BERGEN      ,RUTHERFORD BORO         ,10/29/2018,MO,737,1,RUTHERFORD PD            ,,0,0,0,0,P,B,N,N,1,3,NJ 3                                              ,E,3,,00000003__      ,5.7,2,,2,1,1,1,1,2,,,,,,,,55,,,,N,,,7:35,120-04737
2017025617-23544               ,BERGEN      ,RUTHERFORD BORO         ,12/22/2017,FR,1052,1,RUTHERFORD PD            ,,0,0,0,0,P,B,N,N,1,2,NJ 3                                              ,E,3,,00000003__      ,6.4,2,,2,1,1,1,1,1,,,,,,,,55,,,,N,,67,10:50,120-04736
2.02E+15,HUDSON      ,NORTH BERGEN TWP        ,3/7/2016,M ,2016,1,NORTH BERGEN PD          ,NORTH BERGEN   ,0,0,0,0,P,B,N,N,1,2,NJ 3                                              ,E,3,,00000003__      ,10.46,2,1,2,1,6,1,1,1,,,,NJ 495                             ,,,,50,50,,,N,NO                                                                              ,393,20:15,120N13767
2017025617-23548               ,BERGEN      ,RUTHERFORD BORO         ,12/22/2017,FR,1103,1,RUTHERFORD PD            ,,0,0,0,0,P,B,N,N,2,2,NJ 3                                              ,E,3,,00000003__      ,6.4,2,,2,1,1,1,1,1,,,,,,,,55,,,,N,,65,11:05,120-04736
2015090915-003777              ,HUDSON      ,SECAUCUS TOWN           ,3/15/2015,S ,1345,1,SECAUCUS PD              ,HQ             ,0,2,0,0,I,B,N,N,1,2,NJ 3                                              ,E,3,,00000003__      ,9.89,2,4,2,1,1,1,2,1,10,FE,E,HARMON MEADOW BLVD                 ,,,,,,,,N,NONE                                                                            ,151,13:45,120N04729
2015090915-004247              ,HUDSON      ,SECAUCUS TOWN           ,3/24/2015,TU,739,1,SECAUCUS PD              ,HEADQUARTERS   ,0,0,0,0,P,B,N,N,2,2,NJ 3                                              ,E,3,,00000003__      ,10,2,1,2,1,1,1,2,1,,,,,,,,50,,,,N,NONE                                                                            ,163,7:40,120N04729
2018025618-22391               ,BERGEN      ,RUTHERFORD BORO         ,10/30/2018,TU,1511,1,RUTHERFORD PD            ,,0,0,0,0,P,B,N,N,15,1,NJ 3                                              ,E,3,,00000003__      ,5.4,2,,2,1,1,1,1,1,,,,,,,,55,,,,N,,97,15:10,120-04737