CRASH_ID,CTY_NAME,MUN_NAME,DATE,DAY,TIME,POL_CODE,POL_DEPT,POL_STA,KILLED,INJURED,PED_KILL,PED_INJ,SEVERITY,INTERSEC,ALCOHOL,HAZMAT,CRASH_TYPE,VEH_COUNT,LOCATION,LOC_DIR,ROUTE,RT_SFX,SRI,MP,RD_SYS,RD_CHAR,RD_SURF,SURF_COND,LIGHT,WEATHER,RD_DIV,RD_WRKZN,X_DIST,DIST_UNT,X_DIR,X_NAME,IS_RAMP,RAMP_RT,RAMP_DIR,SPD_LMT,SPD_X,LAT,LONG,CELL_USE,PROP_DMG,BADGE,TIME_ROUND,TMC
2015090915-004375              ,HUDSON      ,SECAUCUS TOWN           ,3/26/2015,TH,833,1,SECAUCUS PD              ,HEADQUARTERS   ,0,0,0,0,P,B,N,N,1,2,NJ 3                                              ,E,3,,00000003__      ,9.65,2,1,2,1,1,5,2,1,,,,,,,,50,,,,N,NONE                                                                            ,163,8:35,120-04729
2.02E+15,HUDSON      ,NORTH BERGEN TWP        ,3/11/2016,F ,1033,1,NORTH BERGEN PD          ,,0,0,0,0,P,B,N,N,1,3,NJ 3                                              ,E,3,,00000003__      ,10.82,2,4,2,1,1,1,1,1,100,FE,S,US 1 / US 9                        ,,,,50,45,,,N,,87,10:35,120N13767
2018025618-22393               ,BERGEN      ,RUTHERFORD BORO         ,10/30/2018,TU,1514,1,RUTHERFORD PD            ,,0,0,0,0,P,B,N,N,15,1,NJ 3                                              ,E,3,,00000003__      ,5.4,2,,2,1,1,1,1,1,,,,,,,,55,,,,N,,97,15:15,120-04737
2017025617-23640               ,BERGEN      ,RUTHERFORD BORO         ,12/24/2017,SU,233,1,RUTHERFORD PD            ,,0,0,0,0,P,B,N,N,2,2,NJ 3                                              ,E,3,,00000003__      ,6.5,2,,2,2,6,1,1,1,,,,,,,,55,,,,N,,93,2:35,120-04736
2015090915-004390              ,HUDSON      ,SECAUCUS TOWN           ,3/26/2015,TH,1521,1,SECAUCUS PD              ,HEADQUARTERS   ,0,0,0,0,P,B,N,N,2,2,NJ 3                                              ,E,3,,00000003__      ,8.6,2,4,2,2,1,5,5,1,200,FE,W,,T,MEADOWLANDS PARKWAY      ,,55,,,,N,NONE                                                                            ,143,15:20,120-04732
201302562013-014448            ,BERGEN      ,RUTHERFORD BORO         ,11/25/2013,M ,1831,1,RUTHERFORD PD            ,,0,1,0,0,I,I,N,N,1,2,NJ 3                                              ,E,3,,00000003__      ,5.6,2,1,2,1,6,1,1,2,,AT,N,,F,RUTHERFORD AVECR  S30    ,EB,45,,,,N,,84,18:30,120-04737
2015090915-004436              ,HUDSON      ,SECAUCUS TOWN           ,3/27/2015,F ,1322,1,SEASIDE PARK PD          ,HQTS           ,0,0,0,0,P,B,N,N,1,2,NJ 3                                              ,E,3,,00000003__      ,8.7,2,5,2,2,1,5,1,1,,,,,,,,50,,,,N,NONE.                                                                           ,141,13:20,120-04731
2017025617-23704               ,BERGEN      ,RUTHERFORD BORO         ,12/25/2017,MO,1210,1,RUTHERFORD PD            ,,0,0,0,0,P,B,N,N,11,2,NJ 3                                              ,E,3,,00000003__      ,5,2,,2,1,1,1,1,1,,,E,,,,,55,,,,N,MINOR PAINT TRANSFER ONTO CONCRETE BARRIER                                      ,98,12:10,120N04738
2015090915-004642              ,HUDSON      ,SECAUCUS TOWN           ,3/31/2015,TU,1212,1,SECAUCUS PD              ,HEADQUARTERS   ,0,0,0,0,P,B,N,N,1,2,NJ 3                                              ,E,3,,00000003__      ,8.6,2,5,2,1,1,1,1,1,,,,,,,,55,,,,N,NONE                                                                            ,134,12:10,120-04732
2014090914-004666              ,HUDSON      ,SECAUCUS TOWN           ,3/11/2014,TU,1335,1,SECAUCUS PD              ,HEADQUARTERS   ,0,0,0,0,P,B,N,N,2,2,NJ 3                                              ,E,3,,00000003__      ,8.62,2,2,2,1,1,1,1,1,100,FE,E,MEADOWLANDS PKWY                   ,,,,55,35,40.79642,74.06299,N,NONE                                                                            ,159,13:35,120-04732
2017025617-24097               ,BERGEN      ,RUTHERFORD BORO         ,12/31/2017,SU,2,1,RUTHERFORD PD            ,,0,2,0,0,I,B,N,N,11,1,NJ 3                                              ,E,3,,00000003__      ,6.5,2,,1,4,6,3,1,1,,,,,F,NJ 17                    ,SB,55,,,,N,,83,2:00,120-04736
2018025618-22606               ,BERGEN      ,RUTHERFORD BORO         ,11/1/2018,TH,1930,1,RUTHERFORD PD            ,,0,0,0,0,P,B,N,N,1,2,NJ 3                                              ,E,3,,00000003__      ,5,2,,2,1,6,1,1,1,,,,,,,,55,,,,N,,90,19:30,120N04738
201302562013-014620            ,BERGEN      ,RUTHERFORD BORO         ,12/1/2013,S ,950,1,RUTHERFORD PD            ,,0,0,0,0,P,B,N,N,2,2,NJ 3                                              ,E,3,,00000003__      ,6.2,2,1,1,1,1,1,1,2,,,,,,,,45,,,,N,,77,9:50,120N04737
2014090914-005200              ,HUDSON      ,SECAUCUS TOWN           ,3/19/2014,W ,658,1,SECAUCUS PD              ,HEADQUARTERS   ,0,0,0,0,P,B,N,N,2,2,NJ 3                                              ,E,3,,00000003__      ,9.91,2,1,2,1,1,1,4,1,100,FE,E,HARMON MEADOW BLVD                 ,,,,45,,40.78522,74.04835,N,NONE                                                                            ,155,7:00,120N04729
2.02E+15,HUDSON      ,NORTH BERGEN TWP        ,4/16/2016,SA,1342,1,NORTH BERGEN PD          ,,0,0,0,0,P,B,N,N,1,2,NJ 3                                              ,E,3,,00000003__      ,10.84,2,1,2,1,1,1,4,1,,,,US 1 / US 9                        ,,,,45,,,,N,,462,13:40,120N13767
2018025618-22868               ,BERGEN      ,RUTHERFORD BORO         ,11/6/2018,TU,1447,1,RUTHERFORD PD            ,,0,0,0,0,P,B,N,N,2,2,NJ 3                                              ,E,3,,00000003__      ,6.39,2,,2,2,1,2,1,1,,,,,F,NJ 17                    ,SB,55,,,,N,,98,14:45,120-04736
2015090915-004914              ,HUDSON      ,SECAUCUS TOWN           ,4/4/2015,SA,1939,1,SECAUCUS PD              ,HQ             ,0,1,0,0,I,B,N,N,1,2,NJ 3                                              ,E,3,,00000003__      ,9.89,2,2,2,1,6,1,1,1,5,FE,E,HARMON MEADOW BLVD                 ,,,,,,,,N,NONE                                                                            ,151,19:40,120N04729
2014090914-005214              ,HUDSON      ,SECAUCUS TOWN           ,3/19/2014,W ,828,1,SECAUCUS PD              ,HEADQUARTERS   ,0,0,0,0,P,B,N,N,1,2,NJ 3                                              ,E,3,,00000003__      ,,2,5,2,1,1,1,2,1,,,,,T,PATERSON PLANK ROAD      ,EB,45,,,,N,NONE                                                                            ,157,8:30,120-07448
2.02E+17,BERGEN      ,RUTHERFORD BORO         ,3/7/2017,TU,1001,1,CLIFTON PD               ,,0,1,0,0,I,B,N,N,2,2,NJ 3                                              ,E,3,,00000003__      ,4.98,2,,2,2,1,2,1,1,500,FE,E,NJ 21                              ,,,,55,50,,,N,,7098,10:00,120-04738
2014090914-005325              ,HUDSON      ,SECAUCUS TOWN           ,3/20/2014,TH,1405,1,SECAUCUS PD              ,HQTS           ,0,0,0,0,P,I,N,N,1,2,NJ 3                                              ,E,3,,00000003__      ,10.04,2,5,2,1,1,1,5,1,,AT,S,CR 681 / PATERSON PLANK RD         ,,,,,,40.78339,74.04772,N,,153,14:05,120N04729
2014090914-005534              ,HUDSON      ,SECAUCUS TOWN           ,3/23/2014,S ,1523,1,SECAUCUS PD              ,HQ             ,0,0,0,0,P,I,N,N,2,2,NJ 3                                              ,E,3,,00000003__      ,10.04,2,1,2,1,1,5,1,1,,AT,,CR 681 / PATERSON PLANK RD         ,,,,45,25,40.78339,74.04772,N,,111,15:25,120N04729
2017090817-011228              ,HUDSON      ,NORTH BERGEN TWP        ,7/10/2017,MO,1108,1,SECAUCUS PD              ,HQTS           ,0,0,0,0,P,B,N,N,2,2,NJ 3                                              ,E,3,,00000003__      ,10.33,2,,2,1,1,1,5,1,,,,,,,,55,,,,N,,149,11:10,120N13767
2.02E+15,HUDSON      ,NORTH BERGEN TWP        ,4/26/2016,TU,830,1,NORTH BERGEN PD          ,16-035192      ,0,0,0,0,P,I,N,N,1,2,NJ 3                                              ,E,3,,00000003__      ,10.46,2,1,2,2,1,5,1,,,AT,,NJ 495                             ,,,,25,25,,,N,NONE                                                                            ,,8:30,120N13767
2014090914-005770              ,HUDSON      ,SECAUCUS TOWN           ,3/27/2014,TH,603,1,SECAUCUS PD              ,HEADQUARTERS   ,0,1,0,0,I,I,N,N,1,2,NJ 3                                              ,E,3,,00000003__      ,10.04,2,6,1,1,2,1,1,1,,AT,E,CR 681 / PATERSON PLANK RD         ,,,,45,,40.78339,74.04772,N,,139,6:05,120N04729
2013090813-006740              ,HUDSON      ,NORTH BERGEN TWP        ,1/28/2013,M ,1940,1,NORTH BERGEN PD          ,13006740,0,0,0,0,P,B,N,N,1,2,NJ 3                                              ,E,3,,00000003__      ,10.5,2,1,2,4,6,2,1,1,100,FE,W,NORTH BERGEN EXIT                  ,,,,,,,,N,,13?  ,19:40,120N13767
2015090915-005798              ,HUDSON      ,SECAUCUS TOWN           ,4/21/2015,TU,857,1,SECAUCUS PD              ,HEADQUARTERS   ,0,0,0,0,P,B,N,N,2,2,NJ 3                                              ,E,3,,00000003__      ,9.4,2,1,2,2,1,2,5,1,400,FE,W,PLAZA CENTER RD                    ,,,,55,25,,,Y,,149,8:55,120-04730
2.02E+15,HUDSON      ,NORTH BERGEN TWP        ,5/4/2016,W ,716,1,NORTH BERGEN PD          ,P6-037532      ,0,1,0,0,I,B,N,N,1,2,NJ 3                                              ,E,3,,00000003__      ,,2,4,2,2,1,1,1,1,,,,,,,,40,,,,N,,,7:15,120-07448
2.02E+15,HUDSON      ,NORTH BERGEN TWP        ,1/13/2017,FR,1514,1,NORTH BERGEN PD          ,17 - 003783    ,0,0,0,0,P,B,N,N,1,2,NJ 3                                              ,E,3,,00000003__      ,,2,,2,1,1,1,1,1,,,,,,,,25,,,,N,,353,15:15,120-07448
2018025618-23133               ,BERGEN      ,RUTHERFORD BORO         ,11/10/2018,SA,1917,1,RUTHERFORD PD            ,,0,0,0,0,P,B,N,N,12,1,NJ 3                                              ,E,3,,00000003__      ,6.5,2,,2,1,6,1,1,1,,,,,T,ROUTE 17                 ,NB,55,,,,N,,62,19:15,120-04736
2015090915-005804              ,HUDSON      ,SECAUCUS TOWN           ,4/21/2015,TU,1012,1,SECAUCUS PD              ,HEADQUARTERS   ,0,4,0,0,I,B,N,N,99,2,NJ 3                                              ,E,3,,00000003__      ,9.83,2,,,,,,,,300,FE,W,HARMON MEADOW BLVD                 ,,,,55,,,,Y,,149,10:10,120N04729
2015090915-005845              ,HUDSON      ,SECAUCUS TOWN           ,4/22/2015,W ,642,1,SECAUCUS PD              ,HQTS           ,0,0,0,0,P,B,N,N,2,2,NJ 3                                              ,E,3,,00000003__      ,9.6,2,1,2,1,1,1,5,1,,,,,,,,45,,,,N,NONE                                                                            ,150,6:40,120-04729
2014090914-006146              ,HUDSON      ,SECAUCUS TOWN           ,4/1/2014,TU,1812,1,SECAUCUS PD              ,HQTS           ,0,0,0,0,P,B,N,N,2,2,NJ 3                                              ,E,3,,00000003__      ,,2,4,2,1,1,1,2,1,,,,,T,MEADOWLANDS PKWY         ,SB,50,,,,N,NONE.                                                                           ,156,18:10,120-07448
2.02E+15,HUDSON      ,NORTH BERGEN TWP        ,5/8/2016,S ,2030,1,NORTH BERGEN PD          ,,0,1,0,0,I,B,N,N,1,3,NJ 3                                              ,E,3,,00000003__      ,10.84,2,1,2,1,6,1,1,1,,,,US 1 / US 9                        ,,,,35,,,,N,,370,20:30,120N13767
2015090915-006045              ,HUDSON      ,SECAUCUS TOWN           ,4/25/2015,SA,2149,1,SECAUCUS PD              ,HQTS           ,0,0,0,0,P,B,N,N,1,2,NJ 3                                              ,E,3,,00000003__      ,8,2,1,2,1,6,1,1,1,1000,FE,E,ROOSEVELT AVE                      ,,,,55,25,,,N,NONE                                                                            ,158,21:50,120-04733
2018025618-23507               ,BERGEN      ,RUTHERFORD BORO         ,11/15/2018,TH,1615,1,RUTHERFORD PD            ,,0,0,0,0,P,B,N,N,2,2,NJ 3                                              ,E,3,,00000003__      ,6.7,2,,2,3,3,3,1,1,,,,,,,,55,,,,N,,98,16:15,120N04736
2015090915-006152              ,HUDSON      ,SECAUCUS TOWN           ,4/28/2015,TU,835,1,SECAUCUS PD              ,HQTS           ,0,1,0,0,I,B,N,N,1,2,NJ 3                                              ,E,3,,00000003__      ,8,2,1,2,1,1,1,1,1,1000,FE,E,ROOSEVELT AVE                      ,,,,55,25,,,N,REFERENCE CASE #15-6159                                                         ,158,8:35,120-04733
2.02E+15,HUDSON      ,NORTH BERGEN TWP        ,5/10/2016,TU,756,1,NORTH BERGEN PD          ,16-039499      ,0,0,0,0,P,B,N,N,2,2,NJ 3                                              ,E,3,,00000003__      ,,2,3,2,1,1,1,4,1,,,,,,,,35,,,,N,NONE                                                                            ,,7:55,120-07448
2.02E+15,HUDSON      ,NORTH BERGEN TWP        ,2/17/2017,FR,1353,1,NORTH BERGEN PD          ,,0,0,0,0,P,B,N,N,2,2,NJ 3                                              ,E,3,,00000003__      ,,2,,2,1,1,1,1,1,,,,,,,,50,,,,N,,348,13:55,120-07448
2018025618-23533               ,BERGEN      ,RUTHERFORD BORO         ,11/15/2018,TH,1857,1,RUTHERFORD PD            ,,0,0,0,0,P,B,N,N,1,2,NJ 3                                              ,E,3,,00000003__      ,5.3,2,,2,3,6,3,1,2,,,,,,,,55,,,,N,,88,18:55,120-04737
2015090915-006482              ,HUDSON      ,SECAUCUS TOWN           ,5/4/2015,M ,726,1,SECAUCUS PD              ,HQTS           ,0,0,0,0,P,B,N,N,1,2,NJ 3                                              ,E,3,,00000003__      ,8.88,2,1,2,1,1,1,1,1,,,,,,,,50,,,,N,NONE                                                                            ,162,7:25,120-04731
2.01E+15,HUDSON      ,NORTH BERGEN TWP        ,2/27/2013,W ,1142,1,NORTH BERGEN PD          ,13-014078      ,0,0,0,0,P,I,N,N,1,2,NJ 3                                              ,E,3,,00000003__      ,10.46,2,1,2,2,1,2,1,1,,AT,,NJ 495                             ,,,,55,,,,N,NONE                                                                            ,117,11:40,120N13767
2.02E+15,HUDSON      ,NORTH BERGEN TWP        ,5/11/2016,W ,1720,1,NORTH BERGEN PD          ,16-039965      ,0,1,0,0,I,B,N,N,1,2,NJ 3                                              ,E,3,,00000003__      ,,2,1,2,1,1,1,1,1,,,,,,,,40,,,,N,NONE                                                                            ,,17:20,120-07448
2015090915-006568              ,HUDSON      ,SECAUCUS TOWN           ,5/5/2015,TU,913,1,SECAUCUS PD              ,HEADQUARTERS   ,0,0,0,0,P,B,N,N,2,2,NJ 3                                              ,E,3,,00000003__      ,,2,1,2,2,1,1,4,1,,,,,,,,50,,,,N,NONE                                                                            ,163,9:15,120-07448
2018025618-23831               ,BERGEN      ,RUTHERFORD BORO         ,11/19/2018,MO,2009,1,RUTHERFORD PD            ,,0,0,0,0,P,B,N,N,11,1,NJ 3                                              ,E,3,,00000003__      ,6.5,2,,1,1,6,1,1,1,,,,,F,NJ 17                    ,SB,55,,,,N,GUARDRAIL FACE                                                                  ,62,20:10,120-04736
2014090914-007161              ,HUDSON      ,SECAUCUS TOWN           ,4/17/2014,TH,859,1,SECAUCUS PD              ,HQS            ,0,0,0,0,P,I,N,N,3,2,NJ 3                                              ,E,3,,00000003__      ,8.6,2,2,2,1,1,1,5,1,,AT,E,MEADOWLANDS PKWY                   ,,,,,,40.79649,74.0632,N,,129,9:00,120-04732
2015090915-006751              ,HUDSON      ,SECAUCUS TOWN           ,5/7/2015,TH,2345,1,SECAUCUS PD              ,HQ             ,0,0,0,0,P,B,N,N,2,2,NJ 3                                              ,E,3,,00000003__      ,9.8,2,4,2,1,6,1,1,1,,,S,,,,,50,,,,N,,123,23:45,120N04729
2018025618-23832               ,BERGEN      ,RUTHERFORD BORO         ,11/19/2018,MO,2015,1,RUTHERFORD PD            ,,0,0,0,0,P,B,N,N,1,2,NJ 3                                              ,E,3,,00000003__      ,6.5,2,,1,1,6,1,1,1,,,,,F,NJ 17                    ,SB,55,,,,N,,62,20:15,120-04736
2014090914-007271              ,HUDSON      ,SECAUCUS TOWN           ,4/18/2014,F ,1325,1,SECAUCUS PD              ,HEADQUARTERS   ,0,3,0,0,I,B,N,N,1,2,NJ 3                                              ,E,3,,00000003__      ,,2,4,2,1,1,1,5,1,,,,,F,HARMON MEADOW BLVD       ,,45,,,,N,NONE                                                                            ,143,13:25,120-07448
2.02E+15,HUDSON      ,NORTH BERGEN TWP        ,3/20/2017,MO,2353,1,NORTH BERGEN PD          ,17-026610      ,0,3,0,0,I,B,N,N,1,2,NJ 3                                              ,E,3,,00000003__      ,,2,,2,1,6,1,1,1,,,,,,,,40,,,,N,,314,23:55,120-07448
2018025618-23843               ,BERGEN      ,RUTHERFORD BORO         ,11/19/2018,MO,2339,1,RUTHERFORD PD            ,,0,2,0,0,I,B,Y,N,3,2,NJ 3                                              ,E,3,,00000003__      ,6.8,2,,2,1,6,1,1,1,,,,,,,,55,,,,N,DOT LIGHT STANDARD  CURB FACE  GUARDRAIL                                        ,62,23:40,120N04736
2014090914-007327              ,HUDSON      ,SECAUCUS TOWN           ,4/19/2014,SA,916,1,SECAUCUS PD              ,HQTS           ,0,0,0,0,P,I,N,N,2,2,NJ 3                                              ,E,3,,00000003__      ,,2,1,2,1,1,1,2,1,,AT,,,F,HUDSON COUNTY 681        ,,40,,,,N,,150,9:15,120-07448
2018025618-23868               ,BERGEN      ,RUTHERFORD BORO         ,11/20/2018,TU,905,1,RUTHERFORD PD            ,,0,0,0,0,P,B,N,N,1,2,NJ 3                                              ,E,3,,00000003__      ,6.39,2,,2,1,1,5,2,1,,,,,F,NJ 17                    ,SB,55,,,,N,,,9:05,120-04736
2.02E+15,HUDSON      ,NORTH BERGEN TWP        ,7/1/2016,F ,1217,1,NORTH BERGEN PD          ,,0,0,0,0,P,B,N,N,99,3,NJ 3                                              ,E,3,,00000003__      ,10.5,2,5,2,1,1,1,1,,,,,,T,NJ 495                   ,,,,,,N,,,12:15,120N13767
2.02E+15,HUDSON      ,NORTH BERGEN TWP        ,4/6/2017,TH,927,1,NORTH BERGEN PD          ,,0,0,0,0,P,B,N,N,1,3,NJ 3                                              ,E,3,,00000003__      ,10.46,2,,2,2,1,2,3,1,,,,,T,NJ 495                   ,EB,45,,,,N,,,9:25,120N13767
2015090915-007167              ,HUDSON      ,SECAUCUS TOWN           ,5/14/2015,TH,852,1,SECAUCUS PD              ,HEADQUARTERS   ,0,0,0,0,P,B,N,N,1,2,NJ 3                                              ,E,3,,00000003__      ,,2,1,2,1,1,1,4,1,,,,,,,,50,,,,N,NONE.                                                                           ,163,8:50,120-07448
2018025618-24122               ,BERGEN      ,RUTHERFORD BORO         ,11/24/2018,SA,1938,1,RUTHERFORD PD            ,,0,0,0,0,P,B,N,N,2,2,NJ 3                                              ,E,3,,00000003__      ,5.1,2,,2,2,6,2,1,1,,,,,,,,55,,,,N,,,19:40,120N04738
2014090914-007917              ,HUDSON      ,SECAUCUS TOWN           ,4/27/2014,S ,1248,1,SECAUCUS PD              ,HEADQUARTERS   ,0,1,0,0,I,I,N,N,2,2,NJ 3                                              ,E,3,,00000003__      ,9.89,2,1,2,1,1,1,1,1,,AT,E,HARMON MEADOW BLVD                 ,,,,50,,40.7855,74.04848,N,NONE                                                                            ,135,12:50,120N04729
2.02E+15,HUDSON      ,NORTH BERGEN TWP        ,7/10/2016,S ,1452,1,NORTH BERGEN PD          ,,0,0,0,0,P,B,N,N,2,2,NJ 3                                              ,E,3,,00000003__      ,10.46,2,1,2,1,1,1,1,1,,,,NJ 495                             ,,,,40,,,,N,,,14:50,120N13767
2.01E+15,HUDSON      ,NORTH BERGEN TWP        ,4/15/2013,M ,850,1,NORTH BERGEN PD          ,13-025437      ,0,0,0,0,P,I,N,N,1,2,NJ 3                                              ,E,3,,00000003__      ,10.46,2,1,2,1,1,1,5,1,,AT,,NJ 495                             ,,,,50,50,,,N,,164,8:50,120N13767
2.02E+15,HUDSON      ,NORTH BERGEN TWP        ,4/14/2017,FR,2322,1,NORTH BERGEN PD          ,,0,0,0,0,P,I,N,N,8,2,NJ 3                                              ,E,3,,00000003__      ,10.84,2,,2,1,6,1,1,1,,AT,,US 1 / US 9                        ,,,,45,,,,N,,463,23:20,120N13767
2014090914-008218              ,HUDSON      ,SECAUCUS TOWN           ,5/1/2014,TH,1107,1,SECAUCUS PD              ,HQ             ,0,0,0,0,P,B,N,N,11,1,NJ 3                                              ,E,3,,00000003__      ,,2,5,2,2,1,1,2,1,,,,,T,MEADOWLANDS PKWY         ,,50,,,,N,UNKNOWN  COULD NOT LOCATE POINT OF IMPACT TO GUARD RAIL                         ,156,11:05,120-07448
2018025618-24303               ,BERGEN      ,RUTHERFORD BORO         ,11/27/2018,TU,821,1,RUTHERFORD PD            ,,0,0,0,0,P,B,N,N,2,2,NJ 3                                              ,E,3,,00000003__      ,6.5,2,,2,1,1,1,5,1,,,,,F,NJ 17                    ,SB,55,,,,N,,99,8:20,120-04736
2014090914-008291              ,HUDSON      ,SECAUCUS TOWN           ,5/2/2014,F ,940,1,SECAUCUS PD              ,HQ             ,0,0,0,0,P,I,N,N,1,2,NJ 3                                              ,E,3,,00000003__      ,10.04,2,5,2,1,1,1,5,1,,AT,,CR 681 / PATERSON PLANK RD         ,,,,40,25,40.78339,74.04772,N,NONE                                                                            ,156,9:40,120N04729
2.01E+15,HUDSON      ,NORTH BERGEN TWP        ,4/24/2013,W ,1702,1,NORTH BERGEN PD          ,13-027894      ,0,1,0,0,I,B,N,N,1,3,NJ 3                                              ,E,3,,00000003__      ,10.5,2,1,2,1,1,1,2,1,,,,NJ 495                             ,,,,50,,,,N,,155,17:00,120N13767
2014090914-008343              ,HUDSON      ,SECAUCUS TOWN           ,5/2/2014,F ,2057,1,SECAUCUS PD              ,HQ             ,0,0,0,0,P,I,N,N,6,2,NJ 3                                              ,E,3,,00000003__      ,9.89,2,4,2,1,6,1,1,1,,AT,,HARMON MEADOW BLVD                 ,,,,40,,40.7855,74.04848,N,,130,20:55,120N04729
2018025618-24343               ,BERGEN      ,RUTHERFORD BORO         ,11/27/2018,TU,1728,1,RUTHERFORD PD            ,,0,0,0,0,P,B,N,N,1,2,NJ 3                                              ,E,3,,00000003__      ,5,2,,2,1,6,1,5,1,,,,,T,RUTHERFORD AVE           ,,55,,,,N,,1,17:30,120N04738
2.02E+15,HUDSON      ,NORTH BERGEN TWP        ,8/4/2016,TH,757,1,NORTH BERGEN PD          ,,0,1,0,0,I,B,N,N,2,2,NJ 3                                              ,E,3,,00000003__      ,10.55,2,4,2,1,1,1,1,1,500,FE,E,NJ 495                             ,,,,,40,,,N,,207,7:55,120N13767
2.01E+15,HUDSON      ,NORTH BERGEN TWP        ,5/8/2013,W ,746,1,NORTH BERGEN PD          ,13-031259      ,0,0,0,0,P,B,N,N,1,2,NJ 3                                              ,E,3,,00000003__      ,10.83,2,4,2,2,1,2,1,1,50,FE,W,US 1 / US 9                        ,,,,50,40,,,N,,D25  ,7:45,120N13767
2.02E+15,HUDSON      ,NORTH BERGEN TWP        ,5/11/2017,TH,904,1,NORTH BERGEN PD          ,NORTH BERGEN   ,0,0,0,0,P,B,N,N,2,2,NJ 3                                              ,E,3,,00000003__      ,,2,,2,1,1,1,4,,,,,,,,,45,,,,N,,498,9:05,120-07448
2018025618-24347               ,BERGEN      ,RUTHERFORD BORO         ,11/27/2018,TU,1739,1,RUTHERFORD PD            ,,0,0,0,0,P,B,N,N,2,2,NJ 3                                              ,E,3,,00000003__      ,5,2,,2,1,6,1,5,1,,,,,,,,55,,,,N,,1,17:40,120N04738
2015090915-008157              ,HUDSON      ,SECAUCUS TOWN           ,6/1/2015,M ,704,1,SECAUCUS PD              ,HQTS           ,0,0,0,0,P,B,N,N,1,2,NJ 3                                              ,E,3,,00000003__      ,8.8,2,1,2,2,1,5,5,1,,,,,,,,55,,,,N,NONE                                                                            ,143,7:05,120-04731
2015090915-008523              ,HUDSON      ,SECAUCUS TOWN           ,6/7/2015,S ,1451,1,SECAUCUS PD              ,HEADQUARTERS   ,0,3,0,0,I,B,N,N,11,1,NJ 3                                              ,E,3,,00000003__      ,8.62,2,2,2,1,1,1,1,1,100,FE,E,MEADOWLANDS PKWY                   ,,,,55,,,,N,SUPERFICIAL DAMAGE TO METAL GUARDRAIL                                           ,147,14:50,120-04732
2014090914-008553              ,HUDSON      ,SECAUCUS TOWN           ,5/6/2014,TU,720,1,SECAUCUS PD              ,HQ             ,0,0,0,0,P,B,N,N,1,2,NJ 3                                              ,E,3,,00000003__      ,9.8,2,1,2,1,1,1,1,1,,,,,,,,45,,40.78669,74.04918,N,NONE                                                                            ,111,7:20,120N04729
2.02E+15,HUDSON      ,NORTH BERGEN TWP        ,5/15/2017,MO,615,1,NORTH BERGEN PD          ,,0,0,0,0,P,B,N,N,1,2,NJ 3                                              ,E,3,,00000003__      ,10.4,2,,2,1,1,1,1,,,,E,NJ 495                             ,,,,55,55,,,N,,488,6:15,120N13767
2015090915-008598              ,HUDSON      ,SECAUCUS TOWN           ,6/9/2015,TU,754,1,SECAUCUS PD              ,HEADQUARTERS   ,0,1,0,0,I,B,N,N,1,2,NJ 3                                              ,E,3,,00000003__      ,9.3,2,1,2,2,1,1,5,1,50,FE,E,,F,PATERSON PLANK RD        ,WB,50,,,,N,NONE                                                                            ,161,7:55,120-04730
2014090914-008678              ,HUDSON      ,SECAUCUS TOWN           ,5/7/2014,W ,1647,1,SECAUCUS PD              ,HEADQUARTERS   ,0,0,0,0,P,B,N,N,2,3,NJ 3                                              ,E,3,,00000003__      ,10,2,1,2,1,1,1,2,1,100,FE,W,,T,NORTH BERGEN             ,EB,45,,40.78396,74.0479,N,NONE                                                                            ,143,16:45,120N04729
2.02E+15,HUDSON      ,NORTH BERGEN TWP        ,5/15/2017,MO,1818,1,NORTH BERGEN PD          ,NORTH BERGEN   ,0,4,0,0,I,B,N,N,1,3,NJ 3                                              ,E,3,,00000003__      ,10.82,2,,2,1,1,1,1,1,100,FE,W,US 1 / US 9                        ,,,,25,25,,,N,,,18:20,120N13767
2015090915-008799              ,HUDSON      ,SECAUCUS TOWN           ,6/12/2015,F ,1312,1,SECAUCUS PD              ,HQTS           ,0,0,0,0,P,B,N,N,15,3,NJ 3                                              ,E,3,,00000003__      ,9.7,2,1,2,1,1,1,1,1,,,,,,,,55,,,,N,NONE                                                                            ,156,13:10,120-04729
2018025618-24646               ,BERGEN      ,RUTHERFORD BORO         ,12/2/2018,SU,346,1,RUTHERFORD PD            ,,0,0,0,0,P,B,N,N,11,1,NJ 3                                              ,E,3,,00000003__      ,6.5,2,,1,2,6,2,1,1,,,,,F,NJ 17                    ,SB,55,,,,N,,76,3:45,120-04736
2015090915-008887              ,HUDSON      ,SECAUCUS TOWN           ,6/14/2015,S ,726,1,SECAUCUS PD              ,HQTS           ,0,0,0,0,P,B,N,N,1,2,NJ 3                                              ,E,3,,00000003__      ,8.6,2,5,2,1,1,1,1,1,,,,,,,,50,,,,N,NONE.                                                                           ,141,7:25,120-04732
2014090914-008902              ,HUDSON      ,SECAUCUS TOWN           ,5/10/2014,SA,2216,1,SECAUCUS PD              ,HQTS           ,0,0,0,0,P,I,N,N,1,2,NJ 3                                              ,E,3,,00000003__      ,9.7,2,2,2,2,6,5,1,1,,AT,W,NEW JERSEY TURNPIKE                ,,,,55,,40.78792,74.05018,N,DAMAGE TO GUARDRAIL.                                                            ,150,22:15,120-04729