CRASH_ID,CTY_NAME,MUN_NAME,DATE,DAY,TIME,POL_CODE,POL_DEPT,POL_STA,KILLED,INJURED,PED_KILL,PED_INJ,SEVERITY,INTERSEC,ALCOHOL,HAZMAT,CRASH_TYPE,VEH_COUNT,LOCATION,LOC_DIR,ROUTE,RT_SFX,SRI,MP,RD_SYS,RD_CHAR,RD_SURF,SURF_COND,LIGHT,WEATHER,RD_DIV,RD_WRKZN,X_DIST,DIST_UNT,X_DIR,X_NAME,IS_RAMP,RAMP_RT,RAMP_DIR,SPD_LMT,SPD_X,LAT,LONG,CELL_USE,PROP_DMG,BADGE,TIME_ROUND,TMC
2.01E+15,HUDSON      ,NORTH BERGEN TWP        ,6/23/2013,S ,1539,1,NORTH BERGEN PD          ,13-042413      ,0,0,0,0,P,I,N,N,2,2,NJ 3                                              ,E,3,,00000003__      ,0,2,1,2,1,1,1,1,1,,AT,,RAMP J                             ,,,,50,50,,,N,,51,15:40,120-07448
2018025618-24679               ,BERGEN      ,RUTHERFORD BORO         ,12/2/2018,SU,1305,1,RUTHERFORD PD            ,,0,0,0,0,P,B,N,N,11,1,NJ 3                                              ,E,3,,00000003__      ,6.5,2,,2,2,1,2,5,1,,,,,F,NJ 17                    ,SB,55,,,,N,GUARD RAIL DAMAGED.                                                             ,99,13:05,120-04736
2014090914-009463              ,HUDSON      ,SECAUCUS TOWN           ,5/19/2014,M ,1525,1,SECAUCUS PD              ,HQTS           ,0,0,0,0,P,I,N,N,2,2,NJ 3                                              ,E,3,,00000003__      ,8.61,2,2,2,1,1,1,1,1,,AT,W,RAMP TO MEADOW PKWY                ,,,,55,,40.79645,74.06309,N,NONE                                                                            ,150,15:25,120-04732
2015090915-008931              ,HUDSON      ,SECAUCUS TOWN           ,6/15/2015,M ,945,1,SECAUCUS PD              ,HEADQUARTERS   ,0,0,0,0,P,B,N,N,2,2,NJ 3                                              ,E,3,,00000003__      ,9.5,2,1,3,2,1,5,1,1,,,,,,,,55,,,,N,NONE                                                                            ,159,9:45,120-04729
2.01E+15,HUDSON      ,NORTH BERGEN TWP        ,6/26/2013,W ,1807,1,NORTH BERGEN PD          ,13-043119      ,0,0,0,0,P,B,N,N,2,2,NJ 3                                              ,E,3,,00000003__      ,,2,1,2,1,1,1,1,1,,,,,,RAMP J                   ,,50,,,,N,,,18:05,120-07448
2.02E+15,HUDSON      ,NORTH BERGEN TWP        ,10/19/2016,W ,830,1,NORTH BERGEN PD          ,16-088848      ,0,0,0,0,P,B,N,N,2,2,NJ 3                                              ,E,3,,00000003__      ,,2,4,2,1,1,1,1,1,,,,,T,NJ 495                   ,NB,40,,,,N,,,8:30,120-07448
2.01E+15,HUDSON      ,NORTH BERGEN TWP        ,7/12/2013,F ,1734,1,NORTH BERGEN PD          ,13046752,0,0,0,0,P,I,N,N,2,2,NJ 3                                              ,E,3,,00000003__      ,10.46,2,,,,,,,,,AT,,NJ 495                             ,,,,50,25,,,N,,125,17:35,120N13767
2014090914-009560              ,HUDSON      ,SECAUCUS TOWN           ,5/20/2014,TU,2040,1,SECAUCUS PD              ,HEADQUARTERS   ,0,1,0,0,I,B,N,N,2,2,NJ 3                                              ,E,3,,00000003__      ,,2,1,2,1,6,1,2,4,,,,,T,US 1                     ,,55,,,,N,NONE                                                                            ,156,20:40,120-07448
2018025618-24741               ,BERGEN      ,RUTHERFORD BORO         ,12/3/2018,MO,822,1,RUTHERFORD PD            ,,0,1,0,0,I,B,N,N,11,1,NJ 3                                              ,E,3,,00000003__      ,6.4,2,,2,2,1,1,1,1,,,,,F,NJ 17                    ,NB,55,,,,N,,96,8:20,120-04736
2014090914-009660              ,HUDSON      ,SECAUCUS TOWN           ,5/22/2014,TH,828,1,SECAUCUS PD              ,HEADQUARTERS   ,0,0,0,0,P,I,N,N,2,2,NJ 3                                              ,E,3,,00000003__      ,8.6,2,1,2,2,1,1,5,1,,AT,W,MEADOWLANDS PKWY                   ,,,,50,,40.79649,74.0632,N,NONE.                                                                           ,125,8:30,120-04732
2.02E+15,HUDSON      ,NORTH BERGEN TWP        ,5/25/2017,TH,1746,1,NORTH BERGEN PD          ,NORTH BERGEN   ,0,0,0,0,P,B,N,N,8,2,NJ 3                                              ,E,3,,00000003__      ,10.85,2,,2,2,1,2,1,1,,,S,US 1                               ,,,,55,40,,,N,,393,17:45,120N13767
2018025618-24785               ,BERGEN      ,RUTHERFORD BORO         ,12/3/2018,MO,1855,1,RUTHERFORD PD            ,,0,0,0,0,P,B,N,N,1,2,NJ 3                                              ,E,3,,00000003__      ,6.02,2,,2,1,6,1,5,1,500,FE,E,ORIENT WAY                         ,,,,40,35,,,N,,69,18:55,120N04737
2.02E+15,HUDSON      ,NORTH BERGEN TWP        ,10/23/2016,S ,1854,1,NORTH BERGEN PD          ,,0,0,0,0,P,B,N,N,2,2,NJ 3                                              ,E,3,,00000003__      ,,2,1,2,1,6,1,1,1,,,,,,,,40,,,,N,,276,18:55,120-07448
2015090915-009287              ,HUDSON      ,SECAUCUS TOWN           ,6/21/2015,S ,1938,1,SECAUCUS PD              ,HQ'S           ,0,0,0,0,P,B,N,N,11,1,NJ 3                                              ,E,3,,00000003__      ,8.6,2,1,2,1,1,1,5,1,10,FE,E,MEADOWLANDS PKWY                   ,,,,,,,,N,TOTAL; APPROXIMATELY 10' AT GUARDRAIL FENCE  NJIXJT.                            ,122,19:40,120-04732
2.01E+15,HUDSON      ,NORTH BERGEN TWP        ,7/16/2013,TU,833,1,NORTH BERGEN PD          ,13047572,0,0,0,0,P,B,N,N,1,2,NJ 3                                              ,E,3,,00000003__      ,10.5,2,1,2,1,1,1,1,1,,,,NJ 495                             ,,,,50,25,,,N,,125,8:35,120N13767
2015090915-009294              ,HUDSON      ,SECAUCUS TOWN           ,6/21/2015,S ,2223,1,SECAUCUS PD              ,HEADQUARTERS   ,0,0,0,0,P,B,N,N,11,1,NJ 3                                              ,E,3,,00000003__      ,9.6,2,1,2,2,6,2,2,1,,,,,,,,55,,,,N,TRAFFIC SIGN.                                                                   ,159,22:25,120-04729
2.02E+15,HUDSON      ,NORTH BERGEN TWP        ,6/5/2017,MO,1239,1,NORTH BERGEN PD          ,,0,0,0,0,P,I,N,N,11,2,NJ 3                                              ,E,3,,00000003__      ,10.84,2,,2,1,1,1,1,1,,AT,S,US 1 / US 9                        ,,,,,,,,N,,355,12:40,120N13767
2.01E+15,HUDSON      ,NORTH BERGEN TWP        ,7/26/2013,F ,120,1,NORTH BERGEN PD          ,13-050021      ,0,0,0,0,P,I,N,N,11,1,NJ 3                                              ,E,3,,00000003__      ,,2,4,2,1,7,1,1,3,,AT,,,F,NJ 3                     ,EB,,,,,N,,,1:20,120-07448
2.02E+15,HUDSON      ,NORTH BERGEN TWP        ,11/4/2016,F ,824,1,NORTH BERGEN PD          ,,0,0,0,0,P,B,N,N,1,2,NJ 3                                              ,E,3,,00000003__      ,10.5,2,1,2,1,1,1,4,1,,,,NJ 495                             ,,,,45,,,,N,,485,8:25,120N13767
2.02E+15,HUDSON      ,NORTH BERGEN TWP        ,11/6/2016,S ,301,1,NORTH BERGEN PD          ,,0,0,0,0,P,B,N,N,8,2,NJ 3                                              ,E,3,,00000003__      ,,2,1,2,1,6,1,1,1,10,FE,E,,,,,40,,,,N,,207,3:00,120-07448
2.02E+15,HUDSON      ,NORTH BERGEN TWP        ,6/20/2017,TU,653,1,NORTH BERGEN PD          ,17-056304      ,0,0,0,0,P,B,N,N,2,2,NJ 3                                              ,E,3,,00000003__      ,,2,,2,1,1,1,1,1,,,,,,,,50,,,,N,,499,6:55,120-07448
2015090915-009394              ,HUDSON      ,SECAUCUS TOWN           ,6/23/2015,TU,1733,1,SECAUCUS PD              ,HEADQUARTERS   ,0,1,0,0,I,B,N,N,1,2,NJ 3                                              ,E,3,,00000003__      ,10,2,1,2,1,1,5,2,1,,,,,F,HARMON MEADOW BLVD.      ,,40,,,,N,NONE.                                                                           ,163,17:35,120N04729
2014090914-010596              ,HUDSON      ,SECAUCUS TOWN           ,6/6/2014,F ,1019,1,SECAUCUS PD              ,HQTS           ,0,0,0,0,P,I,N,N,1,2,NJ 3                                              ,E,3,,00000003__      ,10.04,2,5,2,1,1,1,5,1,,AT,,CR 681 / PATERSON PLANK RD         ,,,,25,,40.78339,74.04772,N,,150,10:20,120N04729
2.02E+15,HUDSON      ,NORTH BERGEN TWP        ,6/27/2017,TU,1100,1,NORTH BERGEN PD          ,,0,1,0,0,I,I,N,N,1,2,NJ 3                                              ,E,3,,00000003__      ,10.46,2,,2,1,1,1,3,1,,AT,,,F,NJ 495                   ,EB,55,,,,N,,246,11:00,120N13767
2.01E+15,HUDSON      ,NORTH BERGEN TWP        ,8/10/2013,SA,356,1,NORTH BERGEN PD          ,13053490,3,2,0,0,F,B,Y,N,11,1,NJ 3                                              ,E,3,,00000003__      ,0,2,4,2,1,6,1,3,1,25,FE,W,RAMP J                             ,,,,50,25,,,N,NONE                                                                            ,89,3:55,120-07448
2018025618-25714               ,BERGEN      ,RUTHERFORD BORO         ,12/14/2018,FR,846,1,RUTHERFORD PD            ,,0,0,0,0,P,B,N,N,1,2,NJ 3                                              ,E,3,,00000003__      ,6,2,,2,1,1,1,1,2,,,,,,,,55,,,,N,,90,8:45,120N04737
2014090914-010984              ,HUDSON      ,SECAUCUS TOWN           ,6/13/2014,F ,2032,1,SECAUCUS PD              ,HQTS           ,0,2,0,0,I,B,N,N,1,3,NJ 3                                              ,E,3,,00000003__      ,8.5,2,5,2,2,6,1,5,1,,,,,,,,50,,40.7968,74.06433,N,NONE                                                                            ,156,20:30,120-04732
2.01E+15,HUDSON      ,NORTH BERGEN TWP        ,8/14/2013,W ,412,1,NORTH BERGEN PD          ,13-054315      ,0,1,0,0,I,B,N,N,11,1,NJ 3                                              ,E,3,,00000003__      ,0,2,4,2,1,6,1,3,1,200,FE,W,RAMP J                             ,,,,50,25,,,N,NJDOT GUARD RAIL (EAST SIDE OF ROADWAY)                                         ,25,4:10,120-07448
2015090915-009603              ,HUDSON      ,SECAUCUS TOWN           ,6/27/2015,SA,756,1,SECAUCUS PD              ,HQTS           ,0,0,0,0,P,B,N,N,11,1,NJ 3                                              ,E,3,,00000003__      ,8,2,1,2,1,1,1,1,1,10,FE,E,ROOSEVELT AV                       ,,,,50,,,,N,PAINT TRANSFER ON CONCRETE BARRIER                                              ,158,7:55,120-04733
2014090914-010986              ,HUDSON      ,SECAUCUS TOWN           ,6/13/2014,F ,2049,1,SECAUCUS PD              ,HQTS           ,0,1,0,0,I,B,N,N,1,2,NJ 3                                              ,E,3,,00000003__      ,8.5,2,5,2,2,6,5,1,3,,,,,,,,50,,40.7968,74.06433,N,NONE                                                                            ,141,20:50,120-04732
2.02E+15,HUDSON      ,NORTH BERGEN TWP        ,11/10/2016,TH,2155,1,NORTH BERGEN PD          ,16-096649      ,0,0,0,0,P,B,N,N,2,2,NJ 3                                              ,E,3,,00000003__      ,10.46,2,4,2,1,6,1,1,1,,FE,,NJ 495                             ,,,,50,,,,N,NONE                                                                            ,,21:55,120N13767
2015090915-009613              ,HUDSON      ,SECAUCUS TOWN           ,6/27/2015,SA,1129,1,SECAUCUS PD              ,HEADQUARTERS   ,0,1,0,0,I,B,N,N,1,2,NJ 3                                              ,E,3,,00000003__      ,,2,5,2,1,1,1,5,1,,,,,T,HC 681                   ,EB,35,,,,N,NONE                                                                            ,164,11:30,120-07448
2.02E+15,HUDSON      ,NORTH BERGEN TWP        ,11/18/2016,F ,1846,1,NORTH BERGEN PD          ,NORTH BERGEN   ,0,0,0,0,P,B,N,N,1,2,NJ 3                                              ,E,3,,00000003__      ,,2,1,2,1,7,1,4,1,,,,,,,,40,,,,N,NONE                                                                            ,350,18:45,120-07448
2018025618-25816               ,BERGEN      ,RUTHERFORD BORO         ,12/15/2018,SA,1408,1,RUTHERFORD PD            ,,0,0,0,0,P,B,N,N,1,2,NJ 3                                              ,E,3,,00000003__      ,5,2,,2,1,1,5,1,1,,,,,T,RUTHERFORD AVENUE        ,EB,55,,,,N,,97,14:10,120N04738
2018025618-25913               ,BERGEN      ,RUTHERFORD BORO         ,12/17/2018,MO,1543,1,RUTHERFORD PD            ,,0,0,0,0,P,B,N,N,15,3,NJ 3                                              ,E,3,,00000003__      ,5,2,,1,1,1,5,1,1,,,,,,,,55,,,,N,,,15:45,120N04738
2015090915-010147              ,HUDSON      ,SECAUCUS TOWN           ,7/7/2015,TU,1809,1,SECAUCUS PD              ,HQTS           ,0,0,0,0,P,B,N,N,1,2,NJ 3                                              ,E,3,,00000003__      ,10,2,4,2,1,1,1,2,1,,,,,T,PATERSON PLANK ROAD      ,,40,,,,N,NONE                                                                            ,150,18:10,120N04729
2.02E+15,HUDSON      ,NORTH BERGEN TWP        ,12/4/2016,S ,424,1,NORTH BERGEN PD          ,16-103875      ,0,0,0,0,P,B,N,N,11,1,NJ 3                                              ,E,3,,00000003__      ,10.44,2,4,2,1,5,1,1,1,100,FE,W,NJ 495                             ,,,,40,40,,,N,NONE                                                                            ,314,4:25,120N13767
2.02E+15,HUDSON      ,NORTH BERGEN TWP        ,7/15/2017,SA,435,1,NORTH BERGEN PD          ,17-064240      ,0,0,0,0,P,B,N,N,2,2,NJ 3                                              ,E,3,,00000003__      ,10.46,2,,2,2,7,2,1,,,,,NJ 495                             ,,,,50,,,,N,,461,4:35,120N13767
2.02E+15,HUDSON      ,NORTH BERGEN TWP        ,12/4/2016,S ,435,1,NORTH BERGEN PD          ,,0,0,0,0,P,B,N,N,1,2,NJ 3                                              ,E,3,,00000003__      ,10.48,2,4,2,1,5,1,1,1,100,FE,E,NJ 495                             ,,,,40,40,,,N,,314,4:35,120N13767
2.01E+15,HUDSON      ,NORTH BERGEN TWP        ,9/13/2013,F ,905,1,NORTH BERGEN PD          ,13-061180      ,0,0,0,0,P,B,N,N,2,2,NJ 3                                              ,E,3,,00000003__      ,,2,5,2,1,1,1,1,1,250,FE,W,,F,NJ 3                     ,EB,50,,,,N,,D25  ,9:05,120-07448
2018025618-25924               ,BERGEN      ,RUTHERFORD BORO         ,12/17/2018,MO,1801,1,RUTHERFORD PD            ,,0,0,0,0,P,B,N,N,2,2,NJ 3                                              ,E,3,,00000003__      ,6.2,2,,2,1,6,1,1,1,,,,,,,,55,,,,N,,67,18:00,120N04737
2.02E+15,HUDSON      ,NORTH BERGEN TWP        ,12/15/2016,TH,2255,1,NORTH BERGEN PD          ,,0,0,0,0,P,B,N,N,11,1,NJ 3                                              ,E,3,,00000003__      ,10.84,2,1,2,1,6,1,1,1,,,,US 1 / US 9                        ,,,,55,,,,N,NONE                                                                            ,314,22:55,120N13767
2.02E+15,HUDSON      ,NORTH BERGEN TWP        ,7/24/2017,MO,1427,1,NORTH BERGEN PD          ,,0,0,0,0,P,B,N,N,11,1,NJ 3                                              ,E,3,,00000003__      ,10.84,2,,2,1,1,1,4,1,,,,US 1 / US 9                        ,,,,45,,,,N,,483,14:25,120N13767
2.01E+15,HUDSON      ,NORTH BERGEN TWP        ,9/29/2013,S ,150,1,NORTH BERGEN PD          ,13-065480      ,0,0,0,0,P,B,N,N,99,1,NJ 3                                              ,E,3,,00000003__      ,10.5,2,4,2,1,4,1,3,1,,,,RT 495 EAST                        ,,,,50,,,,N,NONE                                                                            ,117,1:50,120N13767
2.01E+15,HUDSON      ,NORTH BERGEN TWP        ,10/8/2013,TU,834,1,NORTH BERGEN PD          ,,0,0,0,0,P,I,N,N,1,2,NJ 3                                              ,E,3,,00000003__      ,10.84,2,4,2,1,1,1,5,1,,AT,,US 1 / US 9                        ,,,,50,40,,,N,NONE                                                                            ,125,8:35,120N13767
2.01E+15,HUDSON      ,NORTH BERGEN TWP        ,10/13/2013,S ,425,1,NORTH BERGEN PD          ,13-068986      ,0,0,0,0,P,B,N,N,11,1,NJ 3                                              ,E,3,,00000003__      ,10.46,2,4,2,1,5,1,3,1,,,,NJ 495                             ,,,,50,50,,,N,HEAVY DAMAGE TO GUARD RAIL                                                      ,,4:25,120N13767
2.02E+15,HUDSON      ,NORTH BERGEN TWP        ,12/26/2016,M ,2307,1,NORTH BERGEN PD          ,,0,0,0,0,P,B,N,N,11,1,NJ 3                                              ,E,3,,00000003__      ,10.46,2,4,2,2,6,2,1,1,,FE,,NJ 495                             ,,,,55,,,,N,,345,23:05,120N13767
2.02E+15,HUDSON      ,NORTH BERGEN TWP        ,7/24/2017,MO,2207,1,NORTH BERGEN PD          ,,0,0,0,0,P,B,N,N,2,2,NJ 3                                              ,E,3,,00000003__      ,10.48,2,,2,1,6,1,3,2,,,,,T,NJ 495                   ,EB,45,,,,N,,267,22:05,120N13767
2015090915-010751              ,HUDSON      ,SECAUCUS TOWN           ,7/18/2015,SA,900,1,SECAUCUS PD              ,HQTS           ,0,0,0,0,P,B,N,N,99,2,NJ 3                                              ,E,3,,00000003__      ,9.4,2,1,2,6,1,2,1,1,,,,,,,,50,,,,N,NONE                                                                            ,168,9:00,120-04730
2.02E+15,HUDSON      ,NORTH BERGEN TWP        ,12/30/2016,F ,1621,1,NORTH BERGEN PD          ,,0,0,0,0,P,B,N,N,1,2,NJ 3                                              ,E,3,,00000003__      ,10.84,2,1,2,2,6,1,4,1,,,,US 1 / US 9                        ,,,,35,,,,N,,485,16:20,120N13767
2014090914-013311              ,HUDSON      ,SECAUCUS TOWN           ,8/2/2014,SA,803,1,SECAUCUS PD              ,HEADQUARTERS   ,0,0,0,0,P,B,N,N,11,1,NJ 3                                              ,E,3,,00000003__      ,9.9,2,4,2,2,1,2,1,1,,,,,,,,55,,40.78536,74.04842,Y,,149,8:05,120N04729
2.01E+15,HUDSON      ,NORTH BERGEN TWP        ,10/19/2013,SA,1247,1,NORTH BERGEN PD          ,13-070625      ,0,0,0,0,P,I,N,N,3,2,NJ 3                                              ,E,3,,00000003__      ,10.57,2,1,2,1,1,1,3,1,,AT,,RAMP H                             ,,,,50,50,,,N,,,12:45,120N13767
20160908B060-2016-03877A       ,HUDSON      ,NORTH BERGEN TWP        ,11/24/2016,TH,35,2,NEW JERSEY STATE POLICE  ,TOTOWA-SUB - SQ,0,0,0,0,P,B,Y,N,2,2,NJ 3                                              ,E,3,,00000003__      ,10.5,2,1,2,1,7,1,1,1,,,,,,,,55,,,,N,,7706,3:35,120N13767
2015090915-011073              ,HUDSON      ,SECAUCUS TOWN           ,7/24/2015,F ,832,1,SECAUCUS PD              ,HEADQUARTERS   ,0,0,0,0,P,B,N,N,2,2,NJ 3                                              ,E,3,,00000003__      ,4.39,2,1,2,1,1,1,4,1,,FE,W,300 NJ ROUTE 3 SHELL               ,,,,55,,,,N,NONE.                                                                           ,163,8:30,120N04740
2014090914-013453              ,HUDSON      ,SECAUCUS TOWN           ,8/5/2014,TU,1713,1,SECAUCUS PD              ,HEADQUARTERS   ,0,0,0,0,P,B,N,N,2,2,NJ 3                                              ,E,3,,00000003__      ,9.4,2,1,2,1,1,1,1,1,5280,FE,W,PLAZA CENTER                       ,,,,45,,,,N,NONE                                                                            ,155,17:15,120-04730
2018025618-26245               ,BERGEN      ,RUTHERFORD BORO         ,12/21/2018,FR,1132,1,RUTHERFORD PD            ,,0,0,0,0,P,B,N,N,11,1,NJ 3                                              ,E,3,,00000003__      ,6.6,2,,2,2,1,2,1,1,,,,,,,,55,,,,N,SCRATCHES ON CONCRETE BARRIER                                                   ,62,11:30,120-04736
2016090916-000013              ,HUDSON      ,SECAUCUS TOWN           ,1/1/2016,F ,523,1,SECAUCUS PD              ,HQTS           ,0,0,0,0,P,B,N,N,11,1,NJ 3                                              ,E,3,,00000003__      ,10,2,5,2,1,6,1,3,1,,,,,,,,45,,,,N,MINOR DAMAGE TO UTILITY POLE                                                    ,144,5:25,120N04729
2.01E+15,HUDSON      ,NORTH BERGEN TWP        ,12/6/2013,F ,635,1,NORTH BERGEN PD          ,13-084140      ,0,0,0,0,P,B,N,N,2,2,NJ 3                                              ,E,3,,00000003__      ,,2,1,2,2,6,2,1,1,,,,,,,,45,,,,N,,D-25 ,6:35,120-07448
2.02E+15,HUDSON      ,NORTH BERGEN TWP        ,9/14/2017,TH,1527,1,NORTH BERGEN PD          ,,0,0,0,0,P,B,N,N,2,2,NJ 3                                              ,E,3,,00000003__      ,5.8,2,,2,1,1,1,4,1,,,,SERVICE RD                         ,,,,40,,,,N,,485,15:25,120N04737
2014090914-013599              ,HUDSON      ,SECAUCUS TOWN           ,8/8/2014,F ,1849,1,SECAUCUS PD              ,HQ             ,0,0,0,0,P,I,N,N,1,2,NJ 3                                              ,E,3,,00000003__      ,9.8,2,5,2,1,1,1,2,1,,AT,,,F,HARMON MEADOW BLVD       ,SB,45,,40.78669,74.04918,N,NONE                                                                            ,111,18:50,120N04729
2.02E+15,HUDSON      ,NORTH BERGEN TWP        ,9/21/2017,TH,1056,1,NORTH BERGEN PD          ,,0,0,0,0,P,B,N,N,2,2,NJ 3                                              ,E,3,,00000003__      ,10.5,2,,2,1,1,1,1,,,,,NJ 495                             ,,,,50,,,,N,,461,10:55,120N13767
2.01E+15,HUDSON      ,NORTH BERGEN TWP        ,12/21/2013,SA,1725,1,NORTH BERGEN PD          ,13-088155      ,0,0,0,0,P,B,N,N,1,3,NJ 3                                              ,E,3,,00000003__      ,,2,1,2,1,6,1,1,,,,,,,,,,,,,N,,,17:25,120-07448
2014090914-013700              ,HUDSON      ,SECAUCUS TOWN           ,8/11/2014,M ,1151,1,SECAUCUS PD              ,HQTS           ,0,0,0,0,P,B,N,N,11,1,NJ 3                                              ,E,3,,00000003__      ,9.4,2,1,2,1,1,1,2,1,25,FE,E,PLAZA CTR RD                       ,,,,40,,,,N,"UTILITY POLE(#60868)  """"DHOOM"""" SIGN                                            ",156,11:50,120-04730
2018025618-26635               ,BERGEN      ,RUTHERFORD BORO         ,12/28/2018,FR,1307,1,RUTHERFORD PD            ,,0,2,0,0,I,B,N,N,11,2,NJ 3                                              ,E,3,,00000003__      ,5.7,2,,2,2,1,2,1,2,,,,,,,,55,,,,N,,97,13:05,120-04737
2015090915-011727              ,HUDSON      ,SECAUCUS TOWN           ,8/4/2015,TU,1936,1,SECAUCUS PD              ,HEADQUARTERS   ,0,2,0,0,I,B,N,N,1,2,NJ 3                                              ,E,3,,00000003__      ,8.6,2,1,2,1,1,1,5,1,50,FE,W,,T,MEADOWLANDS PKWY         ,,55,,,,N,NONE                                                                            ,161,19:35,120-04732
2.02E+15,HUDSON      ,NORTH BERGEN TWP        ,9/27/2017,WE,802,1,NORTH BERGEN PD          ,,0,0,0,0,P,B,N,N,2,2,NJ 3                                              ,E,3,,00000003__      ,10.5,2,,2,1,1,1,4,1,,,,NJ 495                             ,,,,55,,,,N,,353,8:00,120N13767
2015090915-011771              ,HUDSON      ,SECAUCUS TOWN           ,8/5/2015,W ,1744,1,SECAUCUS PD              ,HQTS           ,0,0,0,0,P,B,N,N,2,2,NJ 3                                              ,E,3,,00000003__      ,10.1,2,1,2,1,1,5,2,1,,,,,,,,50,,,,N,NONE                                                                            ,169,17:45,120N04729
20130908SO-13-016314           ,HUDSON      ,NORTH BERGEN TWP        ,9/2/2013,M ,333,3,HUDSON CO SHERIFFS DEPT  ,PATROL         ,1,1,0,0,F,B,N,N,10,1,NJ 3                                              ,E,3,,00000003__      ,10.5,2,4,2,2,6,2,3,1,500,FE,W,NJ 495                             ,,,,55,35,,,N,,421,3:35,120N13767
2.02E+15,HUDSON      ,NORTH BERGEN TWP        ,10/3/2017,TU,625,1,NORTH BERGEN PD          ,17-088202      ,0,0,0,0,P,I,N,N,1,2,NJ 3                                              ,E,3,,00000003__      ,10.46,2,,1,1,1,1,1,1,,AT,,NJ 495                             ,,,,50,50,,,N,,267,6:25,120N13767
2014090914-013925              ,HUDSON      ,SECAUCUS TOWN           ,8/16/2014,SA,2337,1,SECAUCUS PD              ,HQS            ,0,0,0,0,P,B,N,N,1,2,NJ 3                                              ,E,3,,00000003__      ,,2,5,2,1,6,1,3,1,,,,,T,PATERSON PLANK RD.       ,EB,40,,,,N,NONE.                                                                           ,112,23:35,120-07448
2016090916-000393              ,HUDSON      ,SECAUCUS TOWN           ,1/8/2016,F ,818,1,SECAUCUS PD              ,HEADQUARTERS   ,0,0,0,0,P,B,N,N,11,1,NJ 3                                              ,E,3,,00000003__      ,,2,5,2,1,1,1,5,1,,,,,T,PATERSON PLANK RD.       ,,55,,,,Y,,149,8:20,120-07448
2015090915-012355              ,HUDSON      ,SECAUCUS TOWN           ,8/17/2015,M ,715,1,SECAUCUS PD              ,HEADQUARTERS   ,0,1,0,0,I,B,N,N,1,2,NJ 3                                              ,E,3,,00000003__      ,9.12,2,5,1,1,1,1,2,1,,,,CR 681 / PATERSON PLANK RD         ,,,,45,,,,N,NONE.                                                                           ,163,7:15,120-04731
2014090914-014001              ,HUDSON      ,SECAUCUS TOWN           ,8/18/2014,M ,2206,1,SECAUCUS PD              ,HEADQUARTERS   ,0,0,0,0,P,B,N,N,2,2,NJ 3                                              ,E,3,,00000003__      ,0,2,1,2,1,6,1,3,1,150,FE,W,RAMP O                             ,,,,45,25,,,N,NONE                                                                            ,155,22:05,120-07448
2015090915-012576              ,HUDSON      ,SECAUCUS TOWN           ,8/21/2015,F ,913,1,SECAUCUS PD              ,HEADQUARTERS   ,0,0,0,0,P,B,N,N,2,2,NJ 3                                              ,E,3,,00000003__      ,8.6,2,2,1,1,1,1,4,1,100,FE,,MEADOWLANDS PKWY                   ,,,,55,,,,N,NONE.                                                                           ,163,9:15,120-04732
2015090915-012727              ,HUDSON      ,SECAUCUS TOWN           ,8/24/2015,M ,817,1,SECAUCUS PD              ,HQTS           ,0,0,0,0,P,B,N,N,2,2,NJ 3                                              ,E,3,,00000003__      ,9.85,2,1,2,1,1,1,2,1,,,,,,,,40,,,,N,,169,8:15,120N04729
2018090818-048529              ,HUDSON      ,NORTH BERGEN TWP        ,6/7/2018,TH,2244,1,NORTH BERGEN PD          ,18-048529      ,0,1,0,0,I,I,N,N,1,4,NJ 3                                              ,E,3,,00000003__      ,10.46,2,,2,1,7,1,1,1,,AT,,NJ 495                             ,,,,50,50,,,N,,95,22:45,120N13767
2016090916-001024              ,HUDSON      ,SECAUCUS TOWN           ,1/20/2016,W ,1427,1,SECAUCUS PD              ,HEADQUARTERS   ,0,1,0,0,I,B,N,N,2,2,NJ 3                                              ,E,3,,00000003__      ,9.9,2,1,2,1,1,1,4,1,,,E,,,,,40,,,,N,NONE.                                                                           ,163,14:25,120N04729
2013090913-000739              ,HUDSON      ,SECAUCUS TOWN           ,1/12/2013,SA,1922,1,SECAUCUS PD              ,HEADQUARTERS   ,0,0,0,0,P,I,N,N,1,4,NJ 3                                              ,E,3,,00000003__      ,,2,4,2,1,6,1,2,1,,AT,,,F,HARMON MEADOW BLVD       ,EB,40,,,,N,NONE                                                                            ,134,19:20,120-07448
2014090914-014031              ,HUDSON      ,SECAUCUS TOWN           ,8/19/2014,TU,1242,1,SECAUCUS PD              ,HQTS           ,0,0,0,0,P,B,N,N,1,2,NJ 3                                              ,E,3,,00000003__      ,,2,4,2,1,1,1,5,1,15,FE,W,,F,HARMON MEAD BLVD         ,,40,,,,N,NONE                                                                            ,156,12:40,120-07448
2016090916-001035              ,HUDSON      ,SECAUCUS TOWN           ,1/20/2016,W ,2026,1,SECAUCUS PD              ,HQTS           ,0,0,0,0,P,B,N,N,1,4,NJ 3                                              ,E,3,,00000003__      ,10.1,2,1,2,1,6,1,1,1,,,,,,,,50,,,,N,,160,20:25,120N04729