CRASH_ID,CTY_NAME,MUN_NAME,DATE,DAY,TIME,POL_CODE,POL_DEPT,POL_STA,KILLED,INJURED,PED_KILL,PED_INJ,SEVERITY,INTERSEC,ALCOHOL,HAZMAT,CRASH_TYPE,VEH_COUNT,LOCATION,LOC_DIR,ROUTE,RT_SFX,SRI,MP,RD_SYS,RD_CHAR,RD_SURF,SURF_COND,LIGHT,WEATHER,RD_DIV,RD_WRKZN,X_DIST,DIST_UNT,X_DIR,X_NAME,IS_RAMP,RAMP_RT,RAMP_DIR,SPD_LMT,SPD_X,LAT,LONG,CELL_USE,PROP_DMG,BADGE,TIME_ROUND,TMC
2.02E+15,HUDSON      ,NORTH BERGEN TWP        ,10/31/2017,TU,1111,1,NORTH BERGEN PD          ,17-096588      ,0,0,0,0,P,B,N,N,1,2,NJ 3                                              ,E,3,,00000003__      ,10.84,2,,2,1,1,1,4,1,,,,US 1 / US 9                        ,,,,40,40,,,N,,499,11:10,120N13767
2013090913-000920              ,HUDSON      ,SECAUCUS TOWN           ,1/15/2013,TU,1722,1,SECAUCUS PD              ,HQ'S           ,0,0,0,0,P,I,N,N,1,2,NJ 3                                              ,E,3,,00000003__      ,10.04,2,1,2,1,6,1,,1,,AT,,CR 681 / PATERSON PLANK RD         ,,,,,,,,N,NONE.                                                                           ,122,17:20,120N04729
2016090916-001090              ,HUDSON      ,SECAUCUS TOWN           ,1/21/2016,TH,1703,1,SECAUCUS PD              ,SPD            ,0,1,0,0,I,B,N,N,2,2,NJ 3                                              ,E,3,,00000003__      ,10,2,1,2,1,3,1,1,1,,,,,F,HUDSON COUNTY 681        ,,55,,,,N,NONE                                                                            ,167,17:05,120N04729
2015090915-012942              ,HUDSON      ,SECAUCUS TOWN           ,8/28/2015,F ,1344,1,SECAUCUS PD              ,HQ             ,0,2,0,0,I,B,N,N,1,2,NJ 3                                              ,E,3,,00000003__      ,10.2,2,1,2,1,1,1,2,1,,,,,F,PATERSON PLANK RD        ,EB,45,,,,N,,162,13:45,120N04729
2014090914-014121              ,HUDSON      ,SECAUCUS TOWN           ,8/21/2014,TH,1235,1,SECAUCUS PD              ,HEADQUARTERS   ,0,1,0,0,I,B,N,N,2,2,NJ 3                                              ,E,3,,00000003__      ,,2,1,2,1,1,1,3,1,,,,,,,,40,,,,N,,128,12:35,120-07448
2018090818-063085              ,HUDSON      ,NORTH BERGEN TWP        ,7/16/2018,MO,1020,1,NORTH BERGEN PD          ,18-063085      ,0,0,0,0,P,B,N,N,1,2,NJ 3                                              ,E,3,,00000003__      ,10.84,2,,2,1,1,1,1,1,,,,US 1 / US 9                        ,,,,55,,,,N,,104,10:20,120N13767
2016090916-001109              ,HUDSON      ,SECAUCUS TOWN           ,1/22/2016,F ,518,1,SECAUCUS PD              ,HQTS           ,0,0,0,0,P,B,N,N,2,2,NJ 3                                              ,E,3,,00000003__      ,9.9,2,1,2,1,6,1,5,1,,,,,F,HARMON MEADOW BLVD       ,EB,45,,,,N,NONE                                                                            ,157,5:20,120N04729
2015090915-013217              ,HUDSON      ,SECAUCUS TOWN           ,9/3/2015,TH,804,1,SECAUCUS PD              ,HEADQUARTERS   ,0,0,0,0,P,B,N,N,2,2,NJ 3                                              ,E,3,,00000003__      ,,2,1,2,1,1,1,5,1,15,FE,E,,F,HARMON MEADOW BLVD       ,SB,40,,,,N,NONE                                                                            ,161,8:05,120-07448
2.02E+15,HUDSON      ,NORTH BERGEN TWP        ,12/11/2017,MO,722,1,NORTH BERGEN PD          ,17-108802      ,0,0,0,0,P,I,N,N,2,2,NJ 3                                              ,E,3,,00000003__      ,,2,,2,1,1,1,4,,,AT,,,,,,25,,,,N,,87,7:20,120-07448
2.02E+15,HUDSON      ,NORTH BERGEN TWP        ,12/13/2017,WE,822,1,NORTH BERGEN PD          ,17-109456      ,0,0,0,0,P,B,N,N,2,2,NJ 3                                              ,E,3,,00000003__      ,10.84,2,,1,1,1,1,5,1,,,,US 1 / US 9                        ,,,,40,,,,N,,,8:20,120N13767
2015090915-013236              ,HUDSON      ,SECAUCUS TOWN           ,9/3/2015,TH,1421,1,SECAUCUS PD              ,HQTS           ,0,0,0,0,P,I,N,N,1,2,NJ 3                                              ,E,3,,00000003__      ,9.4,2,1,2,1,1,1,2,1,,AT,,PLAZA CENTER DR                    ,,,,45,,,,N,NONE                                                                            ,148,14:20,120-04730
2016090916-001266              ,HUDSON      ,SECAUCUS TOWN           ,1/25/2016,M ,725,1,SECAUCUS PD              ,HQTS           ,0,0,0,0,P,I,N,N,1,2,NJ 3                                              ,E,3,,00000003__      ,9.5,2,1,2,4,1,1,2,1,,AT,,ROOSEVELT AVE                      ,,,,50,25,,,N,NONE                                                                            ,160,7:25,120-04729
2015090915-013266              ,HUDSON      ,SECAUCUS TOWN           ,9/4/2015,F ,413,1,SECAUCUS PD              ,HEADQUARTERS   ,0,1,0,0,I,B,Y,N,11,1,NJ 3                                              ,E,3,,00000003__      ,9.8,2,1,2,1,6,1,1,1,1000,FE,E,400 RT3 WEST                       ,,,,55,55,,,N,NONE                                                                            ,118,4:15,120N04729
2014090914-014956              ,HUDSON      ,SECAUCUS TOWN           ,9/8/2014,M ,1157,1,SECAUCUS PD              ,HEADQUARTERS   ,0,1,0,0,I,B,N,N,2,2,NJ 3                                              ,E,3,,00000003__      ,9.12,2,1,2,1,1,1,5,1,500,FE,E,HUDSON COUNTY 681                  ,,,,55,25,,,N,YIELD SIGN AT PATERSON PLANK RD RAMP TO NJ 3 EAST UTILITY POLE P-2229 SC        ,159,11:55,120-04731
2015090915-013344              ,HUDSON      ,SECAUCUS TOWN           ,9/5/2015,SA,1534,1,SECAUCUS PD              ,HQTS           ,0,0,0,0,P,B,N,N,1,2,NJ 3                                              ,E,3,,00000003__      ,9.8,2,4,2,1,1,1,1,1,,,,,F,HARMON MEADOW BLVD       ,SB,45,,,,N,NONE                                                                            ,169,15:35,120N04729
2016090916-001453              ,HUDSON      ,SECAUCUS TOWN           ,1/28/2016,TH,554,1,SECAUCUS PD              ,HEADQUARTERS   ,0,0,0,0,P,B,N,N,2,2,NJ 3                                              ,E,3,,00000003__      ,10.2,2,1,2,2,2,1,5,1,,,,,F,HUDSON COUNTY 681        ,WB,45,,,,N,NONE                                                                            ,139,5:55,120N04729
20170908SO-17-004673           ,HUDSON      ,NORTH BERGEN TWP        ,2/13/2017,MO,1151,3,HUDSON CO SHERIFFS DEPT  ,DETECTIVE BURE?,0,1,0,0,I,B,N,N,1,2,NJ 3                                              ,E,3,,00000003__      ,10.84,2,,2,1,1,1,1,1,,,,,T,1 & 9                    ,SB,25,,,,N,,71,11:50,120N13767
2013090913-002705              ,HUDSON      ,SECAUCUS TOWN           ,2/13/2013,W ,750,1,SECAUCUS PD              ,HEADQUARTERS   ,0,0,0,0,P,I,N,N,1,2,NJ 3                                              ,E,3,,00000003__      ,,2,4,2,4,1,1,5,1,,AT,,,F,HARMON MEADOW BLVD.      ,EB,50,,,,N,NONE                                                                            ,143,7:50,120-07448
2014090914-015370              ,HUDSON      ,SECAUCUS TOWN           ,9/18/2014,TH,700,1,SECAUCUS PD              ,HQTS           ,0,0,0,0,P,B,N,N,2,2,NJ 3                                              ,E,3,,00000003__      ,10.1,2,1,2,1,1,1,5,1,50,FE,E,HUDSON COUNTY 681                  ,,,,45,,40.78254,74.04745,N,NONE                                                                            ,150,7:00,120N04729
2013090913-002840              ,HUDSON      ,SECAUCUS TOWN           ,2/15/2013,F ,750,1,SECAUCUS PD              ,HQ             ,0,0,0,0,P,B,N,N,1,2,NJ 3                                              ,E,3,,00000003__      ,,2,1,1,1,1,1,5,1,,,,,,,,55,,,,N,NONE                                                                            ,142,7:50,120-07448
2016090916-001497              ,HUDSON      ,SECAUCUS TOWN           ,1/28/2016,TH,1812,1,SECAUCUS PD              ,HQTS           ,0,0,0,0,P,B,N,N,1,2,NJ 3                                              ,E,3,,00000003__      ,,2,4,2,1,6,1,2,1,10,FE,,,T,HARMON MEADOW BLVD       ,EB,25,,,,N,,168,18:10,120-07448
2017090917-000191              ,HUDSON      ,SECAUCUS TOWN           ,1/3/2017,TU,2025,1,SECAUCUS PD              ,HEADQUARTERS   ,0,0,0,0,P,B,N,N,1,2,NJ 3                                              ,E,3,,00000003__      ,9.9,2,,2,2,6,5,4,1,,,,,F,HARMON MEADOW BLVD       ,,,,,,N,,163,20:25,120N04729
2014090914-015678              ,HUDSON      ,SECAUCUS TOWN           ,9/25/2014,TH,855,1,SECAUCUS PD              ,HQ             ,0,0,0,0,P,B,N,N,1,2,NJ 3                                              ,E,3,,00000003__      ,10.04,2,5,2,2,1,2,2,1,,,,,T,PATERSON PLANK RD        ,EB,45,,40.78339,74.04772,N,NONE                                                                            ,111,8:55,120N04729
2013090913-003259              ,HUDSON      ,SECAUCUS TOWN           ,2/21/2013,TH,1755,1,SECAUCUS PD              ,HQTS           ,0,0,0,0,P,B,N,N,1,2,NJ 3                                              ,E,3,,00000003__      ,9.12,2,5,2,1,6,1,2,1,,,,CR 681 / PATERSON PLANK RD         ,,RAMP O                   ,EB,25,25,,,N,NONE                                                                            ,151,17:55,120-04731
2018090818-082486              ,HUDSON      ,NORTH BERGEN TWP        ,9/9/2018,SU,821,1,NORTH BERGEN PD          ,18-082486      ,0,0,0,0,P,B,N,N,11,1,NJ 3                                              ,E,3,,00000003__      ,10.84,2,,2,2,1,2,1,1,,,,US 1 / US 9                        ,,,,45,,,,N,,95,8:20,120N13767
2017090917-000492              ,HUDSON      ,SECAUCUS TOWN           ,1/9/2017,MO,1707,1,SECAUCUS PD              ,HEADQUARTERS   ,0,0,0,0,P,B,N,N,1,2,NJ 3                                              ,E,3,,00000003__      ,10.24,2,,2,2,6,1,4,1,,,,SERVICE ROAD                       ,,,,,,,,N,,163,17:05,120-13767
2014090914-015968              ,HUDSON      ,SECAUCUS TOWN           ,10/1/2014,W ,1736,1,SECAUCUS PD              ,HEADQUARTERS   ,0,0,0,0,P,I,N,N,2,2,NJ 3                                              ,E,3,,00000003__      ,8.6,2,1,2,1,1,1,5,1,,AT,E,MEADOWLANDS PKWY                   ,,,,,,40.79649,74.0632,Y,,149,17:35,120-04732
2015090915-014318              ,HUDSON      ,SECAUCUS TOWN           ,9/24/2015,TH,1906,1,SECAUCUS PD              ,HEADQUARTERS   ,0,0,0,0,P,B,N,N,2,2,NJ 3                                              ,E,3,,00000003__      ,9.6,2,1,2,1,6,1,1,1,50,FE,E,ISLAND BLVD                        ,,,,40,,,,N,NONE                                                                            ,164,19:05,120-04729
2016090916-002005              ,HUDSON      ,SECAUCUS TOWN           ,2/6/2016,SA,1832,1,SECAUCUS PD              ,HQTS           ,0,1,0,0,I,B,N,N,1,2,NJ 3                                              ,E,3,,00000003__      ,10.1,2,5,2,1,6,1,2,1,15,FE,W,,T,PATERSON PLANK ROAD      ,EB,15,,,,N,NONE.                                                                           ,150,18:30,120N04729
2015090915-014412              ,HUDSON      ,SECAUCUS TOWN           ,9/26/2015,SA,1417,1,SECAUCUS PD              ,HQTS           ,0,0,0,0,P,I,N,N,2,2,NJ 3                                              ,E,3,,00000003__      ,10.04,2,4,2,1,1,1,2,1,,AT,,CR 681 / PATERSON PLANK RD         ,,,,45,,,,N,NONE                                                                            ,148,14:15,120N04729
2014090914-016008              ,HUDSON      ,SECAUCUS TOWN           ,10/2/2014,TH,1801,1,SECAUCUS PD              ,HEADQUARTERS   ,0,0,0,0,P,B,N,N,1,2,NJ 3                                              ,E,3,,00000003__      ,9.23,2,1,2,1,3,1,3,1,50,FE,E,650 NJ 3 WEST                      ,,,,40,,,,N,NONE                                                                            ,135,18:00,120N04731
2016090916-0020054             ,HUDSON      ,SECAUCUS TOWN           ,2/7/2016,S ,1951,1,SECAUCUS PD              ,HQTS           ,0,1,0,0,I,B,N,N,1,2,NJ 3                                              ,E,3,,00000003__      ,,2,1,2,1,6,1,5,1,,,,,F,HARMON MEADOW BLVD       ,SB,40,,,,N,,169,19:50,120-07448
2014090914-016077              ,HUDSON      ,SECAUCUS TOWN           ,10/3/2014,F ,2005,1,SECAUCUS PD              ,HQTS           ,0,1,0,0,I,B,N,N,1,2,NJ 3                                              ,E,3,,00000003__      ,9,2,1,2,1,6,1,1,1,,,,,,,,55,,40.79466,74.05906,N,NONE                                                                            ,150,20:05,120-04731
2015090915-014430              ,HUDSON      ,SECAUCUS TOWN           ,9/26/2015,SA,2100,1,SECAUCUS PD              ,HQTS           ,0,0,0,0,P,I,N,N,1,2,NJ 3                                              ,E,3,,00000003__      ,10.04,2,5,2,1,6,1,5,1,,AT,,CR 681 / PATERSON PLANK RD         ,,,,50,25,,,N,NONE                                                                            ,160,21:00,120N04729
2016090916-002177              ,HUDSON      ,SECAUCUS TOWN           ,2/10/2016,W ,603,1,SECAUCUS PD              ,HQTS           ,0,1,0,0,I,B,N,N,1,2,NJ 3                                              ,E,3,,00000003__      ,9.8,2,1,2,2,6,3,1,1,,,,,,,,45,,,,N,NONE                                                                            ,144,6:05,120N04729
2014090914-016236              ,HUDSON      ,SECAUCUS TOWN           ,10/7/2014,TU,1504,1,SECAUCUS PD              ,HEADQUARTERS   ,0,0,0,0,P,B,N,N,1,2,NJ 3                                              ,E,3,,00000003__      ,,2,5,2,1,1,1,5,1,,,,,F,PATERSON PLANK RD.       ,EB,40,,,,Y,,149,15:05,120-07448
2014090914-016493              ,HUDSON      ,SECAUCUS TOWN           ,10/12/2014,S ,1000,1,SECAUCUS PD              ,HEADQUARTERS   ,0,0,0,0,P,B,N,N,2,2,NJ 3                                              ,E,3,,00000003__      ,8.6,2,2,2,1,1,1,5,1,,,,,,,,55,,40.79649,74.0632,N,,159,10:00,120-04732
2015090915-014615              ,HUDSON      ,SECAUCUS TOWN           ,10/1/2015,TH,748,1,SECAUCUS PD              ,HQTS           ,0,2,0,0,I,B,N,N,1,3,NJ 3                                              ,E,3,,00000003__      ,9.95,2,1,2,1,1,1,1,1,,,,,,,,50,,,,N,NONE.                                                                           ,141,7:50,120N04729
2018090818-097030              ,HUDSON      ,NORTH BERGEN TWP        ,10/17/2018,WE,2016,1,NORTH BERGEN PD          ,18-097030      ,0,1,0,0,I,I,N,N,5,2,NJ 3                                              ,E,3,,00000003__      ,10.46,2,,2,1,6,1,5,1,,AT,E,NJ 495                             ,,,,25,25,,,N,,78,20:15,120N13767
2017090917-001031              ,HUDSON      ,SECAUCUS TOWN           ,1/19/2017,TH,1127,1,SECAUCUS PD              ,SPD            ,0,0,0,0,P,B,N,N,1,2,NJ 3                                              ,E,3,,00000003__      ,8.6,2,,2,1,1,1,3,1,,,,,,,,55,,,,N,,167,11:25,120-04732
2016090916-002238              ,HUDSON      ,SECAUCUS TOWN           ,2/10/2016,W ,2301,1,SECAUCUS PD              ,HEADQUARTERS   ,0,0,0,0,P,B,N,N,2,2,NJ 3                                              ,E,3,,00000003__      ,9.1,2,1,2,1,6,1,2,1,,,,,,,,45,,,,N,NONE                                                                            ,161,23:00,120-04731
2013090913-004313              ,HUDSON      ,SECAUCUS TOWN           ,3/11/2013,M ,1030,1,SECAUCUS PD              ,HEADQUARTERS   ,0,0,0,0,P,B,N,N,2,2,NJ 3                                              ,E,3,,00000003__      ,9.2,2,1,2,1,1,1,1,0,,,,,,,,50,,,,N,NONE                                                                            ,134,10:30,120-04731
2018090818-097794              ,HUDSON      ,NORTH BERGEN TWP        ,10/20/2018,SA,7,1,NORTH BERGEN PD          ,18-097794      ,0,0,0,0,P,I,N,N,1,2,NJ 3                                              ,E,3,,00000003__      ,10.46,2,,2,1,3,1,4,2,,AT,E,NJ 495                             ,,,,40,,,,N,,140,7:05,120N13767
2014090914-016527              ,HUDSON      ,SECAUCUS TOWN           ,10/13/2014,M ,713,1,SECAUCUS PD              ,HQTS           ,0,0,0,0,P,B,N,N,12,1,NJ 3                                              ,E,3,,00000003__      ,9.4,2,4,2,1,1,5,2,1,100,FE,S,PLAZA DRIVE                        ,,,,25,25,,,N,NONE                                                                            ,132,7:15,120-04730
2017090917-001057              ,HUDSON      ,SECAUCUS TOWN           ,1/19/2017,TH,1806,1,SECAUCUS PD              ,HQTS           ,0,0,0,0,P,B,N,N,1,2,NJ 3                                              ,E,3,,00000003__      ,8.55,2,,2,1,6,1,5,1,,FE,,,F,MEADOWLANDS PARKWAY      ,,55,,,,N,,150,18:05,120-04732
2014090914-016583              ,HUDSON      ,SECAUCUS TOWN           ,10/14/2014,TU,1250,1,SECAUCUS PD              ,HEADQUARTERS   ,0,0,0,0,P,I,N,N,3,2,NJ 3                                              ,E,3,,00000003__      ,9.4,2,1,2,1,1,1,2,1,,AT,,PLAZA CENTRE DRIVE                 ,,,,55,25,,,N,NONE                                                                            ,159,12:50,120-04730
2016090916-002548              ,HUDSON      ,SECAUCUS TOWN           ,2/16/2016,TU,732,1,SECAUCUS PD              ,HQTS           ,0,0,0,0,P,B,N,N,2,2,NJ 3                                              ,E,3,,00000003__      ,9.1,2,1,2,2,1,2,1,1,,,,,,,,50,,,,N,NONE                                                                            ,148,7:30,120-04731
2015090915-014717              ,HUDSON      ,SECAUCUS TOWN           ,10/2/2015,F ,2047,1,SECAUCUS PD              ,HQTS           ,0,0,0,0,P,B,N,N,1,2,NJ 3                                              ,E,3,,00000003__      ,9.6,2,1,2,2,6,2,,1,,,,,,,,50,,,,N,NONE                                                                            ,160,20:45,120-04729
2018090818-099401              ,HUDSON      ,NORTH BERGEN TWP        ,10/24/2018,WE,818,1,NORTH BERGEN PD          ,18-099401      ,0,0,0,0,P,B,N,N,2,2,NJ 3                                              ,E,3,,00000003__      ,10.46,2,,2,1,1,1,1,2,,,,NJ 495                             ,,,,50,,,,N,,75,8:20,120N13767
2016090916-002579              ,HUDSON      ,SECAUCUS TOWN           ,2/16/2016,TU,1439,1,SECAUCUS PD              ,HQTS           ,0,0,0,0,P,B,N,N,11,1,NJ 3                                              ,E,3,,00000003__      ,9.8,2,1,2,2,1,2,1,1,,,,,,,,50,,,,N,DOT LIGHT POST CE001129                                                         ,148,14:40,120N04729
2018090818-101981              ,HUDSON      ,NORTH BERGEN TWP        ,10/30/2018,TU,1827,1,NORTH BERGEN PD          ,18-101981      ,0,0,0,0,P,I,N,N,1,2,NJ 3                                              ,E,3,,00000003__      ,10.46,2,,2,1,3,1,1,1,,AT,E,NJ 495                             ,,,,40,,,,N,,140,18:25,120N13767
2015090915-014875              ,HUDSON      ,SECAUCUS TOWN           ,10/6/2015,TU,1247,1,SECAUCUS PD              ,HQTS           ,0,0,0,0,P,B,N,N,2,2,NJ 3                                              ,E,3,,00000003__      ,9.6,2,1,2,1,1,1,5,1,,,,,,,,55,,,,N,,168,12:45,120-04729
2016090916-002634              ,HUDSON      ,SECAUCUS TOWN           ,2/17/2016,W ,1117,1,SECAUCUS PD              ,HEADQUARTERS   ,0,1,0,0,I,B,N,N,1,2,NJ 3                                              ,E,3,,00000003__      ,9.98,2,1,2,1,1,5,5,1,,,,,F,HARMON MEADOW BLVD       ,EB,,,,,N,NONE.                                                                           ,163,11:15,120N04729
2014090914-017114              ,HUDSON      ,SECAUCUS TOWN           ,10/25/2014,SA,1312,1,SECAUCUS PD              ,HQTS           ,0,0,0,0,P,B,N,N,2,2,NJ 3                                              ,E,3,,00000003__      ,9.9,2,1,2,1,1,1,1,1,,,,,,,,55,,40.78536,74.04842,N,NONE                                                                            ,143,13:10,120N04729
2016090916-002872              ,HUDSON      ,SECAUCUS TOWN           ,2/21/2016,S ,1327,1,SECAUCUS PD              ,HEADQUARTERS   ,0,0,0,0,P,B,N,N,1,2,NJ 3                                              ,E,3,,00000003__      ,10.04,2,5,1,1,1,1,5,1,,,,,T,PATERSON PLANK RD.       ,,55,,,,Y,,149,13:25,120N04729
2013090913-004582              ,HUDSON      ,SECAUCUS TOWN           ,3/15/2013,F ,831,1,SECAUCUS PD              ,HQTS           ,0,0,0,0,P,B,N,N,2,2,NJ 3                                              ,E,3,,00000003__      ,,2,1,2,1,1,2,2,1,,,,,,,,40,,,,N,,117,8:30,120-07448
2015090915-014933              ,HUDSON      ,SECAUCUS TOWN           ,10/7/2015,W ,1244,1,SECAUCUS PD              ,HQTS           ,0,0,0,0,P,B,N,N,11,1,NJ 3                                              ,E,3,,00000003__      ,9.95,2,1,1,1,1,1,2,1,,,,,,,,40,,,,N,NONE.                                                                           ,141,12:45,120N04729
2016090916-002955              ,HUDSON      ,SECAUCUS TOWN           ,2/23/2016,TU,1309,1,SECAUCUS PD              ,HQTS           ,0,1,0,0,I,B,N,N,2,2,NJ 3                                              ,E,3,,00000003__      ,10.04,2,2,2,2,1,2,5,1,,,,CR 681 / PATERSON PLANK RD         ,,,,40,25,,,N,,169,13:10,120N04729
2013090913-004783              ,HUDSON      ,SECAUCUS TOWN           ,3/18/2013,M ,2042,1,SECAUCUS PD              ,HEADQUARTERS   ,0,0,0,0,P,B,N,N,11,1,NJ 3                                              ,E,3,,00000003__      ,10.19,2,1,2,3,6,3,1,1,,,,,,,,50,,,,N,MARKS ON CURB  LANDSCAPE IN MEDIAN                                              ,134,20:40,120N04729
2018090818-104317              ,HUDSON      ,NORTH BERGEN TWP        ,11/5/2018,MO,1941,1,NORTH BERGEN PD          ,18-104317      ,0,0,0,0,P,B,N,N,1,2,NJ 3                                              ,E,3,,00000003__      ,10.75,2,,2,2,6,2,1,1,500,FE,W,US 1 / US 9                        ,,,,40,40,,,N,,,19:40,120N13767
2016090916-003012              ,HUDSON      ,SECAUCUS TOWN           ,2/24/2016,W ,1133,1,SECAUCUS PD              ,HQ             ,0,0,0,0,P,B,N,N,11,2,NJ 3                                              ,E,3,,00000003__      ,9.7,2,1,2,2,1,2,1,1,,,,,,,,55,,,,N,,162,11:35,120-04729
2014090914-017344              ,HUDSON      ,SECAUCUS TOWN           ,10/30/2014,TH,901,1,SECAUCUS PD              ,HQS            ,0,1,0,0,I,B,N,N,1,2,NJ 3                                              ,E,3,,00000003__      ,0,2,1,2,1,1,1,2,1,100,FE,W,RAMP O                             ,,,,45,,,,N,,129,9:00,120-07448
2015090915-014955              ,HUDSON      ,SECAUCUS TOWN           ,10/7/2015,W ,1843,1,SECAUCUS PD              ,HEADQUATERS    ,0,0,0,0,P,B,N,N,1,2,NJ 3                                              ,E,3,,00000003__      ,9.12,2,1,2,1,6,1,5,1,,,,CR 681 / PATERSON PLANK RD         ,,,,25,,,,N,NONE.                                                                           ,166,18:45,120-04731
2015090915-014976              ,HUDSON      ,SECAUCUS TOWN           ,10/8/2015,TH,901,1,SECAUCUS PD              ,HEADQUATERS    ,0,1,0,0,I,B,N,N,1,2,NJ 3                                              ,E,3,,00000003__      ,8.64,2,1,2,1,1,1,1,1,200,FE,E,MEADOWLANDS PKWY                   ,,,,55,,,,N,NONE                                                                            ,164,9:00,120-04732
2017090917-002126              ,HUDSON      ,SECAUCUS TOWN           ,2/8/2017,WE,1749,1,SECAUCUS PD              ,HQTS           ,0,0,0,0,P,B,N,N,1,2,NJ 3                                              ,E,3,,00000003__      ,9.9,2,,2,1,6,1,1,1,,,,,,,,50,,,,N,,167,17:50,120N04729
2018090818-105487              ,HUDSON      ,NORTH BERGEN TWP        ,11/9/2018,FR,247,1,NORTH BERGEN PD          ,18-105487      ,0,1,0,0,I,B,N,N,6,2,NJ 3                                              ,E,3,,00000003__      ,10.6,2,,2,1,6,1,1,2,,,W,,T,US 1                     ,,50,,,,N,,149,2:45,120N13767
2013090913-004828              ,HUDSON      ,SECAUCUS TOWN           ,3/19/2013,TU,1240,1,SECAUCUS PD              ,HQTS           ,0,0,0,0,P,B,N,N,11,1,NJ 3                                              ,E,3,,00000003__      ,,2,1,2,2,1,2,1,1,,,,,,,,55,,,,N,NONE                                                                            ,150,12:40,120-07448
2017090917-002144              ,HUDSON      ,SECAUCUS TOWN           ,2/9/2017,TH,821,1,SECAUCUS PD              ,HQTS           ,0,0,0,0,P,B,N,N,2,2,NJ 3                                              ,E,3,,00000003__      ,8.7,2,,2,3,1,3,5,1,,,,,F,MEADOWLANDS PARKWAY      ,,40,,,,N,,161,8:20,120-04731
2018090818-106431              ,HUDSON      ,NORTH BERGEN TWP        ,11/11/2018,SU,1624,1,NORTH BERGEN PD          ,18-106431      ,0,0,0,0,P,I,N,N,2,2,NJ 3                                              ,E,3,,00000003__      ,10.46,2,,2,1,1,1,3,1,,AT,,NJ 495                             ,,,,55,50,,,N,,71,16:25,120N13767
2014090914-017353              ,HUDSON      ,SECAUCUS TOWN           ,10/30/2014,TH,1318,1,SECAUCUS PD              ,HQS            ,0,0,0,0,P,B,N,N,2,2,NJ 3                                              ,E,3,,00000003__      ,3.91,2,1,2,1,1,1,1,1,200,FE,W,255 NJ 3                           ,,,,50,,,,N,,129,13:20,120-04740
2015090915-014977              ,HUDSON      ,SECAUCUS TOWN           ,10/8/2015,TH,906,1,SECAUCUS PD              ,HEADQUATERS    ,0,0,0,0,P,I,N,N,2,2,NJ 3                                              ,E,3,,00000003__      ,10.5,2,1,2,1,1,1,4,1,,AT,,NJ 495                             ,,,,55,,,,N,NONE                                                                            ,143,9:05,120N13767
2013090913-005281              ,HUDSON      ,SECAUCUS TOWN           ,3/26/2013,TU,1437,1,SECAUCUS PD              ,HQTS           ,0,0,0,0,P,B,N,N,11,1,NJ 3                                              ,E,3,,00000003__      ,8.63,2,1,2,1,1,1,1,1,150,FE,E,MEADOWLANDS PKWY                   ,,,,45,25,,,N,NONE.                                                                           ,151,14:35,120-04732
2017090917-002160              ,HUDSON      ,SECAUCUS TOWN           ,2/9/2017,TH,1156,1,SECAUCUS PD              ,HEADQUARTERS   ,0,0,0,0,P,B,N,N,11,1,NJ 3                                              ,E,3,,00000003__      ,8.8,2,,2,2,1,3,5,1,,,,,,,,50,,,,N,,161,11:55,120-04731
2018090818-108431              ,HUDSON      ,NORTH BERGEN TWP        ,11/16/2018,FR,2346,1,NORTH BERGEN PD          ,18-108431      ,0,0,0,0,P,B,N,N,2,2,NJ 3                                              ,E,3,,00000003__      ,10.5,2,,2,1,6,1,4,1,,,E,NJ 495                             ,,,,50,,,,N,,,23:45,120N13767
2017090917-002164              ,HUDSON      ,SECAUCUS TOWN           ,2/9/2017,TH,1337,1,SECAUCUS PD              ,HQTS           ,0,0,0,0,P,B,N,N,11,1,NJ 3                                              ,E,3,,00000003__      ,8.7,2,,2,3,1,1,5,1,,,,,,,,50,,,,N,,169,13:35,120-04731