CRASH_ID,CTY_NAME,MUN_NAME,DATE,DAY,TIME,POL_CODE,POL_DEPT,POL_STA,KILLED,INJURED,PED_KILL,PED_INJ,SEVERITY,INTERSEC,ALCOHOL,HAZMAT,CRASH_TYPE,VEH_COUNT,LOCATION,LOC_DIR,ROUTE,RT_SFX,SRI,MP,RD_SYS,RD_CHAR,RD_SURF,SURF_COND,LIGHT,WEATHER,RD_DIV,RD_WRKZN,X_DIST,DIST_UNT,X_DIR,X_NAME,IS_RAMP,RAMP_RT,RAMP_DIR,SPD_LMT,SPD_X,LAT,LONG,CELL_USE,PROP_DMG,BADGE,TIME_ROUND,TMC
2015090915-015179              ,HUDSON      ,SECAUCUS TOWN           ,10/12/2015,M ,709,1,SECAUCUS PD              ,HEADQUATERS    ,0,0,0,0,P,B,N,N,2,2,NJ 3                                              ,E,3,,00000003__      ,9.9,2,1,2,1,1,1,5,1,,,E,,,,,55,,,,N,NONE.                                                                           ,166,7:10,120N04729
2016090916-003395              ,HUDSON      ,SECAUCUS TOWN           ,3/2/2016,W ,1615,1,SECAUCUS PD              ,HQTS           ,0,0,0,0,P,B,N,N,1,3,NJ 3                                              ,E,3,,00000003__      ,10.1,2,1,2,1,1,1,5,1,,,,,T,PATERSON PLANK RD        ,SB,40,,,,N,NONE                                                                            ,169,16:15,120N04729
2017090917-002299              ,HUDSON      ,SECAUCUS TOWN           ,2/12/2017,SU,1047,1,SECAUCUS PD              ,HEADQUARTERS   ,0,0,0,0,P,B,N,N,11,1,NJ 3                                              ,E,3,,00000003__      ,9.1,2,,2,5,1,7,2,1,,,,,,,,50,,,,N,,161,10:45,120-04731
2015090915-015326              ,HUDSON      ,SECAUCUS TOWN           ,10/15/2015,TH,800,1,SECAUCUS PD              ,HEADQUARTERS   ,0,0,0,0,P,B,N,N,1,2,NJ 3                                              ,E,3,,00000003__      ,10,2,1,2,1,1,1,5,1,,,,,,,,,,,,N,NONE.                                                                           ,166,8:00,120N04729
2015090915-015354              ,HUDSON      ,SECAUCUS TOWN           ,10/15/2015,TH,1510,1,SECAUCUS PD              ,HQ             ,0,0,0,0,P,B,N,N,99,1,NJ 3                                              ,E,3,,00000003__      ,8.7,2,2,1,1,1,1,5,1,,,,,,,,55,,,,N,,162,15:10,120-04731
2016090916-003676              ,HUDSON      ,SECAUCUS TOWN           ,3/8/2016,TU,1710,1,SECAUCUS PD              ,HQTS           ,0,0,0,0,P,B,N,N,1,2,NJ 3                                              ,E,3,,00000003__      ,9.8,2,4,2,1,1,1,2,1,,,,,F,HARMON MEADOW BLVD       ,,40,,,,N,NONE                                                                            ,150,17:10,120N04729
2017090917-002767              ,HUDSON      ,SECAUCUS TOWN           ,2/20/2017,MO,1644,1,SECAUCUS PD              ,HQTS           ,0,0,0,0,P,B,N,N,1,2,NJ 3                                              ,E,3,,00000003__      ,9.89,2,,2,1,1,1,1,1,,,,,F,HARMON MEADOW BLVD       ,,50,,,,N,,167,16:45,120N04729
2018090818-110891              ,HUDSON      ,NORTH BERGEN TWP        ,11/23/2018,FR,1229,1,NORTH BERGEN PD          ,18-110891      ,0,0,0,0,P,I,N,N,3,2,NJ 3                                              ,E,3,,00000003__      ,10.84,2,,2,1,1,1,5,1,,AT,,US 1 / US 9                        ,,,,40,35,,,N,,,12:30,120N13767
2017090917-003092              ,HUDSON      ,SECAUCUS TOWN           ,2/25/2017,SA,1535,1,SECAUCUS PD              ,HQ             ,0,0,0,0,P,B,N,N,1,2,NJ 3                                              ,E,3,,00000003__      ,9.12,2,,2,1,1,1,5,1,5,FE,S,,T,PATERSON PLANK RD        ,EB,15,,,,N,,,15:35,120-04731
2014090914-017920              ,HUDSON      ,SECAUCUS TOWN           ,11/13/2014,TH,933,1,SECAUCUS PD              ,HQS            ,0,1,0,0,I,I,N,N,1,3,NJ 3                                              ,E,3,,00000003__      ,,2,1,2,1,1,1,1,1,,AT,,,,,,,,,,N,,129,9:35,120-07448
2014090914-017989              ,HUDSON      ,SECAUCUS TOWN           ,11/14/2014,F ,1325,1,SECAUCUS PD              ,HQTS           ,0,6,0,0,I,B,N,N,2,4,NJ 3                                              ,E,3,,00000003__      ,8.5,2,2,2,1,1,1,5,1,,,,,,,,50,,40.7968,74.06433,N,PAVEMENT DAMAGE                                                                 ,156,13:25,120-04732
2017090917-003510              ,HUDSON      ,SECAUCUS TOWN           ,3/4/2017,SA,108,1,SECAUCUS PD              ,SPD HEADQUARTE?,0,0,0,0,P,B,N,N,2,2,NJ 3                                              ,E,3,,00000003__      ,8.69,2,,2,1,7,1,1,1,500,FE,E,MEADOWLANDS PKWY                   ,,,,55,25,,,N,GUARD RAIL ALONG LEFT MOST LANE OF NJ RT. 3 EAST                                ,152,1:10,120-04731
2018090818-117854              ,HUDSON      ,NORTH BERGEN TWP        ,12/11/2018,TU,759,1,NORTH BERGEN PD          ,18-117854      ,0,0,0,0,P,B,N,N,2,2,NJ 3                                              ,E,3,,00000003__      ,,2,,2,1,1,1,1,1,,,,,,,,25,,,,N,,16,8:00,120-07448
2017090917-003538              ,HUDSON      ,SECAUCUS TOWN           ,3/4/2017,SA,1246,1,SECAUCUS PD              ,HEADQUARTERS   ,0,0,0,0,P,B,N,N,2,2,NJ 3                                              ,E,3,,00000003__      ,9.8,2,,2,1,1,1,4,1,,,,SERVICE ROAD                       ,,,,,,,,N,,163,12:45,120N04729
2013090913-005938              ,HUDSON      ,SECAUCUS TOWN           ,4/6/2013,SA,424,1,SECAUCUS PD              ,HQ             ,0,2,0,0,I,B,Y,N,4,2,NJ 3                                              ,E,3,,00000003__      ,9.95,2,1,2,1,6,1,1,2,300,FE,E,HARMON MEADOW BLVD                 ,,,,50,25,,,N,,95,4:25,120N04729
2015090915-015890              ,HUDSON      ,SECAUCUS TOWN           ,10/25/2015,S ,938,1,SECAUCUS PD              ,HEADQUARTERS   ,0,0,0,0,P,B,N,N,99,1,NJ 3                                              ,E,3,,00000003__      ,10.05,2,4,2,2,1,5,1,1,50,FE,E,CR 681 / PATERSON PLANK RD         ,,,,40,,,,N,FENCE                                                                           ,164,9:40,120N04729
2013090913-005959              ,HUDSON      ,SECAUCUS TOWN           ,4/6/2013,SA,1456,1,SECAUCUS PD              ,HQ             ,0,0,0,0,P,I,N,N,2,2,NJ 3                                              ,E,3,,00000003__      ,9.89,2,1,2,1,1,1,2,1,,AT,,HARMON MEADOW BLVD                 ,,,,40,25,,,N,NONE                                                                            ,142,14:55,120N04729
2015090915-016000              ,HUDSON      ,SECAUCUS TOWN           ,10/27/2015,TU,826,1,SECAUCUS PD              ,HQS            ,0,0,0,0,P,B,N,N,2,2,NJ 3                                              ,E,3,,00000003__      ,9.2,2,1,2,1,1,1,2,1,100,FE,E,ROOSEVELT AVE                      ,,,,50,,,,N,,129,8:25,120-04731
2015090915-016382              ,HUDSON      ,SECAUCUS TOWN           ,11/2/2015,M ,1528,1,SECAUCUS PD              ,HEADQUARTERS   ,0,3,0,0,I,I,N,N,1,2,NJ 3                                              ,E,3,,00000003__      ,9.7,2,1,2,1,1,1,2,1,,AT,,,F,PATERSON PLANK RD        ,WB,45,,,,N,NONE                                                                            ,143,15:30,120-04729
2018090818-126071              ,HUDSON      ,NORTH BERGEN TWP        ,12/31/2018,MO,1010,1,NORTH BERGEN PD          ,18-126071      ,0,0,0,0,P,I,N,N,2,2,NJ 3                                              ,E,3,,00000003__      ,10.46,2,,2,1,1,1,4,1,,AT,E,NJ 495                             ,,,,45,,,,N,,,10:10,120N13767
2013090913-006002              ,HUDSON      ,SECAUCUS TOWN           ,4/7/2013,S ,1059,1,SECAUCUS PD              ,HQTS           ,0,0,0,0,P,B,N,N,15,1,NJ 3                                              ,E,3,,00000003__      ,,2,1,2,1,1,1,1,2,,,,,,,,,,,,N,NONE                                                                            ,148,11:00,120-07448
2013090913-006096              ,HUDSON      ,SECAUCUS TOWN           ,4/8/2013,M ,2334,1,SECAUCUS PD              ,HQS.           ,0,1,0,0,I,B,N,N,2,2,NJ 3                                              ,E,3,,00000003__      ,8.59,2,2,2,1,6,1,5,2,75,FE,W,MEADOWLANDS PKWY                   ,,,,50,45,,,N,NONE                                                                            ,124,23:35,120-04732
2016090916-004693              ,HUDSON      ,SECAUCUS TOWN           ,3/28/2016,M ,659,1,SECAUCUS PD              ,HQ             ,0,0,0,0,P,B,N,N,2,2,NJ 3                                              ,E,3,,00000003__      ,9.4,2,1,2,2,6,2,5,1,,,,,,,,55,,,,N,NONE                                                                            ,162,7:00,120-04730
2015090915-016553              ,HUDSON      ,SECAUCUS TOWN           ,11/5/2015,TH,1752,1,SECAUCUS PD              ,HEADQUARTERS   ,0,0,0,0,P,B,N,N,1,2,NJ 3                                              ,E,3,,00000003__      ,9.8,2,1,2,2,6,1,5,1,,,,,,,,45,,,,N,NONE                                                                            ,161,17:50,120N04729
2017090917-004246              ,HUDSON      ,SECAUCUS TOWN           ,3/16/2017,TH,942,1,SECAUCUS PD              ,HQ             ,0,0,0,0,P,B,N,N,1,2,NJ 3                                              ,E,3,,00000003__      ,9.8,2,,2,1,1,1,5,1,,,,,,,,55,,,,N,,162,9:40,120N04729
2.02E+15,HUDSON      ,NORTH BERGEN TWP        ,1/3/2018,WE,1431,1,NORTH BERGEN PD          ,18-000679      ,0,0,0,0,P,B,N,N,2,2,NJ 3                                              ,E,3,,00000003__      ,10.84,2,,2,2,1,1,1,1,,,,US 1 / US 9                        ,,,,40,,,,N,,314,14:30,120N13767
2.02E+15,HUDSON      ,NORTH BERGEN TWP        ,1/5/2018,FR,213,1,NORTH BERGEN PD          ,18-001081      ,0,0,0,0,P,I,N,N,11,1,NJ 3                                              ,E,3,,00000003__      ,10.46,2,,2,3,6,3,4,1,,AT,E,NJ 495                             ,,,,25,25,,,N,,490,2:15,120N13767
2.02E+15,HUDSON      ,NORTH BERGEN TWP        ,1/6/2018,SA,845,1,NORTH BERGEN PD          ,18-001369      ,0,1,0,0,I,I,N,N,5,2,NJ 3                                              ,E,3,,00000003__      ,10.46,2,,2,1,1,1,2,1,,AT,,,T,NJ 495                   ,WB,25,,,,N,,207,8:45,120N13767
2016090916-005118              ,HUDSON      ,SECAUCUS TOWN           ,4/4/2016,M ,1216,1,SECAUCUS PD              ,HQ             ,0,0,0,0,P,B,N,N,15,2,NJ 3                                              ,E,3,,00000003__      ,8.55,2,1,2,2,1,2,5,1,250,FE,W,MEADOWLANDS PKWY                   ,,,,45,25,,,N,NONE                                                                            ,155,12:15,120-04732
2017090917-004511              ,HUDSON      ,SECAUCUS TOWN           ,3/21/2017,TU,947,1,SECAUCUS PD              ,HQ             ,0,1,0,0,I,B,N,N,2,2,NJ 3                                              ,E,3,,00000003__      ,9.9,2,,2,1,1,1,5,1,,,,,,,,55,,,,N,,162,9:45,120N04729
2017090917-004659              ,HUDSON      ,SECAUCUS TOWN           ,3/23/2017,TH,1555,1,SECAUCUS PD              ,HEADQUARTERS   ,0,0,0,0,P,B,N,N,2,2,NJ 3                                              ,E,3,,00000003__      ,8.7,2,,2,1,1,1,4,1,,,,,T,MEADOWLANDS PARKWAY      ,WB,55,,,,N,,173,15:55,120-04731
2015090915-017004              ,HUDSON      ,SECAUCUS TOWN           ,11/13/2015,F ,1145,1,SECAUCUS PD              ,HQTS           ,0,1,0,0,I,B,N,N,1,2,NJ 3                                              ,E,3,,00000003__      ,9.7,2,4,2,1,1,1,5,1,,,,,F,HARMON MEADOW BLVD       ,,50,,,,N,NONE                                                                            ,160,11:45,120-04729
2016090916-005163              ,HUDSON      ,SECAUCUS TOWN           ,4/5/2016,TU,849,1,SECAUCUS PD              ,HEADQUARTERS   ,0,2,0,0,I,B,N,N,1,2,NJ 3                                              ,E,3,,00000003__      ,10.04,2,1,2,1,1,1,5,1,,,,,F,PATERSON PLANK RD        ,WB,45,,,,N,NONE                                                                            ,161,8:50,120N04729
2017090917-004684              ,HUDSON      ,SECAUCUS TOWN           ,3/24/2017,FR,430,1,SECAUCUS PD              ,HQTS           ,0,0,0,0,P,B,Y,N,2,2,NJ 3                                              ,E,3,,00000003__      ,9.3,2,,2,1,6,1,1,1,,,,,,,,55,,,,N,,144,4:30,120-04730
2016090916-005336              ,HUDSON      ,SECAUCUS TOWN           ,4/8/2016,F ,1722,1,SECAUCUS PD              ,HQTS           ,0,0,0,0,P,I,N,N,3,2,NJ 3                                              ,E,3,,00000003__      ,9.1,2,1,2,1,1,1,5,1,,AT,,ROOSEVELT AV                       ,,,,40,25,,,N,NONE                                                                            ,169,17:20,120-04731
2017090917-004793              ,HUDSON      ,SECAUCUS TOWN           ,3/25/2017,SA,2357,1,SECAUCUS PD              ,SPD HQ         ,0,0,0,0,P,B,N,N,2,2,NJ 3                                              ,E,3,,00000003__      ,9.98,2,,2,1,7,1,1,1,500,FE,E,HARMON MEADOW BLVD                 ,,,,55,25,,,N,,152,23:55,120N04729
2.02E+15,HUDSON      ,NORTH BERGEN TWP        ,2/3/2018,SA,408,1,NORTH BERGEN PD          ,18-009858      ,0,1,0,0,I,B,N,N,3,2,NJ 3                                              ,E,3,,00000003__      ,10.46,2,,2,1,3,1,4,1,,,,NJ 495                             ,,,,25,,,,N,,501,4:10,120N13767
2017090917-004997              ,HUDSON      ,SECAUCUS TOWN           ,3/30/2017,TH,620,1,SECAUCUS PD              ,HQTS           ,0,0,0,0,P,B,N,N,1,2,NJ 3                                              ,E,3,,00000003__      ,9.12,2,,2,1,1,1,5,1,15,FE,,,T,CR 681/PATERSON PLANK ROA,,35,,,,N,,168,6:20,120-04731
2016090916-005381              ,HUDSON      ,SECAUCUS TOWN           ,4/9/2016,SA,1552,1,SECAUCUS PD              ,HQTS           ,0,0,0,0,P,B,N,N,1,2,NJ 3                                              ,E,3,,00000003__      ,10.04,2,5,2,2,1,2,5,1,,,,,T,PATERSON PLANK ROAD      ,EB,40,,,,N,NONE                                                                            ,168,15:50,120N04729
2013090913-007051              ,HUDSON      ,SECAUCUS TOWN           ,4/24/2013,W ,927,1,SECAUCUS PD              ,HQTS           ,0,0,0,0,P,B,N,N,1,2,NJ 3                                              ,E,3,,00000003__      ,10.5,2,1,2,1,1,1,1,1,,,E,N BERGEN ENTRANCE RD               ,,,,,,,,N,NONE                                                                            ,151,9:25,120N13767
2015090915-017190              ,HUDSON      ,SECAUCUS TOWN           ,11/16/2015,M ,2038,1,SECAUCUS PD              ,HQTS           ,0,0,0,0,P,B,N,N,2,2,NJ 3                                              ,E,3,,00000003__      ,9.7,2,1,2,1,6,1,,1,15,FE,E,ISLAND BLVD                        ,,,,40,25,,,N,NONE                                                                            ,158,20:40,120-04729
2014090914-019121              ,HUDSON      ,SECAUCUS TOWN           ,12/10/2014,W ,310,1,SECAUCUS PD              ,HEADQUARTERS   ,0,0,0,0,P,B,N,N,1,2,NJ 3                                              ,E,3,,00000003__      ,9.4,2,4,2,2,6,1,2,1,,,,,T,MEADOWLANDS PKWY         ,,25,,40.79105,74.0542,N,NONE                                                                            ,139,3:10,120-04730
2013090913-007136              ,HUDSON      ,SECAUCUS TOWN           ,4/25/2013,TH,2022,1,SECAUCUS PD              ,HQTS           ,0,0,0,0,P,B,N,N,2,2,NJ 3                                              ,E,3,,00000003__      ,9.8,2,1,2,1,6,1,1,1,,,,,F,HARMON MEADOW BLVD       ,SB,40,,,,N,NONE                                                                            ,141,20:20,120N04729
2017090917-005082              ,HUDSON      ,SECAUCUS TOWN           ,3/31/2017,FR,1217,1,SECAUCUS PD              ,HQTS           ,0,0,0,0,P,B,N,N,2,2,NJ 3                                              ,E,3,,00000003__      ,9.9,2,,2,2,1,2,5,1,,,,,,,,40,,,,N,,169,12:15,120N04729
2016090916-005631              ,HUDSON      ,SECAUCUS TOWN           ,4/14/2016,TH,1551,1,SECAUCUS PD              ,HQTS           ,0,1,0,0,I,B,N,N,2,2,NJ 3                                              ,E,3,,00000003__      ,10.1,2,5,2,1,1,1,2,1,,,,,,,,40,,,,N,NONE                                                                            ,169,15:50,120N04729
2015090915-017348              ,HUDSON      ,SECAUCUS TOWN           ,11/19/2015,TH,1721,1,SECAUCUS PD              ,HQTS           ,0,1,0,0,I,B,N,N,2,2,NJ 3                                              ,E,3,,00000003__      ,10.2,2,5,2,2,6,2,2,1,,,,,,,,55,,,,N,NONE                                                                            ,148,17:20,120N04729
2.02E+15,HUDSON      ,NORTH BERGEN TWP        ,2/6/2018,TU,831,1,NORTH BERGEN PD          ,18-010654      ,0,0,0,0,P,B,N,N,1,2,NJ 3                                              ,E,3,,00000003__      ,10.46,2,,2,1,1,1,1,1,,,,NJ 495                             ,,,,40,,,,N,,424,8:30,120N13767
2017090917-005278              ,HUDSON      ,SECAUCUS TOWN           ,4/3/2017,MO,2000,1,SECAUCUS PD              ,HQTS           ,0,3,0,0,I,B,N,N,1,2,NJ 3                                              ,E,3,,00000003__      ,9.89,2,,2,1,6,1,2,1,10,FE,,,F,HARMON MEADOW BLVD       ,EB,55,,,,N,,168,20:00,120N04729
2014090914-019142              ,HUDSON      ,SECAUCUS TOWN           ,12/10/2014,W ,1054,1,SECAUCUS PD              ,HEADQUARTERS   ,0,0,0,0,P,B,N,N,1,2,NJ 3                                              ,E,3,,00000003__      ,4.39,2,1,2,2,1,2,1,1,20,FE,W,300 RT. 3 EAST                     ,,,,50,,,,N,NONE.                                                                           ,125,10:55,120N04740
2.02E+15,HUDSON      ,NORTH BERGEN TWP        ,2/7/2018,WE,416,1,NORTH BERGEN PD          ,18-010936      ,0,0,0,0,P,B,N,N,2,2,NJ 3                                              ,E,3,,00000003__      ,,2,,2,1,5,1,4,1,,,,,,,,40,,,,N,,489,4:15,120-07448
2013090913-007175              ,HUDSON      ,SECAUCUS TOWN           ,4/26/2013,F ,1234,1,SECAUCUS PD              ,HEADQUARTERS   ,0,0,0,0,P,B,N,N,1,2,NJ 3                                              ,E,3,,00000003__      ,,2,6,2,1,1,1,2,1,,,,,T,PATERSON PLANK RD        ,EB,40,,,,N,,146,12:35,120-07448
2014090914-019146              ,HUDSON      ,SECAUCUS TOWN           ,12/10/2014,W ,1202,1,SECAUCUS PD              ,HQTS           ,0,1,0,0,I,I,N,N,1,2,NJ 3                                              ,E,3,,00000003__      ,9.4,2,4,2,2,1,2,2,1,,AT,,PLAZA CENTER RD                    ,,,,45,25,,,N,NONE                                                                            ,156,12:00,120-04730
2017090917-005356              ,HUDSON      ,SECAUCUS TOWN           ,4/5/2017,WE,915,1,SECAUCUS PD              ,HEADQUARTERS   ,0,0,0,0,P,B,N,N,2,2,NJ 3                                              ,E,3,,00000003__      ,8.52,2,,2,1,1,1,5,1,,,,,,,,55,,,,N,,173,9:15,120-04732
2016090916-006105              ,HUDSON      ,SECAUCUS TOWN           ,4/23/2016,SA,1625,1,SECAUCUS PD              ,HEADQUARTERS   ,0,2,0,0,I,B,Y,N,1,2,NJ 3                                              ,E,3,,00000003__      ,8.6,2,2,2,1,1,1,5,1,,,,,,,,50,,,,Y,BENT GUARD RAIL                                                                 ,161,16:25,120-04732
2015090915-017678              ,HUDSON      ,SECAUCUS TOWN           ,11/25/2015,W ,1859,1,SECAUCUS PD              ,HQTS           ,0,1,0,0,I,I,N,N,1,2,NJ 3                                              ,E,3,,00000003__      ,10.04,2,5,2,1,7,1,2,1,,AT,,CR 681 / PATERSON PLANK RD         ,,,,25,,,,N,NONE                                                                            ,148,19:00,120N04729
2.02E+15,HUDSON      ,NORTH BERGEN TWP        ,2/18/2018,SU,1950,1,NORTH BERGEN PD          ,18-014481      ,0,0,0,0,P,B,N,N,1,2,NJ 3                                              ,E,3,,00000003__      ,10.46,2,,2,2,6,1,1,1,,,,,T,NJ 495                   ,,25,,,,N,,314,19:50,120N13767
2013090913-007374              ,HUDSON      ,SECAUCUS TOWN           ,4/29/2013,M ,1644,1,SECAUCUS PD              ,HEADQUARTERS   ,0,0,0,0,P,B,N,N,2,2,NJ 3                                              ,E,3,,00000003__      ,,2,1,2,1,1,1,2,1,,,,,,,,50,,,,N,NONE                                                                            ,125,16:45,120-07448
2015090915-017757              ,HUDSON      ,SECAUCUS TOWN           ,11/27/2015,F ,1354,1,SECAUCUS PD              ,HQTS           ,0,4,0,0,I,B,N,N,1,3,NJ 3                                              ,E,3,,00000003__      ,9.7,2,5,2,1,1,1,5,1,,,,,F,HARMON MEADOW BLVD       ,,50,,,,N,NONE                                                                            ,160,13:55,120-04729
2016090916-006517              ,HUDSON      ,SECAUCUS TOWN           ,5/1/2016,S ,1257,1,SECAUCUS PD              ,HEADQUARTERS   ,0,0,0,0,P,B,N,N,1,2,NJ 3                                              ,E,3,,00000003__      ,9.89,2,4,2,2,1,2,5,1,,,,,F,HARMON MEADOW BLVD       ,,50,,,,Y,NONE                                                                            ,149,12:55,120N04729
2017090917-005440              ,HUDSON      ,SECAUCUS TOWN           ,4/6/2017,TH,1718,1,SECAUCUS PD              ,HQTS           ,0,0,0,0,P,B,N,N,11,2,NJ 3                                              ,E,3,,00000003__      ,9.8,2,,2,2,1,2,1,1,,,,,,,,,,,,N,CONCRETE BARRIER HAS A TIRE MARK.                                               ,148,17:20,120N04729
2.02E+15,HUDSON      ,NORTH BERGEN TWP        ,3/14/2018,WE,641,1,NORTH BERGEN PD          ,18-021472      ,0,0,0,0,P,B,N,N,2,2,NJ 3                                              ,E,3,,00000003__      ,10.5,2,,2,1,6,1,2,1,,,,NJ 495                             ,,,,50,,,,N,,348,6:40,120N13767
2015090915-017947              ,HUDSON      ,SECAUCUS TOWN           ,12/1/2015,TU,1138,1,SECAUCUS PD              ,HEADQUARTERS   ,0,0,0,0,P,R,N,N,2,2,NJ 3                                              ,E,3,,00000003__      ,,2,2,2,2,1,2,1,1,,,,,T,MEADOWLANDS PKWY         ,SB,55,,,,N,NONE                                                                            ,134,11:40,120-07448
2015090915-017961              ,HUDSON      ,SECAUCUS TOWN           ,12/1/2015,TU,1701,1,SECAUCUS PD              ,HEADQUARTERS   ,0,0,0,0,P,B,N,N,3,2,NJ 3                                              ,E,3,,00000003__      ,8.6,2,2,2,2,6,2,5,1,,,,,,,,50,,,,N,NONE                                                                            ,161,17:00,120-04732
2014090914-019688              ,HUDSON      ,SECAUCUS TOWN           ,12/22/2014,M ,1607,1,SECAUCUS PD              ,HEADQUARTERS   ,0,0,0,0,P,B,N,N,11,1,NJ 3                                              ,E,3,,00000003__      ,9.4,2,5,2,2,3,2,2,1,,,,,F,HC 681                   ,,25,,40.79105,74.0542,N,,128,16:05,120-04730
2017090917-005517              ,HUDSON      ,SECAUCUS TOWN           ,4/7/2017,FR,1548,1,SECAUCUS PD              ,HQTS           ,0,1,0,0,I,B,N,N,1,2,NJ 3                                              ,E,3,,00000003__      ,10,2,,2,1,1,5,5,1,,,,,F,PATERSON PLANK RD        ,NB,40,,,,N,,169,15:50,120N04729
2014090914-019757              ,HUDSON      ,SECAUCUS TOWN           ,12/24/2014,W ,1343,1,SECAUCUS PD              ,HEADQUARTERS   ,0,2,0,0,I,B,N,N,1,2,NJ 3                                              ,E,3,,00000003__      ,9.9,2,4,2,2,1,2,2,1,,,,,F,HARMON MEADOW BLVD       ,SB,55,,40.78536,74.04842,N,NONE                                                                            ,159,13:45,120N04729
2.02E+15,HUDSON      ,NORTH BERGEN TWP        ,3/18/2018,SU,543,1,NORTH BERGEN PD          ,18-022741      ,0,0,0,0,P,B,N,N,11,1,NJ 3                                              ,E,3,,00000003__      ,10.84,2,,2,1,5,1,1,1,,,,,F,US 1                     ,EB,50,,,,N,,489,5:45,120N13767
2015090915-018364              ,HUDSON      ,SECAUCUS TOWN           ,12/9/2015,W ,917,1,SECAUCUS PD              ,HEADQUARTERS   ,0,0,0,0,P,B,N,N,2,2,NJ 3                                              ,E,3,,00000003__      ,8.6,2,2,2,1,1,1,5,1,,,,MEADOWLANDS PKWY                   ,,,,,,,,Y,,149,9:15,120-04732
2015090915-018589              ,HUDSON      ,SECAUCUS TOWN           ,12/13/2015,S ,403,1,SECAUCUS PD              ,HEADQUARTERS   ,0,0,0,0,P,B,N,N,11,1,NJ 3                                              ,E,3,,00000003__      ,8.5,2,1,1,1,6,1,5,1,,,,,,,,55,,,,N,GUARD RAIL                                                                      ,155,4:05,120-04732
2014090914-019920              ,HUDSON      ,SECAUCUS TOWN           ,12/28/2014,S ,1656,1,SECAUCUS PD              ,HEADQUARTERS   ,0,0,0,0,P,B,N,N,1,2,NJ 3                                              ,E,3,,00000003__      ,8.51,2,2,2,1,6,1,5,1,500,FE,W,MEADOWLANDS PKWY                   ,,,,55,25,40.79677,74.06422,N,NONE                                                                            ,159,16:55,120-04732
2013090913-008540              ,HUDSON      ,SECAUCUS TOWN           ,5/17/2013,F ,2117,1,SECAUCUS PD              ,HEADQUARTERS   ,0,0,0,0,P,B,N,N,2,3,NJ 3                                              ,E,3,,00000003__      ,8.8,2,1,2,1,6,1,5,1,,,,,,,,50,,,,N,,146,21:15,120-04731
2017090917-005677              ,HUDSON      ,SECAUCUS TOWN           ,4/10/2017,MO,902,1,SECAUCUS PD              ,HEADQUARTERS   ,0,0,0,0,P,B,N,N,2,2,NJ 3                                              ,E,3,,00000003__      ,9.6,2,,2,1,1,1,1,1,,,,,,,,55,,,,N,,173,9:00,120-04729
2.02E+15,HUDSON      ,NORTH BERGEN TWP        ,4/9/2018,MO,33,1,NORTH BERGEN PD          ,18-028929      ,0,0,0,0,P,B,N,N,11,1,NJ 3                                              ,E,3,,00000003__      ,10.46,2,,2,1,6,1,5,1,,,,NJ 495                             ,,,,45,,,,N,,386,3:35,120N13767
2016090916-006655              ,HUDSON      ,SECAUCUS TOWN           ,5/4/2016,W ,641,1,SECAUCUS PD              ,HEADQUARTERS   ,0,2,0,0,I,B,N,N,1,3,NJ 3                                              ,E,3,,00000003__      ,10.2,2,1,2,2,2,5,1,1,,,,,,,,55,,,,N,SCRAPES AND GOUGES ON THE CONCRETE DIVIDER LOCATED BETWEEN THE NJ 3 EAST AND WE?,159,6:40,120N04729
2016090916-006656              ,HUDSON      ,SECAUCUS TOWN           ,5/4/2016,W ,754,1,SECAUCUS PD              ,HQTS           ,0,0,0,0,P,B,N,N,1,2,NJ 3                                              ,E,3,,00000003__      ,9.7,2,1,2,1,1,1,5,1,,,,,,,,55,,,,N,NONE                                                                            ,168,7:55,120-04729
2015090915-018847              ,HUDSON      ,SECAUCUS TOWN           ,12/17/2015,TH,1249,1,SECAUCUS PD              ,HEADQUARTERS   ,0,0,0,0,P,B,N,N,1,2,NJ 3                                              ,E,3,,00000003__      ,9.77,2,1,2,2,6,2,5,1,,,,,,,,50,,,,N,NONE                                                                            ,161,12:50,120N04729
2017090917-006053              ,HUDSON      ,SECAUCUS TOWN           ,4/15/2017,SA,2344,1,SECAUCUS PD              ,HQTS           ,0,0,0,0,P,B,N,N,2,2,NJ 3                                              ,E,3,,00000003__      ,10,2,,2,1,6,1,5,1,,,,,F,PATERSON PLANK RD        ,EB,40,,,,N,,169,23:45,120N04729