CRASH_ID,CTY_NAME,MUN_NAME,DATE,DAY,TIME,POL_CODE,POL_DEPT,POL_STA,KILLED,INJURED,PED_KILL,PED_INJ,SEVERITY,INTERSEC,ALCOHOL,HAZMAT,CRASH_TYPE,VEH_COUNT,LOCATION,LOC_DIR,ROUTE,RT_SFX,SRI,MP,RD_SYS,RD_CHAR,RD_SURF,SURF_COND,LIGHT,WEATHER,RD_DIV,RD_WRKZN,X_DIST,DIST_UNT,X_DIR,X_NAME,IS_RAMP,RAMP_RT,RAMP_DIR,SPD_LMT,SPD_X,LAT,LONG,CELL_USE,PROP_DMG,BADGE,TIME_ROUND,TMC
2.02E+15,HUDSON      ,NORTH BERGEN TWP        ,4/13/2018,FR,2345,1,NORTH BERGEN PD          ,18-030671      ,0,0,0,0,P,B,N,N,99,1,NJ 3                                              ,E,3,,00000003__      ,10.84,2,,2,1,3,1,2,1,,,,US 1 / US 9                        ,,,,45,,,,N,,501,23:45,120N13767
2.02E+15,HUDSON      ,NORTH BERGEN TWP        ,4/16/2018,MO,810,1,NORTH BERGEN PD          ,18-031269      ,0,0,0,0,P,B,N,N,1,2,NJ 3                                              ,E,3,,00000003__      ,10.46,2,,2,2,1,2,4,1,,,E,NJ 495                             ,,,,40,,,,N,,307,8:10,120N13767
2.02E+15,HUDSON      ,NORTH BERGEN TWP        ,4/19/2018,TH,935,1,NORTH BERGEN PD          ,NORTH-BERGEN 1?,0,0,0,0,P,I,N,N,2,2,NJ 3                                              ,E,3,,00000003__      ,10.46,2,,2,1,1,5,1,1,,AT,,,T,NJ 495                   ,EB,55,,,,N,,393,9:35,120N13767
2015090915-019033              ,HUDSON      ,SECAUCUS TOWN           ,12/21/2015,M ,656,1,SECAUCUS PD              ,SPD            ,0,0,0,0,P,B,N,N,2,2,NJ 3                                              ,E,3,,00000003__      ,8.5,2,5,1,1,2,1,4,1,,,,,,,,55,,,,N,NONE                                                                            ,167,6:55,120-04732
2016090916-006786              ,HUDSON      ,SECAUCUS TOWN           ,5/6/2016,F ,816,1,SECAUCUS PD              ,HEADQUARTERS   ,0,1,0,0,I,B,N,N,1,2,NJ 3                                              ,E,3,,00000003__      ,10,2,1,2,2,1,2,4,1,,,,,T,PATERSON PLANK RD        ,EB,25,,,,N,NONE.                                                                           ,163,8:15,120N04729
2017090917-006541              ,HUDSON      ,SECAUCUS TOWN           ,4/22/2017,SA,1101,1,SECAUCUS PD              ,HQTS           ,0,0,0,0,P,B,N,N,1,2,NJ 3                                              ,E,3,,00000003__      ,10,2,,2,1,1,5,5,1,,,,,T,PATERSON PLANK RD        ,EB,40,,,,N,,169,11:00,120N04729
2013090913-008960              ,HUDSON      ,SECAUCUS TOWN           ,5/24/2013,F ,2138,1,SECAUCUS PD              ,HQTS           ,0,0,0,0,P,B,N,N,11,1,NJ 3                                              ,E,3,,00000003__      ,,2,1,2,2,6,2,2,1,,,,,,,,40,,,,N,,150,21:40,120-07448
2014160213-124                 ,PASSAIC     ,CLIFTON CITY            ,1/5/2014,S ,757,1,CLIFTON PD               ,CLIFTON        ,0,0,0,0,P,B,N,N,11,1,NJ 3                                              ,E,3,,00000003__      ,,2,1,2,1,1,5,5,1,5,FE,W,,,GSP (RAMP)               ,SB,55,,,,N,,269,7:55,120-07448
2017090917-006689              ,HUDSON      ,SECAUCUS TOWN           ,4/25/2017,TU,1443,1,SECAUCUS PD              ,HQTS           ,0,0,0,0,P,B,N,N,1,2,NJ 3                                              ,E,3,,00000003__      ,9.1,2,,2,2,1,2,1,1,,,,PLAZA CENTER                       ,,,,45,,,,N,,167,14:45,120-04731
2013090913-009169              ,HUDSON      ,SECAUCUS TOWN           ,5/28/2013,TU,1919,1,SECAUCUS PD              ,HEADQUARTERS   ,0,0,0,0,P,B,N,N,11,1,NJ 3                                              ,E,3,,00000003__      ,9.91,2,1,2,2,3,2,3,1,100,FE,E,HARMON MEADOW BLVD                 ,,,,50,,,,Y,DOT LIGHT POLE 3-257  3-258                                                     ,149,19:20,120N04729
2014160213-165                 ,PASSAIC     ,CLIFTON CITY            ,1/6/2014,M ,733,1,CLIFTON PD               ,CLIFTON        ,0,0,0,0,P,B,N,N,1,2,NJ 3                                              ,E,3,,00000003__      ,0.1,2,2,2,2,1,2,5,1,,,E,VALLEY ROAD                        ,,,,55,,,,N,,269,7:35,120-07448
2014160214-0833                ,PASSAIC     ,CLIFTON CITY            ,6/23/2014,M ,831,1,CLIFTON PD               ,CLIFTON        ,0,0,0,0,P,B,N,N,1,2,NJ 3                                              ,E,3,,00000003__      ,2.62,2,1,2,1,1,1,1,1,100,FE,W,CR 622 / BLOOMFIELD AVE            ,,,,55,30,40.84053,74.16149,N,NONE                                                                            ,,8:30,120-07443
2017090917-006717              ,HUDSON      ,SECAUCUS TOWN           ,4/25/2017,TU,2046,1,SECAUCUS PD              ,HQTS           ,0,0,0,0,P,B,N,N,11,1,NJ 3                                              ,E,3,,00000003__      ,9.6,2,,2,2,7,2,3,1,,FE,W,HARMON MEADOW BLVD                 ,,,,50,25,,,N,TRAFFIC SIGN BENT AND BROKEN AT BASE.                                           ,160,20:45,120-04729
2013090913-009262              ,HUDSON      ,SECAUCUS TOWN           ,5/30/2013,TH,1306,1,SECAUCUS PD              ,HQ             ,0,0,0,0,P,B,N,N,2,2,NJ 3                                              ,E,3,,00000003__      ,3.91,2,1,2,1,1,1,1,,,,W,255 ROUTE 3 EAST                   ,,,,50,40,,,N,NONE                                                                            ,142,13:05,120-04740
2.02E+15,HUDSON      ,NORTH BERGEN TWP        ,5/1/2018,TU,639,1,NORTH BERGEN PD          ,NORTH BERGEN P?,0,0,0,0,P,B,N,N,1,2,NJ 3                                              ,E,3,,00000003__      ,,2,,2,1,1,1,1,1,,,,,,,,40,,,,N,,398,6:40,120-07448
2014160214-100103              ,PASSAIC     ,CLIFTON CITY            ,12/9/2014,TU,2051,1,CLIFTON PD               ,,0,0,0,0,P,I,N,N,2,2,NJ 3                                              ,E,3,,00000003__      ,0.51,2,1,2,2,6,1,1,1,,AT,,CR 623 / GROVE ST                  ,,,,55,35,40.86533,74.18225,N,NONE                                                                            ,239,20:50,120N07448
2017090917-006816              ,HUDSON      ,SECAUCUS TOWN           ,4/27/2017,TH,1438,1,SECAUCUS PD              ,HQTS           ,0,0,0,0,P,B,N,N,11,1,NJ 3                                              ,E,3,,00000003__      ,8.6,2,,2,1,1,1,2,1,,,,,T,MEADOWLANDS PW           ,NB,50,,,,N,,160,14:40,120-04732
2.02E+15,HUDSON      ,NORTH BERGEN TWP        ,5/1/2018,TU,744,1,NORTH BERGEN PD          ,18-035948      ,0,0,0,0,P,B,N,N,1,2,NJ 3                                              ,E,3,,00000003__      ,10.84,2,,2,1,1,1,1,,,,S,US 1 / US 9                        ,,,,40,40,,,N,,372,7:45,120N13767
2013090913-009316              ,HUDSON      ,SECAUCUS TOWN           ,5/31/2013,F ,903,1,SECAUCUS PD              ,HQTS           ,0,0,0,0,P,I,N,N,1,2,NJ 3                                              ,E,3,,00000003__      ,8.6,2,1,2,1,1,1,4,1,,AT,E,MEADOWLANDS PKWY                   ,,,,,,,,N,NONE                                                                            ,151,9:05,120-04732
2017090917-006849              ,HUDSON      ,SECAUCUS TOWN           ,4/27/2017,TH,2150,1,SECAUCUS PD              ,HQ             ,0,1,0,0,I,B,N,N,11,1,NJ 3                                              ,E,3,,00000003__      ,9.5,2,,2,1,6,1,1,,,,,,,,,55,,,,N,,142,21:50,120-04729
2015090915-019195              ,HUDSON      ,SECAUCUS TOWN           ,7/17/2015,F ,1342,3,HUDSON CO SHERIFFS DEPT  ,PATROL         ,0,0,0,0,P,I,N,N,1,2,NJ 3                                              ,E,3,,00000003__      ,9.89,2,1,2,1,1,1,1,1,,AT,W,HARMON MEADOW BLVD                 ,,,,35,25,,,Y,,1057,13:40,120N04729
2017090917-006859              ,HUDSON      ,SECAUCUS TOWN           ,4/28/2017,FR,807,1,SECAUCUS PD              ,HEADQUARTERS   ,0,0,0,0,P,B,N,N,1,2,NJ 3                                              ,E,3,,00000003__      ,8.54,2,,2,2,1,1,5,1,300,FE,W,MEADOWLANDS PKWY                   ,,,,55,25,,,N,,155,8:05,120-04732
2013090913-009492              ,HUDSON      ,SECAUCUS TOWN           ,6/3/2013,M ,747,1,SECAUCUS PD              ,SPD HEADQUARTE?,0,0,0,0,P,B,N,N,2,3,NJ 3                                              ,E,3,,00000003__      ,8.62,2,1,2,2,1,2,1,1,100,FE,E,MEADOWLANDS PKWY                   ,,,,,55,,,N,,152,7:45,120-04732
2.02E+15,HUDSON      ,SECAUCUS TOWN           ,6/26/2015,F ,2233,1,NORTH BERGEN PD          ,15-052180      ,0,0,0,0,P,I,N,N,2,2,NJ 3                                              ,E,3,,00000003__      ,10.2,2,4,2,1,6,1,4,1,,AT,,,T,RT 495 EAST              ,EB,40,,,,N,,,22:35,120N04729
2014160214-10032               ,PASSAIC     ,CLIFTON CITY            ,9/20/2014,SA,52,1,CLIFTON PD               ,PATROL         ,0,1,0,0,I,B,Y,N,11,1,NJ 3                                              ,E,3,,00000003__      ,,2,1,2,1,6,1,1,1,,,,,T,CR 601                   ,,50,,,,N,NONE                                                                            ,7032,5:50,120-07448
2018090918-000114              ,HUDSON      ,SECAUCUS TOWN           ,1/2/2018,TU,1857,1,SECAUCUS PD              ,HEADQUARTERS   ,0,0,0,0,P,B,N,N,1,2,NJ 3                                              ,E,3,,00000003__      ,8.6,2,,2,1,6,1,4,1,,,,,F,MEADOWLANDS PKWY         ,,45,,,,N,,172,18:55,120-04732
2017090917-006936              ,HUDSON      ,SECAUCUS TOWN           ,4/29/2017,SA,1639,1,SECAUCUS PD              ,SPD            ,0,0,0,0,P,B,N,N,1,2,NJ 3                                              ,E,3,,00000003__      ,9.89,2,,2,1,1,1,5,1,,,,,F,HARMON MEADOW BLVD       ,,40,,,,N,,172,16:40,120N04729
2017090917-006940              ,HUDSON      ,SECAUCUS TOWN           ,4/29/2017,SA,1808,1,SECAUCUS PD              ,,0,0,0,0,P,B,N,N,11,1,NJ 3                                              ,E,3,,00000003__      ,8.84,2,,2,1,1,1,2,1,50,FE,W,,,,,45,,,,N,,172,18:10,120-04731
2018090918-000204              ,HUDSON      ,SECAUCUS TOWN           ,1/4/2018,TH,806,1,SECAUCUS PD              ,HQTS           ,0,0,0,0,P,B,N,N,11,1,NJ 3                                              ,E,3,,00000003__      ,9.88,2,,2,3,1,3,1,1,50,FE,W,HARMON MEADOW BLVD                 ,,,,50,,,,N,,175,8:05,120N04729
2018090918-000228              ,HUDSON      ,SECAUCUS TOWN           ,1/4/2018,TH,1313,1,SECAUCUS PD              ,HEADQUARTERS   ,0,0,0,0,P,B,N,N,1,2,NJ 3                                              ,E,3,,00000003__      ,8.6,2,,2,3,1,3,2,1,,,,,T,MEADOWLANDS PKWY         ,SB,25,,,,N,,174,13:15,120-04732
2016090916-007811              ,HUDSON      ,SECAUCUS TOWN           ,5/24/2016,TU,725,1,SECAUCUS PD              ,SPD            ,0,0,0,0,P,B,N,N,1,2,NJ 3                                              ,E,3,,00000003__      ,9.1,2,1,2,2,1,2,1,1,,,,,,,,50,,,,N,,167,7:25,120-04731
20150909SO-15-025903           ,HUDSON      ,SECAUCUS TOWN           ,9/26/2015,SA,2214,3,HUDSON CO SHERIFFS DEPT  ,PATROL         ,0,1,0,0,I,I,N,N,1,2,NJ 3                                              ,E,3,,00000003__      ,9.89,2,1,2,1,6,1,4,1,,AT,E,HARMON MEADOW BLVD                 ,,,,25,25,,,N,,1026,22:15,120N04729
2013090913-009944              ,HUDSON      ,SECAUCUS TOWN           ,6/10/2013,M ,752,1,SECAUCUS PD              ,HQTS           ,0,0,0,0,P,I,N,N,2,2,NJ 3                                              ,E,3,,00000003__      ,9.9,2,1,2,1,1,5,2,1,,AT,,,F,PATERSON PLANK RD        ,WB,40,,,,N,,141,7:50,120N04729
2014160214-10064               ,PASSAIC     ,CLIFTON CITY            ,9/21/2014,S ,356,1,CLIFTON PD               ,,0,2,0,0,I,B,N,N,1,2,NJ 3                                              ,E,3,,00000003__      ,1.87,2,1,2,2,6,2,1,1,500,FE,E,HEPBURN RD                         ,,,,55,25,40.84808,74.17151,N,,10048,3:55,120-07444
2017090917-0070444             ,HUDSON      ,SECAUCUS TOWN           ,5/8/2017,MO,740,1,SECAUCUS PD              ,HQ             ,0,0,0,0,P,B,N,N,2,2,NJ 3                                              ,E,3,,00000003__      ,9.4,2,,2,1,1,1,2,1,,,,,,,,40,,,,N,,142,7:40,120-04730
2013090913-010008              ,HUDSON      ,SECAUCUS TOWN           ,6/11/2013,TU,752,1,SECAUCUS PD              ,HQ             ,0,0,0,0,P,B,N,N,2,2,NJ 3                                              ,E,3,,00000003__      ,9.85,2,1,2,1,1,1,1,1,200,FE,W,HARMON MEADOW BLVD                 ,,,,55,25,,,N,NONE                                                                            ,142,7:50,120N04729
2014160214-100646              ,PASSAIC     ,CLIFTON CITY            ,12/13/2014,SA,2053,1,CLIFTON PD               ,PATROL         ,0,0,0,0,P,B,N,N,2,2,NJ 3                                              ,E,3,,00000003__      ,0.53,2,1,2,1,6,1,1,1,100,FE,E,CR 623 / GROVE ST                  ,,,,55,35,40.86508,74.18209,N,NONE                                                                            ,6019,20:55,120N07448
2018090918-000367              ,HUDSON      ,SECAUCUS TOWN           ,1/6/2018,SA,1502,1,SECAUCUS PD              ,HQTS           ,0,0,0,0,P,B,N,N,1,2,NJ 3                                              ,E,3,,00000003__      ,9.89,2,,2,1,1,1,3,1,,,,,F,HARMON MEADOW BLVD       ,,50,,,,N,,176,15:00,120N04729
2016090916-008439              ,HUDSON      ,SECAUCUS TOWN           ,6/3/2016,F ,522,1,SECAUCUS PD              ,HEADQUARTERS   ,0,0,0,0,P,I,N,N,99,1,NJ 3                                              ,E,3,,00000003__      ,8,2,1,2,1,2,1,2,1,,AT,,ROOSEVELT AVENUE                   ,,,,55,,,,N,NONE.                                                                           ,147,5:20,120-04733
2018090918-000371              ,HUDSON      ,SECAUCUS TOWN           ,1/6/2018,SA,1639,1,SECAUCUS PD              ,HQTS           ,0,0,0,0,P,B,N,N,1,2,NJ 3                                              ,E,3,,00000003__      ,9.89,2,,2,1,3,1,2,1,,,,,F,HARMON MEADOW BLVD       ,,50,,,,N,,176,16:40,120N04729
2013090913-010248              ,HUDSON      ,SECAUCUS TOWN           ,6/14/2013,F ,2053,1,SECAUCUS PD              ,HQ             ,0,1,0,0,I,B,N,N,11,1,NJ 3                                              ,E,3,,00000003__      ,8,2,1,2,1,6,1,1,1,15,FE,W,ROOSEVELT AVE.                     ,,,,55,25,,,N,NONE VISIBLE                                                                    ,142,20:55,120-04733
2014160214-100655              ,PASSAIC     ,CLIFTON CITY            ,12/13/2014,SA,2329,1,CLIFTON PD               ,CLIFTON P.D    ,0,2,0,0,I,B,N,N,1,2,NJ 3                                              ,E,3,,00000003__      ,1.44,2,1,2,1,6,1,1,1,50,FE,W,GARDEN STATE PARKWAY               ,,,,50,55,,,N,NONE                                                                            ,286,23:30,120-07444
2017090917-007310              ,HUDSON      ,SECAUCUS TOWN           ,5/5/2017,FR,1730,1,SECAUCUS PD              ,SPD            ,0,0,0,0,P,B,N,N,2,2,NJ 3                                              ,E,3,,00000003__      ,9.2,2,,2,2,1,2,2,1,,,,,,,,45,,,,N,,172,17:30,120-04731
2018090918-000560              ,HUDSON      ,SECAUCUS TOWN           ,1/9/2018,TU,1508,1,SECAUCUS PD              ,HQTS           ,0,0,0,0,P,B,N,N,2,2,NJ 3                                              ,E,3,,00000003__      ,9.9,2,,2,1,1,1,2,1,50,FE,E,HARMON MEADOW BLVD                 ,,,,50,25,,,N,,160,15:10,120N04729
2016090916-008661              ,HUDSON      ,SECAUCUS TOWN           ,6/6/2016,M ,1710,1,SECAUCUS PD              ,SPD            ,0,0,0,0,P,I,N,N,1,2,NJ 3                                              ,E,3,,00000003__      ,8.6,2,2,2,1,1,1,1,1,,AT,N,,F,MEADOWLANDS PARKWAY      ,NB,55,,,,N,NONE                                                                            ,167,17:10,120-04732
2017090917-007391              ,HUDSON      ,SECAUCUS TOWN           ,5/7/2017,SU,237,1,SECAUCUS PD              ,HQTS           ,0,0,0,0,P,B,N,N,2,2,NJ 3                                              ,E,3,,00000003__      ,9.9,2,,2,1,6,1,5,1,,,,,,,,40,,,,N,,169,2:35,120N04729
2014160214-100841              ,PASSAIC     ,CLIFTON CITY            ,12/15/2014,M ,,1,CLIFTON PD               ,CLIFTON PD     ,0,0,0,0,P,B,N,N,1,2,NJ 3                                              ,E,3,,00000003__      ,2.69,2,1,2,1,1,1,5,1,250,FE,E,CR 622 / BLOOMFIELD AVE            ,,,,50,25,40.84,74.16037,N,NONE                                                                            ,,#VALUE!,120-07443
2018090918-000692              ,HUDSON      ,SECAUCUS TOWN           ,1/11/2018,TH,907,1,SECAUCUS PD              ,HQTS           ,0,0,0,0,P,B,N,N,15,1,NJ 3                                              ,E,3,,00000003__      ,8.6,2,,2,2,1,5,5,1,,,,,,,,55,,,,N,,149,9:05,120-04732
2017090917-007595              ,HUDSON      ,SECAUCUS TOWN           ,5/10/2017,WE,1922,1,SECAUCUS PD              ,HQTS           ,0,0,0,0,P,I,N,N,2,2,NJ 3                                              ,E,3,,00000003__      ,10.1,2,,2,1,1,1,5,1,,AT,,,F,HUDSON COUNTY 681        ,,55,,,,N,,168,19:20,120N04729
2017090917-007642              ,HUDSON      ,SECAUCUS TOWN           ,5/11/2017,TH,1428,1,SECAUCUS PD              ,HQTRS          ,0,0,0,0,P,B,N,N,2,2,NJ 3                                              ,E,3,,00000003__      ,9.7,2,,2,1,1,1,5,1,,,,,,,,50,,,,N,,161,14:30,120-04729
2018090918-000824              ,HUDSON      ,SECAUCUS TOWN           ,1/13/2018,SA,1516,1,SECAUCUS PD              ,HQTS           ,0,0,0,0,P,B,N,N,1,2,NJ 3                                              ,E,3,,00000003__      ,9.8,2,,2,1,1,1,2,1,,,,,F,HARMON HEADOW BLVD       ,EB,40,,,,N,,150,15:15,120N04729
2014160214-100850              ,PASSAIC     ,CLIFTON CITY            ,12/15/2014,M ,944,1,CLIFTON PD               ,CLIFTON PD     ,0,1,0,0,I,B,N,N,1,2,NJ 3                                              ,E,3,,00000003__      ,2.67,2,1,2,1,1,1,5,1,150,FE,E,CR 622 / BLOOMFIELD AVE            ,,,,50,25,40.84015,74.1607,N,NONE                                                                            ,,9:45,120-07443
2017090917-007687              ,HUDSON      ,SECAUCUS TOWN           ,5/12/2017,FR,816,1,SECAUCUS PD              ,HQ             ,0,0,0,0,P,B,N,N,1,2,NJ 3                                              ,E,3,,00000003__      ,9,2,,2,1,1,1,1,1,,,,,,,,55,,,,N,,142,8:15,120-04731
2013090913-010939              ,HUDSON      ,SECAUCUS TOWN           ,6/26/2013,W ,828,1,SECAUCUS PD              ,HEADQUARTERS   ,0,1,0,0,I,I,N,N,1,2,NJ 3                                              ,E,3,,00000003__      ,9.5,2,1,2,1,1,1,1,1,,AT,E,,,,,50,,,,N,NONE                                                                            ,134,8:30,120-04729
2018090918-000941              ,HUDSON      ,SECAUCUS TOWN           ,1/15/2018,MO,1340,1,SECAUCUS PD              ,HQTS           ,0,0,0,0,P,I,N,N,2,2,NJ 3                                              ,E,3,,00000003__      ,8.7,2,,2,1,1,1,2,1,,AT,,,T,MEADOWLANDS PARKWAY      ,NB,55,,,,N,,176,13:40,120-04731
2017090917-007835              ,HUDSON      ,SECAUCUS TOWN           ,5/14/2017,SU,1937,1,SECAUCUS PD              ,HQTS           ,0,0,0,0,P,B,N,N,1,2,NJ 3                                              ,E,3,,00000003__      ,10.24,2,,2,1,6,1,2,1,10,FE,,,T,PATERSON PLANK ROAD      ,SB,35,,,,N,,168,19:35,120-13767
2017090917-007955              ,HUDSON      ,SECAUCUS TOWN           ,5/16/2017,TU,1739,1,SECAUCUS PD              ,HQTS           ,0,0,0,0,P,B,N,N,2,2,NJ 3                                              ,E,3,,00000003__      ,9.12,2,,2,1,1,1,2,1,10,FE,,,T,HUDSON COUNTY 681        ,NB,25,,,,N,,168,17:40,120-04731
2018090918-001010              ,HUDSON      ,SECAUCUS TOWN           ,1/16/2018,TU,1547,1,SECAUCUS PD              ,HQTS           ,0,1,0,0,I,B,N,N,1,2,NJ 3                                              ,E,3,,00000003__      ,9.89,2,,2,1,1,5,5,1,,,,,F,HARMON MEADOW BLVD       ,,45,,,,N,,157,15:45,120N04729
2016090916-009227              ,HUDSON      ,SECAUCUS TOWN           ,6/16/2016,TH,1740,1,SECAUCUS PD              ,HQTS           ,0,0,0,0,P,B,N,N,2,2,NJ 3                                              ,E,3,,00000003__      ,10,2,1,2,1,1,1,2,1,,,,,,,,40,,,,N,NONE.                                                                           ,169,17:40,120N04729
2018090918-001145              ,HUDSON      ,SECAUCUS TOWN           ,1/18/2018,TH,1612,1,SECAUCUS PD              ,HQTS           ,0,1,0,0,I,B,N,N,1,2,NJ 3                                              ,E,3,,00000003__      ,10.04,2,,2,1,1,1,5,1,,,,,T,CR 681/PATERSON PLANK RD ,,15,,,,N,,175,16:10,120N04729
2018090918-001168              ,HUDSON      ,SECAUCUS TOWN           ,1/19/2018,FR,701,1,SECAUCUS PD              ,HEADQUARTERS   ,0,1,0,0,I,B,N,N,1,2,NJ 3                                              ,E,3,,00000003__      ,10.04,2,,2,1,2,1,2,,,,,,T,CR 681/PATERSON PLANK RD ,EB,40,,,,N,,134,7:00,120N04729
2014160214-101002              ,PASSAIC     ,CLIFTON CITY            ,12/16/2014,TU,808,1,CLIFTON PD               ,CLIFTON        ,0,0,0,0,P,B,N,N,12,1,NJ 3                                              ,E,3,,00000003__      ,0.1,2,1,2,1,1,5,5,1,300,FE,E,VALLEY ROAD                        ,,,,55,,,,N,,1075,8:10,120-07448
2016090916-009510              ,HUDSON      ,SECAUCUS TOWN           ,6/22/2016,W ,949,1,SECAUCUS PD              ,HQTS           ,0,0,0,0,P,B,N,N,1,2,NJ 3                                              ,E,3,,00000003__      ,10,2,5,2,1,1,1,5,1,,,,,T,PATERSON PLANK ROAD      ,EB,50,,,,N,NONE                                                                            ,160,9:50,120N04729
2013090913-011758              ,HUDSON      ,SECAUCUS TOWN           ,7/10/2013,W ,647,1,SECAUCUS PD              ,HEADQUARTERS   ,0,0,0,0,P,B,N,N,2,2,NJ 3                                              ,E,3,,00000003__      ,,2,1,2,1,1,1,5,1,,,,,,,,45,,,,N,NONE                                                                            ,139,6:45,120-07448
2016090916-009563              ,HUDSON      ,SECAUCUS TOWN           ,6/23/2016,TH,702,1,SECAUCUS PD              ,HQ             ,0,1,0,0,I,B,N,N,2,2,NJ 3                                              ,E,3,,00000003__      ,8.59,2,1,2,1,1,1,5,1,50,FE,W,MEADOWLANDS PKWY                   ,,,,55,25,,,N,NONE                                                                            ,142,7:00,120-04732
2017090917-008230              ,HUDSON      ,SECAUCUS TOWN           ,5/21/2017,SU,1635,1,SECAUCUS PD              ,HQTS           ,0,0,0,0,P,B,N,N,2,2,NJ 3                                              ,E,3,,00000003__      ,10.1,2,,2,1,1,1,5,1,300,FE,,NJ 495                             ,,,,50,,,,N,,149,16:35,120N04729
2013090913-011837              ,HUDSON      ,SECAUCUS TOWN           ,7/11/2013,TH,734,1,SECAUCUS PD              ,HQ             ,0,0,0,0,P,B,N,N,2,2,NJ 3                                              ,E,3,,00000003__      ,0,2,1,2,1,1,1,2,1,300,FE,W,RAMP 0                             ,,,,50,25,,,N,NONE                                                                            ,142,7:35,120-07448
2017090917-008416              ,HUDSON      ,SECAUCUS TOWN           ,5/23/2017,TU,1434,1,SECAUCUS PD              ,HQ             ,0,0,0,0,P,B,N,N,2,2,NJ 3                                              ,E,3,,00000003__      ,9.3,2,,2,1,1,1,5,1,,,,,,,,55,,,,N,,162,14:35,120-04730
2016090916-009730              ,HUDSON      ,SECAUCUS TOWN           ,6/26/2016,S ,2013,1,SECAUCUS PD              ,HQ             ,0,1,0,0,I,B,N,N,10,1,NJ 3                                              ,E,3,,00000003__      ,9.4,2,1,2,1,1,1,3,1,,,,,,,,55,,,,N,NONE                                                                            ,155,20:15,120-04730
2013090913-011839              ,HUDSON      ,SECAUCUS TOWN           ,7/11/2013,TH,750,1,SECAUCUS PD              ,HQTS           ,0,0,0,0,P,B,N,N,1,2,NJ 3                                              ,E,3,,00000003__      ,,2,1,2,1,1,5,1,1,,,,,,,,50,,,,N,NONE                                                                            ,141,7:50,120-07448
2014160214-101348              ,PASSAIC     ,CLIFTON CITY            ,12/18/2014,TH,1406,1,CLIFTON PD               ,CLIFTON        ,0,1,0,0,I,B,N,N,1,2,NJ 3                                              ,E,3,,00000003__      ,1.24,2,1,2,1,1,1,5,1,100,FE,W,ROUTE 509 / BROAD ST               ,,,,55,,40.85553,74.17839,N,,269,14:05,120N07447
2017090917-008551              ,HUDSON      ,SECAUCUS TOWN           ,5/25/2017,TH,1451,1,SECAUCUS PD              ,HEADQUARTERS   ,0,0,0,0,P,B,N,N,2,2,NJ 3                                              ,E,3,,00000003__      ,10,2,,2,2,1,2,5,1,,,,,,,,45,,,,N,,161,14:50,120N04729
2016090916-009821              ,HUDSON      ,SECAUCUS TOWN           ,6/28/2016,TU,1702,1,SECAUCUS PD              ,HEADQUARTERS   ,0,0,0,0,P,B,N,N,2,2,NJ 3                                              ,E,3,,00000003__      ,10,2,1,1,1,1,5,4,1,,,N,,T,HUDSON COUNTY 681        ,EB,25,,,,Y,NONE.                                                                           ,163,17:00,120N04729
2017090917-008552              ,HUDSON      ,SECAUCUS TOWN           ,5/25/2017,TH,1506,1,SECAUCUS PD              ,HEADQUARTERS   ,0,1,0,0,I,B,N,N,6,2,NJ 3                                              ,E,3,,00000003__      ,10,2,,2,2,1,1,2,1,,,,,,,,45,,,,N,,161,15:05,120N04729
2018090918-001489              ,HUDSON      ,SECAUCUS TOWN           ,1/24/2018,WE,1707,1,SECAUCUS PD              ,HQTS           ,0,1,0,0,I,B,N,N,1,2,NJ 3                                              ,E,3,,00000003__      ,10.04,2,,2,1,6,1,2,1,,,,,T,CR 681/PATERSON PLANK RD ,SB,25,,,,N,,168,17:05,120N04729
2018090918-001490              ,HUDSON      ,SECAUCUS TOWN           ,1/24/2018,WE,1738,1,SECAUCUS PD              ,HQTS           ,0,0,0,0,P,B,N,N,1,2,NJ 3                                              ,E,3,,00000003__      ,9.8,2,,2,1,6,1,1,1,,,,,T,CR 681/PATERSON PLANK RD ,,25,,,,N,,167,17:40,120N04729
2016090916-009845              ,HUDSON      ,SECAUCUS TOWN           ,6/28/2016,TU,2252,1,SECAUCUS PD              ,HEADQUARTERS   ,0,0,0,0,P,B,N,N,2,2,NJ 3                                              ,E,3,,00000003__      ,9.89,2,1,2,2,6,2,2,1,,,N,,,,,45,,,,N,NONE                                                                            ,139,22:50,120N04729
2013090913-013612              ,HUDSON      ,SECAUCUS TOWN           ,8/10/2013,SA,942,1,SECAUCUS PD              ,HEADQUARTERS   ,0,0,0,0,P,I,N,N,1,2,NJ 3                                              ,E,3,,00000003__      ,,2,4,2,1,1,1,2,1,,AT,,,F,HUDSON COUNTY 655        ,WB,50,,,,N,NONE                                                                            ,143,9:40,120-07448
2016090916-009919              ,HUDSON      ,SECAUCUS TOWN           ,6/30/2016,TH,1249,1,SECAUCUS PD              ,HEADQUARTERS   ,0,0,0,0,P,I,N,N,2,2,NJ 3                                              ,E,3,,00000003__      ,8.6,2,2,2,1,1,1,2,1,,AT,,MEADOWLANDS PKWY                   ,,,,,,,,N,NONE.                                                                           ,147,12:50,120-04732