CRASH_ID,CTY_NAME,MUN_NAME,DATE,DAY,TIME,POL_CODE,POL_DEPT,POL_STA,KILLED,INJURED,PED_KILL,PED_INJ,SEVERITY,INTERSEC,ALCOHOL,HAZMAT,CRASH_TYPE,VEH_COUNT,LOCATION,LOC_DIR,ROUTE,RT_SFX,SRI,MP,RD_SYS,RD_CHAR,RD_SURF,SURF_COND,LIGHT,WEATHER,RD_DIV,RD_WRKZN,X_DIST,DIST_UNT,X_DIR,X_NAME,IS_RAMP,RAMP_RT,RAMP_DIR,SPD_LMT,SPD_X,LAT,LONG,CELL_USE,PROP_DMG,BADGE,TIME_ROUND,TMC
2018090918-002239              ,HUDSON      ,SECAUCUS TOWN           ,2/7/2018,WE,21,1,SECAUCUS PD              ,HEADQUARTERS   ,0,2,0,0,I,B,N,N,1,2,NJ 3                                              ,E,3,,00000003__      ,9.6,2,,2,1,6,1,5,1,,,,,F,CR 681/PATERSON PLANK RD ,WB,,,,,N,,161,2:20,120-04729
2017090917-009130              ,HUDSON      ,SECAUCUS TOWN           ,6/3/2017,SA,956,1,SECAUCUS PD              ,HQ             ,0,1,0,0,I,B,N,N,1,2,NJ 3                                              ,E,3,,00000003__      ,9.12,2,,2,1,1,1,5,1,5,FE,S,,T,PATERSON PLANK RD        ,EB,15,,,,N,,162,9:55,120-04731
2014160214-101944              ,PASSAIC     ,CLIFTON CITY            ,12/23/2014,TU,700,1,CLIFTON PD               ,,0,0,0,0,P,I,N,N,2,2,NJ 3                                              ,E,3,,00000003__      ,4.89,2,1,2,2,1,2,1,1,,AT,,NJ 21                              ,,,,55,55,40.82333,74.12466,N,NONE                                                                            ,274,7:00,120-04738
2016090916-010154              ,HUDSON      ,SECAUCUS TOWN           ,7/5/2016,TU,1754,1,SECAUCUS PD              ,HQ             ,0,0,0,0,P,B,N,N,2,2,NJ 3                                              ,E,3,,00000003__      ,9.85,2,1,2,1,1,1,5,1,,,,,,,,55,,,,N,NONE                                                                            ,162,17:55,120N04729
2017090917-009178              ,HUDSON      ,SECAUCUS TOWN           ,6/4/2017,SU,319,1,SECAUCUS PD              ,HEADQUARTERS   ,0,3,0,0,I,B,N,N,11,1,NJ 3                                              ,E,3,,00000003__      ,10.24,2,,2,1,5,1,2,1,,,,,,,,45,,,,N,UNIDENTIFIED STREET SIGN  INAVTIVE TELEPHONE POLE # RT716                       ,159,3:20,120-13767
2013090913-014088              ,HUDSON      ,SECAUCUS TOWN           ,8/18/2013,S ,512,1,SECAUCUS PD              ,HQS            ,0,0,0,0,P,B,Y,N,11,1,NJ 3                                              ,E,3,,00000003__      ,9.7,2,1,2,1,6,1,99,2,100,FE,E,ISLAND BLVD                        ,,,,50,25,,,N,NONE                                                                            ,124,5:10,120-04729
2017090917-009236              ,HUDSON      ,SECAUCUS TOWN           ,6/5/2017,MO,1452,1,SECAUCUS PD              ,HQTS           ,0,0,0,0,P,B,N,N,1,2,NJ 3                                              ,E,3,,00000003__      ,10.1,2,,2,1,1,1,1,1,,,,,F,HARMON MEADOW BLVD       ,,50,,,,N,,167,14:50,120N04729
2017090917-009240              ,HUDSON      ,SECAUCUS TOWN           ,6/5/2017,MO,1518,1,SECAUCUS PD              ,HQTS           ,0,0,0,0,P,B,N,N,6,2,NJ 3                                              ,E,3,,00000003__      ,10.1,2,,2,1,1,1,1,1,,,,,F,HARMON MEADOW BLVD       ,,50,,,,N,,167,15:20,120N04729
2014160214-102021              ,PASSAIC     ,CLIFTON CITY            ,12/23/2014,TU,1518,1,CLIFTON PD               ,CLIFTON        ,0,0,0,0,P,B,N,N,2,2,NJ 3                                              ,E,3,,00000003__      ,0,2,1,2,2,1,2,1,1,100,FE,W,US 46                              ,,,,50,50,,,N,NONE                                                                            ,10047,15:20,120-07448
2017090917-009556              ,HUDSON      ,SECAUCUS TOWN           ,6/12/2017,MO,758,1,SECAUCUS PD              ,HQ             ,0,0,0,0,P,B,N,N,2,2,NJ 3                                              ,E,3,,00000003__      ,9.6,2,,2,1,1,1,2,1,,,,,,,,25,,,,N,,142,8:00,120-04729
2017090917-009776              ,HUDSON      ,SECAUCUS TOWN           ,6/15/2017,TH,1112,1,SECAUCUS PD              ,HQTS           ,0,0,0,0,P,B,N,N,3,2,NJ 3                                              ,E,3,,00000003__      ,8,2,,2,1,1,1,2,1,25,FE,W,ROOSEVELT AVE                      ,,,,40,25,,,N,,158,11:10,120-04733
2014160214-102164              ,PASSAIC     ,CLIFTON CITY            ,12/24/2014,W ,1728,1,CLIFTON PD               ,,0,0,0,0,P,B,N,N,2,2,NJ 3                                              ,E,3,,00000003__      ,3.82,2,3,2,2,6,2,1,1,20,FE,E,CR 601 / MAIN AVE                  ,,,,55,25,40.83136,74.14205,N,NONE                                                                            ,13517,17:30,120-04740
2018090918-002838              ,HUDSON      ,SECAUCUS TOWN           ,2/16/2018,FR,2040,1,SECAUCUS PD              ,HQTS           ,0,0,0,0,P,B,N,N,2,2,NJ 3                                              ,E,3,,00000003__      ,9.9,2,,2,1,6,1,2,1,,,,,F,HARMON MEADOW BLVD       ,,45,,,,N,,176,20:40,120N04729
2017090917-009990              ,HUDSON      ,SECAUCUS TOWN           ,6/19/2017,MO,833,1,SECAUCUS PD              ,HQTS           ,0,1,0,0,I,B,N,N,1,2,NJ 3                                              ,E,3,,00000003__      ,10.24,2,,2,1,1,1,1,1,,,,,,,,55,,,,N,,167,8:35,120-13767
2018090918-002859              ,HUDSON      ,SECAUCUS TOWN           ,2/17/2018,SA,1018,1,SECAUCUS PD              ,HEADQUARTERS   ,0,0,0,0,P,I,N,N,2,2,NJ 3                                              ,E,3,,00000003__      ,10.04,2,,2,1,1,1,2,1,,AT,,,T,CR 681/PATERSON PLANK RD ,EB,40,,,,N,,134,10:20,120N04729
2015132615MN11940              ,MONMOUTH    ,MANALAPAN TWP           ,5/9/2015,SA,1330,1,MANALAPAN TWP PD         ,,0,0,0,0,P,B,N,N,1,2,MONMOUTH COUNTY 3                                 ,E,3,,13000003__      ,1.43,5,1,2,1,1,1,5,1,25,FE,S,CAITLIN WAY / DEVON DR S           ,,,,40,25,,,N,NONE                                                                            ,26087,13:30,120-07444
2018090918-003073              ,HUDSON      ,SECAUCUS TOWN           ,2/21/2018,WE,648,1,SECAUCUS PD              ,HQTS           ,0,0,0,0,P,B,N,N,1,2,NJ 3                                              ,E,3,,00000003__      ,10.1,2,,2,1,1,1,2,1,,,,,T,HUDSON COUNTY 681        ,,25,,,,N,,176,6:50,120N04729
2014160214-102200              ,PASSAIC     ,CLIFTON CITY            ,12/25/2014,TH,36,1,CLIFTON PD               ,PATROL         ,0,0,0,0,P,B,N,N,11,1,NJ 3                                              ,E,3,,00000003__      ,,2,6,2,2,6,4,1,1,,,,,T,ROUTE 21                 ,NB,55,,,,N,DAMAGE TO ARROW SIGN                                                            ,7032,3:35,120-07448
2016090916-011044              ,HUDSON      ,SECAUCUS TOWN           ,7/23/2016,SA,1313,1,SECAUCUS PD              ,HQ             ,0,1,0,0,I,I,N,N,1,2,NJ 3                                              ,E,3,,00000003__      ,9.89,2,4,2,1,1,1,2,,,AT,,HARMON MEADOW BLVD                 ,,,,45,25,,,N,NONE                                                                            ,142,13:15,120N04729
2018090918-003521              ,HUDSON      ,SECAUCUS TOWN           ,2/28/2018,WE,914,1,SECAUCUS PD              ,HEADQUARTERS   ,0,0,0,0,P,B,N,N,1,2,NJ 3                                              ,E,3,,00000003__      ,9.12,2,,2,1,1,1,2,1,,,,,T,CR 681/PATERSON PLANK RD ,,55,,,,N,,159,9:15,120-04731
2013090913-016264              ,HUDSON      ,SECAUCUS TOWN           ,9/23/2013,M ,2044,1,SECAUCUS PD              ,HQTS           ,0,0,0,0,P,B,N,N,15,1,NJ 3                                              ,E,3,,00000003__      ,8.8,2,2,2,1,6,1,1,1,,,,,,,,,,,,N,NONE                                                                            ,148,20:45,120-04731
2016090916-011333              ,HUDSON      ,SECAUCUS TOWN           ,7/29/2016,F ,514,1,SECAUCUS PD              ,HEADQUARTERS   ,0,1,0,0,I,B,N,N,11,2,NJ 3                                              ,E,3,,00000003__      ,9.7,2,1,2,6,2,2,1,1,,,,,,,,50,,,,N,NONE                                                                            ,123,5:15,120-04729
2017090917-010952              ,HUDSON      ,SECAUCUS TOWN           ,7/5/2017,WE,1855,1,SECAUCUS PD              ,HQ             ,0,3,0,0,I,B,N,N,1,3,NJ 3                                              ,E,3,,00000003__      ,9.7,2,,2,1,1,1,1,1,,,,,,,,55,,,,N,,,18:55,120-04729
2016090916-011339              ,HUDSON      ,SECAUCUS TOWN           ,7/29/2016,F ,905,1,SECAUCUS PD              ,HEADQUARTERS   ,0,1,0,0,I,B,N,N,1,2,NJ 3                                              ,E,3,,00000003__      ,10,2,1,2,2,1,5,5,1,,,,,,,,55,,,,N,NONE.                                                                           ,166,9:05,120N04729
2013090913-016708              ,HUDSON      ,SECAUCUS TOWN           ,9/30/2013,M ,1839,1,SECAUCUS PD              ,HQTS           ,0,0,0,0,P,B,N,N,11,1,NJ 3                                              ,E,3,,00000003__      ,8,2,1,2,1,3,1,1,1,30,FE,E,ROOSEVELT AVE                      ,,,,55,,,,N,,150,18:40,120-04733
2013090913-016875              ,HUDSON      ,SECAUCUS TOWN           ,10/3/2013,TH,507,1,SECAUCUS PD              ,HQTS           ,0,0,0,0,P,B,N,N,15,2,NJ 3                                              ,E,3,,00000003__      ,10.5,2,4,2,1,5,1,1,1,600,FE,W,NJ 495                             ,,,,55,,,,N,,144,5:05,120N13767
2014160214-102630              ,PASSAIC     ,CLIFTON CITY            ,12/29/2014,M ,211,1,CLIFTON PD               ,PATROL         ,0,0,0,0,P,B,N,N,11,1,NJ 3                                              ,E,3,,00000003__      ,,2,5,2,1,6,1,4,1,,,,,F,MAIN AVE                 ,,55,,,,N,DAMAGE TO GUARDRAIL                                                             ,7032,2:10,120-07448
2018090918-003870              ,HUDSON      ,SECAUCUS TOWN           ,3/6/2018,TU,941,1,SECAUCUS PD              ,HEADQUARTERS   ,0,0,0,0,P,B,N,N,2,2,NJ 3                                              ,E,3,,00000003__      ,9.6,2,,2,1,1,1,1,1,,,,,,,,55,,,,N,,159,9:40,120-04729
2013090913-016922              ,HUDSON      ,SECAUCUS TOWN           ,10/3/2013,TH,2230,1,SECAUCUS PD              ,HQ'S           ,0,0,0,0,P,B,N,N,1,3,NJ 3                                              ,E,3,,00000003__      ,8.8,2,1,2,1,6,1,1,2,100,FE,E,MAPLE ST                           ,,,,50,,,,N,NONE.                                                                           ,122,22:30,120-04731
2013090913-016974              ,HUDSON      ,SECAUCUS TOWN           ,10/4/2013,F ,1734,1,SECAUCUS PD              ,SPD HEADQUARTE?,0,0,0,0,P,I,N,N,1,3,NJ 3                                              ,E,3,,00000003__      ,8.6,2,1,2,2,1,1,1,1,,AT,E,MEADOWLANDS PKWY                   ,,,,55,,,,N,NONE                                                                            ,152,17:35,120-04732
2017090917-011081              ,HUDSON      ,SECAUCUS TOWN           ,7/7/2017,FR,1344,1,SECAUCUS PD              ,HQTS           ,0,0,0,0,P,B,N,N,1,2,NJ 3                                              ,E,3,,00000003__      ,10.04,2,,2,1,1,1,5,1,,,,,T,PATERSON PLANK RD        ,,50,,,,N,,149,13:45,120N04729
2014160214-102778              ,PASSAIC     ,CLIFTON CITY            ,12/30/2014,TU,938,1,CLIFTON PD               ,CLIFTON        ,0,0,0,0,P,B,N,N,1,2,NJ 3                                              ,E,3,,00000003__      ,,2,1,2,1,1,1,1,1,300,FE,E,,T,BLOOMFIELD AVE           ,NB,55,,,,N,NONE                                                                            ,283,9:40,120-07448
2016090916-011829              ,HUDSON      ,SECAUCUS TOWN           ,8/7/2016,S ,1217,1,SECAUCUS PD              ,HEADQUARTERS   ,0,0,0,0,P,B,N,N,2,2,NJ 3                                              ,E,3,,00000003__      ,,2,1,2,1,1,1,2,1,,,,,,,,55,,,,N,NONE.                                                                           ,147,12:15,120-07448
2016090916-012190              ,HUDSON      ,SECAUCUS TOWN           ,8/13/2016,SA,2213,1,SECAUCUS PD              ,HQTS           ,0,0,0,0,P,B,N,N,2,2,NJ 3                                              ,E,3,,00000003__      ,9.7,2,1,2,1,6,1,4,1,,,,,,,,50,,,,N,CONCRETE BARRIER                                                                ,157,22:15,120-04729
2013090913-017154              ,HUDSON      ,SECAUCUS TOWN           ,10/8/2013,TU,638,1,SECAUCUS PD              ,HQ             ,0,0,0,0,P,I,N,N,1,2,NJ 3                                              ,E,3,,00000003__      ,10.04,2,1,2,1,1,1,1,1,,AT,E,CR 681 / PATERSON PLANK RD         ,,,,50,25,,,N,,95,6:40,120N04729
2017090917-011371              ,HUDSON      ,SECAUCUS TOWN           ,7/12/2017,WE,1634,1,SECAUCUS PD              ,HQTS           ,0,0,0,0,P,B,N,N,2,2,NJ 3                                              ,E,3,,00000003__      ,8.9,2,,2,1,1,1,1,1,,,,,,,,55,,,,N,,167,16:35,120-04731
2015132615MN15371              ,MONMOUTH    ,MANALAPAN TWP           ,6/12/2015,F ,853,1,MANALAPAN TWP PD         ,,0,0,0,0,P,B,N,N,1,2,MONMOUTH COUNTY 3                                 ,E,3,,13000003__      ,0,5,1,2,1,1,1,5,,,FE,W,ROUTE 527 / MILLHURST RD           ,,,,,,,,N,NONE                                                                            ,26098,8:55,120-07448
2015132615MN15575              ,MONMOUTH    ,MANALAPAN TWP           ,6/14/2015,S ,1649,1,MANALAPAN TWP PD         ,,0,2,0,0,I,B,N,N,1,3,MONMOUTH COUNTY 3                                 ,E,3,,13000003__      ,0.5,5,1,2,1,1,1,5,,2640,FE,E,ROUTE 527 / MILLHURST RD           ,,,,35,45,,,N,NONE                                                                            ,26114,16:50,120N07448
2018090918-004204              ,HUDSON      ,SECAUCUS TOWN           ,3/12/2018,MO,612,1,SECAUCUS PD              ,HQS            ,0,1,0,0,I,B,N,N,2,2,NJ 3                                              ,E,3,,00000003__      ,9.12,2,,2,1,6,1,2,1,,,,,F,HUDSON COUNTY 681        ,,40,,,,N,,112,6:10,120-04731
2018090918-004397              ,HUDSON      ,SECAUCUS TOWN           ,3/15/2018,TH,1333,1,SECAUCUS PD              ,HEADQUATERS    ,0,0,0,0,P,B,N,N,5,2,NJ 3                                              ,E,3,,00000003__      ,9.4,2,,2,1,1,1,5,1,,,,,,,,40,,,,N,,161,13:35,120-04730
2016090916-012944              ,HUDSON      ,SECAUCUS TOWN           ,8/27/2016,SA,1348,1,SECAUCUS PD              ,HQ             ,0,0,0,0,P,B,N,N,1,2,NJ 3                                              ,E,3,,00000003__      ,9.7,2,4,2,1,1,1,5,1,10,FE,S,,F,HARMON MEADOW BV         ,,15,,,,N,NONE                                                                            ,162,13:50,120-04729
2014160214-10343               ,PASSAIC     ,CLIFTON CITY            ,9/27/2014,SA,1913,1,CLIFTON PD               ,,0,0,0,0,P,B,N,N,2,2,NJ 3                                              ,E,3,,00000003__      ,2.36,2,1,2,1,4,1,1,1,1500,FE,W,CR 622 / BLOOMFIELD AVE            ,,,,55,35,40.84264,74.16558,N,NONE                                                                            ,239,19:15,120-07443
2016090916-012952              ,HUDSON      ,SECAUCUS TOWN           ,8/27/2016,SA,1611,1,SECAUCUS PD              ,HEADQUARTERS   ,0,0,0,0,P,B,N,N,1,2,NJ 3                                              ,E,3,,00000003__      ,9.3,2,1,2,1,1,1,4,1,,,,,,,,55,,,,N,NONE.                                                                           ,163,16:10,120-04730
2018090918-004466              ,HUDSON      ,SECAUCUS TOWN           ,3/16/2018,FR,1523,1,SECAUCUS PD              ,HEADQUARTERS   ,0,0,0,0,P,B,N,N,2,2,NJ 3                                              ,E,3,,00000003__      ,9.4,2,,2,1,1,1,1,1,,,,,,,,55,,,,N,,173,15:25,120-04730
2017090917-011884              ,HUDSON      ,SECAUCUS TOWN           ,7/21/2017,FR,1413,1,SECAUCUS PD              ,HQTS           ,0,2,0,0,I,B,N,N,1,2,NJ 3                                              ,E,3,,00000003__      ,9.89,2,,2,1,1,1,2,1,5,FE,S,,F,HARMON MEADOW BLVD       ,EB,55,,,,N,,170,14:15,120N04729
2018090918-004485              ,HUDSON      ,SECAUCUS TOWN           ,3/16/2018,FR,1852,1,SECAUCUS PD              ,HEADQUARTERS   ,0,1,0,0,I,B,N,N,1,2,NJ 3                                              ,E,3,,00000003__      ,10.04,2,,2,1,1,1,5,1,,,,,T,CR 681/PATERSON PLANK RD ,,55,,,,N,,173,18:50,120N04729
2013090913-018759              ,HUDSON      ,SECAUCUS TOWN           ,11/2/2013,SA,1531,1,SECAUCUS PD              ,HEADQUARTERS   ,0,0,0,0,P,B,N,N,1,2,NJ 3                                              ,E,3,,00000003__      ,5.67,2,1,2,1,1,5,5,1,5,FE,E,SHELL (300 R3E)                    ,,,,55,,,,N,,147,15:30,120-04737
2013090913-019159              ,HUDSON      ,SECAUCUS TOWN           ,11/8/2013,F ,1058,1,SECAUCUS PD              ,HQTS           ,0,1,0,0,I,B,N,N,99,1,NJ 3                                              ,E,3,,00000003__      ,,2,1,2,1,1,1,1,1,,,,,T,US 1&9                   ,SB,50,,,,N,,141,11:00,120-07448
2018090918-005018              ,HUDSON      ,SECAUCUS TOWN           ,3/26/2018,MO,311,1,SECAUCUS PD              ,HQTS           ,0,1,0,0,I,B,Y,N,2,2,NJ 3                                              ,E,3,,00000003__      ,9.2,2,,2,1,7,1,2,1,100,FE,W,PLAZA CENTER ROAD                  ,,,,55,25,,,N,DAMAGED ELECTRONIC GAS PRICE SIGN.                                              ,160,3:10,120-04731
2015132615MN18875              ,MONMOUTH    ,MANALAPAN TWP           ,7/15/2015,W ,1928,1,MANALAPAN TWP PD         ,,0,1,0,0,I,B,N,N,11,1,MONMOUTH COUNTY 3                                 ,E,3,,13000003__      ,1.72,5,2,2,2,1,2,5,1,2640,FE,S,TAYLORS MILLS RD                   ,,,,45,35,,,N,JCPL UTILITY POLE # 3159                                                        ,26131,19:30,120-07444
2017090917-012170              ,HUDSON      ,SECAUCUS TOWN           ,7/26/2017,WE,1637,1,SECAUCUS PD              ,HQTS           ,0,0,0,0,P,B,N,N,1,2,NJ 3                                              ,E,3,,00000003__      ,10.04,2,,2,1,,1,2,1,,,,,T,CR 681PATERSON PLANK ROAD,EB,40,,,,N,,150,16:35,120N04729
2013090913-020200              ,HUDSON      ,SECAUCUS TOWN           ,11/24/2013,S ,233,1,SECAUCUS PD              ,HEADQUARTERS   ,0,0,0,0,P,B,N,N,11,3,NJ 3                                              ,E,3,,00000003__      ,,2,1,2,1,6,1,3,1,,,,,,,,50,,,,N,UTILITY LIGHT POLE                                                              ,139,2:35,120-07448
2018090918-005218              ,HUDSON      ,SECAUCUS TOWN           ,3/29/2018,TH,1009,1,SECAUCUS PD              ,HQ             ,0,0,0,0,P,B,N,N,8,2,NJ 3                                              ,E,3,,00000003__      ,9,2,,2,2,1,2,2,1,,,,,,,,45,,,,N,,142,10:10,120-04731
2017090917-012191              ,HUDSON      ,SECAUCUS TOWN           ,7/27/2017,TH,757,1,SECAUCUS PD              ,HEADQUARTERS   ,0,1,0,0,I,B,N,N,1,3,NJ 3                                              ,E,3,,00000003__      ,9.1,2,,2,1,1,1,4,1,,,,,,,,55,,,,N,,,7:55,120-04731
2016090916-014444              ,HUDSON      ,SECAUCUS TOWN           ,9/23/2016,F ,1122,1,SECAUCUS PD              ,HQTS           ,0,0,0,0,P,B,N,N,99,3,NJ 3                                              ,E,3,,00000003__      ,8.9,2,1,2,1,1,1,1,1,,,,,,,,55,,,,N,NONE                                                                            ,150,11:20,120-04731
2018090918-005277              ,HUDSON      ,SECAUCUS TOWN           ,3/30/2018,FR,559,1,SECAUCUS PD              ,HQTS           ,0,0,0,0,P,B,N,N,2,2,NJ 3                                              ,E,3,,00000003__      ,9.8,2,,2,2,7,2,4,1,,,,,,,,50,,,,N,,157,6:00,120N04729
2014160214-10613               ,PASSAIC     ,CLIFTON CITY            ,10/4/2014,SA,1754,1,CLIFTON PD               ,PATROL         ,0,0,0,0,P,I,N,N,1,2,NJ 3                                              ,E,3,,00000003__      ,,2,1,2,1,1,1,5,1,,AT,,,T,RT 509                   ,WB,20,,,,N,NONE                                                                            ,6019,17:55,120-07448
2015132615MN21242              ,MONMOUTH    ,MANALAPAN TWP           ,8/5/2015,W ,1016,1,MANALAPAN TWP PD         ,,0,0,0,0,P,B,N,N,11,1,MONMOUTH COUNTY 3                                 ,E,3,,13000003__      ,0.55,5,1,2,1,0,1,5,1,1320,FE,S,ROUTE 522                          ,,,,35,40,,,N,NONE                                                                            ,26116,10:15,120N07448
2017090917-012441              ,HUDSON      ,SECAUCUS TOWN           ,8/1/2017,TU,859,1,SECAUCUS PD              ,HEADQUARTERS   ,0,0,0,0,P,B,N,N,1,2,NJ 3                                              ,E,3,,00000003__      ,8.6,2,,2,1,1,1,5,1,,,,,,,,55,,,,N,,173,9:00,120-04732
2018090918-005283              ,HUDSON      ,SECAUCUS TOWN           ,3/30/2018,FR,741,1,SECAUCUS PD              ,HEADQUARTERS   ,0,0,0,0,P,B,N,N,2,2,NJ 3                                              ,E,3,,00000003__      ,9.5,2,,2,1,1,1,1,1,,,,,,,,55,,,,N,,159,7:40,120-04729
2014160214-10665               ,PASSAIC     ,CLIFTON CITY            ,10/6/2014,M ,535,1,CLIFTON PD               ,,0,0,0,0,P,B,N,N,1,2,NJ 3                                              ,E,3,,00000003__      ,1.44,2,1,2,1,6,1,1,1,300,FE,E,GARDEN STATE PARKWAY               ,,,,55,,,,N,METAL GUARDRAIL                                                                 ,8034,5:35,120-07444
2017090917-012604              ,HUDSON      ,SECAUCUS TOWN           ,8/4/2017,FR,320,1,SECAUCUS PD              ,HEADQUARTERS   ,0,1,0,0,I,B,Y,N,11,1,NJ 3                                              ,E,3,,00000003__      ,9.3,2,,2,1,6,1,1,1,,,,,,,,55,,,,N,GUARD RAIL.                                                                     ,166,3:20,120-04730
2016090916-014592              ,HUDSON      ,SECAUCUS TOWN           ,9/26/2016,M ,1034,1,SECAUCUS PD              ,HQS            ,0,0,0,0,P,B,N,N,2,2,NJ 3                                              ,E,3,,00000003__      ,9.89,2,1,2,1,1,1,2,1,25,FE,E,HARMON MEADOW BLVD                 ,,,,,,,,N,,129,10:35,120N04729
2013090913-021202              ,HUDSON      ,SECAUCUS TOWN           ,12/10/2013,TU,1727,1,SECAUCUS PD              ,HEADQUARTERS   ,0,0,0,0,P,B,N,N,11,1,NJ 3                                              ,E,3,,00000003__      ,,2,1,2,2,6,5,2,1,75,FE,W,,T,PATERSON PLANK ROAD      ,,50,,,,N,NONE.                                                                           ,137,17:25,120-07448
2017090917-012681              ,HUDSON      ,SECAUCUS TOWN           ,8/5/2017,SA,523,1,SECAUCUS PD              ,HQTS           ,0,0,0,0,P,B,N,N,1,2,NJ 3                                              ,E,3,,00000003__      ,8.7,2,,2,2,2,2,1,1,,,,,,,,55,,,,N,,144,5:25,120-04731
2016090916-014593              ,HUDSON      ,SECAUCUS TOWN           ,9/26/2016,M ,1039,1,SECAUCUS PD              ,HQTS           ,0,0,0,0,P,B,N,N,2,2,NJ 3                                              ,E,3,,00000003__      ,9.9,2,1,2,1,1,1,5,1,,,,,F,HARMON MEADOW BLVD       ,,40,,,,N,,169,10:40,120N04729
2013090913-021286              ,HUDSON      ,SECAUCUS TOWN           ,12/11/2013,W ,1745,1,SECAUCUS PD              ,HQTS           ,0,0,0,0,P,B,N,N,11,1,NJ 3                                              ,E,3,,00000003__      ,10.5,2,1,2,1,6,1,1,1,5280,FE,W,RT 495                             ,,,,55,,,,N,NONE.                                                                           ,150,17:45,120N13767
2014160214-10707               ,PASSAIC     ,CLIFTON CITY            ,10/7/2014,TU,549,1,CLIFTON PD               ,,0,0,0,0,P,B,N,N,10,1,NJ 3                                              ,E,3,,00000003__      ,,2,1,2,2,6,2,1,1,35,FE,E,,F,R5T 509                  ,,55,,,,N,NONE                                                                            ,13016,5:50,120-07448
2017090917-012806              ,HUDSON      ,SECAUCUS TOWN           ,8/7/2017,MO,1215,1,SECAUCUS PD              ,HEADQUARTERS   ,0,0,0,0,P,B,N,N,2,2,NJ 3                                              ,E,3,,00000003__      ,8.5,2,,1,2,1,2,5,1,,,,,,,,55,,,,N,,176,12:15,120-04732
2018090918-005540              ,HUDSON      ,SECAUCUS TOWN           ,4/3/2018,TU,2105,1,SECAUCUS PD              ,HQTS           ,0,1,0,0,I,B,N,N,2,2,NJ 3                                              ,E,3,,00000003__      ,9.4,2,,2,2,6,1,2,1,,,,,,,,40,,,,N,,150,21:05,120-04730
2014160214-10740               ,PASSAIC     ,CLIFTON CITY            ,10/8/2014,W ,818,1,CLIFTON PD               ,,0,0,0,0,P,I,N,N,2,2,NJ 3                                              ,E,3,,00000003__      ,2.64,2,1,2,1,1,1,1,1,,AT,,CR 622 / BLOOMFIELD AVE            ,,,,55,25,40.84038,74.16117,N,NONE                                                                            ,251,8:20,120-07443
2017090917-012830              ,HUDSON      ,SECAUCUS TOWN           ,8/7/2017,MO,1827,1,SECAUCUS PD              ,HEADQUARTERS   ,0,2,0,0,I,B,N,N,1,2,NJ 3                                              ,E,3,,00000003__      ,9.8,2,,2,2,3,2,1,1,,,,,F,HARMON MEADOW BLVD       ,,40,,,,N,,177,18:25,120N04729
2015132615MN22992              ,MONMOUTH    ,MANALAPAN TWP           ,8/21/2015,F ,1356,1,MANALAPAN TWP PD         ,,0,1,0,0,I,B,N,N,3,2,MONMOUTH COUNTY 3                                 ,E,3,,13000003__      ,2.2,5,1,2,1,1,1,,1,100,FE,S,TAYLORS MILLS RD                   ,,,,40,40,,,N,NONE                                                                            ,26146,13:55,120N07444
2018090918-005655              ,HUDSON      ,SECAUCUS TOWN           ,4/5/2018,TH,1221,1,SECAUCUS PD              ,HQS            ,0,0,0,0,P,B,N,N,2,2,NJ 3                                              ,E,3,,00000003__      ,9.2,2,,2,1,1,1,5,1,,,,,,,,50,,,,N,,129,12:20,120-04731
2014160214-10806               ,PASSAIC     ,CLIFTON CITY            ,10/9/2014,TH,2033,1,CLIFTON PD               ,PATROL         ,0,1,0,0,I,I,N,N,1,2,NJ 3                                              ,E,3,,00000003__      ,,2,5,2,1,6,1,2,1,,AT,,,F,CR 623                   ,EB,20,,,,N,NONE                                                                            ,6019,20:35,120-07448
2017090917-013070              ,HUDSON      ,SECAUCUS TOWN           ,8/11/2017,FR,1836,1,SECAUCUS PD              ,HEADQUARTERS   ,0,1,0,0,I,B,N,N,1,2,NJ 3                                              ,E,3,,00000003__      ,9.7,2,,1,1,1,1,2,1,,,,,T,PATERSON PLANK ROAD      ,EB,15,,,,N,,172,18:35,120-04729
2014160214-10877               ,PASSAIC     ,CLIFTON CITY            ,10/11/2014,SA,2022,1,CLIFTON PD               ,,0,0,0,0,P,I,N,N,1,2,NJ 3                                              ,E,3,,00000003__      ,,2,1,2,1,6,1,1,1,,AT,,,F,CR 623                   ,EB,55,,,,N,NONE                                                                            ,521,20:20,120-07448