CRASH_ID,CTY_NAME,MUN_NAME,DATE,DAY,TIME,POL_CODE,POL_DEPT,POL_STA,KILLED,INJURED,PED_KILL,PED_INJ,SEVERITY,INTERSEC,ALCOHOL,HAZMAT,CRASH_TYPE,VEH_COUNT,LOCATION,LOC_DIR,ROUTE,RT_SFX,SRI,MP,RD_SYS,RD_CHAR,RD_SURF,SURF_COND,LIGHT,WEATHER,RD_DIV,RD_WRKZN,X_DIST,DIST_UNT,X_DIR,X_NAME,IS_RAMP,RAMP_RT,RAMP_DIR,SPD_LMT,SPD_X,LAT,LONG,CELL_USE,PROP_DMG,BADGE,TIME_ROUND,TMC
2015132615MN23915              ,MONMOUTH    ,MANALAPAN TWP           ,8/28/2015,F ,2236,1,MANALAPAN TWP PD         ,,0,4,0,0,I,I,N,N,7,2,MONMOUTH COUNTY 3                                 ,E,3,,13000003__      ,2.22,5,1,2,1,7,1,5,1,,AT,,TAYLORS MILLS RD                   ,,,,35,40,,,N,,26148,22:35,120N07444
20130909SO-013704              ,HUDSON      ,SECAUCUS TOWN           ,7/18/2013,TH,1505,3,HUDSON CO SHERIFFS DEPT  ,,0,0,0,0,P,I,N,N,1,2,NJ 3                                              ,E,3,,00000003__      ,9.12,2,3,1,1,1,1,4,1,,AT,,CR 681 / PATERSON PLANK RD         ,,,,25,45,,,N,,1047,15:05,120-04731
2016090916-015747              ,HUDSON      ,SECAUCUS TOWN           ,10/15/2016,SA,1429,1,SECAUCUS PD              ,HQTS           ,0,4,0,0,I,B,N,N,1,2,NJ 3                                              ,E,3,,00000003__      ,9.8,2,1,2,1,1,1,5,,,,,,F,HARMON MEADOW BLVD       ,,40,,,,N,NONE                                                                            ,169,14:30,120N04729
2014160214-10916               ,PASSAIC     ,CLIFTON CITY            ,10/13/2014,M ,134,1,CLIFTON PD               ,,0,0,0,0,P,B,N,N,12,1,NJ 3                                              ,E,3,,00000003__      ,,2,2,2,1,6,1,1,1,120,FE,W,,T,PASSAIC COUNTY 601       ,NB,55,,,,N,NONE                                                                            ,12604,1:35,120-07448
2017090917-013136              ,HUDSON      ,SECAUCUS TOWN           ,8/12/2017,SA,2325,1,SECAUCUS PD              ,HEADQUARTERS   ,0,0,0,0,P,B,N,N,1,2,NJ 3                                              ,E,3,,00000003__      ,8.8,2,,2,1,6,1,5,1,,,,,,,,55,,,,N,,166,23:25,120-04731
2018090918-006047              ,HUDSON      ,SECAUCUS TOWN           ,4/11/2018,WE,1020,1,SECAUCUS PD              ,HEADQUARTERS   ,0,0,0,0,P,B,N,N,15,2,NJ 3                                              ,E,3,,00000003__      ,9.89,2,,2,1,1,1,4,1,,,,,T,HARMON MEADOW BLVD       ,NB,55,,,,N,,159,10:20,120N04729
2016090916-0157524             ,HUDSON      ,SECAUCUS TOWN           ,10/14/2016,F ,2128,1,SECAUCUS PD              ,HEADQUARTERS   ,0,0,0,0,P,B,N,N,1,2,NJ 3                                              ,E,3,,00000003__      ,9.9,2,1,2,1,6,1,5,1,15,FE,E,,F,HARMON MEADOW BLVD       ,SB,45,,,,N,NONE                                                                            ,161,21:30,120N04729
20130909SO-13-011223           ,HUDSON      ,SECAUCUS TOWN           ,6/10/2013,M ,1157,3,HUDSON CO SHERIFFS DEPT  ,PATROL         ,0,0,0,0,P,B,N,N,11,1,NJ 3                                              ,E,3,,00000003__      ,9.12,2,4,2,2,1,2,1,1,,,,CR 681 / PATERSON PLANK RD         ,,,,15,25,,,N,ROUTE 3 EAST EXTREMOS GUARDRAIL IN SECAUCUS INTERSECTION OF PATERSON PLANK      ,163,11:55,120-04731
2014160214-1094                ,PASSAIC     ,CLIFTON CITY            ,1/29/2014,W ,927,1,CLIFTON PD               ,,0,0,0,0,P,I,N,N,2,2,NJ 3                                              ,E,3,,00000003__      ,3.82,2,2,2,2,1,1,1,2,,AT,W,CR 601 / MAIN AVE                  ,,,,55,30,40.83136,74.14205,N,NONE                                                                            ,6014,9:25,120-04740
2018090918-006144              ,HUDSON      ,SECAUCUS TOWN           ,4/12/2018,TH,1325,1,SECAUCUS PD              ,HQTS           ,0,0,0,0,P,B,N,N,1,2,NJ 3                                              ,E,3,,00000003__      ,9.9,2,,2,1,1,1,2,1,,,,,T,HUDSON COUNTY 681        ,,25,,,,N,,176,13:25,120N04729
20130909SO-13-022355           ,HUDSON      ,SECAUCUS TOWN           ,12/31/2013,TU,1551,3,HUNTERDON CO SHERIFFS DEP,PATROL         ,0,0,0,0,P,I,N,N,1,2,NJ 3                                              ,E,3,,00000003__      ,10.04,2,4,2,1,1,1,2,1,,AT,,CR 681 / PATERSON PLANK RD         ,,,,25,50,,,N,N/A                                                                             ,1012,15:50,120N04729
2016090916-016003              ,HUDSON      ,SECAUCUS TOWN           ,10/19/2016,W ,2225,1,SECAUCUS PD              ,HEADQUARTERS   ,0,0,0,0,P,B,N,N,1,2,NJ 3                                              ,E,3,,00000003__      ,10.2,2,1,2,1,6,1,1,1,,,,,,,,35,,,,N,NONE                                                                            ,159,22:25,120N04729
2017090917-013200              ,HUDSON      ,SECAUCUS TOWN           ,8/14/2017,MO,856,1,SECAUCUS PD              ,HQTS           ,0,0,0,0,P,B,N,N,1,2,NJ 3                                              ,E,3,,00000003__      ,,2,,1,1,1,1,5,1,200,FE,W,,,,,55,,,,N,,149,8:55,120-07448
2018090918-006176              ,HUDSON      ,SECAUCUS TOWN           ,4/12/2018,TH,1756,1,SECAUCUS PD              ,HQS            ,0,0,0,0,P,B,N,N,2,2,NJ 3                                              ,E,3,,00000003__      ,9.1,2,,2,1,1,1,2,1,,,,,,,,50,,,,N,,129,17:55,120-04731
2016090916-016039              ,HUDSON      ,SECAUCUS TOWN           ,10/20/2016,TH,1428,1,SECAUCUS PD              ,SPD            ,0,0,0,0,P,B,N,N,1,2,NJ 3                                              ,E,3,,00000003__      ,9.12,2,4,2,1,1,1,1,1,,,,,F,PATERSON PLANK RD        ,EB,45,,,,N,,167,14:30,120-04731
2013160213-1003                ,PASSAIC     ,CLIFTON CITY            ,1/28/2013,M ,742,1,CLIFTON PD               ,,0,0,0,0,P,B,N,N,1,2,NJ 3                                              ,E,3,,00000003__      ,4.83,2,2,2,1,1,1,1,2,300,FE,W,NJ 21                              ,,,,55,55,,,N,,260,7:40,120-04738
2016090916-016250              ,HUDSON      ,SECAUCUS TOWN           ,10/24/2016,M ,715,1,SECAUCUS PD              ,HQTS           ,0,1,0,0,I,B,N,N,1,3,NJ 3                                              ,E,3,,00000003__      ,8.6,2,2,2,2,1,1,5,1,20,FE,E,MEADOWLANDS PKWY                   ,,,,55,25,,,N,NONE                                                                            ,168,7:15,120-04732
2017090917-013477              ,HUDSON      ,SECAUCUS TOWN           ,8/18/2017,FR,1600,1,SECAUCUS PD              ,HQTS           ,0,2,0,0,I,B,N,N,1,2,NJ 3                                              ,E,3,,00000003__      ,9.3,2,,2,1,1,1,1,1,,,,,,,,50,,,,N,,167,16:00,120-04730
2014160214-11056               ,PASSAIC     ,CLIFTON CITY            ,10/16/2014,TH,1246,1,CLIFTON PD               ,,0,0,0,0,P,B,N,N,15,2,NJ 3                                              ,E,3,,00000003__      ,4.8,2,1,2,1,1,1,1,1,500,FE,W,NJ 21                              ,,,,55,55,40.82401,74.12604,N,NONE                                                                            ,5006,12:45,120-04738
2018090918-006227              ,HUDSON      ,SECAUCUS TOWN           ,4/13/2018,FR,2239,1,SECAUCUS PD              ,HQTS           ,0,3,0,0,I,B,N,N,1,2,NJ 3                                              ,E,3,,00000003__      ,8.58,2,,2,1,6,1,5,1,100,FE,W,MEADOWLANDS PKWY                   ,,,,50,,,,N,,117,22:40,120-04732
2017090917-013535              ,HUDSON      ,SECAUCUS TOWN           ,8/19/2017,SA,1624,1,SECAUCUS PD              ,HEADQUARTERS   ,0,0,0,0,P,B,N,N,2,2,NJ 3                                              ,E,3,,00000003__      ,10,2,,2,1,1,1,2,1,,,,,,,,40,,,,N,,177,16:25,120N04729
2013160213-10032               ,PASSAIC     ,CLIFTON CITY            ,9/7/2013,SA,1246,1,CLIFTON PD               ,PATROL/C1      ,0,1,0,0,I,I,N,N,11,1,NJ 3                                              ,E,3,,00000003__      ,,2,1,2,1,1,1,1,1,,AT,,,T,CLIFTON COMMONS          ,,45,,,,N,BEN BALLARD AND PACKED CONCRETE                                                 ,?    ,12:45,120-07448
2013160213-10080               ,PASSAIC     ,CLIFTON CITY            ,9/9/2013,M ,841,1,CLIFTON PD               ,,0,0,0,0,P,B,N,N,1,2,NJ 3                                              ,E,3,,00000003__      ,4.78,2,2,2,1,1,4,1,2,200,FE,W,NJ 21                              ,,,,55,55,,,N,,260,8:40,120-04738
2017090917-013615              ,HUDSON      ,SECAUCUS TOWN           ,8/21/2017,MO,1053,1,SECAUCUS PD              ,HQ             ,0,0,0,0,P,B,N,N,1,2,NJ 3                                              ,E,3,,00000003__      ,9.2,2,,2,1,1,1,4,1,10,FE,N,PLAZA CENTER                       ,,,,55,,,,N,,176,10:55,120-04731
2016090916-016490              ,HUDSON      ,SECAUCUS TOWN           ,10/28/2016,F ,1032,1,SECAUCUS PD              ,HEADQUARTERS   ,0,0,0,0,P,B,N,N,1,2,NJ 3                                              ,E,3,,00000003__      ,10,2,5,2,1,1,1,1,1,,,,,T,CR 681                   ,EB,45,,,,N,NONE                                                                            ,134,10:30,120N04729
2015132615MN27708              ,MONMOUTH    ,MANALAPAN TWP           ,10/1/2015,TH,1303,1,MANALAPAN TWP PD         ,,0,2,0,0,I,B,N,N,8,2,MONMOUTH COUNTY 3                                 ,E,3,,13000003__      ,3.9,5,1,2,2,1,2,4,1,1320,FE,E,WICKATUNK ROAD                     ,,,,40,35,,,N,NONE                                                                            ,26097,13:05,120-04740
2013160213-10093               ,PASSAIC     ,CLIFTON CITY            ,9/9/2013,M ,1507,1,CLIFTON PD               ,PATROL         ,0,0,0,0,P,I,N,N,1,2,NJ 3                                              ,E,3,,00000003__      ,4.89,2,1,2,1,1,1,1,2,,AT,,NJ 21                              ,,,,45,45,,,N,NONE                                                                            ,500,15:05,120-04738
2016090916-016814              ,HUDSON      ,SECAUCUS TOWN           ,11/3/2016,TH,903,1,SECAUCUS PD              ,HEADQUARTERS   ,0,0,0,0,P,B,N,N,1,2,NJ 3                                              ,E,3,,00000003__      ,8.58,2,2,2,1,1,5,5,1,100,FE,W,MEADOWLANDS PKWY                   ,,,,55,,,,Y,,149,9:05,120-04732
2017090917-013723              ,HUDSON      ,SECAUCUS TOWN           ,8/22/2017,TU,2315,1,SECAUCUS PD              ,HQTS           ,0,0,0,0,P,I,N,N,11,1,NJ 3                                              ,E,3,,00000003__      ,10.2,2,,2,2,6,2,2,1,,AT,,,T,US 1&9                   ,EB,45,,,,N,,144,23:15,120N04729
2014160214-11100               ,PASSAIC     ,CLIFTON CITY            ,10/17/2014,F ,802,1,CLIFTON PD               ,,0,0,0,0,P,B,N,N,1,2,NJ 3                                              ,E,3,,00000003__      ,2.14,2,2,2,1,1,1,1,1,2640,FE,W,CR 622 / BLOOMFIELD AVE            ,,,,55,30,40.8449,74.16854,N,,194,8:00,120-07444
2018090918-006690              ,HUDSON      ,SECAUCUS TOWN           ,4/21/2018,SA,304,1,SECAUCUS PD              ,HQTS           ,0,0,0,0,P,B,N,N,1,2,NJ 3                                              ,E,3,,00000003__      ,9.5,2,,2,1,6,1,1,1,,,,,,,,55,,,,N,,144,3:05,120-04729
2014160214-11101               ,PASSAIC     ,CLIFTON CITY            ,10/17/2014,F ,827,1,CLIFTON PD               ,,0,0,0,0,P,B,N,N,1,2,NJ 3                                              ,E,3,,00000003__      ,2.55,2,1,2,1,1,1,1,1,500,FE,W,CR 622 / BLOOMFIELD AVE            ,,,,55,,40.84109,74.16266,N,NONE                                                                            ,274,8:25,120-07443
2018090918-006759              ,HUDSON      ,SECAUCUS TOWN           ,4/22/2018,SU,1628,1,SECAUCUS PD              ,HQTS           ,0,0,0,0,P,B,N,N,1,2,NJ 3                                              ,E,3,,00000003__      ,9.8,2,,2,1,1,1,2,1,,,,,,,,55,,,,N,,177,16:30,120N04729
2014160214-11105               ,PASSAIC     ,CLIFTON CITY            ,10/17/2014,F ,918,1,CLIFTON PD               ,,0,0,0,0,P,B,N,N,15,1,NJ 3                                              ,E,3,,00000003__      ,3.8,2,1,2,1,1,1,1,5,100,FE,W,CR 601 / MAIN AVE                  ,,,,55,35,40.83151,74.14237,N,NONE                                                                            ,274,9:20,120-04740
2018090918-006897              ,HUDSON      ,SECAUCUS TOWN           ,4/25/2018,WE,408,1,SECAUCUS PD              ,HQS            ,0,0,0,0,P,B,N,N,11,1,NJ 3                                              ,E,3,,00000003__      ,9.6,2,,2,2,6,2,1,,,,,,,,,50,,,,N,,112,4:10,120-04729
2016090916-017050              ,HUDSON      ,SECAUCUS TOWN           ,11/7/2016,M ,1214,1,SECAUCUS PD              ,HQTS           ,0,0,0,0,P,B,N,N,1,2,NJ 3                                              ,E,3,,00000003__      ,9.8,2,1,2,1,1,1,,1,,,,,F,HARMON MEADOW BV         ,,40,,,,N,,169,12:15,120N04729
2014160214-11116               ,PASSAIC     ,CLIFTON CITY            ,10/17/2014,F ,1619,1,CLIFTON PD               ,,0,0,0,0,P,B,N,N,15,1,NJ 3                                              ,E,3,,00000003__      ,0.98,2,1,2,1,1,1,5,1,1500,FE,W,ROUTE 509 / BROAD ST               ,,,,55,35,40.85888,74.18033,N,NONE                                                                            ,239,16:20,120-07447
2017090917-014159              ,HUDSON      ,SECAUCUS TOWN           ,8/29/2017,TU,1616,1,SECAUCUS PD              ,HEADQUARTERS   ,0,0,0,0,P,I,N,N,2,2,NJ 3                                              ,E,3,,00000003__      ,8.7,2,,2,2,1,2,2,1,,AT,,,T,MEADOWLANDS PKWY         ,NB,25,,,,N,,174,16:15,120-04731
2016090916-017095              ,HUDSON      ,SECAUCUS TOWN           ,11/8/2016,TU,720,1,SECAUCUS PD              ,SPD            ,0,0,0,0,P,B,N,N,1,2,NJ 3                                              ,E,3,,00000003__      ,10.1,2,1,2,1,1,1,1,1,,,,,,,,50,,,,N,NONE                                                                            ,167,7:20,120N04729
2014160214-11181               ,PASSAIC     ,CLIFTON CITY            ,10/19/2014,S ,2019,1,CLIFTON PD               ,CLIFTON        ,0,0,0,0,P,B,N,N,1,2,NJ 3                                              ,E,3,,00000003__      ,3.46,2,5,2,1,6,1,1,1,200,FE,E,CR 603 / PASSAIC AVE               ,,,,55,25,40.83408,74.14795,N,,258,20:20,120N07442
2018090918-007204              ,HUDSON      ,SECAUCUS TOWN           ,4/30/2018,MO,1243,1,SECAUCUS PD              ,HEADQUARTERS   ,0,0,0,0,P,B,N,N,2,2,NJ 3                                              ,E,3,,00000003__      ,9,2,,2,1,1,1,1,1,,,,,,,,55,,,,N,,159,12:45,120-04731
2017090917-014217              ,HUDSON      ,SECAUCUS TOWN           ,8/30/2017,WE,1753,1,SECAUCUS PD              ,HQTS           ,0,0,0,0,P,B,N,N,1,2,NJ 3                                              ,E,3,,00000003__      ,9.95,2,,2,1,1,1,2,1,,,,,,,,40,,,,N,,150,17:55,120N04729
2014160214-11199               ,PASSAIC     ,CLIFTON CITY            ,10/20/2014,M ,1341,1,CLIFTON PD               ,,0,0,0,0,P,B,N,N,4,2,NJ 3                                              ,E,3,,00000003__      ,,2,5,2,1,1,1,1,1,,,,,F,PASSAIC COUNTY 621       ,EB,55,,,,N,,260,13:40,120-07448
2018090918-007379              ,HUDSON      ,SECAUCUS TOWN           ,5/3/2018,TH,811,1,SECAUCUS PD              ,HEADQUARTERS   ,0,0,0,0,P,B,N,N,2,2,NJ 3                                              ,E,3,,00000003__      ,8.8,2,,2,1,1,1,4,1,,,,,T,MEADOWLANDS PKWY         ,SB,55,,,,N,,134,8:10,120-04731
2016090916-017329              ,HUDSON      ,SECAUCUS TOWN           ,11/12/2016,SA,446,1,SECAUCUS PD              ,HQTS           ,0,0,0,0,P,B,N,N,11,1,NJ 3                                              ,E,3,,00000003__      ,9.89,2,4,2,1,6,1,2,1,,,,,T,HARMON MEADOW BLVD       ,,45,,,,N,CURB                                                                            ,157,4:45,120N04729
2014160214-11201               ,PASSAIC     ,CLIFTON CITY            ,10/20/2014,M ,1413,1,CLIFTON PD               ,CLIFTON PD     ,0,1,0,0,I,B,N,N,1,3,NJ 3                                              ,E,3,,00000003__      ,2.64,2,1,2,1,1,1,5,1,,,E,CR 622 / BLOOMFIELD AVE            ,,,,50,25,,,N,NONE                                                                            ,,14:15,120-07443
2018090918-007617              ,HUDSON      ,SECAUCUS TOWN           ,5/7/2018,MO,1238,1,SECAUCUS PD              ,HQTS           ,0,0,0,0,P,B,N,N,1,2,NJ 3                                              ,E,3,,00000003__      ,10,2,,2,1,1,1,5,1,,,,,T,CR 681/PATERSON PLANK RD ,,40,,,,N,,169,12:40,120N04729
2017090917-014306              ,HUDSON      ,SECAUCUS TOWN           ,8/31/2017,TH,1825,1,SECAUCUS PD              ,HQ             ,0,3,0,0,I,B,N,N,1,2,NJ 3                                              ,E,3,,00000003__      ,10.04,2,,2,1,1,1,2,1,,,,,T,CR 681/PATERSON PLANK RD ,EB,45,,,,N,,176,18:25,120N04729
2013160213-10326               ,PASSAIC     ,CLIFTON CITY            ,9/15/2013,S ,106,1,CLIFTON PD               ,CLIFTON PD     ,0,0,0,0,P,I,N,N,12,1,NJ 3                                              ,E,3,,00000003__      ,0.1,2,1,2,1,6,1,1,1,,AT,,CR 621                             ,,,,50,35,,,N,NONE                                                                            ,284,1:05,120-07448
2018090918-007663              ,HUDSON      ,SECAUCUS TOWN           ,5/8/2018,TU,723,1,SECAUCUS PD              ,HEADQUARTERS   ,0,4,0,0,I,B,N,N,1,3,NJ 3                                              ,E,3,,00000003__      ,9.6,2,,2,1,1,1,1,1,,,,,,,,55,,,,N,,134,7:25,120-04729
2013160213-10359               ,PASSAIC     ,CLIFTON CITY            ,9/16/2013,M ,810,1,CLIFTON PD               ,,0,1,0,0,I,B,N,N,1,3,NJ 3                                              ,E,3,,00000003__      ,3.93,2,2,2,2,1,2,1,2,600,FE,E,CR 601 / MAIN AVE                  ,,,,55,35,,,N,,260,8:10,120-04740
2018090918-007668              ,HUDSON      ,SECAUCUS TOWN           ,5/8/2018,TU,827,1,SECAUCUS PD              ,HEADQUARTERS   ,0,0,0,0,P,B,N,N,1,2,NJ 3                                              ,E,3,,00000003__      ,9.7,2,,2,1,1,1,2,1,,,,,,,,40,,,,N,,134,8:25,120-04729
2017090917-014365              ,HUDSON      ,SECAUCUS TOWN           ,9/1/2017,FR,1617,1,SECAUCUS PD              ,HEADQUARTERS   ,0,2,0,0,I,I,N,N,1,2,NJ 3                                              ,E,3,,00000003__      ,10.04,2,,2,1,1,1,2,1,,AT,,,T,CR 681/PATERSON PLANK RD.,,50,,,,N,,174,16:15,120N04729
2018090918-007755              ,HUDSON      ,SECAUCUS TOWN           ,5/9/2018,WE,800,1,SECAUCUS PD              ,HQTS           ,0,0,0,0,P,B,N,N,2,2,NJ 3                                              ,E,3,,00000003__      ,9.8,2,,2,1,1,1,2,1,,,,,,,,,,,,N,,169,8:00,120N04729
2016090916-017540              ,HUDSON      ,SECAUCUS TOWN           ,11/16/2016,W ,742,1,SECAUCUS PD              ,SPD            ,0,0,0,0,P,B,N,N,1,2,NJ 3                                              ,E,3,,00000003__      ,8.5,2,3,2,1,1,1,5,1,,,,,,,,55,,,,N,NONE                                                                            ,167,7:40,120-04732
2018090918-007851              ,HUDSON      ,SECAUCUS TOWN           ,5/10/2018,TH,1522,1,SECAUCUS PD              ,HEADQUARTERS   ,0,0,0,0,P,B,N,N,2,2,NJ 3                                              ,E,3,,00000003__      ,8.6,2,,2,1,1,1,1,1,,,,,,,,55,,,,N,,174,15:20,120-04732
2018090918-007878              ,HUDSON      ,SECAUCUS TOWN           ,5/10/2018,TH,2204,1,SECAUCUS PD              ,HEADQUARTERS   ,0,0,0,0,P,B,N,N,2,2,NJ 3                                              ,E,3,,00000003__      ,8.6,2,,2,2,6,2,1,1,,,,,,,,55,,,,N,,174,22:05,120-04732
2014160214-11306               ,PASSAIC     ,CLIFTON CITY            ,10/23/2014,TH,713,1,CLIFTON PD               ,CLIFTON PD     ,0,0,0,0,P,B,N,N,1,2,NJ 3                                              ,E,3,,00000003__      ,,2,1,2,2,2,2,1,1,1000,FE,W,,T,BLOOMFIELD AVE           ,SB,55,,,,N,NONE                                                                            ,526,7:15,120-07448
2016090916-017600              ,HUDSON      ,SECAUCUS TOWN           ,11/16/2016,W ,2113,1,SECAUCUS PD              ,HQTS           ,0,2,0,0,I,B,N,N,2,2,NJ 3                                              ,E,3,,00000003__      ,9.8,2,4,2,1,6,1,5,1,15,FE,,,F,HARMON MEADOW BLVD       ,EB,45,,,,N,NONE                                                                            ,168,21:15,120N04729
2017090917-014490              ,HUDSON      ,SECAUCUS TOWN           ,9/3/2017,SU,1225,1,SECAUCUS PD              ,HQTS           ,0,0,0,0,P,B,N,N,1,2,NJ 3                                              ,E,3,,00000003__      ,10,2,,2,2,1,2,5,1,,,,,T,CR 681/PATERSON PLANK RD ,SB,50,,,,N,,169,12:25,120N04729
2018090918-007965              ,HUDSON      ,SECAUCUS TOWN           ,5/12/2018,SA,1118,1,SECAUCUS PD              ,HEADQUARTERS   ,0,0,0,0,P,B,N,N,1,2,NJ 3                                              ,E,3,,00000003__      ,,2,,2,1,1,2,2,1,,,,,F,PLAZA CENTRE RD          ,NB,45,,,,N,,159,11:20,120-07448
2017090917-014618              ,HUDSON      ,SECAUCUS TOWN           ,9/5/2017,TU,1818,1,SECAUCUS PD              ,HEADQUARTERS   ,0,0,0,0,P,B,N,N,2,2,NJ 3                                              ,E,3,,00000003__      ,8.7,2,,2,1,1,1,1,1,,,,,T,MEADOWLANDS PKWY         ,SB,55,,,,N,,134,18:20,120-04731
2016090916-017610              ,HUDSON      ,SECAUCUS TOWN           ,11/17/2016,TH,636,1,SECAUCUS PD              ,HEADQUARTERS   ,0,0,0,0,P,B,N,N,1,2,NJ 3                                              ,E,3,,00000003__      ,9.9,2,1,2,1,1,1,1,1,,,,,,,,55,,,,N,NONE.                                                                           ,147,6:35,120N04729
2015132615MN35061              ,MONMOUTH    ,MANALAPAN TWP           ,12/4/2015,F ,723,1,MANALAPAN TWP PD         ,,0,1,0,0,I,I,N,N,7,2,MONMOUTH COUNTY 3                                 ,E,3,,13000003__      ,1.43,5,1,2,1,1,1,5,1,,AT,,CAITLIN WAY / DEVON DR S           ,,,,40,25,,,N,,26146,7:25,120-07444
2014160214-11332               ,PASSAIC     ,CLIFTON CITY            ,10/23/2014,TH,2052,1,CLIFTON PD               ,PATROL         ,0,0,0,0,P,B,N,N,1,2,NJ 3                                              ,E,3,,00000003__      ,,2,1,2,1,6,1,1,1,100,FE,E,,T,CR 623                   ,EB,55,,,,N,NONE                                                                            ,6019,20:50,120-07448
2013160213-10449               ,PASSAIC     ,CLIFTON CITY            ,9/18/2013,W ,719,1,CLIFTON PD               ,,0,2,0,0,I,B,N,N,1,2,NJ 3                                              ,E,3,,00000003__      ,3.93,2,1,2,1,1,1,1,2,600,FE,E,CR 601 / MAIN AVE                  ,,,,55,55,,,N,V1 INS CONTACT 581 MAIN ST WOODBRIDGE N.J. 07091                                ,260,7:20,120-04740
2017090917-014675              ,HUDSON      ,SECAUCUS TOWN           ,9/6/2017,WE,2118,1,SECAUCUS PD              ,HQTS           ,0,0,0,0,P,B,N,N,11,2,NJ 3                                              ,E,3,,00000003__      ,9.75,2,,2,2,6,2,2,1,,,,,,,,50,,,,N,DOT LIGHT POLE #EE8250 IMPACT ATTENUATOR AND GUARD RAIL                         ,149,21:20,120N04729
2018090918-008063              ,HUDSON      ,SECAUCUS TOWN           ,5/14/2018,MO,1215,1,SECAUCUS PD              ,HEADQUARTERS   ,0,0,0,0,P,B,N,N,2,2,NJ 3                                              ,E,3,,00000003__      ,10,2,,2,1,1,5,2,1,,,,,,,,45,,,,N,,159,12:15,120N04729
2014160214-11336               ,PASSAIC     ,CLIFTON CITY            ,10/23/2014,TH,2342,1,CLIFTON PD               ,PATROL         ,0,0,0,0,P,B,N,N,11,1,NJ 3                                              ,E,3,,00000003__      ,,2,1,2,1,6,1,2,1,,,,,,,,55,,,,N,PAINT DAMAGE TO PROTECTION POLE                                                 ,6022,23:40,120-07448
2014160214-1134                ,PASSAIC     ,CLIFTON CITY            ,1/30/2014,TH,744,1,CLIFTON PD               ,,0,0,0,0,P,I,N,N,1,2,NJ 3                                              ,E,3,,00000003__      ,4.89,2,2,2,1,1,1,1,2,,AT,W,NJ 21                              ,,,,55,55,40.82333,74.12466,N,,260,7:45,120-04738
2018090918-008164              ,HUDSON      ,SECAUCUS TOWN           ,5/15/2018,TU,1746,1,SECAUCUS PD              ,HQTS           ,0,0,0,0,P,I,N,N,2,2,NJ 3                                              ,E,3,,00000003__      ,8.6,2,,2,2,6,2,2,1,,AT,,,T,MEADOWLANDS PKWY         ,SB,55,,,,N,,175,17:45,120-04732
2017090917-014692              ,HUDSON      ,SECAUCUS TOWN           ,9/7/2017,TH,838,1,SECAUCUS PD              ,HQTS           ,0,0,0,0,P,B,N,N,2,2,NJ 3                                              ,E,3,,00000003__      ,10.24,2,,2,1,1,1,1,1,,,,,,,,50,,,,N,,177,8:40,120-13767
2013160213-10451               ,PASSAIC     ,CLIFTON CITY            ,9/18/2013,W ,753,1,CLIFTON PD               ,,0,0,0,0,P,B,N,N,2,2,NJ 3                                              ,E,3,,00000003__      ,,2,2,2,1,1,1,1,1,1000,FE,W,,T,PASSAIC COUNTY 622       ,,55,,,,N,NONE                                                                            ,256,7:55,120-07448
2014160214-1136                ,PASSAIC     ,CLIFTON CITY            ,1/30/2014,TH,840,1,CLIFTON PD               ,,0,0,0,0,P,B,N,N,1,2,NJ 3                                              ,E,3,,00000003__      ,3.78,2,2,2,1,1,1,1,1,200,FE,W,CR 601 / MAIN AVE                  ,,,,55,35,40.83166,74.14271,N,,260,8:40,120-04740
2017090917-014781              ,HUDSON      ,SECAUCUS TOWN           ,9/8/2017,FR,1514,1,SECAUCUS PD              ,HQ             ,0,0,0,0,P,B,N,N,2,2,NJ 3                                              ,E,3,,00000003__      ,9.89,2,,2,1,1,1,2,1,10,FE,E,HARMON MEADOW BLVD                 ,,,,45,25,,,N,,176,15:15,120N04729
2018090918-008297              ,HUDSON      ,SECAUCUS TOWN           ,5/17/2018,TH,1902,1,SECAUCUS PD              ,HQTS           ,0,0,0,0,P,B,N,N,1,2,NJ 3                                              ,E,3,,00000003__      ,10.04,2,,2,1,1,1,5,1,,,,,F,CR 681/PATERSON PLANK RD ,NB,55,,,,N,,168,19:00,120N04729
2014160214-11366               ,PASSAIC     ,CLIFTON CITY            ,10/24/2014,F ,1653,1,CLIFTON PD               ,PATROL / C1    ,0,0,0,0,P,B,N,N,2,2,NJ 3                                              ,E,3,,00000003__      ,3.14,2,1,2,1,1,1,1,1,1500,FE,W,CR 603 / PASSAIC AVE               ,,,,55,25,40.83653,74.15312,N,NONE.                                                                           ,501,16:55,120-07442
2017090917-014790              ,HUDSON      ,SECAUCUS TOWN           ,9/8/2017,FR,1729,1,SECAUCUS PD              ,HQ             ,0,0,0,0,P,B,N,N,11,2,NJ 3                                              ,E,3,,00000003__      ,8.5,2,,2,1,1,1,5,1,,,,,,,,55,,,,N,GUARD RAIL                                                                      ,176,17:30,120-04732