CRASH_ID,CTY_NAME,MUN_NAME,DATE,DAY,TIME,POL_CODE,POL_DEPT,POL_STA,KILLED,INJURED,PED_KILL,PED_INJ,SEVERITY,INTERSEC,ALCOHOL,HAZMAT,CRASH_TYPE,VEH_COUNT,LOCATION,LOC_DIR,ROUTE,RT_SFX,SRI,MP,RD_SYS,RD_CHAR,RD_SURF,SURF_COND,LIGHT,WEATHER,RD_DIV,RD_WRKZN,X_DIST,DIST_UNT,X_DIR,X_NAME,IS_RAMP,RAMP_RT,RAMP_DIR,SPD_LMT,SPD_X,LAT,LONG,CELL_USE,PROP_DMG,BADGE,TIME_ROUND,TMC
2018090918-008514              ,HUDSON      ,SECAUCUS TOWN           ,5/22/2018,TU,1135,1,SECAUCUS PD              ,HQTS           ,0,0,0,0,P,B,N,N,1,2,NJ 3                                              ,E,3,,00000003__      ,8.8,2,,2,1,1,5,5,1,,,,,,,,50,,,,N,,149,11:35,120-04731
2015132615MN37303              ,MONMOUTH    ,MANALAPAN TWP           ,12/23/2015,W ,1148,1,MANALAPAN TWP PD         ,,0,0,0,0,P,I,N,N,3,2,MONMOUTH COUNTY 3                                 ,E,3,,13000003__      ,1.07,5,1,2,2,1,2,5,1,,AT,,CHURCH LN                          ,,,,35,25,,,N,NONE                                                                            ,26150,11:50,120-07447
2013160213-10457               ,PASSAIC     ,CLIFTON CITY            ,9/18/2013,W ,808,1,CLIFTON PD               ,,0,0,0,0,P,B,N,N,1,2,NJ 3                                              ,E,3,,00000003__      ,1.44,2,1,2,1,1,1,1,1,100,FE,E,GSP OFF RAMP                       ,,,,55,,,,N,NONE                                                                            ,256,8:10,120-07444
2014160214-1138                ,PASSAIC     ,CLIFTON CITY            ,1/30/2014,TH,913,1,CLIFTON PD               ,CLIFTON        ,0,0,0,0,P,B,N,N,2,2,NJ 3                                              ,E,3,,00000003__      ,,2,2,1,1,3,1,5,1,,,,,F,NJ 21                    ,NB,15,,,,N,,769,9:15,120-07448
2015132615MN37312              ,MONMOUTH    ,MANALAPAN TWP           ,12/23/2015,W ,1412,1,MANALAPAN TWP PD         ,,0,2,0,0,I,B,N,N,1,3,MONMOUTH COUNTY 3                                 ,E,3,,13000003__      ,0.67,5,2,2,2,1,2,5,,700,FE,S,ROUTE 522                          ,,,,35,45,,,N,NONE                                                                            ,26123,14:10,120N07448
2013160213-1050                ,PASSAIC     ,CLIFTON CITY            ,1/29/2013,TU,857,1,CLIFTON PD               ,,0,1,0,0,I,B,N,N,1,2,NJ 3                                              ,E,3,,00000003__      ,4.85,2,2,2,1,1,1,1,2,200,FE,W,NJ 21                              ,,,,55,55,,,N,,260,8:55,120-04738
2017090917-014994              ,HUDSON      ,SECAUCUS TOWN           ,9/12/2017,TU,1710,1,SECAUCUS PD              ,HQTS           ,0,0,0,0,P,B,N,N,2,2,NJ 3                                              ,E,3,,00000003__      ,9.9,2,,2,1,1,1,1,1,,,,,,,,50,,,,N,,177,17:10,120N04729
2018090918-008631              ,HUDSON      ,SECAUCUS TOWN           ,5/24/2018,TH,1002,1,SECAUCUS PD              ,HQ             ,0,0,0,0,P,I,N,N,2,2,NJ 3                                              ,E,3,,00000003__      ,10.04,2,,2,1,1,1,2,1,,AT,,CR 681 / PATERSON PLANK RD         ,,,,45,,,,N,,155,10:00,120N04729
2014160214-11413               ,PASSAIC     ,CLIFTON CITY            ,10/25/2014,SA,2336,1,CLIFTON PD               ,PATROL         ,0,0,0,0,P,B,N,N,1,2,NJ 3                                              ,E,3,,00000003__      ,,2,1,2,1,6,1,1,1,,,,,F,WARD AVE                 ,EB,55,,,,N,NONE                                                                            ,10045,23:35,120-07448
2014160214-11418               ,PASSAIC     ,CLIFTON CITY            ,10/26/2014,S ,157,1,CLIFTON PD               ,CLIFTON PD     ,0,0,0,0,P,B,Y,N,11,1,NJ 3                                              ,E,3,,00000003__      ,2.78,2,2,2,2,6,2,1,1,750,FE,E,CR 622 / BLOOMFIELD AVE            ,,,,55,35,40.8393,74.15891,N,STATE HIGHWAY SIGN AT MILE POST #3                                              ,284,1:55,120-07443
2017090917-015004              ,HUDSON      ,SECAUCUS TOWN           ,9/12/2017,TU,1959,1,SECAUCUS PD              ,HQTS           ,0,1,0,0,I,B,N,N,1,2,NJ 3                                              ,E,3,,00000003__      ,9.6,2,,2,1,6,1,1,1,,,,,T,HUDSON COUNTY 681        ,EB,40,,,,N,,177,20:00,120-04729
2015132615MN37717              ,MONMOUTH    ,MANALAPAN TWP           ,12/29/2015,TU,1454,1,MANALAPAN TWP PD         ,,0,1,0,0,I,B,N,N,11,1,MONMOUTH COUNTY 3                                 ,E,3,,13000003__      ,1.07,5,1,2,2,1,2,5,1,200,FE,E,CHURCH LN                          ,,,,45,25,,,N,,26098,14:55,120-07447
2014160214-11458               ,PASSAIC     ,CLIFTON CITY            ,10/27/2014,M ,1003,1,CLIFTON PD               ,10/27/2014,0,0,0,0,P,B,N,N,2,2,NJ 3                                              ,E,3,,00000003__      ,3.93,2,1,2,1,1,1,1,1,600,FE,E,CR 601 / MAIN AVE                  ,,,,55,35,40.83052,74.14024,N,,260,10:05,120-04740
2013160213-10545               ,PASSAIC     ,CLIFTON CITY            ,9/20/2013,F ,1644,1,CLIFTON PD               ,CLIFTON        ,0,0,0,0,P,B,N,N,2,2,NJ 3                                              ,E,3,,00000003__      ,4.32,2,1,2,1,1,1,1,1,2640,FE,E,CR 601 / MAIN AVE                  ,,,,55,25,,,N,,258,16:45,120N04740
2017090917-015206              ,HUDSON      ,SECAUCUS TOWN           ,9/16/2017,SA,1803,1,SECAUCUS PD              ,HEADQUARTERS   ,0,2,0,0,I,B,N,N,2,2,NJ 3                                              ,E,3,,00000003__      ,9.89,2,,2,1,1,1,2,1,20,FE,W,HARMON MEADOW BLVD                 ,,,,50,25,,,N,,175,18:05,120N04729
2017090917-015230              ,HUDSON      ,SECAUCUS TOWN           ,9/17/2017,SU,143,1,SECAUCUS PD              ,HQ             ,0,1,0,1,I,B,N,N,13,1,NJ 3                                              ,E,3,,00000003__      ,9.4,2,,2,1,6,1,1,1,,,,,,,,55,,,,N,,126,1:45,120-04730
2016090916-017965              ,HUDSON      ,SECAUCUS TOWN           ,11/22/2016,TU,2012,1,SECAUCUS PD              ,HQTS           ,0,0,0,0,P,B,N,N,1,2,NJ 3                                              ,E,3,,00000003__      ,9.6,2,1,2,1,6,1,5,1,,,,,,,,55,,,,N,NONE                                                                            ,168,20:10,120-04729
2018090918-008804              ,HUDSON      ,SECAUCUS TOWN           ,5/27/2018,SU,837,1,SECAUCUS PD              ,HEADQUARTERS   ,0,0,0,0,P,B,N,N,11,1,NJ 3                                              ,E,3,,00000003__      ,9.7,2,,2,2,1,2,1,1,,,,,,,,55,,,,N,,174,8:35,120-04729
2017090917-015775              ,HUDSON      ,SECAUCUS TOWN           ,9/25/2017,MO,1650,1,SECAUCUS PD              ,HQ             ,0,0,0,0,P,B,N,N,1,2,NJ 3                                              ,E,3,,00000003__      ,9.89,2,,2,1,1,1,2,1,,,,,F,HARMON MEADOW BLVD       ,,45,,,,N,,176,16:50,120N04729
2015132815-005034              ,MONMOUTH    ,MARLBORO TWP            ,2/22/2015,S ,857,1,MARLBORO TWP PD          ,,0,1,0,0,I,B,N,N,11,1,MONMOUTH COUNTY 3                                 ,E,3,,13000003__      ,7.76,5,1,2,4,1,1,5,1,300,FE,S,HARBOR RD / SPRING VALLEY RD       ,,,,40,40,,,N,UTILITY POLE: PARTIAL POLE NUMBER: 90164MO                                      ,106,8:55,120-04733
2016090916-018204              ,HUDSON      ,SECAUCUS TOWN           ,11/27/2016,S ,2243,1,SECAUCUS PD              ,SECAUCUS PD    ,0,4,0,0,I,B,N,N,11,2,NJ 3                                              ,E,3,,00000003__      ,8.79,2,1,2,1,7,1,1,,1000,FE,E,MEADOWLANDS PKWY                   ,,,,55,25,,,N,HIGHWAY LIGHT POST. HIGHWAY MILE MARKER POST.                                   ,152,22:45,120-04731
2018090918-009101              ,HUDSON      ,SECAUCUS TOWN           ,5/31/2018,TH,1641,1,SECAUCUS PD              ,HQS            ,0,0,0,0,P,B,N,N,11,1,NJ 3                                              ,E,3,,00000003__      ,8.8,2,,2,2,1,5,5,1,,,,,,,,,,,,N,,129,16:40,120-04731
2013160213-10639               ,PASSAIC     ,CLIFTON CITY            ,9/23/2013,M ,1432,1,CLIFTON PD               ,,0,0,0,0,P,B,N,N,1,2,NJ 3                                              ,E,3,,00000003__      ,1.44,2,2,2,1,1,1,1,3,500,FE,E,GARDEN STATE PARKWAY               ,,,,55,55,,,N,NONE                                                                            ,231,14:30,120-07444
2017090917-015821              ,HUDSON      ,SECAUCUS TOWN           ,9/26/2017,TU,827,1,SECAUCUS PD              ,HEADQUARTERS   ,0,0,0,0,P,B,N,N,1,2,NJ 3                                              ,E,3,,00000003__      ,10.04,2,,2,1,1,1,2,1,,,,,T,PATERSON PLANK RD        ,EB,25,,,,N,,159,8:25,120N04729
2014160214-11543               ,PASSAIC     ,CLIFTON CITY            ,10/29/2014,W ,,1,CLIFTON PD               ,CLIFTON        ,0,0,0,0,P,B,N,N,1,2,NJ 3                                              ,E,3,,00000003__      ,,2,5,2,1,1,5,1,1,,,,,F,GROVE STREET             ,EB,55,,,,N,NONE                                                                            ,268,#VALUE!,120-07448
2016090916-018903              ,HUDSON      ,SECAUCUS TOWN           ,12/9/2016,F ,1708,1,SECAUCUS PD              ,HEADQUARTERS   ,0,0,0,0,P,B,N,N,1,2,NJ 3                                              ,E,3,,00000003__      ,9.6,2,1,2,1,5,1,4,1,,,,,,,,,,,,N,NONE.                                                                           ,163,17:10,120-04729
2014160214-11626               ,PASSAIC     ,CLIFTON CITY            ,10/31/2014,F ,1101,1,CLIFTON PD               ,,0,0,0,0,P,I,N,N,1,2,NJ 3                                              ,E,3,,00000003__      ,,2,5,2,1,1,5,1,1,,AT,,,F,CR 623                   ,EB,55,,,,N,NONE                                                                            ,231,11:00,120-07448
2018090918-009354              ,HUDSON      ,SECAUCUS TOWN           ,6/4/2018,MO,1140,1,SECAUCUS PD              ,HQTS           ,0,0,0,0,P,B,N,N,2,2,NJ 3                                              ,E,3,,00000003__      ,8.49,2,,2,1,1,5,5,1,25,FE,W,MEADOWLANDS PKWY                   ,,,,55,25,,,N,,168,11:40,120-04732
2017090917-015961              ,HUDSON      ,SECAUCUS TOWN           ,9/28/2017,TH,900,1,SECAUCUS PD              ,HEADQUARTERS   ,0,0,0,0,P,B,N,N,2,2,NJ 3                                              ,E,3,,00000003__      ,9.8,2,,2,1,1,1,2,1,,,,,,,,55,,,,N,,159,9:00,120N04729
2014160214-11655               ,PASSAIC     ,CLIFTON CITY            ,11/1/2014,SA,55,1,CLIFTON PD               ,PATROL         ,0,0,0,0,P,B,N,N,11,1,NJ 3                                              ,E,3,,00000003__      ,,2,5,1,2,7,1,2,1,,,,,T,BLOOMFIELD AVE           ,,50,,,,N,DAMAGE TO GUARDRAIL.                                                            ,7032,5:55,120-07448
2016090916-018921              ,HUDSON      ,SECAUCUS TOWN           ,12/9/2016,F ,2219,1,SECAUCUS PD              ,HEADQUARTERS   ,0,0,0,0,P,I,N,N,1,2,NJ 3                                              ,E,3,,00000003__      ,9.89,2,1,2,1,5,1,4,1,,AT,,,F,HARMON MEADOW BLVD       ,,,,,,N,NONE.                                                                           ,163,22:20,120N04729
2013160213-10678               ,PASSAIC     ,CLIFTON CITY            ,9/24/2013,TU,1313,1,CLIFTON PD               ,,0,1,0,0,I,B,N,N,1,2,NJ 3                                              ,E,3,,00000003__      ,2.49,2,2,2,1,1,1,1,2,800,FE,W,CR 622 / BLOOMFIELD AVE            ,,,,35,35,,,N,,2100,13:15,120-07443
2014160214-11721               ,PASSAIC     ,CLIFTON CITY            ,11/3/2014,M ,649,1,CLIFTON PD               ,CLIFTON        ,0,0,0,0,P,B,N,N,1,2,NJ 3                                              ,E,3,,00000003__      ,,2,1,2,1,1,1,1,1,,,W,,T,PASSAIC AVE              ,SB,55,,,,N,NONE                                                                            ,12514,6:50,120-07448
2013160213-10696               ,PASSAIC     ,CLIFTON CITY            ,9/24/2013,TU,1831,1,CLIFTON PD               ,POST 7         ,0,0,0,0,P,B,N,N,1,2,NJ 3                                              ,E,3,,00000003__      ,3,2,2,2,1,1,1,1,1,2640,FE,W,,T,PASSAIC AVE              ,,55,,,,N,NONE                                                                            ,7030,18:30,120-07443
2018090918-009778              ,HUDSON      ,SECAUCUS TOWN           ,6/11/2018,MO,1726,1,SECAUCUS PD              ,HQTS           ,0,0,0,0,P,B,N,N,1,2,NJ 3                                              ,E,3,,00000003__      ,10.1,2,,2,1,1,1,5,1,,,,,,,,50,,,,N,,149,17:25,120N04729
2014160214-11742               ,PASSAIC     ,CLIFTON CITY            ,11/3/2014,M ,1452,1,CLIFTON PD               ,CLIFTON        ,0,0,0,0,P,I,N,N,9,2,NJ 3                                              ,E,3,,00000003__      ,2.64,2,1,2,1,1,1,1,1,,AT,,CR 622 / BLOOMFIELD AVE            ,,,,50,25,40.84038,74.16117,N,,187,14:50,120-07443
2013160213-10699               ,PASSAIC     ,CLIFTON CITY            ,9/24/2013,TU,1930,1,CLIFTON PD               ,,0,0,0,0,P,I,N,N,1,2,NJ 3                                              ,E,3,,00000003__      ,3.82,2,2,2,1,6,1,1,1,,AT,,CR 601 / MAIN AVE                  ,,,,55,35,,,N,NONE                                                                            ,239,19:30,120-04740
2016090916-019173              ,HUDSON      ,SECAUCUS TOWN           ,12/14/2016,W ,1845,1,SECAUCUS PD              ,HQTS           ,0,2,0,0,I,B,N,N,1,2,NJ 3                                              ,E,3,,00000003__      ,9.6,2,4,2,1,6,1,5,1,,,,,T,HUDSON COUNTY 681        ,EB,40,,,,N,NONE                                                                            ,150,18:45,120-04729
2018090918-009788              ,HUDSON      ,SECAUCUS TOWN           ,6/11/2018,MO,1857,1,SECAUCUS PD              ,HEADQUARTERS   ,0,1,0,0,I,B,N,N,1,2,NJ 3                                              ,E,3,,00000003__      ,10,2,,2,1,1,1,5,1,,,,,F,CR 681/PATERSON PLANK RD ,WB,45,,,,N,,161,18:55,120N04729
2018090918-010001              ,HUDSON      ,SECAUCUS TOWN           ,6/13/2018,WE,1020,1,SECAUCUS PD              ,,0,0,0,0,P,B,N,N,99,1,NJ 3                                              ,E,3,,00000003__      ,8.5,2,,2,1,1,1,5,1,,,,,,,,55,,,,N,,,10:20,120-04732
2017090917-016210              ,HUDSON      ,SECAUCUS TOWN           ,10/2/2017,MO,1517,1,SECAUCUS PD              ,HEADQUARTERS   ,0,0,0,0,P,B,N,N,2,2,NJ 3                                              ,E,3,,00000003__      ,9.6,2,,2,1,1,1,5,1,,,,,,,,50,,,,N,,161,15:15,120-04729
2016090916-019219              ,HUDSON      ,SECAUCUS TOWN           ,12/15/2016,TH,1611,1,SECAUCUS PD              ,HQ             ,0,0,0,0,P,B,N,N,1,2,NJ 3                                              ,E,3,,00000003__      ,9.89,2,1,2,1,1,1,2,1,10,FE,E,HARMON MEADOW BLVD                 ,,,,55,,,,N,NONE                                                                            ,162,16:10,120N04729
2013160213-10705               ,PASSAIC     ,CLIFTON CITY            ,9/24/2013,TU,2205,1,CLIFTON PD               ,CLIFTON        ,0,0,0,0,P,B,N,N,12,1,NJ 3                                              ,E,3,,00000003__      ,,2,1,2,1,5,1,1,1,200,FE,W,,T,BROAD ST                 ,,55,,,,N,NONE                                                                            ,12513,22:05,120-07448
2018090918-010672              ,HUDSON      ,SECAUCUS TOWN           ,6/18/2018,MO,1336,1,SECAUCUS PD              ,,0,0,0,0,P,B,N,N,1,2,NJ 3                                              ,E,3,,00000003__      ,8.6,2,,2,1,1,1,2,1,,,,,T,MEADOWLANDS PKWY         ,,40,,,,N,,,13:35,120-04732
2016090916-019414              ,HUDSON      ,SECAUCUS TOWN           ,12/18/2016,S ,1728,1,SECAUCUS PD              ,HQTS           ,0,0,0,0,P,B,N,N,1,2,NJ 3                                              ,E,3,,00000003__      ,10.04,2,5,2,2,6,5,5,1,,,,,T,CR 681/PATERSON PLANK RD.,NB,25,,,,Y,,149,17:30,120N04729
2014160214-11790               ,PASSAIC     ,CLIFTON CITY            ,11/4/2014,TU,1831,1,CLIFTON PD               ,POST 7         ,0,0,0,0,P,B,N,N,2,2,NJ 3                                              ,E,3,,00000003__      ,,2,1,2,1,6,1,1,1,100,FE,W,,T,BLOOMFIELD AVE           ,,55,,,,N,NONE                                                                            ,521,18:30,120-07448
2017090917-016723              ,HUDSON      ,SECAUCUS TOWN           ,10/10/2017,TU,708,1,SECAUCUS PD              ,HQTS           ,0,0,0,0,P,B,N,N,2,2,NJ 3                                              ,E,3,,00000003__      ,9,2,,2,1,1,1,5,1,,,,,,,,40,,,,N,,169,7:10,120-04731
2013160213-10763               ,PASSAIC     ,CLIFTON CITY            ,9/26/2013,TH,1125,1,CLIFTON PD               ,92613,0,1,0,0,I,B,N,N,1,3,NJ 3                                              ,E,3,,00000003__      ,4.87,2,2,2,1,1,1,1,2,100,FE,W,NJ 21                              ,,,,55,55,,,N,,260,11:25,120-04738
2016090916-019613              ,HUDSON      ,SECAUCUS TOWN           ,12/21/2016,W ,1836,1,SECAUCUS PD              ,HQ             ,0,0,0,0,P,B,N,N,2,2,NJ 3                                              ,E,3,,00000003__      ,9.12,2,1,2,1,6,1,5,1,10,FE,E,CR 681 / PATTERSON PLANK RD        ,,,,55,,,,N,,162,18:35,120-04731
2013160213-10790               ,PASSAIC     ,CLIFTON CITY            ,9/26/2013,TH,2316,1,CLIFTON PD               ,,0,0,0,0,P,B,N,N,1,2,NJ 3                                              ,E,3,,00000003__      ,4.01,2,1,2,1,6,1,1,2,1000,FE,E,CR 601 / MAIN AVE                  ,,,,55,25,,,N,NONE                                                                            ,7028,23:15,120N04740
2017090917-017088              ,HUDSON      ,SECAUCUS TOWN           ,10/15/2017,SU,1617,1,SECAUCUS PD              ,HQTS           ,0,1,0,0,I,B,N,N,2,2,NJ 3                                              ,E,3,,00000003__      ,10.01,2,,2,1,1,1,2,1,200,FE,W,NJ 495                             ,,,,55,55,,,N,,160,16:15,120N04729
2014160214-118                 ,PASSAIC     ,CLIFTON CITY            ,1/4/2014,SA,2151,1,CLIFTON PD               ,CLIFTON        ,0,0,0,0,P,B,N,N,1,2,NJ 3                                              ,E,3,,00000003__      ,,2,1,2,2,6,1,1,1,250,FE,E,,T,RT 21 SOUTH              ,SB,55,,,,N,,12506,21:50,120-07448
2016090916-020087              ,HUDSON      ,SECAUCUS TOWN           ,12/31/2016,SA,1027,1,SECAUCUS PD              ,HEADQUARTERS   ,0,0,0,0,P,B,N,N,1,2,NJ 3                                              ,E,3,,00000003__      ,10.04,2,5,2,1,1,1,2,1,,,,,T,CR 681/PATERSON PLANK RD ,,55,,,,N,,159,10:25,120N04729
2017090917-017453              ,HUDSON      ,SECAUCUS TOWN           ,10/21/2017,SA,1833,1,SECAUCUS PD              ,HEADQUARTERS   ,0,0,0,0,P,B,N,N,1,2,NJ 3                                              ,E,3,,00000003__      ,10.1,2,,2,1,6,1,1,1,,,,,,,,45,,,,N,,172,18:35,120N04729
2014160214-11885               ,PASSAIC     ,CLIFTON CITY            ,11/6/2014,TH,2318,1,CLIFTON PD               ,POST 7         ,0,0,0,0,P,B,N,N,2,2,NJ 3                                              ,E,3,,00000003__      ,,2,2,2,2,6,1,1,1,250,FE,W,,T,RT 21                    ,SB,55,,,,N,,43520,23:20,120-07448
2013160213-10795               ,PASSAIC     ,CLIFTON CITY            ,9/27/2013,F ,909,1,CLIFTON PD               ,,0,1,0,0,I,B,N,N,1,4,NJ 3                                              ,E,3,,00000003__      ,3.84,2,1,2,1,1,1,1,1,100,FE,E,CR 601 / MAIN AVE                  ,,,,55,35,,,N,NONE                                                                            ,219,9:10,120-04740
2017090917-017461              ,HUDSON      ,SECAUCUS TOWN           ,10/21/2017,SA,2010,1,SECAUCUS PD              ,HEADQUARTERS   ,0,0,0,0,P,B,N,N,2,2,NJ 3                                              ,E,3,,00000003__      ,8.9,2,,2,1,6,1,1,1,,,,,,,,45,,,,N,,172,20:10,120-04731
2018090918-012445              ,HUDSON      ,SECAUCUS TOWN           ,7/1/2018,SU,1323,1,SECAUCUS PD              ,,0,1,0,0,I,B,N,N,1,2,NJ 3                                              ,E,3,,00000003__      ,10,2,,2,1,1,1,2,1,,,,,T,CR 681/PATERSON PLANK RD ,EB,40,,,,N,,,13:25,120N04729
2013160213-10808               ,PASSAIC     ,CLIFTON CITY            ,9/27/2013,F ,1518,1,CLIFTON PD               ,PATROL 7C      ,0,0,0,0,P,B,N,N,1,2,NJ 3                                              ,E,3,,00000003__      ,,2,4,2,1,1,1,4,1,,,,,F,BLOOMFIELD AVE           ,,35,,,,N,NONE                                                                            ,11498,15:20,120-07448
2017090917-017496              ,HUDSON      ,SECAUCUS TOWN           ,10/22/2017,SU,2002,1,SECAUCUS PD              ,HEADQUARTERS   ,0,0,0,0,P,B,N,N,1,2,NJ 3                                              ,E,3,,00000003__      ,8.9,2,,2,1,6,1,1,1,,,,,,,,45,,,,N,,172,20:00,120-04731
2013160213-10847               ,PASSAIC     ,CLIFTON CITY            ,9/28/2013,SA,1514,1,CLIFTON PD               ,PATROL         ,0,0,0,0,P,B,N,N,1,2,NJ 3                                              ,E,3,,00000003__      ,,2,5,2,1,1,1,2,1,75,FE,,,T,RT 3                     ,EB,15,,,,N,NONE                                                                            ,6019,15:15,120-07448
2018090918-012599              ,HUDSON      ,SECAUCUS TOWN           ,7/2/2018,MO,1630,1,SECAUCUS PD              ,,0,0,0,0,P,B,N,N,8,2,NJ 3                                              ,E,3,,00000003__      ,9.8,2,,2,1,1,1,1,1,,,,,,,,55,,,,N,,,16:30,120N04729
2013160213-10857               ,PASSAIC     ,CLIFTON CITY            ,9/28/2013,SA,2001,1,CLIFTON PD               ,POST 7         ,0,0,0,0,P,B,N,N,1,2,NJ 3                                              ,E,3,,00000003__      ,,2,2,2,1,6,1,1,2,1000,FE,W,,,ROUTE 21                 ,SB,50,,,,N,NONE                                                                            ,8037,20:00,120-07448
2013160213-1086                ,PASSAIC     ,CLIFTON CITY            ,1/30/2013,W ,22,1,CLIFTON PD               ,CLIFTON PD     ,0,1,0,0,I,B,N,N,1,3,NJ 3                                              ,E,3,,00000003__      ,0.03,2,2,2,2,6,4,1,1,150,FE,E,US 46                              ,,,,50,50,,,N,NONE                                                                            ,284,2:20,120-07448
2014160214-11928               ,PASSAIC     ,CLIFTON CITY            ,11/8/2014,SA,123,1,CLIFTON PD               ,,0,0,0,0,P,B,N,N,2,2,NJ 3                                              ,E,3,,00000003__      ,3.23,2,2,2,1,5,1,1,1,1000,FE,W,CR 603 / PASSAIC AVE               ,,,,55,25,40.83584,74.15168,N,NONE                                                                            ,7028,1:25,120-07442
2017090917-017829              ,HUDSON      ,SECAUCUS TOWN           ,10/28/2017,SA,2045,1,SECAUCUS PD              ,HQTS           ,0,0,0,0,P,B,N,N,11,1,NJ 3                                              ,E,3,,00000003__      ,9,2,,2,1,6,1,1,1,,,,,,,,55,,,,N,PSE&G POLE #A60869SEC                                                           ,167,20:45,120-04731
2013160213-10926               ,PASSAIC     ,CLIFTON CITY            ,9/30/2013,M ,1821,1,CLIFTON PD               ,,0,0,0,0,P,I,N,N,15,1,NJ 3                                              ,E,3,,00000003__      ,1.44,2,1,2,1,1,1,1,1,,AT,,PARKWAY SOUTH                      ,,,,55,55,,,N,NONE                                                                            ,239,18:20,120-07444
2014160214-11930               ,PASSAIC     ,CLIFTON CITY            ,11/8/2014,SA,211,1,CLIFTON PD               ,POST 7         ,0,0,0,0,P,I,N,N,11,1,NJ 3                                              ,E,3,,00000003__      ,,2,2,2,1,6,1,1,1,,AT,,,T,CR 601                   ,,55,,,,N,GUARD RAIL- MAIN AVE RAMP-RT3 EB                                                ,13520,2:10,120-07448
2017090917-017929              ,HUDSON      ,SECAUCUS TOWN           ,10/30/2017,MO,1447,1,SECAUCUS PD              ,HQTS           ,0,0,0,0,P,B,N,N,1,2,NJ 3                                              ,E,3,,00000003__      ,10.04,2,,2,1,1,1,5,1,,,,,T,CR 681/PATERSON PLANK RD ,EB,55,,,,N,,160,14:45,120N04729
2014160214-11989               ,PASSAIC     ,CLIFTON CITY            ,11/9/2014,S ,1341,1,CLIFTON PD               ,,0,2,0,0,I,B,N,N,1,4,NJ 3                                              ,E,3,,00000003__      ,2.65,2,1,2,1,1,1,1,1,50,FE,E,CR 622 / BLOOMFIELD AVE            ,,,,55,35,40.8403,74.16101,N,,260,13:40,120-07443
2017090917-017965              ,HUDSON      ,SECAUCUS TOWN           ,10/31/2017,TU,644,1,SECAUCUS PD              ,HQS            ,0,0,0,0,P,B,N,N,1,2,NJ 3                                              ,E,3,,00000003__      ,9.12,2,,2,1,2,1,1,1,20,FE,E,CR 681 / PATTERSON PLANK RD        ,,,,,,,,N,,129,6:45,120-04731
2.02E+17,PASSAIC     ,CLIFTON CITY            ,1/6/2016,W ,812,1,CLIFTON PD               ,,0,1,0,0,I,B,N,N,1,2,NJ 3                                              ,E,3,,00000003__      ,,2,1,2,1,1,1,1,1,150,FE,E,,T,ROUTE 21                 ,NB,50,,,,N,NONE                                                                            ,7173,8:10,120-07448
2018090918-016005              ,HUDSON      ,SECAUCUS TOWN           ,7/29/2018,SU,44,1,SECAUCUS PD              ,,0,1,0,0,I,B,N,N,2,2,NJ 3                                              ,E,3,,00000003__      ,8.49,2,,2,1,6,1,5,1,,,,,,,,55,,,,N,,166,4:45,120-04732
2.02E+17,PASSAIC     ,CLIFTON CITY            ,1/6/2016,W ,1326,1,CLIFTON PD               ,,0,0,0,0,P,B,N,N,1,2,NJ 3                                              ,E,3,,00000003__      ,,2,1,2,1,1,1,1,1,,,,,T,RT 21                    ,SB,55,,,,N,NONE                                                                            ,7118,13:25,120-07448
2.02E+17,PASSAIC     ,CLIFTON CITY            ,1/8/2016,F ,1557,1,CLIFTON PD               ,,0,0,0,0,P,B,N,N,1,2,NJ 3                                              ,E,3,,00000003__      ,0.56,2,1,2,1,1,1,1,1,250,FE,E,CR 623 / GROVE ST                  ,,,,55,35,,,N,NONE                                                                            ,7189,15:55,120N07448
2013160213-11075               ,PASSAIC     ,CLIFTON CITY            ,10/4/2013,F ,1315,1,CLIFTON PD               ,,0,0,0,0,P,B,N,N,2,2,NJ 3                                              ,E,3,,00000003__      ,3.41,2,2,2,1,1,1,1,2,50,FE,W,CR 603 / PASSAIC AVE               ,,,,55,35,,,N,NONE                                                                            ,5006,13:15,120-07442
2.02E+17,PASSAIC     ,CLIFTON CITY            ,1/11/2016,M ,742,1,CLIFTON PD               ,,0,0,0,0,P,B,N,N,1,2,NJ 3                                              ,E,3,,00000003__      ,2.59,2,2,2,1,1,1,1,1,250,FE,W,CR 622 / BLOOMFIELD AVE            ,,,,55,35,,,N,NONE                                                                            ,7118,7:40,120-07443