CRASH_ID,CTY_NAME,MUN_NAME,DATE,DAY,TIME,POL_CODE,POL_DEPT,POL_STA,KILLED,INJURED,PED_KILL,PED_INJ,SEVERITY,INTERSEC,ALCOHOL,HAZMAT,CRASH_TYPE,VEH_COUNT,LOCATION,LOC_DIR,ROUTE,RT_SFX,SRI,MP,RD_SYS,RD_CHAR,RD_SURF,SURF_COND,LIGHT,WEATHER,RD_DIV,RD_WRKZN,X_DIST,DIST_UNT,X_DIR,X_NAME,IS_RAMP,RAMP_RT,RAMP_DIR,SPD_LMT,SPD_X,LAT,LONG,CELL_USE,PROP_DMG,BADGE,TIME_ROUND,TMC
2013160213-11084               ,PASSAIC     ,CLIFTON CITY            ,10/4/2013,F ,1728,1,CLIFTON PD               ,PATROL CAR 7   ,0,0,0,0,P,B,N,N,1,2,NJ 3                                              ,E,3,,00000003__      ,2.66,2,1,2,1,1,1,1,1,100,FE,E,CR 622 / BLOOMFIELD AVE            ,,,,55,25,,,N,NONE                                                                            ,512,17:30,120-07443
2017090917-018211              ,HUDSON      ,SECAUCUS TOWN           ,11/3/2017,FR,1239,1,SECAUCUS PD              ,HQ             ,0,0,0,0,P,B,N,N,2,2,NJ 3                                              ,E,3,,00000003__      ,8.5,2,,2,1,1,1,1,,,,,,,,,45,,,,N,,142,12:40,120-04732
2018090918-016812              ,HUDSON      ,SECAUCUS TOWN           ,8/4/2018,SA,1105,1,SECAUCUS PD              ,,0,0,0,0,P,I,N,N,2,2,NJ 3                                              ,E,3,,00000003__      ,9.3,2,,2,2,1,2,5,1,,AT,,CR 695/PLAZA CENTER                ,,,,50,,,,N,,149,11:05,120-04730
2017090917-018352              ,HUDSON      ,SECAUCUS TOWN           ,11/5/2017,SU,2245,1,SECAUCUS PD              ,HEADQUARTERS   ,0,0,0,0,P,B,N,N,11,1,NJ 3                                              ,E,3,,00000003__      ,9.8,2,,2,2,6,5,5,1,,,,HARMON MEADOW BLVD                 ,,,,50,,,,N,FENCE SEPERATING NJ-3 EAST FROM 1 HARMON MEADOW BLVD PROPERTY.                  ,166,22:45,120N04729
2.02E+17,PASSAIC     ,CLIFTON CITY            ,1/12/2016,TU,757,1,CLIFTON PD               ,,0,0,0,0,P,B,N,N,1,2,NJ 3                                              ,E,3,,00000003__      ,2.5,2,1,2,1,1,1,5,1,750,FE,W,CR 622 / BLOOMFIELD AVE            ,,,,55,25,,,N,NONE                                                                            ,7096,7:55,120-07443
2018090918-017054              ,HUDSON      ,SECAUCUS TOWN           ,8/6/2018,MO,1440,1,SECAUCUS PD              ,,0,0,0,0,P,B,N,N,2,2,NJ 3                                              ,E,3,,00000003__      ,9.1,2,,2,1,1,1,1,1,,,,,,,,55,,,,N,,,14:40,120-04731
2017090917-018502              ,HUDSON      ,SECAUCUS TOWN           ,11/8/2017,WE,837,1,SECAUCUS PD              ,HEADQUARTERS   ,0,0,0,0,P,B,N,N,1,2,NJ 3                                              ,E,3,,00000003__      ,9.8,2,,2,1,1,1,1,1,,,,,,,,55,,,,N,,159,8:35,120N04729
2014160214-12206               ,PASSAIC     ,CLIFTON CITY            ,11/14/2014,F ,1648,1,CLIFTON PD               ,,0,0,0,0,P,I,N,N,1,2,NJ 3                                              ,E,3,,00000003__      ,,2,2,2,1,3,1,1,1,,AT,,,T,RT 21                    ,SB,55,,,,N,NONE                                                                            ,10076,16:50,120-07448
2014160214-1222                ,PASSAIC     ,CLIFTON CITY            ,2/1/2014,SA,520,1,CLIFTON PD               ,,0,1,0,0,I,B,N,N,11,1,NJ 3                                              ,E,3,,00000003__      ,4.7,2,1,2,1,5,1,1,2,1000,FE,W,NJ 21                              ,,,,55,35,40.82473,74.12764,N,UTLILITY POLE 71276C                                                            ,7028,5:20,120N04739
2017090917-018613              ,HUDSON      ,SECAUCUS TOWN           ,11/9/2017,TH,1807,1,SECAUCUS PD              ,HEADQUARTERS   ,0,0,0,0,P,B,N,N,2,2,NJ 3                                              ,E,3,,00000003__      ,8.49,2,,2,1,6,1,5,1,,,,,,,,55,,,,N,,174,18:05,120-04732
2.02E+17,PASSAIC     ,CLIFTON CITY            ,1/13/2016,W ,936,1,CLIFTON PD               ,,0,0,0,0,P,B,N,N,1,3,NJ 3                                              ,E,3,,00000003__      ,2.73,2,1,2,1,1,1,1,1,500,FE,E,CR 622 / BLOOMFIELD AVE            ,,,,55,35,,,N,NONE                                                                            ,7124,9:35,120-07443
2013160213-11210               ,PASSAIC     ,CLIFTON CITY            ,10/7/2013,M ,1856,1,CLIFTON PD               ,POST 7         ,0,0,0,0,P,I,N,N,1,2,NJ 3                                              ,E,3,,00000003__      ,,2,5,2,2,5,5,1,1,,AT,,,F,PASSAIC AVE              ,,55,,,,N,NONE                                                                            ,7030,18:55,120-07448
2017090917-018810              ,HUDSON      ,SECAUCUS TOWN           ,11/13/2017,MO,1326,1,SECAUCUS PD              ,HEADQUARTERS   ,0,0,0,0,P,B,N,N,11,2,NJ 3                                              ,E,3,,00000003__      ,8.6,2,,2,2,1,5,2,1,,,,,F,MEADOWLANDS PKWY         ,NB,55,,,,N,,159,13:25,120-04732
2018090918-018016              ,HUDSON      ,SECAUCUS TOWN           ,8/14/2018,TU,602,1,SECAUCUS PD              ,,0,0,0,0,P,B,N,N,2,2,NJ 3                                              ,E,3,,00000003__      ,9,2,,2,1,0,1,1,1,,,,MEADOWLANDS PKWY                   ,,,,45,,,,N,,142,6:00,120-04731
2017090917-018864              ,HUDSON      ,SECAUCUS TOWN           ,11/14/2017,TU,926,1,SECAUCUS PD              ,HEADQUARTERS   ,0,0,0,0,P,B,N,N,1,3,NJ 3                                              ,E,3,,00000003__      ,8.59,2,,2,1,1,1,5,1,,,,,T,MEADOWLANDS PKWY         ,,45,,,,N,,,9:25,120-04732
2014160214-12322               ,PASSAIC     ,CLIFTON CITY            ,11/18/2014,TU,831,1,CLIFTON PD               ,POST 7         ,0,0,0,0,P,B,N,N,1,2,NJ 3                                              ,E,3,,00000003__      ,,2,1,2,1,1,1,1,1,500,FE,E,,T,CR 601                   ,,50,,,,N,NONE                                                                            ,7033,8:30,120-07448
2018090918-018252              ,HUDSON      ,SECAUCUS TOWN           ,8/15/2018,WE,2105,1,SECAUCUS PD              ,,0,0,0,0,P,B,N,N,2,2,NJ 3                                              ,E,3,,00000003__      ,10.05,2,,2,1,6,1,2,1,50,FE,E,CR 681 / PATERSON PLANK RD         ,,,,50,25,,,N,,,21:05,120N04729
2.02E+17,PASSAIC     ,CLIFTON CITY            ,1/14/2016,TH,1456,1,CLIFTON PD               ,,0,1,0,0,I,B,N,N,1,2,NJ 3                                              ,E,3,,00000003__      ,,2,6,2,1,1,1,5,1,,,,,F,CR 623                   ,EB,25,,,,N,NONE                                                                            ,7239,14:55,120-07448
2013160213-11290               ,PASSAIC     ,CLIFTON CITY            ,10/10/2013,TH,707,1,CLIFTON PD               ,,0,0,0,0,P,B,N,N,1,3,NJ 3                                              ,E,3,,00000003__      ,2.7,2,1,2,1,2,1,1,1,300,FE,E,CR 622 / BLOOMFIELD AVE            ,,,,55,35,,,N,,260,7:05,120-07443
2018090918-018365              ,HUDSON      ,SECAUCUS TOWN           ,8/16/2018,TH,1843,1,SECAUCUS PD              ,,0,1,0,0,I,B,N,N,1,2,NJ 3                                              ,E,3,,00000003__      ,8.8,2,,2,1,1,1,1,1,,,,,,,,50,,,,N,,,18:45,120-04731
2017090917-019057              ,HUDSON      ,SECAUCUS TOWN           ,11/17/2017,FR,434,1,SECAUCUS PD              ,HQ             ,0,2,0,0,I,B,N,N,1,2,NJ 3                                              ,E,3,,00000003__      ,10,2,,2,1,6,1,5,,20,FE,W,,T,CR 681/PATERSON PLANK RD ,EB,45,,,,N,,95,4:35,120N04729
2.02E+17,PASSAIC     ,CLIFTON CITY            ,1/15/2016,F ,1037,1,CLIFTON PD               ,,0,0,0,0,P,B,N,N,11,2,NJ 3                                              ,E,3,,00000003__      ,,2,2,2,1,1,1,1,1,,,,,F,CR 601                   ,NB,55,,,,N,NONE                                                                            ,7124,10:35,120-07448
2013160213-11293               ,PASSAIC     ,CLIFTON CITY            ,10/10/2013,TH,831,1,CLIFTON PD               ,,0,0,0,0,P,B,N,N,1,2,NJ 3                                              ,E,3,,00000003__      ,2.45,2,2,2,2,1,2,1,1,1000,FE,W,CR 622 / BLOOMFIELD AVE            ,,,,55,35,,,N,,260,8:30,120-07443
2.02E+17,PASSAIC     ,CLIFTON CITY            ,1/15/2016,F ,1110,1,CLIFTON PD               ,,0,0,0,0,P,B,N,N,2,2,NJ 3                                              ,E,3,,00000003__      ,3.88,2,1,2,1,1,1,1,1,300,FE,E,CR 601 / MAIN AVE                  ,,,,55,35,,,N,NONE                                                                            ,7124,11:10,120-04740
2017090917-019071              ,HUDSON      ,SECAUCUS TOWN           ,11/17/2017,FR,814,1,SECAUCUS PD              ,HQTS           ,0,0,0,0,P,B,N,N,1,2,NJ 3                                              ,E,3,,00000003__      ,9.8,2,,2,1,1,1,2,1,,,,,,,,40,,,,N,,169,8:15,120N04729
2014160214-12413               ,PASSAIC     ,CLIFTON CITY            ,11/20/2014,TH,707,1,CLIFTON PD               ,,0,0,0,0,P,I,N,N,15,2,NJ 3                                              ,E,3,,00000003__      ,3.42,2,1,2,1,1,1,1,1,,AT,,CR 603 / PASSAIC AVE               ,,,,55,35,40.83439,74.1486,N,NONE                                                                            ,214,7:05,120-07442
2017090917-019198              ,HUDSON      ,SECAUCUS TOWN           ,11/19/2017,SU,1736,1,SECAUCUS PD              ,HQTS           ,0,0,0,0,P,B,N,N,1,2,NJ 3                                              ,E,3,,00000003__      ,10,2,,2,1,6,1,1,1,,,,,,,,55,,,,N,,175,17:35,120N04729
2017090917-019454              ,HUDSON      ,SECAUCUS TOWN           ,11/24/2017,FR,1606,1,SECAUCUS PD              ,HQ             ,0,0,0,0,P,B,N,N,2,2,NJ 3                                              ,E,3,,00000003__      ,8.6,2,,2,1,1,1,1,1,,,,,,,,55,,,,N,,176,16:05,120-04732
2014160214-12444               ,PASSAIC     ,CLIFTON CITY            ,11/21/2014,F ,28,1,CLIFTON PD               ,,0,0,0,0,P,I,N,N,2,2,NJ 3                                              ,E,3,,00000003__      ,,2,1,2,1,6,1,1,2,,AT,,,F,RT 444                   ,NB,55,,,,N,NONE                                                                            ,523,2:30,120-07448
2017090917-019504              ,HUDSON      ,SECAUCUS TOWN           ,11/26/2017,SU,1140,1,SECAUCUS PD              ,HEADQUARTERS   ,0,0,0,0,P,B,N,N,1,3,NJ 3                                              ,E,3,,00000003__      ,9.9,2,,2,1,1,1,5,1,,,,,F,HARMON MEADOW BLVD       ,SB,25,,,,N,,,11:40,120N04729
2.02E+17,PASSAIC     ,CLIFTON CITY            ,1/17/2016,S ,2214,1,CLIFTON PD               ,,0,0,0,0,P,B,N,N,11,1,NJ 3                                              ,E,3,,00000003__      ,,2,2,2,4,6,3,1,1,,,,,T,RT 21                    ,NB,55,,,,N,GUARDRAIL                                                                       ,7189,22:15,120-07448
2.02E+17,PASSAIC     ,CLIFTON CITY            ,1/18/2016,M ,809,1,CLIFTON PD               ,,0,1,0,0,I,B,N,N,11,1,NJ 3                                              ,E,3,,00000003__      ,3.87,2,4,2,4,1,1,1,1,250,FE,E,CR 601 / MAIN AVE                  ,,,,55,30,,,N,BARRIER DAMAGED/CONCRETE BROKEN                                                 ,7173,8:10,120-04740
2018090918-020279              ,HUDSON      ,SECAUCUS TOWN           ,9/2/2018,SU,1745,1,SECAUCUS PD              ,,0,0,0,0,P,B,N,N,1,2,NJ 3                                              ,E,3,,00000003__      ,10.04,2,,2,1,1,1,2,1,,,,,F,CR 681/PATERSON PLANK RD ,EB,40,,,,N,,167,17:45,120N04729
2014160214-12496               ,PASSAIC     ,CLIFTON CITY            ,11/27/2014,TH,1710,1,CLIFTON PD               ,,0,0,0,0,P,B,N,N,1,2,NJ 3                                              ,E,3,,00000003__      ,,2,1,2,1,6,1,1,1,,,,,F,CR 623                   ,EB,55,,,,N,,260,17:10,120-07448
2014160214-12509               ,PASSAIC     ,CLIFTON CITY            ,11/23/2014,S ,245,1,CLIFTON PD               ,,0,0,0,0,P,I,Y,N,11,1,NJ 3                                              ,E,3,,00000003__      ,0,2,5,2,1,6,1,2,1,,AT,,US 46                              ,,,,55,55,40.87102,74.18962,N,NONE                                                                            ,523,2:45,120-07448
2013160213-11460               ,PASSAIC     ,CLIFTON CITY            ,10/14/2013,M ,1248,1,CLIFTON PD               ,,0,0,0,0,P,B,N,N,2,2,NJ 3                                              ,E,3,,00000003__      ,0.01,2,2,2,1,1,1,2,1,75,FE,E,US 46                              ,,,,55,55,,,N,NONE                                                                            ,5010,12:50,120-07448
2015132815-037766              ,MONMOUTH    ,MARLBORO TWP            ,12/12/2015,SA,1840,1,MARLBORO TWP PD          ,,0,0,0,0,P,I,N,N,7,2,MONMOUTH COUNTY 3                                 ,E,3,,13000003__      ,5.99,5,1,2,1,4,1,5,1,,AT,,ROUTE 520                          ,,,,55,45,,,N,,109,18:40,120N04737
2018090918-020329              ,HUDSON      ,SECAUCUS TOWN           ,9/3/2018,MO,238,1,SECAUCUS PD              ,,0,0,0,0,P,B,N,N,11,1,NJ 3                                              ,E,3,,00000003__      ,8.6,2,,2,1,6,1,1,1,,,,,,,,5,,,,N,GUARDRAIL                                                                       ,144,2:40,120-04732
2013160213-11491               ,PASSAIC     ,CLIFTON CITY            ,10/15/2013,TU,908,1,CLIFTON PD               ,,0,0,0,0,P,B,N,N,1,3,NJ 3                                              ,E,3,,00000003__      ,1.8,2,1,2,1,1,1,1,1,100,FE,E,HEPBURN RD                         ,,,,55,25,,,N,NONE                                                                            ,6014,9:10,120-07444
2.02E+17,PASSAIC     ,CLIFTON CITY            ,1/20/2016,W ,905,1,CLIFTON PD               ,,0,0,0,0,P,B,N,N,1,2,NJ 3                                              ,E,3,,00000003__      ,2.66,2,1,2,1,1,1,1,1,100,FE,E,CR 622 / BLOOMFIELD AVE            ,,,,55,35,,,N,NONE                                                                            ,7124,9:05,120-07443
2018090918-020482              ,HUDSON      ,SECAUCUS TOWN           ,9/4/2018,TU,1634,1,SECAUCUS PD              ,,0,1,0,0,I,B,N,N,1,2,NJ 3                                              ,E,3,,00000003__      ,9.6,2,,2,1,1,1,2,1,,,,,,,,50,,,,N,,,16:35,120-04729
2.02E+17,PASSAIC     ,CLIFTON CITY            ,1/20/2016,W ,1339,1,CLIFTON PD               ,,0,0,0,0,P,B,N,N,1,2,NJ 3                                              ,E,3,,00000003__      ,,2,1,2,1,1,1,1,1,,,,,F,BLOOMFIELD AVE           ,EB,55,,,,N,NONE                                                                            ,7124,13:40,120-07448
2013160213-11585               ,PASSAIC     ,CLIFTON CITY            ,10/17/2013,TH,1440,1,CLIFTON PD               ,,0,0,0,0,P,I,N,N,1,2,NJ 3                                              ,E,3,,00000003__      ,,2,2,2,1,1,1,1,2,,AT,,,F,RT 21                    ,WB,45,,,,N,NONE                                                                            ,23,14:40,120-07448
2018090918-021019              ,HUDSON      ,SECAUCUS TOWN           ,9/10/2018,MO,722,1,SECAUCUS PD              ,,0,0,0,0,P,B,N,N,2,3,NJ 3                                              ,E,3,,00000003__      ,9,2,,2,2,1,2,1,1,,,,,,,,55,,,,N,,,7:20,120-04731
2017090917-020377              ,HUDSON      ,SECAUCUS TOWN           ,12/11/2017,MO,608,1,SECAUCUS PD              ,HQ             ,0,0,0,0,P,B,N,N,1,2,NJ 3                                              ,E,3,,00000003__      ,10.17,2,,2,1,6,1,1,1,700,FE,E,CR 681 / PATERSON PLANK RD         ,,,,35,25,,,N,,95,6:10,120N04729
2013160213-11619               ,PASSAIC     ,CLIFTON CITY            ,10/18/2013,F ,729,1,CLIFTON PD               ,CLIFTON        ,0,0,0,0,P,I,N,N,1,2,NJ 3                                              ,E,3,,00000003__      ,0,2,1,2,1,1,1,1,1,,AT,E,US 46                              ,,,,55,50,,,N,NONE                                                                            ,268,7:30,120-07448
2018090918-021784              ,HUDSON      ,SECAUCUS TOWN           ,9/17/2018,MO,750,1,SECAUCUS PD              ,,0,0,0,0,P,B,N,N,2,2,NJ 3                                              ,E,3,,00000003__      ,9.82,2,,2,1,1,1,2,1,350,FE,W,HARMON MEADOW BLVD                 ,,,,40,25,,,N,,155,7:50,120N04729
2013160213-11677               ,PASSAIC     ,CLIFTON CITY            ,10/19/2013,SA,1203,1,CLIFTON PD               ,,0,0,0,0,P,I,N,N,15,1,NJ 3                                              ,E,3,,00000003__      ,,2,1,2,1,1,1,5,1,,AT,,,T,RTE 21                   ,SB,55,,,,N,NONE                                                                            ,254,12:05,120-07448
2.02E+17,PASSAIC     ,CLIFTON CITY            ,1/22/2016,F ,1820,1,CLIFTON PD               ,,0,1,0,0,I,B,N,N,1,2,NJ 3                                              ,E,3,,00000003__      ,2.58,2,1,2,1,6,1,1,1,300,FE,W,CR 622 / BLOOMFIELD AVE            ,,,,55,25,,,N,NONE                                                                            ,7205,18:20,120-07443
2018090918-021950              ,HUDSON      ,SECAUCUS TOWN           ,9/18/2018,TU,1145,1,SECAUCUS PD              ,,0,1,0,0,I,I,N,N,1,2,NJ 3                                              ,E,3,,00000003__      ,9.12,2,,2,2,1,2,2,1,,AT,,,F,CR 681/PATERSON PLANK RD ,WB,40,,,,N,,,11:45,120-04731
2013160213-1169                ,PASSAIC     ,CLIFTON CITY            ,1/31/2013,TH,1927,1,CLIFTON PD               ,PATROL         ,0,1,0,0,I,B,N,N,2,2,NJ 3                                              ,E,3,,00000003__      ,,2,1,2,1,6,1,1,1,500,FE,W,,T,PASSAIC COUNTY 623       ,,50,,,,N,NONE                                                                            ,512,19:25,120-07448
2018090918-022065              ,HUDSON      ,SECAUCUS TOWN           ,9/19/2018,WE,858,1,SECAUCUS PD              ,,0,1,0,0,I,B,N,N,1,3,NJ 3                                              ,E,3,,00000003__      ,8.49,2,,1,1,1,1,5,1,,,,,,,,55,,,,N,,,9:00,120-04732
2017090917-020809              ,HUDSON      ,SECAUCUS TOWN           ,12/18/2017,MO,1425,1,SECAUCUS PD              ,HQTS           ,0,0,0,0,P,B,N,N,1,2,NJ 3                                              ,E,3,,00000003__      ,10.04,2,,2,1,1,1,5,1,,,,,T,PATERSON PLANK RD.       ,,,,,,N,,149,14:25,120N04729
2013160213-11692               ,PASSAIC     ,CLIFTON CITY            ,10/19/2013,SA,1933,1,CLIFTON PD               ,CLIFTON        ,0,0,0,0,P,I,N,N,1,3,NJ 3                                              ,E,3,,00000003__      ,0,2,1,2,1,6,5,5,1,,AT,S,US 46                              ,,,,50,50,,,N,,13578,19:35,120-07448
2014160214-12678               ,PASSAIC     ,CLIFTON CITY            ,11/28/2014,F ,1252,1,CLIFTON PD               ,CLIFTON PD     ,0,0,0,0,P,B,N,N,1,2,NJ 3                                              ,E,3,,00000003__      ,4.12,2,1,2,1,1,1,5,1,200,FE,S,348 RT 3 WEST                      ,,,,50,,,,N,NONE                                                                            ,,12:50,120N04740
2018090918-022199              ,HUDSON      ,SECAUCUS TOWN           ,9/20/2018,TH,723,1,SECAUCUS PD              ,,0,0,0,0,P,B,N,N,2,2,NJ 3                                              ,E,3,,00000003__      ,9.8,2,,2,1,1,5,1,2,,,,,,,,55,,,,N,,159,7:25,120N04729
2015132815-17544               ,MONMOUTH    ,MARLBORO TWP            ,6/12/2015,F ,1441,1,MARLBORO TWP PD          ,,0,1,0,0,I,I,N,N,3,3,MONMOUTH COUNTY 3                                 ,E,3,,13000003__      ,9.95,5,1,2,1,1,1,5,1,,AT,,NOLAN RD                           ,,,,35,,,,N,,78,14:40,120N04729
2013160213-11718               ,PASSAIC     ,CLIFTON CITY            ,10/20/2013,S ,2046,1,CLIFTON PD               ,CLIFTON        ,0,0,0,0,P,I,N,N,1,2,NJ 3                                              ,E,3,,00000003__      ,,2,6,2,1,6,1,1,2,,AT,,,T,RT 21                    ,EB,50,,,,N,,187,20:45,120-07448
2.02E+17,PASSAIC     ,CLIFTON CITY            ,1/25/2016,M ,1605,1,CLIFTON PD               ,,0,0,0,0,P,B,N,N,1,2,NJ 3                                              ,E,3,,00000003__      ,,2,6,2,2,1,3,1,1,,,,,F,BLOOMFIELD AVE           ,EB,55,,,,N,NONE                                                                            ,7232,16:05,120-07448
2013160213-11775               ,PASSAIC     ,CLIFTON CITY            ,10/22/2013,TU,1036,1,CLIFTON PD               ,,0,0,0,0,P,B,N,N,2,2,NJ 3                                              ,E,3,,00000003__      ,3.43,2,2,2,1,1,1,1,1,50,FE,E,CR 603 / PASSAIC AVE               ,,,,55,35,,,N,NONE                                                                            ,5010,10:35,120N07442
2017090917-021026              ,HUDSON      ,SECAUCUS TOWN           ,12/15/2017,FR,1505,1,SECAUCUS PD              ,HEADQUARTERS   ,0,0,0,0,P,B,N,N,11,1,NJ 3                                              ,E,3,,00000003__      ,9.89,2,,2,2,1,3,5,1,,,,,F,HARMON MEADOW BLVD       ,SB,45,,,,N,,174,15:05,120N04729
2017090917-021065              ,HUDSON      ,SECAUCUS TOWN           ,12/22/2017,FR,924,1,SECAUCUS PD              ,HEADQUARTERS   ,0,1,0,0,I,B,N,N,1,2,NJ 3                                              ,E,3,,00000003__      ,8.8,2,,2,1,1,1,1,1,,,,,,,,55,,,,N,,174,9:25,120-04731
2014160214-12771               ,PASSAIC     ,CLIFTON CITY            ,12/1/2014,M ,1812,1,CLIFTON PD               ,,0,0,0,0,P,B,N,N,1,2,NJ 3                                              ,E,3,,00000003__      ,,2,1,2,2,7,2,5,1,,,,,,RT 509                   ,,55,,,,N,NONE                                                                            ,10096,18:10,120-07448
2017090917-021096              ,HUDSON      ,SECAUCUS TOWN           ,12/22/2017,FR,1703,1,SECAUCUS PD              ,HQTS           ,0,1,0,0,I,B,N,N,1,2,NJ 3                                              ,E,3,,00000003__      ,10.24,2,,2,1,6,1,2,1,,,,,,,,50,,,,N,,175,17:05,120-13767
2018090918-022733              ,HUDSON      ,SECAUCUS TOWN           ,9/24/2018,MO,1644,1,SECAUCUS PD              ,,0,1,0,0,I,I,N,N,1,2,NJ 3                                              ,E,3,,00000003__      ,10.04,2,,2,1,1,1,1,2,,AT,,CR 681 / PATERSON PLANK RD         ,,,,,,,,N,,,16:45,120N04729
2013160213-11870               ,PASSAIC     ,CLIFTON CITY            ,10/25/2013,F ,635,1,CLIFTON PD               ,CLIFTON        ,0,0,0,0,P,B,N,N,1,2,NJ 3                                              ,E,3,,00000003__      ,,2,2,2,1,2,1,1,1,50,FE,E,,F,RT 21                    ,SB,55,,,,N,NONE                                                                            ,12514,6:35,120-07448
2014160214-12823               ,PASSAIC     ,CLIFTON CITY            ,12/2/2014,TU,120,1,CLIFTON PD               ,PATROL 6C      ,0,0,0,0,P,B,N,N,1,2,NJ 3                                              ,E,3,,00000003__      ,,2,1,2,2,6,2,4,1,25,FE,,,T,RT 444                   ,SB,55,,,,N,NONE                                                                            ,498,1:20,120-07448
2.02E+17,PASSAIC     ,CLIFTON CITY            ,1/27/2016,W ,900,1,CLIFTON PD               ,,0,1,0,0,I,B,N,N,1,2,NJ 3                                              ,E,3,,00000003__      ,2.66,2,2,2,1,1,1,1,1,100,FE,E,CR 622 / BLOOMFIELD AVE            ,,,,55,35,,,N,NONE                                                                            ,7145,9:00,120-07443
2018090918-022759              ,HUDSON      ,SECAUCUS TOWN           ,9/24/2018,MO,1929,1,SECAUCUS PD              ,,0,0,0,0,P,B,N,N,1,2,NJ 3                                              ,E,3,,00000003__      ,9.12,2,,1,1,7,1,5,1,200,FE,E,,F,CR 681/PATERSON PLANK RD ,NB,25,,,,N,,,19:30,120-04731
2014160214-12839               ,PASSAIC     ,CLIFTON CITY            ,12/3/2014,W ,859,1,CLIFTON PD               ,,0,0,0,0,P,B,N,N,1,2,NJ 3                                              ,E,3,,00000003__      ,4.8,2,2,2,2,1,5,1,1,500,FE,W,NJ 21                              ,,,,55,55,40.82401,74.12604,N,,260,9:00,120-04738
2017090917-021337              ,HUDSON      ,SECAUCUS TOWN           ,12/27/2017,WE,1336,1,SECAUCUS PD              ,HQTS           ,0,0,0,0,P,B,N,N,2,2,NJ 3                                              ,E,3,,00000003__      ,8.9,2,,2,1,1,1,2,1,,,E,,,,,55,,,,N,,170,13:35,120-04731
2014160214-12921               ,PASSAIC     ,CLIFTON CITY            ,12/6/2014,SA,158,1,CLIFTON PD               ,,0,0,0,0,P,B,N,N,2,2,NJ 3                                              ,E,3,,00000003__      ,2.75,2,1,2,2,6,2,1,1,600,FE,E,CR 622 / BLOOMFIELD AVE            ,,,,55,55,40.83953,74.15939,N,,260,2:00,120-07443
2018090918-022927              ,HUDSON      ,SECAUCUS TOWN           ,9/25/2018,TU,1816,1,SECAUCUS PD              ,,0,1,0,0,I,B,N,N,1,3,NJ 3                                              ,E,3,,00000003__      ,9.1,2,,2,2,3,2,3,1,,,,,,,,40,,,,N,,,18:15,120-04731
2017090917-021409              ,HUDSON      ,SECAUCUS TOWN           ,12/28/2017,TH,1838,1,SECAUCUS PD              ,HQTS           ,0,0,0,0,P,B,N,N,1,2,NJ 3                                              ,E,3,,00000003__      ,9.12,2,,1,1,6,1,1,1,,,,,,,,55,,,,N,,177,18:40,120-04731
2013160213-11941               ,PASSAIC     ,CLIFTON CITY            ,10/26/2013,SA,2123,1,CLIFTON PD               ,CLIFTON        ,0,0,0,0,P,B,N,N,1,2,NJ 3                                              ,E,3,,00000003__      ,0,2,2,2,1,6,1,2,1,10,FE,S,US 46                              ,,,,55,50,,,N,,258,21:25,120-07448
2017090917-021581              ,HUDSON      ,SECAUCUS TOWN           ,12/31/2017,SU,324,1,SECAUCUS PD              ,HEADQUARTERS   ,0,0,0,0,P,B,N,N,11,1,NJ 3                                              ,E,3,,00000003__      ,8.6,2,,2,2,6,1,5,1,,,,,,,,55,,,,N,,166,3:25,120-04732
2018090918-023016              ,HUDSON      ,SECAUCUS TOWN           ,9/26/2018,WE,743,1,SECAUCUS PD              ,,0,0,0,0,P,B,N,N,2,2,NJ 3                                              ,E,3,,00000003__      ,9.1,2,,2,2,1,2,1,1,,,,,,,,55,,,,N,,159,7:45,120-04731
2014160214-12984               ,PASSAIC     ,CLIFTON CITY            ,12/8/2014,M ,758,1,CLIFTON PD               ,,0,0,0,0,P,B,N,N,11,1,NJ 3                                              ,E,3,,00000003__      ,2.92,2,1,2,1,1,1,1,1,2640,FE,W,CR 603 / PASSAIC AVE               ,,,,55,35,40.83822,74.15667,N,NONE                                                                            ,5006,8:00,120-07443
2018090918-023139              ,HUDSON      ,SECAUCUS TOWN           ,9/26/2018,WE,2307,1,SECAUCUS PD              ,,0,0,0,0,P,B,N,N,11,1,NJ 3                                              ,E,3,,00000003__      ,9.7,2,,2,2,6,1,3,1,,,N,,,,,45,,,,N,HARMON MEADOW SIGN                                                              ,139,23:05,120-04729