CRASH_ID,CTY_NAME,MUN_NAME,DATE,DAY,TIME,POL_CODE,POL_DEPT,POL_STA,KILLED,INJURED,PED_KILL,PED_INJ,SEVERITY,INTERSEC,ALCOHOL,HAZMAT,CRASH_TYPE,VEH_COUNT,LOCATION,LOC_DIR,ROUTE,RT_SFX,SRI,MP,RD_SYS,RD_CHAR,RD_SURF,SURF_COND,LIGHT,WEATHER,RD_DIV,RD_WRKZN,X_DIST,DIST_UNT,X_DIR,X_NAME,IS_RAMP,RAMP_RT,RAMP_DIR,SPD_LMT,SPD_X,LAT,LONG,CELL_USE,PROP_DMG,BADGE,TIME_ROUND,TMC
2015132815-30554               ,MONMOUTH    ,MARLBORO TWP            ,10/7/2015,W ,1551,1,MARLBORO TWP PD          ,,0,0,0,0,P,I,N,N,2,2,MONMOUTH COUNTY 3                                 ,E,3,,13000003__      ,9.95,5,1,2,1,1,1,5,1,,AT,,NOLAN RD                           ,,,,35,,,,N,,78,15:50,120N04729
2014160214-1335                ,PASSAIC     ,CLIFTON CITY            ,2/4/2014,TU,752,1,CLIFTON PD               ,,0,0,0,0,P,B,N,N,1,3,NJ 3                                              ,E,3,,00000003__      ,2.55,2,2,2,1,1,1,1,1,500,FE,W,CR 622 / BLOOMFIELD AVE            ,,,,55,25,40.84109,74.16266,N,NONE                                                                            ,237,7:50,120-07443
2015132815-31336               ,MONMOUTH    ,MARLBORO TWP            ,10/14/2015,W ,907,1,MARLBORO TWP PD          ,,0,0,0,0,P,B,N,N,1,2,MONMOUTH COUNTY 3                                 ,E,3,,13000003__      ,9.66,5,1,2,1,1,1,5,1,50,FE,E,UNION AVE                          ,,,,35,,,,N,NONE                                                                            ,72,9:05,120-04729
2018090918-023324              ,HUDSON      ,SECAUCUS TOWN           ,9/28/2018,FR,824,1,SECAUCUS PD              ,,0,1,0,0,I,I,N,N,1,2,NJ 3                                              ,E,3,,00000003__      ,10.04,2,,2,2,1,5,2,1,,AT,,,T,CR 681/PATERSON PLANK RD ,EB,40,,,,N,,,8:25,120N04729
2013160213-11965               ,PASSAIC     ,CLIFTON CITY            ,10/27/2013,S ,1613,1,CLIFTON PD               ,POST 7         ,0,0,0,0,P,B,N,N,1,3,NJ 3                                              ,E,3,,00000003__      ,,2,2,2,1,1,1,1,1,10,FE,W,,T,PASSAIC COUNTY 603       ,,50,,,,N,NONE                                                                            ,8037,16:15,120-07448
2018090918-023406              ,HUDSON      ,SECAUCUS TOWN           ,9/28/2018,FR,2003,1,SECAUCUS PD              ,,0,2,0,0,I,B,N,N,1,2,NJ 3                                              ,E,3,,00000003__      ,8.6,2,,2,1,6,1,4,1,,,,,F,MEADOWLANDS PKWY         ,NB,50,,,,N,,157,20:05,120-04732
2018090918-023752              ,HUDSON      ,SECAUCUS TOWN           ,10/2/2018,TU,555,1,SECAUCUS PD              ,,0,0,0,0,P,I,N,N,15,1,NJ 3                                              ,E,3,,00000003__      ,9.12,2,,2,1,6,1,1,1,,AT,,CR 681 / PATERSON PLANK RD         ,,,,55,,,,N,,,5:55,120-04731
20170909SO-17-033570           ,HUDSON      ,SECAUCUS TOWN           ,10/16/2017,MO,1220,3,HUDSON CO SHERIFFS DEPT  ,PATROL         ,0,0,0,0,P,B,N,N,2,2,NJ 3                                              ,E,3,,00000003__      ,10.24,2,,2,1,1,1,4,1,1320,FE,E,CR 681 / PATERSON PLANK RD         ,,,,35,25,,,N,,246,12:20,120-13767
2018090918-024032              ,HUDSON      ,SECAUCUS TOWN           ,10/4/2018,TH,815,1,SECAUCUS PD              ,,0,0,0,0,P,B,N,N,1,2,NJ 3                                              ,E,3,,00000003__      ,9.9,2,,2,1,1,1,1,1,50,FE,E,HARMON MEADOW BLVD                 ,,,,55,25,,,N,,179,8:15,120N04729
2013160213-12050               ,PASSAIC     ,CLIFTON CITY            ,10/29/2013,TU,1513,1,CLIFTON PD               ,CLIFTON        ,0,1,0,0,I,B,N,N,1,2,NJ 3                                              ,E,3,,00000003__      ,,2,1,2,1,1,1,1,1,50,FE,E,,F,PASSAIC COUNTY 622       ,,55,,,,N,GUARDRAIL                                                                       ,279,15:15,120-07448
2013160213-12051               ,PASSAIC     ,CLIFTON CITY            ,10/29/2013,TU,1513,1,CLIFTON PD               ,POST 7         ,0,1,0,0,I,B,N,N,1,2,NJ 3                                              ,E,3,,00000003__      ,2.65,2,1,2,1,1,1,1,1,50,FE,E,CR 622 / BLOOMFIELD AVE            ,,,,55,,,,N,NONE                                                                            ,7030,15:15,120-07443
2.02E+17,PASSAIC     ,CLIFTON CITY            ,2/1/2016,M ,1923,1,CLIFTON PD               ,,0,1,0,0,I,B,N,N,1,2,NJ 3                                              ,E,3,,00000003__      ,2.92,2,2,2,1,5,1,1,1,2640,FE,W,CR 603 / PASSAIC AVE               ,,,,55,30,,,N,NONE                                                                            ,7176,19:25,120-07443
2014160214-1347                ,PASSAIC     ,CLIFTON CITY            ,2/4/2014,TU,1143,1,CLIFTON PD               ,CLIFTON        ,0,0,0,0,P,B,N,N,1,2,NJ 3                                              ,E,3,,00000003__      ,,2,1,2,1,1,1,5,1,10,FE,W,,F,CR 623                   ,,55,,,,N,DRIVER #1 732-895-3491                                                          ,269,11:45,120-07448
2013160213-12081               ,PASSAIC     ,CLIFTON CITY            ,10/30/2013,W ,1005,1,CLIFTON PD               ,,0,0,0,0,P,B,N,Y,15,2,NJ 3                                              ,E,3,,00000003__      ,4.85,2,2,2,1,1,1,1,2,200,FE,W,NJ 21                              ,,,,55,55,,,N,,260,10:05,120-04738
2014160214-1350                ,PASSAIC     ,CLIFTON CITY            ,2/4/2014,TU,1144,1,CLIFTON PD               ,,0,1,0,0,I,B,N,N,2,2,NJ 3                                              ,E,3,,00000003__      ,4.95,2,1,2,2,1,1,1,2,300,FE,E,NJ 21                              ,,,,55,35,40.82282,74.12372,N,NONE                                                                            ,277,11:45,120-04738
2.02E+17,PASSAIC     ,CLIFTON CITY            ,1/2/2017,MO,1309,1,CLIFTON PD               ,,0,2,0,0,I,B,N,N,1,2,NJ 3                                              ,E,3,,00000003__      ,,2,,2,2,1,2,5,1,150,FE,W,,T,MAIN AVE                 ,EB,55,,40.83086,74.14225,N,,7167,13:10,120-07448
2.02E+17,PASSAIC     ,CLIFTON CITY            ,1/2/2017,MO,1532,1,CLIFTON PD               ,,0,2,0,0,I,B,N,N,1,2,NJ 3                                              ,E,3,,00000003__      ,3.78,2,,2,2,1,2,1,1,200,FE,W,CR 601 / MAIN AVE                  ,,,,55,35,40.83173,74.1429,N,,7176,15:30,120-04740
2018090918-024364              ,HUDSON      ,SECAUCUS TOWN           ,10/7/2018,SU,1645,1,SECAUCUS PD              ,,0,0,0,0,P,I,N,N,2,2,NJ 3                                              ,E,3,,00000003__      ,9.12,2,,2,1,1,1,4,1,,AT,,CR 681 / PATERSON PLANK RD         ,,,,45,,,,N,,157,16:45,120-04731
2.02E+17,PASSAIC     ,CLIFTON CITY            ,1/3/2017,TU,1152,1,CLIFTON PD               ,,0,0,0,0,P,I,N,N,2,2,NJ 3                                              ,E,3,,00000003__      ,0,2,,2,2,1,2,2,1,,AT,,US 46                              ,,,,55,55,40.86947,74.18836,N,,7144,11:50,120-07448
2018090918-024476              ,HUDSON      ,SECAUCUS TOWN           ,10/8/2018,MO,1916,1,SECAUCUS PD              ,,0,0,0,0,P,I,N,N,1,2,NJ 3                                              ,E,3,,00000003__      ,9.76,2,,2,1,6,1,1,1,,AT,,I-95 / NEW JERSEY TURNPIKE         ,,,,50,,,,N,,180,19:15,120N04729
2018090918-024556              ,HUDSON      ,SECAUCUS TOWN           ,10/9/2018,TU,1158,1,SECAUCUS PD              ,,0,1,0,0,I,I,N,N,1,2,NJ 3                                              ,E,3,,00000003__      ,10.04,2,,2,1,1,5,2,2,,AT,,CR 681 / PATERSON PLANK RD         ,,,,50,,,,N,,,12:00,120N04729
2014160214-1519                ,PASSAIC     ,CLIFTON CITY            ,2/8/2014,SA,1007,1,CLIFTON PD               ,CLIFTON        ,0,0,0,0,P,B,N,N,2,2,NJ 3                                              ,E,3,,00000003__      ,0,2,5,1,2,1,3,1,1,,,,,T,RT 21 NORTH              ,,,,40.87102,74.18962,N,NONE                                                                            ,268,10:05,120-07448
2013160213-12283               ,PASSAIC     ,CLIFTON CITY            ,11/3/2013,S ,1608,1,CLIFTON PD               ,,0,0,0,0,P,I,N,N,1,2,NJ 3                                              ,E,3,,00000003__      ,,2,5,2,1,1,1,2,1,,AT,W,,T,RT. 21                   ,SB,,,,,N,,510,16:10,120-07448
2013160213-12382               ,PASSAIC     ,CLIFTON CITY            ,11/6/2013,W ,758,1,CLIFTON PD               ,,0,0,0,0,P,B,N,N,1,2,NJ 3                                              ,E,3,,00000003__      ,2.67,2,1,2,1,1,1,1,1,150,FE,E,CR 622 / BLOOMFIELD AVE            ,,,,55,35,,,N,NONE                                                                            ,274,8:00,120-07443
2014160214-1611                ,PASSAIC     ,CLIFTON CITY            ,2/10/2014,M ,1542,1,CLIFTON PD               ,,0,0,0,0,P,B,N,N,1,2,NJ 3                                              ,E,3,,00000003__      ,,2,5,2,1,1,1,1,1,,,,,F,GROVE ST                 ,,50,,,,N,NONE                                                                            ,13516,15:40,120-07448
2.02E+17,PASSAIC     ,CLIFTON CITY            ,1/4/2017,WE,1408,1,CLIFTON PD               ,,0,0,0,0,P,B,N,N,1,2,NJ 3                                              ,E,3,,00000003__      ,,2,,2,1,1,1,5,1,,,,,T,BLOOMFIELD AVE           ,NB,55,,40.83992,74.16118,N,,7096,14:10,120-07448
2.02E+17,PASSAIC     ,CLIFTON CITY            ,1/4/2017,WE,1913,1,CLIFTON PD               ,,0,0,0,0,P,B,N,N,1,2,NJ 3                                              ,E,3,,00000003__      ,2.26,2,,2,1,6,1,1,1,5280,FE,E,ROUTE 509 / BROAD ST               ,,,,55,25,40.84931,74.17263,N,,7122,19:15,120N07444
20151328MT-15-013547           ,MONMOUTH    ,MARLBORO TWP            ,5/11/2015,M ,1342,1,MARLBORO TWP PD          ,,0,0,0,0,P,I,N,N,4,2,MONMOUTH COUNTY 3                                 ,E,3,,13000003__      ,7.82,5,1,2,1,1,1,5,1,,AT,,HARBOR RD / SPRING VALLEY RD       ,,,,45,35,,,N,NONE                                                                            ,116,13:40,120-04733
2018090918-025618              ,HUDSON      ,SECAUCUS TOWN           ,10/18/2018,TH,1022,1,SECAUCUS PD              ,,0,0,0,0,P,I,N,N,1,2,NJ 3                                              ,E,3,,00000003__      ,9.12,2,,2,1,1,1,5,1,,AT,,,T,CR 681/PATERSON PLANK RD ,EB,25,,,,N,,175,10:20,120-04731
2.02E+17,PASSAIC     ,CLIFTON CITY            ,2/12/2016,F ,1621,1,CLIFTON PD               ,,0,0,0,0,P,B,N,N,1,2,NJ 3                                              ,E,3,,00000003__      ,3.27,2,2,2,1,1,1,1,1,800,FE,W,CR 603 / PASSAIC AVE               ,,,,55,35,,,N,NONE                                                                            ,7105,16:20,120-07442
2.02E+17,PASSAIC     ,CLIFTON CITY            ,1/5/2017,TH,646,1,CLIFTON PD               ,,0,0,0,0,P,B,N,N,1,3,NJ 3                                              ,E,3,,00000003__      ,3.78,2,,2,1,3,1,1,1,200,FE,W,CR 601 / MAIN AVE                  ,,,,55,25,40.83161,74.1426,N,,,6:45,120-04740
2018090918-025763              ,HUDSON      ,SECAUCUS TOWN           ,10/19/2018,FR,936,1,SECAUCUS PD              ,,0,0,0,0,P,I,N,N,2,3,NJ 3                                              ,E,3,,00000003__      ,10.04,2,,2,1,1,1,5,2,,AT,,CR 681 / PATERSON PLANK RD         ,,,,50,,,,N,,,9:35,120N04729
2014160214-1676                ,PASSAIC     ,CLIFTON CITY            ,2/11/2014,TU,1617,1,CLIFTON PD               ,POST 7         ,0,0,0,0,P,B,N,N,15,2,NJ 3                                              ,E,3,,00000003__      ,,2,1,2,1,1,1,1,1,1320,FE,E,,F,BROAD ST                 ,,55,,,,N,DEBRIS FROM #1 LEFT ALL OVER LENGTH OF RT 3 EAST                                ,7030,16:15,120-07448
2014160214-168                 ,PASSAIC     ,CLIFTON CITY            ,1/6/2014,M ,801,1,CLIFTON PD               ,,0,0,0,0,P,I,N,N,1,3,NJ 3                                              ,E,3,,00000003__      ,0.51,2,1,2,2,1,2,1,1,,AT,E,CR 623 / GROVE ST                  ,,,,55,35,40.86533,74.18225,N,,260,8:00,120N07448
2018090918-025845              ,HUDSON      ,SECAUCUS TOWN           ,10/19/2018,FR,2056,1,SECAUCUS PD              ,,0,0,0,0,P,I,N,N,1,2,NJ 3                                              ,E,3,,00000003__      ,9.12,2,,2,1,6,1,1,1,,AT,,CR 681 / PATERSON PLANK RD         ,,,,50,,,,N,,151,20:55,120-04731
2.02E+17,PASSAIC     ,CLIFTON CITY            ,2/13/2016,SA,1251,1,CLIFTON PD               ,,0,0,0,0,P,B,N,N,4,2,NJ 3                                              ,E,3,,00000003__      ,3.82,2,2,2,1,1,1,1,1,,,W,CR 601 / MAIN AVE                  ,,,,55,35,,,N,NONE                                                                            ,7124,12:50,120-04740
2.02E+17,PASSAIC     ,CLIFTON CITY            ,1/5/2017,TH,833,1,CLIFTON PD               ,,0,0,0,0,P,B,Y,N,1,2,NJ 3                                              ,E,3,,00000003__      ,,2,,2,1,1,1,1,1,150,FE,W,,,BROAD ST                 ,NB,55,,40.85127,74.1769,N,,7157,8:35,120-07448
2.02E+17,PASSAIC     ,CLIFTON CITY            ,1/5/2017,TH,859,1,CLIFTON PD               ,,0,2,0,0,I,I,N,N,1,2,NJ 3                                              ,E,3,,00000003__      ,4.89,2,,1,1,1,1,5,1,,AT,,NJ 21                              ,,,,55,55,40.82353,74.12479,N,,7079,9:00,120-04738
20151330I-2015-000337          ,MONMOUTH    ,ABERDEEN TWP            ,1/7/2015,W ,1757,1,ABERDEEN TWP PD          ,,0,2,0,0,I,I,N,N,3,2,MONMOUTH COUNTY 3                                 ,E,3,,13000003__      ,12.35,5,1,2,1,6,1,4,1,,AT,S,LINE RD / NUTMEG RD                ,,,,40,,,,N,,78,17:55,120N13767
2.02E+17,PASSAIC     ,CLIFTON CITY            ,1/6/2017,FR,1033,1,CLIFTON PD               ,,0,0,0,0,P,B,N,N,1,2,NJ 3                                              ,E,3,,00000003__      ,0.01,2,,2,1,1,1,2,1,75,FE,E,US 46                              ,,,,55,50,40.86945,74.18825,N,,7098,10:35,120-07448
2013160213-125                 ,PASSAIC     ,CLIFTON CITY            ,1/4/2013,F ,1650,1,CLIFTON PD               ,PATROL         ,0,1,0,0,I,B,N,N,1,2,NJ 3                                              ,E,3,,00000003__      ,4.89,2,2,2,1,1,1,1,2,15,FE,W,NJ 21                              ,,,,50,35,,,N,NONE                                                                            ,6019,16:50,120-04738
2018090918-026037              ,HUDSON      ,SECAUCUS TOWN           ,10/22/2018,MO,8,1,SECAUCUS PD              ,,0,0,0,0,P,I,N,N,2,2,NJ 3                                              ,E,3,,00000003__      ,10.04,2,,1,1,6,1,,1,,AT,,CR 681 / PATERSON PLANK RD         ,,,,45,,,,N,,121,8:10,120N04729
20151330I-2015-001547          ,MONMOUTH    ,ABERDEEN TWP            ,1/28/2015,W ,1609,1,ABERDEEN TWP PD          ,,0,0,0,0,P,B,N,N,1,2,MONMOUTH COUNTY 3                                 ,E,3,,13000003__      ,10.72,5,2,2,1,1,1,4,1,35,FE,W,NJ 34                              ,,,,35,,,,N,,60,16:10,120N13767
2.02E+17,PASSAIC     ,CLIFTON CITY            ,2/16/2016,TU,555,1,CLIFTON PD               ,,0,0,0,0,P,B,N,N,11,1,NJ 3                                              ,E,3,,00000003__      ,2.55,2,1,2,4,6,2,1,1,500,FE,W,CR 622 / BLOOMFIELD AVE            ,,,,55,35,,,N,NONE                                                                            ,7221,5:55,120-07443
2018090918-026207              ,HUDSON      ,SECAUCUS TOWN           ,10/23/2018,TU,1151,1,SECAUCUS PD              ,,0,0,0,0,P,I,N,N,1,2,NJ 3                                              ,E,3,,00000003__      ,9.12,2,,2,1,1,1,1,1,,AT,,,F,CR 681                   ,WB,40,,,,N,,134,11:50,120-04731
2014160214-1775                ,PASSAIC     ,CLIFTON CITY            ,2/14/2014,F ,124,1,CLIFTON PD               ,CLIFTON        ,0,0,0,0,P,B,N,N,2,2,NJ 3                                              ,E,3,,00000003__      ,,2,5,2,3,6,3,1,1,50,FE,,,F,BLOOMFIELD AVE           ,EB,55,,,,N,NONE                                                                            ,12514,1:25,120-07448
2018090918-026507              ,HUDSON      ,SECAUCUS TOWN           ,10/25/2018,TH,1600,1,SECAUCUS PD              ,,0,0,0,0,P,I,N,N,2,2,NJ 3                                              ,E,3,,00000003__      ,8.6,2,,2,1,1,1,1,1,,AT,,MEADOWLANDS PKWY                   ,,,,55,,,,N,,177,16:00,120-04732
2014160214-1785                ,PASSAIC     ,CLIFTON CITY            ,2/14/2014,F ,540,1,CLIFTON PD               ,PATROL         ,0,0,0,0,P,B,N,N,11,1,NJ 3                                              ,E,3,,00000003__      ,,2,1,2,5,6,3,1,1,10,FE,E,,F,GROVE ST                 ,,50,,,,N,NONE                                                                            ,3020,5:40,120-07448
2014160214-1796                ,PASSAIC     ,CLIFTON CITY            ,2/14/2014,F ,1104,1,CLIFTON PD               ,CLIFTON        ,0,1,0,0,I,B,N,N,10,1,NJ 3                                              ,E,3,,00000003__      ,1.17,2,1,2,1,1,1,5,1,500,FE,W,ROUTE 509 / BROAD ST               ,,,,55,,40.85637,74.17908,N,,269,11:05,120N07447
2018090918-026702              ,HUDSON      ,SECAUCUS TOWN           ,10/27/2018,SA,330,1,SECAUCUS PD              ,,0,1,0,0,I,I,N,N,11,1,NJ 3                                              ,E,3,,00000003__      ,9.12,2,,2,2,6,2,1,1,,AT,,CR 681 / PATERSON PLANK RD         ,,,,55,,,,N,,171,3:30,120-04731
2.02E+17,PASSAIC     ,CLIFTON CITY            ,1/8/2017,SU,224,1,CLIFTON PD               ,,0,0,0,0,P,B,N,N,2,2,NJ 3                                              ,E,3,,00000003__      ,,2,,2,2,6,1,1,1,,,,,T,NJ 21                    ,SB,55,,40.828,74.136,N,,7198,2:25,120-07448
2.02E+17,PASSAIC     ,CLIFTON CITY            ,1/9/2017,MO,908,1,CLIFTON PD               ,,0,0,0,0,P,B,N,N,1,2,NJ 3                                              ,E,3,,00000003__      ,0.12,2,,2,1,1,1,5,1,100,FE,S,US 46                              ,,,,55,50,40.86947,74.18836,N,,7096,9:10,120-07448
2013160213-12592               ,PASSAIC     ,CLIFTON CITY            ,11/12/2013,TU,813,1,CLIFTON PD               ,,0,0,0,0,P,B,N,N,1,3,NJ 3                                              ,E,3,,00000003__      ,3.81,2,2,2,3,1,3,1,2,50,FE,W,CR 601 / MAIN AVE                  ,,,,55,35,,,N,NONE                                                                            ,5006,8:15,120-04740
2018090918-026750              ,HUDSON      ,SECAUCUS TOWN           ,10/27/2018,SA,1042,1,SECAUCUS PD              ,,0,0,0,0,P,I,N,N,2,2,NJ 3                                              ,E,3,,00000003__      ,9.76,2,,1,2,1,2,2,1,,AT,,I-95 / NEW JERSEY TURNPIKE         ,,,,,,,,N,,,10:40,120N04729
20151330I-2015-003852          ,MONMOUTH    ,ABERDEEN TWP            ,3/13/2015,F ,1817,1,ABERDEEN TWP PD          ,,0,0,0,0,P,B,N,N,1,2,MONMOUTH COUNTY 3                                 ,E,3,,13000003__      ,11.53,5,4,2,1,1,1,5,1,30,FE,W,CHURCH ST                          ,,,,35,40,,,N,,74,18:15,120N13767
2013160213-12596               ,PASSAIC     ,CLIFTON CITY            ,11/12/2013,TU,915,1,CLIFTON PD               ,,0,0,0,0,P,B,N,N,2,2,NJ 3                                              ,E,3,,00000003__      ,2.55,2,1,2,2,1,1,1,1,500,FE,W,CR 622 / BLOOMFIELD AVE            ,,,,55,35,,,N,NONE                                                                            ,274,9:15,120-07443
2018090918-026772              ,HUDSON      ,SECAUCUS TOWN           ,10/27/2018,SA,1538,1,SECAUCUS PD              ,,0,1,0,0,I,I,N,N,1,2,NJ 3                                              ,E,3,,00000003__      ,10.04,2,,2,2,1,2,1,2,,AT,,CR 681 / PATERSON PLANK RD         ,,,,50,,,,N,,176,15:40,120N04729
2.02E+17,PASSAIC     ,CLIFTON CITY            ,1/10/2017,TU,623,1,CLIFTON PD               ,,0,0,0,0,P,B,N,N,1,2,NJ 3                                              ,E,3,,00000003__      ,,2,,2,1,6,1,4,1,,,,,F,CR 623                   ,EB,55,,40.8657,74.18276,N,,,6:25,120-07448
2018090918-026875              ,HUDSON      ,SECAUCUS TOWN           ,10/28/2018,SU,1432,1,SECAUCUS PD              ,,0,0,0,0,P,I,N,N,1,2,NJ 3                                              ,E,3,,00000003__      ,9.12,2,,2,1,1,1,1,1,,AT,,,F,CR 681/PATERSON PLANK RD ,EB,45,,,,N,,,14:30,120-04731
2013160213-12622               ,PASSAIC     ,CLIFTON CITY            ,11/13/2013,W ,652,1,CLIFTON PD               ,PATROL         ,0,0,0,0,P,B,N,N,1,2,NJ 3                                              ,E,3,,00000003__      ,2.55,2,1,2,1,1,1,1,1,500,FE,W,CR 622 / BLOOMFIELD AVE            ,,,,55,25,,,N,NONE                                                                            ,3020,6:50,120-07443
2018090918-026889              ,HUDSON      ,SECAUCUS TOWN           ,10/28/2018,SU,1826,1,SECAUCUS PD              ,,0,1,0,0,I,I,N,N,1,2,NJ 3                                              ,E,3,,00000003__      ,9.76,2,,2,1,3,1,1,1,,AT,,I-95 / NEW JERSEY TURNPIKE         ,,,,55,,,,N,,,18:25,120N04729
2013160213-12624               ,PASSAIC     ,CLIFTON CITY            ,11/13/2013,W ,740,1,CLIFTON PD               ,,0,1,0,0,I,B,N,N,1,2,NJ 3                                              ,E,3,,00000003__      ,0.53,2,2,2,1,1,1,1,1,100,FE,E,CR 623 / GROVE ST                  ,,,,55,35,,,N,NONE                                                                            ,5010,7:40,120N07448
2018090918-026995              ,HUDSON      ,SECAUCUS TOWN           ,10/29/2018,MO,1736,1,SECAUCUS PD              ,,0,1,0,0,I,I,N,N,1,2,NJ 3                                              ,E,3,,00000003__      ,10.04,2,,2,1,3,1,1,1,,AT,,CR 681 / PATERSON PLANK RD         ,,,,55,,,,N,,,17:35,120N04729
2.02E+17,PASSAIC     ,CLIFTON CITY            ,2/20/2016,SA,321,1,CLIFTON PD               ,,0,1,0,0,I,B,Y,N,11,1,NJ 3                                              ,E,3,,00000003__      ,1.53,2,1,2,1,6,1,1,1,200,FE,E,PARKWAY NORTH EXIT RAMP            ,,,,55,55,,,N,NONE                                                                            ,7240,3:20,120-07444
2.02E+17,PASSAIC     ,CLIFTON CITY            ,1/11/2017,WE,802,1,CLIFTON PD               ,,0,0,0,0,P,B,N,N,1,2,NJ 3                                              ,E,3,,00000003__      ,,2,,1,2,1,1,5,1,,,,,F,RT 21                    ,NB,55,,40.82286,74.12482,N,,7096,8:00,120-07448
2014160214-1938                ,PASSAIC     ,CLIFTON CITY            ,2/17/2014,M ,1955,1,CLIFTON PD               ,CLIFTON        ,0,0,0,0,P,B,N,N,15,1,NJ 3                                              ,E,3,,00000003__      ,2.64,2,1,2,1,6,1,1,1,10,FE,E,CR 622 / BLOOMFIELD AVE            ,,,,55,25,40.84038,74.16117,N,DOT WAS CONTACTED TO REMOVE THE ITEM IN THE ROAD                                ,258,19:55,120-07443
2.02E+17,PASSAIC     ,CLIFTON CITY            ,2/20/2016,SA,1348,1,CLIFTON PD               ,,0,1,0,0,I,B,N,N,1,2,NJ 3                                              ,E,3,,00000003__      ,3.93,2,1,2,1,1,1,1,1,600,FE,E,CR 601 / MAIN AVE                  ,,,,55,35,,,N,NONE                                                                            ,7179,13:50,120-04740
2018090918-027185              ,HUDSON      ,SECAUCUS TOWN           ,10/31/2018,WE,734,1,SECAUCUS PD              ,,0,0,0,0,P,I,N,N,1,2,NJ 3                                              ,E,3,,00000003__      ,9.12,2,,2,1,1,1,4,1,,AT,,CR 681 / PATERSON PLANK RD         ,,,,50,,,,N,,,7:35,120-04731
20151330I-2015-006601          ,MONMOUTH    ,ABERDEEN TWP            ,5/5/2015,TU,1518,1,ABERDEEN TWP PD          ,,0,0,0,0,P,B,N,N,11,1,MONMOUTH COUNTY 3                                 ,E,3,,13000003__      ,11.13,5,4,2,1,1,1,5,1,50,FE,S,CAMBRIDGE DR                       ,,,,35,25,,,Y,JCP&L POLE # JC1613ABT & MONMOUTH COUNTY DOT STREET SIGN # 047648               ,65,15:20,120N13767
2014160214-1998                ,PASSAIC     ,CLIFTON CITY            ,2/19/2014,W ,818,1,CLIFTON PD               ,CLIFTON        ,0,1,0,0,I,B,N,N,1,3,NJ 3                                              ,E,3,,00000003__      ,3.4,2,3,2,1,1,5,5,1,100,FE,W,CR 603 / PASSAIC AVE               ,,,,55,,40.83453,74.14892,N,,269,8:20,120-07442
2.02E+17,PASSAIC     ,CLIFTON CITY            ,2/20/2016,SA,1928,1,CLIFTON PD               ,,0,1,0,0,I,B,N,N,2,2,NJ 3                                              ,E,3,,00000003__      ,3.73,2,2,2,1,6,1,1,1,500,FE,W,CR 601 / MAIN AVE                  ,,,,55,,,,N,NONE                                                                            ,7105,19:30,120-04740
2.02E+17,PASSAIC     ,CLIFTON CITY            ,1/12/2017,TH,1151,1,CLIFTON PD               ,,0,0,0,0,P,B,N,N,1,2,NJ 3                                              ,E,3,,00000003__      ,,2,,2,2,1,1,5,2,,,,,F,CR 621                   ,EB,55,,40.86947,74.18836,N,,7079,11:50,120-07448
2014160214-2027                ,PASSAIC     ,CLIFTON CITY            ,2/19/2014,W ,1817,1,CLIFTON PD               ,CLIFTON        ,0,0,0,0,P,B,N,N,5,2,NJ 3                                              ,E,3,,00000003__      ,3.43,2,5,2,2,6,1,5,1,50,FE,E,CR 603 / PASSAIC AVE               ,,,,,25,40.83431,74.14844,N,,258,18:15,120N07442
2018090918-027569              ,HUDSON      ,SECAUCUS TOWN           ,11/3/2018,SA,1105,1,SECAUCUS PD              ,,0,1,0,0,I,I,N,N,1,2,NJ 3                                              ,E,3,,00000003__      ,10,2,,2,1,1,1,2,2,,AT,,CR 681 / PATERSON PLANK RD         ,,,,50,,,,N,,129,11:05,120N04729
20151330I-2015-006928          ,MONMOUTH    ,ABERDEEN TWP            ,5/12/2015,TU,822,1,ABERDEEN TWP PD          ,,0,0,0,0,P,B,N,N,1,2,MONMOUTH COUNTY 3                                 ,E,3,,13000003__      ,12.35,5,1,2,1,1,1,5,1,10,FE,E,LINE RD / NUTMEG RD                ,,,,35,25,,,N,NONE                                                                            ,50,8:20,120N13767
2013160213-12650               ,PASSAIC     ,CLIFTON CITY            ,11/13/2013,W ,1655,1,CLIFTON PD               ,POST 7         ,0,0,0,0,P,I,N,N,1,2,NJ 3                                              ,E,3,,00000003__      ,,2,1,2,1,1,1,,2,,AT,,,F,RT 21                    ,,55,,,,N,NONE                                                                            ,7030,16:55,120-07448
2.02E+17,PASSAIC     ,CLIFTON CITY            ,2/20/2016,SA,2129,1,CLIFTON PD               ,,0,0,0,0,P,B,N,N,1,2,NJ 3                                              ,E,3,,00000003__      ,,2,5,2,1,6,1,4,1,,,,,T,BROAD ST                 ,NB,25,,,,N,NONE                                                                            ,7224,21:30,120-07448
2.02E+17,PASSAIC     ,CLIFTON CITY            ,1/12/2017,TH,2219,1,CLIFTON PD               ,,0,1,0,0,I,B,N,N,1,2,NJ 3                                              ,E,3,,00000003__      ,3.42,2,,2,2,7,1,1,1,25,FE,W,CR 603 / PASSAIC AVE               ,,,,55,35,40.8342,74.14826,N,,7246,22:20,120-07442
2.02E+17,PASSAIC     ,CLIFTON CITY            ,2/21/2016,S ,1418,1,CLIFTON PD               ,,0,1,0,0,I,B,N,N,2,2,NJ 3                                              ,E,3,,00000003__      ,3.91,2,1,2,1,1,5,1,1,500,FE,E,CR 601 / MAIN AVE                  ,,,,55,35,,,N,NONE                                                                            ,7138,14:20,120-04740