CRASH_ID,CTY_NAME,MUN_NAME,DATE,DAY,TIME,POL_CODE,POL_DEPT,POL_STA,KILLED,INJURED,PED_KILL,PED_INJ,SEVERITY,INTERSEC,ALCOHOL,HAZMAT,CRASH_TYPE,VEH_COUNT,LOCATION,LOC_DIR,ROUTE,RT_SFX,SRI,MP,RD_SYS,RD_CHAR,RD_SURF,SURF_COND,LIGHT,WEATHER,RD_DIV,RD_WRKZN,X_DIST,DIST_UNT,X_DIR,X_NAME,IS_RAMP,RAMP_RT,RAMP_DIR,SPD_LMT,SPD_X,LAT,LONG,CELL_USE,PROP_DMG,BADGE,TIME_ROUND,TMC
2014160214-204                 ,PASSAIC     ,CLIFTON CITY            ,1/7/2014,TU,500,1,CLIFTON PD               ,,0,1,0,0,I,B,N,N,11,1,NJ 3                                              ,E,3,,00000003__      ,4.01,2,2,2,1,6,1,1,1,1000,FE,E,CR 601 / MAIN AVE                  ,,,,55,25,40.82992,74.13891,N,CURB  PILEON                                                                    ,48,5:00,120N04740
2018090918-027740              ,HUDSON      ,SECAUCUS TOWN           ,11/5/2018,MO,637,1,SECAUCUS PD              ,,0,0,0,0,P,B,N,N,2,2,NJ 3                                              ,E,3,,00000003__      ,9.3,2,,2,1,2,1,1,1,,,,,,,,55,,,,N,,179,6:35,120-04730
2018090918-027793              ,HUDSON      ,SECAUCUS TOWN           ,11/5/2018,MO,1235,1,SECAUCUS PD              ,,0,0,0,0,P,B,N,N,1,2,NJ 3                                              ,E,3,,00000003__      ,10.24,2,,2,1,1,1,2,1,,,,,F,CR 681/PATERSON PLANK RD ,EB,45,,,,N,,179,12:35,120-13767
2013160213-12711               ,PASSAIC     ,CLIFTON CITY            ,11/15/2013,F ,640,1,CLIFTON PD               ,,0,1,0,0,I,B,N,N,1,2,NJ 3                                              ,E,3,,00000003__      ,,2,1,2,1,1,1,1,2,750,FE,W,,T,21 SOUTH                 ,SB,45,,,,N,NONE                                                                            ,10046,6:40,120-07448
2018090918-027920              ,HUDSON      ,SECAUCUS TOWN           ,11/6/2018,TU,1059,1,SECAUCUS PD              ,,0,0,0,0,P,B,N,N,2,2,NJ 3                                              ,E,3,,00000003__      ,10.05,2,,2,2,1,2,2,1,,,,,T,CR 681/PATERSON PLANK RD ,EB,45,,,,N,,134,11:00,120N04729
20151330I-2015-008042          ,MONMOUTH    ,ABERDEEN TWP            ,5/31/2015,S ,907,1,ABERDEEN TWP PD          ,,0,0,0,0,P,B,N,N,3,2,MONMOUTH COUNTY 3                                 ,E,3,,13000003__      ,10.71,5,1,2,1,1,1,5,1,100,FE,W,NJ 34                              ,,,,35,,,,N,,65,9:05,120N13767
2.02E+17,PASSAIC     ,CLIFTON CITY            ,2/23/2016,TU,1856,1,CLIFTON PD               ,,0,1,0,0,I,B,N,N,1,2,NJ 3                                              ,E,3,,00000003__      ,,2,5,2,2,5,2,1,1,,,,,F,GROVE ST                 ,,55,,,,N,NONE                                                                            ,7176,18:55,120-07448
2018090918-028168              ,HUDSON      ,SECAUCUS TOWN           ,11/8/2018,TH,1511,1,SECAUCUS PD              ,,0,0,0,0,P,B,N,N,1,2,NJ 3                                              ,E,3,,00000003__      ,8.9,2,,2,1,1,1,1,1,,,,,,,,50,,,,N,,129,15:10,120-04731
2014160214-2097                ,PASSAIC     ,CLIFTON CITY            ,2/21/2014,F ,1248,1,CLIFTON PD               ,CLIFTON        ,0,4,0,0,I,B,N,N,1,3,NJ 3                                              ,E,3,,00000003__      ,,2,1,2,2,1,4,1,2,750,FE,W,,T,RT 21                    ,SB,55,,,,N,NONE                                                                            ,256,12:50,120-07448
2.02E+17,PASSAIC     ,CLIFTON CITY            ,2/24/2016,W ,1516,1,CLIFTON PD               ,,0,2,0,0,I,B,N,N,1,2,NJ 3                                              ,E,3,,00000003__      ,,2,5,2,2,1,2,5,1,,,,,F,CR 623                   ,,20,,,,N,NONE                                                                            ,7166,15:15,120-07448
2014160214-2105                ,PASSAIC     ,CLIFTON CITY            ,2/21/2014,F ,1334,1,CLIFTON PD               ,,0,0,0,0,P,B,N,N,2,2,NJ 3                                              ,E,3,,00000003__      ,4.64,2,1,2,1,1,5,1,1,1320,FE,W,NJ 21                              ,,,,,,40.82517,74.12861,N,NONE                                                                            ,231,13:35,120N04739
2018090918-028265              ,HUDSON      ,SECAUCUS TOWN           ,11/9/2018,FR,1520,1,SECAUCUS PD              ,,0,0,0,0,P,B,N,N,1,2,NJ 3                                              ,E,3,,00000003__      ,10.24,2,,2,2,1,2,5,1,,,,,T,CR 681/PATERSON PLANK RD ,EB,50,,,,N,,161,15:20,120-13767
2013160213-12754               ,PASSAIC     ,CLIFTON CITY            ,11/16/2013,SA,520,1,CLIFTON PD               ,,0,0,0,0,P,I,N,N,2,2,NJ 3                                              ,E,3,,00000003__      ,,2,2,2,2,6,2,1,2,,AT,,,F,ROUTE-21                 ,,53,,,,N,NONE                                                                            ,7028,5:20,120-07448
2018090918-028457              ,HUDSON      ,SECAUCUS TOWN           ,11/11/2018,SU,1753,1,SECAUCUS PD              ,,0,0,0,0,P,B,Y,N,1,2,NJ 3                                              ,E,3,,00000003__      ,10,2,,2,1,6,1,1,1,,,,SERVICE ROAD                       ,,,,45,,,,N,,179,17:55,120N04729
2014160214-2108                ,PASSAIC     ,CLIFTON CITY            ,2/21/2014,F ,1603,1,CLIFTON PD               ,,0,0,0,0,P,B,N,N,2,2,NJ 3                                              ,E,3,,00000003__      ,,2,1,2,2,1,2,5,2,,,,,F,NJ 21                    ,NB,50,,,,N,NONE                                                                            ,519,16:05,120-07448
2.02E+17,PASSAIC     ,CLIFTON CITY            ,2/25/2016,TH,843,1,CLIFTON PD               ,,0,0,0,0,P,B,N,N,1,2,NJ 3                                              ,E,3,,00000003__      ,1.44,2,1,2,1,1,5,1,1,500,FE,E,GARDEN STATE PARKWAY               ,,,,55,55,,,N,NONE                                                                            ,7124,8:45,120-07444
20151330I-2015-009325          ,MONMOUTH    ,ABERDEEN TWP            ,6/27/2015,SA,1649,1,ABERDEEN TWP PD          ,,0,1,0,0,I,I,N,N,3,2,MONMOUTH COUNTY 3                                 ,E,3,,13000003__      ,11.26,5,1,2,2,3,2,5,1,,AT,N,IVYHILL DR                         ,,,,35,25,,,N,,67,16:50,120N13767
20151330I-2015-009977          ,MONMOUTH    ,ABERDEEN TWP            ,7/12/2015,S ,137,1,ABERDEEN TWP PD          ,,0,1,0,0,I,B,Y,N,11,1,MONMOUTH COUNTY 3                                 ,E,3,,13000003__      ,11.54,5,1,2,1,6,1,5,1,15,FE,E,CHURCH ST                          ,,,,35,35,,,Y,,74,1:35,120N13767
2.02E+17,PASSAIC     ,CLIFTON CITY            ,2/27/2016,SA,1655,1,CLIFTON PD               ,,0,0,0,0,P,B,N,N,1,2,NJ 3                                              ,E,3,,00000003__      ,,2,2,2,1,1,1,1,1,25,FE,E,,F,PASSAIC AVE              ,EB,55,,,,N,NONE                                                                            ,7226,16:55,120-07448
2.02E+17,PASSAIC     ,CLIFTON CITY            ,2/29/2016,M ,725,1,CLIFTON PD               ,,0,0,0,0,P,B,N,N,1,2,NJ 3                                              ,E,3,,00000003__      ,4.78,2,2,2,1,1,1,1,1,600,FE,W,NJ 21                              ,,,,55,55,,,N,NONE                                                                            ,7124,7:25,120-04738
2013160213-12800               ,PASSAIC     ,CLIFTON CITY            ,11/17/2013,S ,1412,1,CLIFTON PD               ,,0,0,0,0,P,I,N,N,2,2,NJ 3                                              ,E,3,,00000003__      ,0,2,1,2,2,1,2,4,1,,AT,,US 46                              ,,,,55,55,,,N,NONE                                                                            ,6014,14:10,120-07448
2018090918-029055              ,HUDSON      ,SECAUCUS TOWN           ,11/16/2018,FR,118,1,SECAUCUS PD              ,,0,0,0,0,P,B,N,N,11,1,NJ 3                                              ,E,3,,00000003__      ,9.3,2,,2,3,6,3,2,1,,,,,T,HUDSON COUNTY 681        ,EB,50,,,,N,DAMAGE TO GRASS ON CURBED MEDIAN.                                               ,144,1:20,120-04730
2018090918-029079              ,HUDSON      ,SECAUCUS TOWN           ,11/16/2018,FR,849,1,SECAUCUS PD              ,,0,0,0,0,P,B,N,N,2,2,NJ 3                                              ,E,3,,00000003__      ,10.1,2,,2,2,1,1,4,1,,,,SERVICE RD                         ,,,,40,,,,N,,163,8:50,120N04729
20151330I-2015-011521          ,MONMOUTH    ,ABERDEEN TWP            ,8/13/2015,TH,1758,1,ABERDEEN TWP PD          ,,0,2,0,0,I,I,N,N,2,3,MONMOUTH COUNTY 3                                 ,E,3,,13000003__      ,12.1,5,1,2,1,1,1,4,1,,AT,,NORWOOD LN                         ,,,,40,25,,,N,NONE                                                                            ,75,18:00,120N13767
2013160213-12873               ,PASSAIC     ,CLIFTON CITY            ,11/19/2013,TU,1331,1,CLIFTON PD               ,CLIFTON        ,0,0,0,0,P,B,N,N,2,2,NJ 3                                              ,E,3,,00000003__      ,2.41,2,2,2,1,1,1,1,1,1200,FE,W,CR 622 / BLOOMFIELD AVE            ,,,,55,30,,,N,NONE                                                                            ,268,13:30,120-07443
2018090918-029138              ,HUDSON      ,SECAUCUS TOWN           ,11/16/2018,FR,1700,1,SECAUCUS PD              ,,0,0,0,0,P,B,N,N,1,3,NJ 3                                              ,E,3,,00000003__      ,9.6,2,,2,1,6,1,1,1,,,,,,,,50,,,,N,,,17:00,120-04729
20151330I-2015-011565          ,MONMOUTH    ,ABERDEEN TWP            ,8/14/2015,F ,1715,1,ABERDEEN TWP PD          ,,0,0,0,0,P,I,N,N,3,2,MONMOUTH COUNTY 3                                 ,E,3,,13000003__      ,12.35,5,1,2,1,1,1,4,1,,AT,,LINE RD / NUTMEG RD                ,,,,40,25,,,N,NONE                                                                            ,75,17:15,120N13767
2013160213-1288                ,PASSAIC     ,CLIFTON CITY            ,2/3/2013,S ,838,1,CLIFTON PD               ,CLIFTON        ,0,0,0,0,P,B,N,N,11,1,NJ 3                                              ,E,3,,00000003__      ,1.28,2,1,2,2,1,1,5,1,10,FE,,ROUTE 509 / BROAD ST               ,,,,55,,,,N,,269,8:40,120-07446
2014160214-2402                ,PASSAIC     ,CLIFTON CITY            ,2/21/2014,F ,1302,1,CLIFTON PD               ,CLIFTON        ,0,0,0,0,P,I,N,N,1,2,NJ 3                                              ,E,3,,00000003__      ,,2,5,2,2,1,2,5,1,,AT,,,F,CR 601                   ,NB,50,,,,N,,187,13:00,120-07448
2.02E+17,PASSAIC     ,CLIFTON CITY            ,1/19/2017,TH,1314,1,CLIFTON PD               ,,0,0,0,0,P,B,N,N,2,2,NJ 3                                              ,E,3,,00000003__      ,4.5,2,,2,1,1,5,5,1,,,,,F,CR 624                   ,SB,55,,,,N,,7096,13:15,120N04739
2014160214-2421                ,PASSAIC     ,CLIFTON CITY            ,2/28/2014,F ,1644,1,CLIFTON PD               ,,0,1,0,0,I,B,N,N,1,3,NJ 3                                              ,E,3,,00000003__      ,,2,1,2,1,1,1,,1,100,FE,E,,F,GARDEN STATE PKWY N.     ,NB,50,,,,N,NONE                                                                            ,519,16:45,120-07448
2013160213-1294                ,PASSAIC     ,CLIFTON CITY            ,2/3/2013,S ,1201,1,CLIFTON PD               ,,0,2,0,0,I,B,N,N,1,2,NJ 3                                              ,E,3,,00000003__      ,4.83,2,2,2,2,1,1,1,2,300,FE,W,NJ 21                              ,,,,55,55,,,N,,260,12:00,120-04738
2014160214-2468                ,PASSAIC     ,CLIFTON CITY            ,3/1/2014,SA,1918,1,CLIFTON PD               ,POST 7         ,0,0,0,0,P,B,N,N,2,2,NJ 3                                              ,E,3,,00000003__      ,4.12,2,2,2,1,7,1,1,1,75,FE,W,CLIFTON COMMONS ENTERING           ,,,,55,,,,N,NONE                                                                            ,,19:20,120N04740
2013160213-12991               ,PASSAIC     ,CLIFTON CITY            ,11/22/2013,F ,854,1,CLIFTON PD               ,,0,0,0,0,P,I,N,N,1,2,NJ 3                                              ,E,3,,00000003__      ,4.89,2,2,2,2,1,2,1,2,,AT,W,NJ 21                              ,,,,45,55,,,N,NONE                                                                            ,231,8:55,120-04738
2.02E+17,PASSAIC     ,CLIFTON CITY            ,1/21/2017,SA,1838,1,CLIFTON PD               ,,0,0,0,0,P,B,N,N,1,2,NJ 3                                              ,E,3,,00000003__      ,3.96,2,,2,1,6,1,1,1,750,FE,E,CR 601 / MAIN AVE                  ,,,,55,35,40.83038,74.14005,N,,543,18:40,120-04740
2014160214-2494                ,PASSAIC     ,CLIFTON CITY            ,3/2/2014,S ,2115,1,CLIFTON PD               ,PATROL         ,0,0,0,0,P,I,N,N,11,1,NJ 3                                              ,E,3,,00000003__      ,,2,1,2,1,6,1,5,1,,AT,,,T,RT 509                   ,WB,15,,,,N,NONE                                                                            ,6019,21:15,120-07448
2.02E+17,PASSAIC     ,CLIFTON CITY            ,1/22/2017,SU,152,1,CLIFTON PD               ,,0,1,0,0,I,B,Y,N,11,1,NJ 3                                              ,E,3,,00000003__      ,4.36,2,,2,1,6,4,1,1,300,FE,W,CR 624 / OAK RD / RIVER RD         ,,,,55,30,40.82873,74.13848,N,GUARDRAIL  STOP SIGN  NO LEFT TURN SIGN (DOT NOTIFIED)                          ,7225,1:50,120N04740
2018090918-029888              ,HUDSON      ,SECAUCUS TOWN           ,11/22/2018,TH,1242,1,SECAUCUS PD              ,,0,3,0,0,I,B,N,N,1,3,NJ 3                                              ,E,3,,00000003__      ,8.6,2,,2,1,1,1,5,1,,,,,,,,50,,,,N,,,12:40,120-04732
2.02E+17,PASSAIC     ,CLIFTON CITY            ,3/5/2016,SA,1245,1,CLIFTON PD               ,,0,0,0,0,P,B,N,N,1,2,NJ 3                                              ,E,3,,00000003__      ,3.82,2,1,2,1,1,1,1,1,1000,FE,E,MAIN AVE                           ,,,,55,35,,,N,NONE                                                                            ,7118,12:45,120-04740
2013160213-13064               ,PASSAIC     ,CLIFTON CITY            ,11/23/2013,SA,1759,1,CLIFTON PD               ,PATROL         ,0,0,0,0,P,I,N,N,2,2,NJ 3                                              ,E,3,,00000003__      ,3.82,2,1,2,1,6,1,5,1,,AT,E,CR 601 / MAIN AVE                  ,,,,20,,,,N,NONE                                                                            ,2029,18:00,120-04740
2014160214-2535                ,PASSAIC     ,CLIFTON CITY            ,3/3/2014,M ,1920,1,CLIFTON PD               ,CLIFTON        ,0,0,0,0,P,B,N,N,1,2,NJ 3                                              ,E,3,,00000003__      ,4.07,2,1,2,1,6,1,1,1,1320,FE,E,CR 601 / MAIN AVE                  ,,,,50,25,40.82946,74.13792,N,,258,19:20,120N04740
2018090918-030131              ,HUDSON      ,SECAUCUS TOWN           ,11/24/2018,SA,1820,1,SECAUCUS PD              ,,0,1,0,0,I,B,N,N,1,2,NJ 3                                              ,E,3,,00000003__      ,10,2,,2,2,6,2,1,2,,,,,,,,45,,,,N,,142,18:20,120N04729
20151330I-2015-014306          ,MONMOUTH    ,ABERDEEN TWP            ,10/10/2015,SA,1452,1,ABERDEEN TWP PD          ,,0,1,0,0,I,B,N,N,1,4,MONMOUTH COUNTY 3                                 ,E,3,,13000003__      ,12.62,5,1,2,1,1,1,5,2,60,FE,E,GARDEN STATE PARKWAY               ,,,,35,,,,N,,49,14:50,120N13767
2.02E+17,PASSAIC     ,CLIFTON CITY            ,3/6/2016,S ,943,1,CLIFTON PD               ,,0,1,0,0,I,B,N,N,2,2,NJ 3                                              ,E,3,,00000003__      ,1.38,2,1,2,1,1,5,5,1,650,FE,E,ROUTE 509 / BROAD ST               ,,,,55,25,,,N,NONE                                                                            ,7096,9:45,120-07444
2013160213-13083               ,PASSAIC     ,CLIFTON CITY            ,11/24/2013,S ,1206,1,CLIFTON PD               ,,0,0,0,0,P,I,N,N,15,1,NJ 3                                              ,E,3,,00000003__      ,4.89,2,2,2,1,1,1,1,2,,AT,W,NJ 21                              ,,,,55,55,,,N,,260,12:05,120-04738
2014160214-2546                ,PASSAIC     ,CLIFTON CITY            ,3/4/2014,TU,727,1,CLIFTON PD               ,CLIFTON        ,0,0,0,0,P,B,N,N,1,2,NJ 3                                              ,E,3,,00000003__      ,,2,2,2,1,1,1,1,1,225,FE,W,,T,MAIN AVE                 ,NB,55,,,,N,NONE                                                                            ,283,7:25,120-07448
20151330I-2015-014537          ,MONMOUTH    ,ABERDEEN TWP            ,10/16/2015,F ,19,1,ABERDEEN TWP PD          ,,0,0,0,0,P,B,Y,N,11,1,MONMOUTH COUNTY 3                                 ,E,3,,13000003__      ,10.35,5,1,2,1,6,1,5,1,50,FE,E,FORDHAM RD                         ,,,,35,,,,N,4 FORDHAM DRIVE-WALL  LANDSCAPING                                               ,81,1:20,120N13767
2014160214-2548                ,PASSAIC     ,CLIFTON CITY            ,3/4/2014,TU,904,1,CLIFTON PD               ,,0,0,0,0,P,I,N,N,2,2,NJ 3                                              ,E,3,,00000003__      ,,2,2,2,1,1,1,1,1,,AT,,,T,CR 622                   ,WB,55,,,,N,NONE                                                                            ,231,9:05,120-07448
2014160214-2621                ,PASSAIC     ,CLIFTON CITY            ,3/6/2014,TH,854,1,CLIFTON PD               ,,0,0,0,0,P,B,N,N,1,2,NJ 3                                              ,E,3,,00000003__      ,4.91,2,1,2,1,1,1,1,1,100,FE,E,NJ 21                              ,,,,55,55,40.82315,74.12433,N,NONE                                                                            ,274,8:55,120-04738
20151330I-2015-014916          ,MONMOUTH    ,ABERDEEN TWP            ,10/25/2015,S ,829,1,ABERDEEN TWP PD          ,,0,0,0,0,P,B,N,N,11,1,MONMOUTH COUNTY 3                                 ,E,3,,13000003__      ,10.36,5,2,2,2,1,2,5,1,100,FE,E,FORDHAM RD                         ,,,,35,25,,,N,TREE AND GRASS AT 205 FORDHAM DRIVE                                             ,50,8:30,120N13767
2.02E+17,PASSAIC     ,CLIFTON CITY            ,3/11/2016,F ,1505,1,CLIFTON PD               ,,0,0,0,0,P,B,N,N,1,2,NJ 3                                              ,E,3,,00000003__      ,,2,5,2,1,1,1,2,1,,,,,F,GROVE ST                 ,,15,,,,N,NONE                                                                            ,7166,15:05,120-07448
2014160214-2709                ,PASSAIC     ,CLIFTON CITY            ,3/8/2014,SA,906,1,CLIFTON PD               ,,0,0,0,0,P,B,N,N,11,2,NJ 3                                              ,E,3,,00000003__      ,2.66,2,1,2,1,1,1,1,1,100,FE,E,CR 622 / BLOOMFIELD AVE            ,,,,35,35,40.84023,74.16086,N,GUIDERAIL FACE @ BLOOMFIELD AVE APPROX 100 DOT ADVISED                          ,260,9:05,120-07443
20151330I-2015-016027          ,MONMOUTH    ,ABERDEEN TWP            ,11/20/2015,F ,1119,1,ABERDEEN TWP PD          ,,0,1,0,0,I,B,N,N,1,4,MONMOUTH COUNTY 3                                 ,E,3,,13000003__      ,12.31,5,2,2,1,1,1,5,1,2500,FE,W,GERARD AVE                         ,,,,35,25,,,N,NONE                                                                            ,58,11:20,120N13767
2014160214-2779                ,PASSAIC     ,CLIFTON CITY            ,3/10/2014,M ,1247,1,CLIFTON PD               ,,0,0,0,0,P,B,N,N,2,2,NJ 3                                              ,E,3,,00000003__      ,1.28,2,1,2,1,1,1,1,1,100,FE,E,ROUTE 509 / BROAD ST               ,,,,55,35,40.85505,74.17797,N,NONE                                                                            ,274,12:45,120-07446
20151330I-2015-016373          ,MONMOUTH    ,ABERDEEN TWP            ,11/28/2015,SA,1712,1,ABERDEEN TWP PD          ,,0,0,0,0,P,B,N,N,11,1,MONMOUTH COUNTY 3                                 ,E,3,,13000003__      ,11.19,5,1,2,2,6,2,4,1,250,FE,E,CAMBRIDGE DR                       ,,,,35,25,,,N,NJ TRANSIT BUS STOP DOWNED #CPC08. SMALL DENT IN FENCE RUNNING ALONG LLOYD ROAD ,75,17:10,120N13767
2.02E+17,PASSAIC     ,CLIFTON CITY            ,1/25/2017,WE,2240,1,CLIFTON PD               ,,0,1,0,0,I,B,N,N,11,1,NJ 3                                              ,E,3,,00000003__      ,4.07,2,,2,1,7,1,1,1,1320,FE,E,CR 601 / MAIN AVE                  ,,,,55,35,40.8294,74.13808,N,SCRATCHES ON CONCRETE TRAFFIC BARRIER POLE                                      ,7246,22:40,120N04740
20151330I-2015-017325          ,MONMOUTH    ,ABERDEEN TWP            ,12/22/2015,TU,1809,1,ABERDEEN TWP PD          ,,0,0,0,0,P,I,N,N,7,2,MONMOUTH COUNTY 3                                 ,E,3,,13000003__      ,11.68,5,1,2,2,7,1,4,1,,AT,,DREXEL LN                          ,,,,40,25,,,N,NONE                                                                            ,75,18:10,120N13767
2.02E+17,PASSAIC     ,CLIFTON CITY            ,3/14/2016,M ,1514,1,CLIFTON PD               ,,0,0,0,0,P,B,N,N,1,2,NJ 3                                              ,E,3,,00000003__      ,1.44,2,1,2,2,1,2,1,1,75,FE,E,PARKWAY SOUTH                      ,,,,50,55,,,N,NONE                                                                            ,7206,15:15,120-07444
2.02E+17,PASSAIC     ,CLIFTON CITY            ,3/14/2016,M ,1828,1,CLIFTON PD               ,,0,0,0,0,P,B,N,N,2,2,NJ 3                                              ,E,3,,00000003__      ,1.27,2,1,2,2,6,2,1,1,50,FE,E,ROUTE 509 / BROAD ST               ,,,,55,,,,N,NONE                                                                            ,7206,18:30,120N07447
2014160214-2865                ,PASSAIC     ,CLIFTON CITY            ,3/12/2014,W ,1637,1,CLIFTON PD               ,PATROL         ,0,0,0,0,P,B,N,N,1,2,NJ 3                                              ,E,3,,00000003__      ,3.79,2,2,2,2,1,2,1,1,150,FE,W,CR 601 / MAIN AVE                  ,,,,55,35,40.83159,74.14254,N,NONE                                                                            ,6019,16:35,120-04740
2014160214-2867                ,PASSAIC     ,CLIFTON CITY            ,3/12/2014,W ,1651,1,CLIFTON PD               ,POST 7         ,0,0,0,0,P,B,N,N,1,2,NJ 3                                              ,E,3,,00000003__      ,2.14,2,1,2,2,1,2,1,1,2640,FE,W,CR 622 / BLOOMFIELD AVE            ,,,,50,,40.8449,74.16854,N,NONE                                                                            ,7030,16:50,120-07444
2015160215-000194              ,PASSAIC     ,CLIFTON CITY            ,1/2/2015,F ,1400,1,CLIFTON PD               ,CLIFTON        ,0,0,0,0,P,I,N,N,1,2,NJ 3                                              ,E,3,,00000003__      ,3.82,2,1,2,1,1,1,1,1,,AT,,CR 601 / MAIN AVE                  ,,,,50,25,,,N,,181,14:00,120-04740
2013160213-13175               ,PASSAIC     ,CLIFTON CITY            ,11/26/2013,TU,1720,1,CLIFTON PD               ,PATROL CAR 7   ,0,0,0,0,P,I,N,N,1,2,NJ 3                                              ,E,3,,00000003__      ,4.12,2,1,2,2,6,2,1,2,,AT,,CLIFTON COMMONS                    ,,,,55,,,,N,NONE                                                                            ,11503,17:20,120N04740
2.02E+17,PASSAIC     ,CLIFTON CITY            ,3/17/2016,TH,520,1,CLIFTON PD               ,,0,1,0,0,I,B,N,N,10,1,NJ 3                                              ,E,3,,00000003__      ,2.83,2,1,2,1,5,1,1,1,1000,FE,N,CR 622 / BLOOMFIELD AVE            ,,,,55,35,,,N,NONE                                                                            ,7239,5:20,120-07443
2015160215-000635              ,PASSAIC     ,CLIFTON CITY            ,1/6/2015,TU,946,1,CLIFTON PD               ,,0,0,0,0,P,B,N,N,1,2,NJ 3                                              ,E,3,,00000003__      ,3.4,2,1,2,3,2,3,1,1,100,FE,W,CR 603 / PASSAIC AVE               ,,,,55,35,,,N,GUARD RAIL                                                                      ,274,9:45,120-07442
2013160213-13194               ,PASSAIC     ,CLIFTON CITY            ,11/27/2013,W ,601,1,CLIFTON PD               ,,0,0,0,0,P,I,N,N,11,1,NJ 3                                              ,E,3,,00000003__      ,3.42,2,1,2,2,6,2,1,1,,AT,W,CR 603 / PASSAIC AVE               ,,,,55,25,,,N,NONE                                                                            ,7028,6:00,120-07442
2014160214-288                 ,PASSAIC     ,CLIFTON CITY            ,1/9/2014,TH,1157,1,CLIFTON PD               ,,0,0,0,0,P,B,N,N,2,2,NJ 3                                              ,E,3,,00000003__      ,4.8,2,1,2,1,1,1,1,2,500,FE,W,NJ 21                              ,,,,35,35,40.82401,74.12604,N,,260,11:55,120-04738
2015160215-000734              ,PASSAIC     ,CLIFTON CITY            ,1/6/2015,TU,2312,1,CLIFTON PD               ,CLIFTON P.D.   ,0,1,0,0,I,B,N,N,9,2,NJ 3                                              ,E,3,,00000003__      ,,2,1,0,4,6,7,1,1,1056,FE,W,,T,MAIN AVE                 ,SB,55,,,,N,WARD MONTCLAIR COUNTY CLUB; SIGN AND GARDEN.                                    ,526,23:10,120-07448
2014160214-2886                ,PASSAIC     ,CLIFTON CITY            ,3/13/2014,TH,631,1,CLIFTON PD               ,POST 7         ,0,0,0,0,P,B,N,N,1,2,NJ 3                                              ,E,3,,00000003__      ,4.86,2,2,2,1,1,1,1,1,150,FE,W,NJ 21                              ,,,,55,,40.82355,74.12509,N,NONE                                                                            ,13520,6:30,120-04738
2018090918-031252              ,HUDSON      ,SECAUCUS TOWN           ,12/2/2018,SU,1435,1,SECAUCUS PD              ,,0,1,0,0,I,B,N,N,1,2,NJ 3                                              ,E,3,,00000003__      ,9.12,2,,2,2,1,2,2,1,,,,,T,CR 681/PATERSON PLANK RD.,EB,50,,,,N,,142,14:35,120-04731
2015160215-00313               ,PASSAIC     ,CLIFTON CITY            ,1/3/2015,SA,1216,1,CLIFTON PD               ,,0,0,0,0,P,B,N,N,3,2,NJ 3                                              ,E,3,,00000003__      ,,2,5,2,2,1,3,1,1,,,,,T,MAIN AVE                 ,EB,55,,,,N,,260,12:15,120-07448
2.02E+17,PASSAIC     ,CLIFTON CITY            ,1/31/2017,TU,828,1,CLIFTON PD               ,,0,0,0,0,P,B,N,N,1,2,NJ 3                                              ,E,3,,00000003__      ,,2,,1,1,1,1,1,1,30,FE,E,,F,RT 21                    ,,55,,,,N,,7118,8:30,120-07448
2.02E+17,PASSAIC     ,CLIFTON CITY            ,3/20/2016,S ,2342,1,CLIFTON PD               ,,0,0,0,0,P,B,N,N,11,1,NJ 3                                              ,E,3,,00000003__      ,,2,5,2,2,6,3,2,1,,,,,T,CR 601                   ,NB,55,,,,N,NONE                                                                            ,7175,23:40,120-07448
2014160214-2940                ,PASSAIC     ,CLIFTON CITY            ,3/14/2014,F ,1520,1,CLIFTON PD               ,PATROL         ,0,0,0,0,P,I,N,N,2,2,NJ 3                                              ,E,3,,00000003__      ,4.89,2,2,1,1,1,1,1,2,,AT,,NJ 21                              ,,,,40,55,40.82333,74.12466,N,NONE                                                                            ,8036,15:20,120-04738