CRASH_ID,CTY_NAME,MUN_NAME,DATE,DAY,TIME,POL_CODE,POL_DEPT,POL_STA,KILLED,INJURED,PED_KILL,PED_INJ,SEVERITY,INTERSEC,ALCOHOL,HAZMAT,CRASH_TYPE,VEH_COUNT,LOCATION,LOC_DIR,ROUTE,RT_SFX,SRI,MP,RD_SYS,RD_CHAR,RD_SURF,SURF_COND,LIGHT,WEATHER,RD_DIV,RD_WRKZN,X_DIST,DIST_UNT,X_DIR,X_NAME,IS_RAMP,RAMP_RT,RAMP_DIR,SPD_LMT,SPD_X,LAT,LONG,CELL_USE,PROP_DMG,BADGE,TIME_ROUND,TMC
2.02E+17,PASSAIC     ,CLIFTON CITY            ,1/28/2018,SU,1205,1,CLIFTON PD               ,,0,0,0,0,P,B,N,N,11,1,NJ 3                                              ,E,3,,00000003__      ,,2,,2,2,1,2,1,1,,,,,T,BLOOMFIELD AVE           ,NB,55,,40.83961,74.16015,N,STATE OF NEW JERSEY GUARDRAIL                                                   ,7099,12:05,120-07448
2013160213-2073                ,PASSAIC     ,CLIFTON CITY            ,2/20/2013,W ,1802,1,CLIFTON PD               ,CLIFTON        ,0,0,0,0,P,B,N,N,1,2,NJ 3                                              ,E,3,,00000003__      ,3.86,2,5,2,1,6,1,1,1,200,FE,E,CR 601 / MAIN AVE                  ,,,,55,25,,,N,,258,18:00,120-04740
2.02E+17,PASSAIC     ,CLIFTON CITY            ,1/28/2018,SU,1359,1,CLIFTON PD               ,,0,1,0,0,I,B,N,N,11,1,NJ 3                                              ,E,3,,00000003__      ,,2,,2,2,1,2,1,1,,,,,T,RT 21                    ,NB,55,,40.8239,74.12667,N,,7099,14:00,120-07448
2.02E+17,PASSAIC     ,CLIFTON CITY            ,1/28/2018,SU,1547,1,CLIFTON PD               ,,0,0,0,0,P,B,N,N,2,2,NJ 3                                              ,E,3,,00000003__      ,1.64,2,,2,1,1,1,1,1,5280,FE,W,CR 622 / BLOOMFIELD AVE            ,,,,55,35,40.84566,74.16937,N,,7251,15:45,120-07444
2.02E+17,PASSAIC     ,CLIFTON CITY            ,3/18/2017,SA,2243,1,CLIFTON PD               ,,0,0,0,0,P,B,N,N,1,2,NJ 3                                              ,E,3,,00000003__      ,3.85,2,,2,1,6,1,1,1,150,FE,E,CR 601 / MAIN AVE                  ,,,,55,25,40.82993,74.13906,N,,7240,22:45,120-04740
2014160214-4580                ,PASSAIC     ,CLIFTON CITY            ,4/27/2014,S ,1332,1,CLIFTON PD               ,,0,2,0,0,I,B,N,N,1,2,NJ 3                                              ,E,3,,00000003__      ,,2,2,2,1,1,1,1,2,,,,,F,MAIN AVE                 ,WB,55,,,,N,,260,13:30,120-07448
2.02E+17,PASSAIC     ,CLIFTON CITY            ,5/12/2016,TH,1615,1,CLIFTON PD               ,,0,0,0,0,P,B,N,N,2,2,NJ 3                                              ,E,3,,00000003__      ,,2,1,2,1,1,1,1,1,,,W,,F,MAIN AVE                 ,,55,,,,N,NONE                                                                            ,7226,16:15,120-07448
2013160213-2115                ,PASSAIC     ,CLIFTON CITY            ,2/21/2013,TH,2357,1,CLIFTON PD               ,PATROL         ,0,5,0,0,I,B,N,N,1,2,NJ 3                                              ,E,3,,00000003__      ,,2,1,1,1,6,1,1,2,100,FE,,,F,NJ 21                    ,,55,,,,N,NONE                                                                            ,6022,23:55,120-07448
2014160214-4584                ,PASSAIC     ,CLIFTON CITY            ,4/27/2014,S ,1400,1,CLIFTON PD               ,CLIFTON PD     ,0,1,0,0,I,B,N,N,1,2,NJ 3                                              ,E,3,,00000003__      ,0.51,2,1,2,1,1,1,5,1,,,E,CR 623 / GROVE ST                  ,,,,50,25,,,N,NONE                                                                            ,,14:00,120N07448
2.02E+17,PASSAIC     ,CLIFTON CITY            ,3/20/2017,MO,40,1,CLIFTON PD               ,,0,0,0,0,P,B,N,N,15,1,NJ 3                                              ,E,3,,00000003__      ,,2,,2,1,6,1,5,1,,,,,T,NJ 21                    ,SB,55,,40.82517,74.12953,N,,7198,4:40,120-07448
2.02E+17,PASSAIC     ,CLIFTON CITY            ,1/31/2018,WE,1206,1,CLIFTON PD               ,,0,0,0,0,P,B,N,N,1,2,NJ 3                                              ,E,3,,00000003__      ,2.6,2,,2,1,1,1,1,1,200,FE,W,CR 622 / BLOOMFIELD AVE            ,,,,55,30,40.84065,74.1618,N,,7079,12:05,120-07443
2014160214-4593                ,PASSAIC     ,CLIFTON CITY            ,4/27/2014,S ,1925,1,CLIFTON PD               ,CLIFTON        ,0,0,0,0,P,B,N,N,1,2,NJ 3                                              ,E,3,,00000003__      ,2.66,2,5,2,1,3,1,1,1,100,FE,E,CR 622 / BLOOMFIELD AVE            ,,,,55,25,40.84023,74.16086,N,,258,19:25,120-07443
2014160214-4601                ,PASSAIC     ,CLIFTON CITY            ,4/28/2014,M ,741,1,CLIFTON PD               ,CLIFTON        ,0,1,0,0,I,B,N,N,1,2,NJ 3                                              ,E,3,,00000003__      ,,2,4,2,1,1,1,5,1,5,FE,,,F,CR 623                   ,,55,,,,N,,269,7:40,120-07448
2.02E+17,PASSAIC     ,CLIFTON CITY            ,1/31/2018,WE,1727,1,CLIFTON PD               ,,0,0,0,0,P,B,N,N,1,2,NJ 3                                              ,E,3,,00000003__      ,2.36,2,,2,1,6,1,1,1,1500,FE,W,CR 622 / BLOOMFIELD AVE            ,,,,55,35,,,N,,7105,17:25,120-07443
2013160213-2252                ,PASSAIC     ,CLIFTON CITY            ,2/25/2013,M ,1523,1,CLIFTON PD               ,POST 7         ,0,0,0,0,P,B,N,N,2,2,NJ 3                                              ,E,3,,00000003__      ,3.27,2,1,2,1,1,1,1,1,800,FE,W,CR 603 / PASSAIC AVE               ,,,,55,,,,N,NONE                                                                            ,1030,15:25,120-07442
2.02E+17,PASSAIC     ,CLIFTON CITY            ,2/1/2018,TH,610,1,CLIFTON PD               ,,0,0,0,0,P,B,N,N,2,2,NJ 3                                              ,E,3,,00000003__      ,1.23,2,,2,1,2,1,1,1,150,FE,S,ROUTE 509 / BROAD ST               ,,,,55,25,40.85462,74.17762,N,,,6:10,120N07447
2013160213-2276                ,PASSAIC     ,CLIFTON CITY            ,2/26/2013,TU,801,1,CLIFTON PD               ,,0,0,0,0,P,B,N,N,1,2,NJ 3                                              ,E,3,,00000003__      ,3.7,2,1,2,1,1,1,1,1,634,FE,W,CR 601 / MAIN AVE                  ,,,,55,30,,,N,NONE                                                                            ,224,8:00,120-04740
2014160214-4638                ,PASSAIC     ,CLIFTON CITY            ,4/28/2014,M ,2101,1,CLIFTON PD               ,POST 7         ,0,0,0,0,P,B,N,N,6,2,NJ 3                                              ,E,3,,00000003__      ,,2,2,2,1,5,1,1,3,1320,FE,W,,T,PASSAIC COUNTY 603       ,,55,,,,N,NONE                                                                            ,7030,21:00,120-07448
2015160215-17293               ,PASSAIC     ,CLIFTON CITY            ,4/19/2015,S ,1931,1,CLIFTON PD               ,,0,1,0,0,I,I,N,N,2,2,NJ 3                                              ,E,3,,00000003__      ,1.44,2,1,2,1,1,1,1,1,,AT,,PARKWAY SOUTH                      ,,,,55,55,,,N,NONE                                                                            ,239,19:30,120-07444
2.02E+17,PASSAIC     ,CLIFTON CITY            ,5/20/2016,F ,27,1,CLIFTON PD               ,,0,0,0,0,P,B,N,N,12,1,NJ 3                                              ,E,3,,00000003__      ,2.39,2,1,2,1,6,1,1,1,1320,FE,W,CR 622 / BLOOMFIELD AVE            ,,,,55,25,,,N,NONE                                                                            ,7240,2:25,120-07443
2014160214-4642                ,PASSAIC     ,CLIFTON CITY            ,4/28/2014,M ,2326,1,CLIFTON PD               ,CLIFTON P.D    ,0,1,0,0,I,B,N,N,1,2,NJ 3                                              ,E,3,,00000003__      ,4.75,2,2,2,1,6,1,1,2,750,FE,W,NJ 21                              ,,,,50,50,40.82437,74.12684,N,NONE                                                                            ,284,23:25,120-04738
2013160213-2318                ,PASSAIC     ,CLIFTON CITY            ,2/27/2013,W ,735,1,CLIFTON PD               ,CLIFTON        ,0,1,0,0,I,B,N,N,1,2,NJ 3                                              ,E,3,,00000003__      ,1.44,2,1,2,2,1,2,1,1,200,FE,E,PARKWAY SOUTH                      ,,,,50,50,,,N,NONE                                                                            ,7033,7:35,120-07444
2.02E+17,PASSAIC     ,CLIFTON CITY            ,5/20/2016,F ,737,1,CLIFTON PD               ,,0,0,0,0,P,B,N,N,1,2,NJ 3                                              ,E,3,,00000003__      ,,2,1,2,1,1,1,1,1,,,,,F,BLOOMFIELD AVE           ,EB,55,,,,N,NONE                                                                            ,7118,7:35,120-07448
2.02E+17,PASSAIC     ,CLIFTON CITY            ,3/21/2017,TU,759,1,CLIFTON PD               ,,0,0,0,0,P,B,N,N,11,1,NJ 3                                              ,E,3,,00000003__      ,2.79,2,,2,1,1,1,1,1,800,FE,E,CR 622 / BLOOMFIELD AVE            ,,,,55,35,40.8398,74.16093,N,,7128,8:00,120-07443
2013160213-2328                ,PASSAIC     ,CLIFTON CITY            ,2/27/2013,W ,1238,1,CLIFTON PD               ,,0,1,0,0,I,I,N,N,11,2,NJ 3                                              ,E,3,,00000003__      ,,2,2,2,2,1,2,1,1,,AT,N,,T,MAIN AVE CR 601          ,,55,,,,N,GUIDERAIL @ RAMP FROM MAIN AVE TO RT 3E. APPROX 20 PAMAOES                      ,260,12:40,120-07448
2014160214-4653                ,PASSAIC     ,CLIFTON CITY            ,4/29/2014,TU,915,1,CLIFTON PD               ,,0,0,0,0,P,B,N,N,2,2,NJ 3                                              ,E,3,,00000003__      ,,2,4,2,1,1,1,1,2,,,,,F,NJ 21                    ,NB,,,,,N,,260,9:15,120-07448
2013160213-2359                ,PASSAIC     ,CLIFTON CITY            ,2/28/2013,TH,733,1,CLIFTON PD               ,,0,0,0,0,P,B,N,N,2,2,NJ 3                                              ,E,3,,00000003__      ,,2,2,2,2,1,1,1,2,,,,,F,NJ 21                    ,,55,,,,N,,260,7:35,120-07448
2014160214-4684                ,PASSAIC     ,CLIFTON CITY            ,4/30/2014,W ,925,1,CLIFTON PD               ,,0,0,0,0,P,B,N,N,1,2,NJ 3                                              ,E,3,,00000003__      ,,2,5,2,2,1,2,1,1,,,,,T,WARD ST                  ,,55,,,,N,NONE                                                                            ,6014,9:25,120-07448
2.02E+17,PASSAIC     ,CLIFTON CITY            ,2/1/2018,TH,2025,1,CLIFTON PD               ,,0,0,0,0,P,B,N,N,99,1,NJ 3                                              ,E,3,,00000003__      ,1.25,2,,2,2,6,2,1,1,50,FE,W,ROUTE 509 / BROAD ST               ,,,,55,25,,,N,DOT SIGN TRAILER - 1 JACK DAMAGED  NO OTHER DAMAGE                              ,7271,20:25,120N07447
2.02E+17,PASSAIC     ,CLIFTON CITY            ,5/24/2016,TU,1100,1,CLIFTON PD               ,,0,1,0,0,I,B,N,N,1,2,NJ 3                                              ,E,3,,00000003__      ,3.43,2,2,2,2,1,5,1,1,30,FE,E,CR 603 / PASSAIC AVE               ,,,,55,30,,,N,NONE                                                                            ,7145,11:00,120N07442
2.02E+17,PASSAIC     ,CLIFTON CITY            ,3/22/2017,WE,147,1,CLIFTON PD               ,,0,0,0,0,P,B,N,N,2,2,NJ 3                                              ,E,3,,00000003__      ,3.51,2,,2,1,6,1,1,1,500,FE,E,CR 603 / PASSAIC AVE               ,,,,55,35,40.8348,74.14806,N,,7239,1:45,120-04740
2014160214-472                 ,PASSAIC     ,CLIFTON CITY            ,1/14/2014,TU,757,1,CLIFTON PD               ,,0,0,0,0,P,B,N,N,2,2,NJ 3                                              ,E,3,,00000003__      ,,2,1,2,2,1,2,1,2,,,,,F,NJ 21                    ,EB,55,,,,N,,260,7:55,120-07448
2.02E+17,PASSAIC     ,CLIFTON CITY            ,3/22/2017,WE,658,1,CLIFTON PD               ,,0,0,0,0,P,B,N,N,1,2,NJ 3                                              ,E,3,,00000003__      ,3.46,2,,2,1,1,1,1,1,200,FE,E,CR 603 / PASSAIC AVE               ,,,,55,35,40.83396,74.14808,N,,7128,7:00,120N07442
2015160215-18746               ,PASSAIC     ,CLIFTON CITY            ,4/28/2015,TU,1526,1,CLIFTON PD               ,POST 5         ,0,1,0,0,I,B,N,N,1,2,NJ 3                                              ,E,3,,00000003__      ,,2,1,2,1,1,1,1,1,1320,FE,W,,T,RT 444                   ,SB,55,,,,N,NONE                                                                            ,7030,15:25,120-07448
2013160213-255                 ,PASSAIC     ,CLIFTON CITY            ,1/8/2013,TU,644,1,CLIFTON PD               ,PATROL         ,0,1,0,0,I,B,N,N,1,2,NJ 3                                              ,E,3,,00000003__      ,0.53,2,1,2,1,2,1,1,1,100,FE,E,CR 623 / GROVE ST                  ,,,,50,25,,,N,NONE                                                                            ,3020,6:45,120N07448
2015160215-19155               ,PASSAIC     ,CLIFTON CITY            ,4/30/2015,TH,1747,1,CLIFTON PD               ,CLIFTON        ,0,0,0,0,P,I,N,N,1,2,NJ 3                                              ,E,3,,00000003__      ,,2,5,2,1,1,1,1,1,,AT,,,F,GROVE ST                 ,EB,55,,,,N,NONE                                                                            ,12514,17:45,120-07448
2.02E+17,PASSAIC     ,CLIFTON CITY            ,3/22/2017,WE,1721,1,CLIFTON PD               ,,0,0,0,0,P,B,N,N,1,2,NJ 3                                              ,E,3,,00000003__      ,,2,,2,1,1,1,1,1,,,,,F,CR 623                   ,,55,,40.86597,74.18258,N,,7166,17:20,120-07448
2013160213-2560                ,PASSAIC     ,CLIFTON CITY            ,3/5/2013,TU,440,1,CLIFTON PD               ,,0,0,0,0,P,B,N,N,1,2,NJ 3                                              ,E,3,,00000003__      ,,2,6,2,1,6,1,2,2,,,,,F,NJ 21                    ,,55,,,,N,NONE                                                                            ,7?27 ,4:40,120-07448
2015160215-1956                ,PASSAIC     ,CLIFTON CITY            ,1/15/2015,TH,221,1,CLIFTON PD               ,POST 6         ,0,0,0,0,P,B,N,N,11,2,NJ 3                                              ,E,3,,00000003__      ,,2,5,2,1,6,1,2,1,,FE,,,T,RT 3                     ,EB,50,,,,N,GUARD RAIL STATE PROPERTY                                                       ,199,2:20,120-07448
2015160215-19665               ,PASSAIC     ,CLIFTON CITY            ,5/3/2015,S ,2146,1,CLIFTON PD               ,,0,0,0,0,P,I,N,N,2,2,NJ 3                                              ,E,3,,00000003__      ,4.12,2,1,2,1,4,1,5,1,,AT,,CLIFTON COMMONS ENTRACT            ,,,,55,,,,N,NONE                                                                            ,254,21:45,120N04740
2.02E+17,PASSAIC     ,CLIFTON CITY            ,2/4/2018,SU,1410,1,CLIFTON PD               ,,0,2,0,0,I,B,N,N,1,2,NJ 3                                              ,E,3,,00000003__      ,3.41,2,,2,2,1,2,2,1,,,,,F,PASSAIC AVE              ,EB,55,,40.8339,74.14776,N,,7251,14:10,120-07442
2.02E+17,PASSAIC     ,CLIFTON CITY            ,2/5/2018,MO,842,1,CLIFTON PD               ,,0,0,0,0,P,B,N,N,1,2,NJ 3                                              ,E,3,,00000003__      ,4.8,2,,2,2,1,1,1,1,500,FE,W,NJ 21                              ,,,,55,55,40.8275,74.13381,N,,7099,8:40,120-04738
2.02E+17,PASSAIC     ,CLIFTON CITY            ,5/29/2016,S ,1206,1,CLIFTON PD               ,,0,1,0,0,I,B,N,N,1,2,NJ 3                                              ,E,3,,00000003__      ,,2,1,2,1,1,1,5,1,,,,,F,BLOOMFIELD AVE RAMP      ,EB,55,,,,N,NONE                                                                            ,7096,12:05,120-07448
2.02E+17,PASSAIC     ,CLIFTON CITY            ,2/5/2018,MO,2112,1,CLIFTON PD               ,,0,0,0,0,P,B,N,N,1,2,NJ 3                                              ,E,3,,00000003__      ,0.5,2,,2,1,6,1,1,1,,,,,F,GROVE ST                 ,WB,50,,40.86561,74.18252,N,,7232,21:10,120N07448
2.02E+17,PASSAIC     ,CLIFTON CITY            ,3/24/2017,FR,132,1,CLIFTON PD               ,,0,1,0,0,I,B,N,N,1,2,NJ 3                                              ,E,3,,00000003__      ,2.68,2,,2,1,6,1,1,1,200,FE,E,CR 622 / BLOOMFIELD AVE            ,,,,55,35,40.83933,74.159,N,GUARDRAIL                                                                       ,7245,1:30,120-07443
2015160215-20154               ,PASSAIC     ,CLIFTON CITY            ,5/6/2015,W ,1522,1,CLIFTON PD               ,PATROL         ,0,0,0,0,P,I,N,N,1,2,NJ 3                                              ,E,3,,00000003__      ,3.82,2,1,2,1,1,1,1,1,,AT,,CR 601 / MAIN AVE                  ,,,,55,25,,,N,,500,15:20,120-04740
2013160213-2663                ,PASSAIC     ,CLIFTON CITY            ,3/7/2013,TH,751,1,CLIFTON PD               ,,0,0,0,0,P,I,N,N,1,2,NJ 3                                              ,E,3,,00000003__      ,,2,1,2,1,1,1,1,1,,AT,,,T,ROUTE 21                 ,SB,55,,,,N,NONE                                                                            ,274,7:50,120-07448
2014160214-4946                ,PASSAIC     ,CLIFTON CITY            ,5/6/2014,TU,1642,1,CLIFTON PD               ,CLIFTON        ,0,0,0,0,P,B,N,N,1,2,NJ 3                                              ,E,3,,00000003__      ,,2,1,2,1,1,1,1,2,100,FE,E,,F,RT 21                    ,,55,,,,N,V#1'S TRAILOR HITCH AND REAR LIGHT AS WELL AS THE ELECTRICAL HOOK UP.           ,5008,16:40,120-07448
2013160213-2711                ,PASSAIC     ,CLIFTON CITY            ,3/8/2013,F ,905,1,CLIFTON PD               ,,0,0,0,0,P,B,N,N,1,3,NJ 3                                              ,E,3,,00000003__      ,2.62,2,1,2,3,1,3,1,1,100,FE,W,CR 622 / BLOOMFIELD AVE            ,,,,55,35,,,N,NONE                                                                            ,204,9:05,120-07443
2.02E+17,PASSAIC     ,CLIFTON CITY            ,2/6/2018,TU,644,1,CLIFTON PD               ,,0,0,0,0,P,B,N,N,1,2,NJ 3                                              ,E,3,,00000003__      ,2.65,2,,2,1,1,1,1,1,,,,,F,BLOOMFIELD AVE           ,SB,55,,40.83965,74.15971,N,,7247,6:45,120-07443
2013160213-2713                ,PASSAIC     ,CLIFTON CITY            ,3/8/2013,F ,932,1,CLIFTON PD               ,,0,0,0,0,P,B,N,N,1,2,NJ 3                                              ,E,3,,00000003__      ,1.22,2,2,2,3,1,3,1,1,200,FE,W,ROUTE 509 / BROAD ST               ,,,,55,35,,,N,NONE                                                                            ,5010,9:30,120N07447
2014160214-4977                ,PASSAIC     ,CLIFTON CITY            ,5/7/2014,W ,1407,1,CLIFTON PD               ,,0,0,0,0,P,B,N,N,1,2,NJ 3                                              ,E,3,,00000003__      ,,2,2,2,1,1,1,1,2,,,,,F,CR 601                   ,EB,55,,,,N,,260,14:05,120-07448
2015160215-209                 ,PASSAIC     ,CLIFTON CITY            ,1/2/2015,F ,1558,1,CLIFTON PD               ,PATROL CAR #7  ,0,0,0,0,P,B,N,N,1,2,NJ 3                                              ,E,3,,00000003__      ,,2,2,2,1,1,1,1,1,150,FE,W,,T,CR 601                   ,,55,,,,N,NONE                                                                            ,11502,16:00,120-07448
2.02E+17,PASSAIC     ,CLIFTON CITY            ,2/7/2018,WE,1557,1,CLIFTON PD               ,,0,0,0,0,P,B,N,N,2,2,NJ 3                                              ,E,3,,00000003__      ,0.19,2,,2,2,1,2,4,1,100,FE,E,US 46                              ,,,,55,55,40.86983,74.18636,N,,7268,15:55,120-07448
2014160214-4992                ,PASSAIC     ,CLIFTON CITY            ,5/7/2014,W ,2105,1,CLIFTON PD               ,,0,0,0,0,P,B,N,N,1,2,NJ 3                                              ,E,3,,00000003__      ,,2,2,2,1,6,1,1,2,,,,,F,ROUTE 21 NORTH           ,NB,55,,,,N,NONE                                                                            ,239,21:05,120-07448
2.02E+17,PASSAIC     ,CLIFTON CITY            ,3/27/2017,MO,908,1,CLIFTON PD               ,,0,0,0,0,P,B,N,N,1,2,NJ 3                                              ,E,3,,00000003__      ,1.44,2,,2,2,1,2,1,1,50,FE,E,GARDEN STATE PARKWAY               ,,,,55,55,,,N,,7135,9:10,120-07444
2.02E+17,PASSAIC     ,CLIFTON CITY            ,2/8/2018,TH,813,1,CLIFTON PD               ,,0,0,0,0,P,I,N,N,1,2,NJ 3                                              ,E,3,,00000003__      ,4.89,2,,1,1,1,1,1,1,,AT,,NJ 21                              ,,,,55,50,40.82331,74.12468,N,,7098,8:15,120-04738
2013160213-2825                ,PASSAIC     ,CLIFTON CITY            ,3/11/2013,M ,113,1,CLIFTON PD               ,,0,1,0,0,I,B,Y,N,11,1,NJ 3                                              ,E,3,,00000003__      ,,2,2,2,1,6,1,1,2,,,,,T,RT 21                    ,SB,55,,,,N,ABSORPTION BARRIER/GUARDRAIL                                                    ,10048,1:15,120-07448
2015160215-21236               ,PASSAIC     ,CLIFTON CITY            ,5/13/2015,W ,1116,1,CLIFTON PD               ,,0,1,0,0,I,B,N,N,2,2,NJ 3                                              ,E,3,,00000003__      ,3.87,2,1,2,1,1,1,1,1,250,FE,E,CR 601 / MAIN AVE                  ,,,,55,35,,,N,N.J TRANSIT BUS SHE?                                                            ,5006,11:15,120-04740
2013160213-2830                ,PASSAIC     ,CLIFTON CITY            ,3/11/2013,M ,646,1,CLIFTON PD               ,,0,0,0,0,P,I,N,N,1,2,NJ 3                                              ,E,3,,00000003__      ,4.89,2,3,1,1,2,1,1,2,,AT,,NJ 21                              ,,,,55,55,,,N,NONE.                                                                           ,7027,6:45,120-04738
2.02E+17,PASSAIC     ,CLIFTON CITY            ,6/5/2016,S ,2019,1,CLIFTON PD               ,,0,0,0,0,P,B,N,N,1,2,NJ 3                                              ,E,3,,00000003__      ,,2,4,2,2,6,2,1,1,500,FE,W,,T,GARDEN STATE PARKWAY     ,SB,55,,,,N,NONE                                                                            ,7205,20:20,120-07448
2.02E+17,PASSAIC     ,CLIFTON CITY            ,3/28/2017,TU,1117,1,CLIFTON PD               ,,0,0,0,0,P,B,N,N,11,1,NJ 3                                              ,E,3,,00000003__      ,2.62,2,,2,2,1,5,1,1,100,FE,W,CR 622 / BLOOMFIELD AVE            ,,,,50,35,40.84064,74.16044,N,MINOR DENTS ON GUARDRAIL.                                                       ,7155,11:15,120-07443
2013160213-2832                ,PASSAIC     ,CLIFTON CITY            ,3/11/2013,M ,646,1,CLIFTON PD               ,,0,0,0,0,P,I,N,N,1,2,NJ 3                                              ,E,3,,00000003__      ,4.89,2,3,1,1,2,1,1,2,,AT,,NJ 21                              ,,,,55,55,,,N,NONG                                                                            ,7027,6:45,120-04738
2.02E+17,PASSAIC     ,CLIFTON CITY            ,6/5/2016,S ,2345,1,CLIFTON PD               ,,0,0,0,0,P,B,N,N,11,1,NJ 3                                              ,E,3,,00000003__      ,,2,5,2,2,6,1,2,1,,,,,T,CR 622                   ,,55,,,,N,GUARDRAIL                                                                       ,7234,23:45,120-07448
2014160214-515                 ,PASSAIC     ,CLIFTON CITY            ,1/15/2014,W ,725,1,CLIFTON PD               ,,0,0,0,0,P,I,N,N,1,3,NJ 3                                              ,E,3,,00000003__      ,3.82,2,2,2,2,2,4,1,1,,AT,,CR 601 / MAIN AVE                  ,,,,55,35,40.83136,74.14205,N,,260,7:25,120-04740
2013160213-2878                ,PASSAIC     ,CLIFTON CITY            ,3/12/2013,TU,1001,1,CLIFTON PD               ,,0,0,0,0,P,B,N,N,11,1,NJ 3                                              ,E,3,,00000003__      ,3.88,2,1,2,2,1,2,1,2,300,FE,E,CR 601 / MAIN AVE                  ,,,,55,35,,,N,,260,10:00,120-04740
2015160215-21644               ,PASSAIC     ,CLIFTON CITY            ,5/15/2015,F ,1507,1,CLIFTON PD               ,POST 7         ,0,0,0,0,P,B,N,N,1,2,NJ 3                                              ,E,3,,00000003__      ,,2,2,2,1,1,1,1,2,,,,,T,MAIN AVE                 ,,55,,,,N,NONE                                                                            ,7030,15:05,120-07448
2015160215-21749               ,PASSAIC     ,CLIFTON CITY            ,5/16/2015,SA,733,1,CLIFTON PD               ,PATROL         ,0,1,0,0,I,I,N,N,1,2,NJ 3                                              ,E,3,,00000003__      ,0,2,4,2,1,1,1,1,1,,AT,,US 46                              ,,,,50,50,,,N,DAMAGE TO GUARDRAIL                                                             ,7032,7:35,120-07448
2.02E+17,PASSAIC     ,CLIFTON CITY            ,3/30/2017,TH,18,1,CLIFTON PD               ,,0,0,0,0,P,I,N,N,11,1,NJ 3                                              ,E,3,,00000003__      ,0,2,,2,1,6,1,3,1,,AT,,US 46                              ,,,,50,50,,,N,DAMAGE TO GUARDRAIL.                                                            ,7210,1:20,120-07448
2.02E+17,PASSAIC     ,CLIFTON CITY            ,6/8/2016,W ,817,1,CLIFTON PD               ,,0,0,0,0,P,B,N,N,2,3,NJ 3                                              ,E,3,,00000003__      ,,2,4,2,1,1,1,5,1,,,,,F,CR 623                   ,EB,65,,,,N,NONE                                                                            ,7131,8:15,120-07448
2.02E+17,PASSAIC     ,CLIFTON CITY            ,3/30/2017,TH,1902,1,CLIFTON PD               ,,0,1,0,0,I,B,N,N,1,2,NJ 3                                              ,E,3,,00000003__      ,0.01,2,,2,1,6,1,1,1,75,FE,E,US 46                              ,,,,55,55,40.87009,74.18816,N,,7166,19:00,120-07448
2015160215-218                 ,PASSAIC     ,CLIFTON CITY            ,1/12/2015,M ,1705,1,CLIFTON PD               ,PATROL CAR #7  ,0,1,0,0,I,B,N,N,1,2,NJ 3                                              ,E,3,,00000003__      ,3.8,2,2,0,1,3,1,1,1,100,FE,W,CR 601 / MAIN AVE                  ,,,,55,25,,,N,NONE                                                                            ,11570,17:05,120-04740
2014160214-5162                ,PASSAIC     ,CLIFTON CITY            ,5/12/2014,M ,116,1,CLIFTON PD               ,,0,0,0,0,P,B,N,N,11,1,NJ 3                                              ,E,3,,00000003__      ,,2,5,3,1,6,1,2,2,,,,,,,,33,,,,N,NONE                                                                            ,1028,1:15,120-07448
2.02E+17,PASSAIC     ,CLIFTON CITY            ,6/8/2016,W ,1248,1,CLIFTON PD               ,,0,0,0,0,P,B,N,N,99,1,NJ 3                                              ,E,3,,00000003__      ,,2,1,2,2,1,2,5,1,50,FE,W,,F,RT 509                   ,,65,,,,N,NONE                                                                            ,7131,12:50,120-07448
2.02E+17,PASSAIC     ,CLIFTON CITY            ,2/12/2018,MO,2338,1,CLIFTON PD               ,,0,0,0,0,P,B,N,N,11,1,NJ 3                                              ,E,3,,00000003__      ,,2,,2,1,6,1,4,1,,,,,T,VALLEY RD                ,EB,25,,40.86873,74.1852,N,PARTY STRUCK THE GUARDRAIL WHILE EXITING ON THE ROUTE 3 EAST OFF RAMP TOWARD VA?,7274,23:40,120-07448
2.02E+17,PASSAIC     ,CLIFTON CITY            ,3/30/2017,TH,2304,1,CLIFTON PD               ,,0,0,0,0,P,B,N,N,1,2,NJ 3                                              ,E,3,,00000003__      ,3.37,2,,2,2,6,1,1,1,250,FE,W,CR 603 / PASSAIC AVE               ,,,,55,30,40.83452,74.14897,N,,7207,23:05,120-07442