CRASH_ID,CTY_NAME,MUN_NAME,DATE,DAY,TIME,POL_CODE,POL_DEPT,POL_STA,KILLED,INJURED,PED_KILL,PED_INJ,SEVERITY,INTERSEC,ALCOHOL,HAZMAT,CRASH_TYPE,VEH_COUNT,LOCATION,LOC_DIR,ROUTE,RT_SFX,SRI,MP,RD_SYS,RD_CHAR,RD_SURF,SURF_COND,LIGHT,WEATHER,RD_DIV,RD_WRKZN,X_DIST,DIST_UNT,X_DIR,X_NAME,IS_RAMP,RAMP_RT,RAMP_DIR,SPD_LMT,SPD_X,LAT,LONG,CELL_USE,PROP_DMG,BADGE,TIME_ROUND,TMC
2014160214-5168                ,PASSAIC     ,CLIFTON CITY            ,5/12/2014,M ,706,1,CLIFTON PD               ,PATROL         ,0,0,0,0,P,B,N,N,2,2,NJ 3                                              ,E,3,,00000003__      ,,2,2,2,1,1,1,1,2,40,FE,W,,T,RT 21 SOUTH              ,,55,,,,N,NONE                                                                            ,10045,7:05,120-07448
2015160215-21886               ,PASSAIC     ,CLIFTON CITY            ,5/17/2015,S ,733,1,CLIFTON PD               ,,0,0,0,0,P,B,N,N,11,1,NJ 3                                              ,E,3,,00000003__      ,,2,5,2,2,1,1,1,1,,,,,F,RT 21                    ,NB,55,,,,N,,260,7:35,120-07448
2.02E+17,PASSAIC     ,CLIFTON CITY            ,3/31/2017,FR,1734,1,CLIFTON PD               ,,0,0,0,0,P,B,N,N,1,2,NJ 3                                              ,E,3,,00000003__      ,1.44,2,,2,2,1,2,1,1,10,FE,E,GARDEN STATE PARKWAY               ,,,,55,55,40.85491,74.17878,N,,7203,17:35,120-07444
2015160215-21901               ,PASSAIC     ,CLIFTON CITY            ,5/17/2015,S ,951,1,CLIFTON PD               ,,0,0,0,0,P,B,N,N,2,2,NJ 3                                              ,E,3,,00000003__      ,4.72,2,1,2,1,1,1,1,1,900,FE,W,NJ 21                              ,,,,55,55,,,N,,260,9:50,120-04738
2.02E+17,PASSAIC     ,CLIFTON CITY            ,4/1/2017,SA,830,1,CLIFTON PD               ,,0,0,0,0,P,B,N,N,1,2,NJ 3                                              ,E,3,,00000003__      ,,2,,2,1,1,5,2,1,,,,,F,ROUTE 21                 ,NB,35,,40.82393,74.12806,N,,7176,8:30,120-07448
2015160215-22005               ,PASSAIC     ,CLIFTON CITY            ,5/18/2015,M ,39,1,CLIFTON PD               ,,0,1,0,0,I,B,N,N,11,1,NJ 3                                              ,E,3,,00000003__      ,2.72,2,1,2,1,6,1,1,1,400,FE,E,CR 622 / BLOOMFIELD AVE            ,,,,55,25,,,N,GUARDRAIL                                                                       ,7028,3:40,120-07443
2.02E+17,PASSAIC     ,CLIFTON CITY            ,2/14/2018,WE,1816,1,CLIFTON PD               ,,0,0,0,0,P,B,N,N,1,2,NJ 3                                              ,E,3,,00000003__      ,4.33,2,,2,1,7,1,2,1,500,FE,W,CR 624 / OAK RD / RIVER RD         ,,,,55,25,,,N,,7201,18:15,120N04740
2013160213-3047                ,PASSAIC     ,CLIFTON CITY            ,3/16/2013,SA,336,1,CLIFTON PD               ,,0,0,0,0,P,I,N,N,11,1,NJ 3                                              ,E,3,,00000003__      ,,2,1,2,1,6,1,1,1,,AT,,,T,MAIN AVE                 ,,55,,,,N,NONE                                                                            ,10046,3:35,120-07448
2014160214-5216                ,PASSAIC     ,CLIFTON CITY            ,5/13/2014,TU,1204,1,CLIFTON PD               ,,0,0,0,0,P,B,N,N,15,2,NJ 3                                              ,E,3,,00000003__      ,3.78,2,2,2,1,1,1,1,2,200,FE,W,CR 601 / MAIN AVE                  ,,,,55,35,40.83166,74.14271,N,,260,12:05,120-04740
2013160213-3088                ,PASSAIC     ,CLIFTON CITY            ,3/17/2013,S ,310,1,CLIFTON PD               ,PATROL         ,0,1,0,0,I,B,N,N,6,2,NJ 3                                              ,E,3,,00000003__      ,,2,1,2,1,6,1,1,1,200,FE,,,F,PARKWAY                  ,,55,,,,N,NONE                                                                            ,6022,3:10,120-07448
2013160213-3107                ,PASSAIC     ,CLIFTON CITY            ,3/17/2013,S ,1642,1,CLIFTON PD               ,CLIFTON        ,0,0,0,0,P,I,N,N,1,2,NJ 3                                              ,E,3,,00000003__      ,4.89,2,1,2,1,1,1,1,2,,AT,,NJ 21                              ,,,,55,,,,N,NONE                                                                            ,5008,16:40,120-04738
2.02E+17,PASSAIC     ,CLIFTON CITY            ,4/3/2017,MO,724,1,CLIFTON PD               ,,0,0,0,0,P,B,N,N,99,1,NJ 3                                              ,E,3,,00000003__      ,4.89,2,,2,1,1,1,1,1,15,FE,W,,F,NJ 21                    ,SB,55,,40.8236,74.12577,N,,7204,7:25,120-04738
2.02E+17,PASSAIC     ,CLIFTON CITY            ,2/15/2018,TH,725,1,CLIFTON PD               ,,0,0,0,0,P,B,N,N,1,2,NJ 3                                              ,E,3,,00000003__      ,1.8,2,,2,2,1,5,5,1,100,FE,E,HEPBURN RD                         ,,,,55,25,40.84778,74.17126,N,,7131,7:25,120-07444
2014160214-5284                ,PASSAIC     ,CLIFTON CITY            ,5/15/2014,TH,1032,1,CLIFTON PD               ,CLIFTON        ,0,0,0,0,P,I,N,N,9,2,NJ 3                                              ,E,3,,00000003__      ,0.51,2,1,2,1,1,5,1,1,,AT,,CR 623 / GROVE ST                  ,,,,50,25,40.86533,74.18225,N,,187,10:30,120N07448
2013160213-3210                ,PASSAIC     ,CLIFTON CITY            ,3/20/2013,W ,856,1,CLIFTON PD               ,,0,0,0,0,P,B,N,N,15,2,NJ 3                                              ,E,3,,00000003__      ,3.88,2,1,2,1,1,1,1,2,300,FE,E,CR 601 / MAIN AVE                  ,,,,55,35,,,N,,260,8:55,120-04740
2015160215-22391               ,PASSAIC     ,CLIFTON CITY            ,5/20/2015,W ,751,1,CLIFTON PD               ,,0,1,0,0,I,I,N,N,1,3,NJ 3                                              ,E,3,,00000003__      ,4.89,2,2,2,1,1,1,1,1,,AT,,NJ 21                              ,,,,55,55,,,N,,260,7:50,120-04738
2.02E+17,PASSAIC     ,CLIFTON CITY            ,6/17/2016,F ,1852,1,CLIFTON PD               ,,0,1,0,0,I,B,N,N,1,2,NJ 3                                              ,E,3,,00000003__      ,,2,1,2,1,1,1,1,1,1400,FE,E,,T,BLOOMFIELD AVE           ,,55,,,,N,NONE                                                                            ,7213,18:50,120-07448
2.02E+17,PASSAIC     ,CLIFTON CITY            ,2/15/2018,TH,1035,1,CLIFTON PD               ,,0,2,0,0,I,B,N,N,4,3,NJ 3                                              ,E,3,,00000003__      ,0.51,2,,2,1,1,5,5,1,5,FE,E,CR 623 / GROVE ST                  ,,,,55,25,40.86568,74.18254,N,,,10:35,120N07448
2.02E+17,PASSAIC     ,CLIFTON CITY            ,2/15/2018,TH,1159,1,CLIFTON PD               ,,0,0,0,0,P,B,N,N,10,1,NJ 3                                              ,E,3,,00000003__      ,4.91,2,,2,1,1,1,1,1,110,FE,E,NJ 21                              ,,,,55,55,,,N,,7128,12:00,120-04738
2015160215-22614               ,PASSAIC     ,CLIFTON CITY            ,5/21/2015,TH,840,1,CLIFTON PD               ,,0,0,0,0,P,B,N,N,1,2,NJ 3                                              ,E,3,,00000003__      ,,2,1,2,1,1,5,1,1,,,,,F,GROVE STREET             ,,55,,,,N,NONE                                                                            ,528,8:40,120-07448
2014160214-5312                ,PASSAIC     ,CLIFTON CITY            ,5/15/2014,TH,2059,1,CLIFTON PD               ,CLIFTON        ,0,1,0,0,I,I,N,N,10,1,NJ 3                                              ,E,3,,00000003__      ,,2,4,2,1,6,1,1,2,,AT,,,T,MAIN AVENUE              ,,50,,,,N,,279,21:00,120-07448
2.02E+17,PASSAIC     ,CLIFTON CITY            ,6/22/2016,W ,1835,1,CLIFTON PD               ,,0,0,0,0,P,B,N,N,2,2,NJ 3                                              ,E,3,,00000003__      ,,2,1,2,1,1,1,1,1,500,FE,E,,F,BLOOMFIELD AVE           ,,,,,,N,NONE                                                                            ,7224,18:35,120-07448
2.02E+17,PASSAIC     ,CLIFTON CITY            ,6/24/2016,F ,928,1,CLIFTON PD               ,,0,0,0,0,P,B,N,N,1,2,NJ 3                                              ,E,3,,00000003__      ,3.46,2,2,2,1,1,1,1,1,200,FE,E,CR 603 / PASSAIC AVE               ,,,,55,35,,,N,NONE                                                                            ,7124,9:30,120N07442
2013160213-3249                ,PASSAIC     ,CLIFTON CITY            ,3/21/2013,TH,842,1,CLIFTON PD               ,,0,0,0,0,P,B,N,N,1,3,NJ 3                                              ,E,3,,00000003__      ,4.8,2,2,2,1,1,1,1,2,500,FE,W,NJ 21                              ,,,,55,55,,,N,,260,8:40,120-04738
2014160214-533                 ,PASSAIC     ,CLIFTON CITY            ,1/15/2014,W ,1025,1,CLIFTON PD               ,,0,0,0,0,P,B,N,N,3,2,NJ 3                                              ,E,3,,00000003__      ,,2,5,2,2,1,1,1,1,,FE,E,,T,PASSAIC COUNTY 622       ,EB,55,,,,N,,260,10:25,120-07448
2.02E+17,PASSAIC     ,CLIFTON CITY            ,6/25/2016,SA,1936,1,CLIFTON PD               ,,0,0,0,0,P,B,N,N,2,2,NJ 3                                              ,E,3,,00000003__      ,2.14,2,1,2,1,1,1,1,1,2640,FE,W,CR 622 / BLOOMFIELD AVE            ,,,,55,35,,,N,NONE                                                                            ,7166,19:35,120-07444
2.02E+17,PASSAIC     ,CLIFTON CITY            ,2/15/2018,TH,1749,1,CLIFTON PD               ,,0,1,0,0,I,B,N,N,1,2,NJ 3                                              ,E,3,,00000003__      ,2.14,2,,2,1,6,1,1,1,2640,FE,W,CR 622 / BLOOMFIELD AVE            ,,,,55,25,40.85081,74.17403,N,,7275,17:50,120-07444
2014160214-536                 ,PASSAIC     ,CLIFTON CITY            ,1/15/2014,W ,1129,1,CLIFTON PD               ,,0,0,0,0,P,B,N,N,2,2,NJ 3                                              ,E,3,,00000003__      ,4.8,2,1,2,1,1,1,1,2,500,FE,W,NJ 21                              ,,,,55,55,40.82401,74.12604,N,,260,11:30,120-04738
2013160213-3260                ,PASSAIC     ,CLIFTON CITY            ,3/20/2013,W ,1440,1,CLIFTON PD               ,,0,1,0,0,I,I,N,N,2,2,NJ 3                                              ,E,3,,00000003__      ,4.89,2,1,2,1,1,1,1,2,,AT,,NJ 21                              ,,,,45,55,,,N,NONE                                                                            ,23?  ,14:40,120-04738
2.02E+17,PASSAIC     ,CLIFTON CITY            ,2/15/2018,TH,2208,1,CLIFTON PD               ,,0,0,0,0,P,B,N,N,11,1,NJ 3                                              ,E,3,,00000003__      ,3.81,2,,2,2,6,2,1,1,,,,,F,MAIN AVE                 ,EB,55,,40.83072,74.14112,N,,7105,22:10,120-04740
2.02E+17,PASSAIC     ,CLIFTON CITY            ,6/27/2016,M ,1825,1,CLIFTON PD               ,,0,0,0,0,P,B,N,N,1,3,NJ 3                                              ,E,3,,00000003__      ,,2,2,2,2,1,2,1,1,300,FE,W,,T,PASSAIC AVE              ,,50,,,,N,NONE                                                                            ,7213,18:25,120-07448
2014160214-5497                ,PASSAIC     ,CLIFTON CITY            ,5/20/2014,TU,851,1,CLIFTON PD               ,CLIFTON        ,0,0,0,0,P,B,N,N,1,3,NJ 3                                              ,E,3,,00000003__      ,0.55,2,1,2,1,1,1,1,1,200,FE,E,CR 623 / GROVE ST                  ,,,,55,50,40.8648,74.18191,N,NONE                                                                            ,268,8:50,120N07448
2013160213-3329                ,PASSAIC     ,CLIFTON CITY            ,3/23/2013,SA,817,1,CLIFTON PD               ,,0,0,0,0,P,B,N,N,11,1,NJ 3                                              ,E,3,,00000003__      ,,2,5,2,1,1,1,1,2,,,,,T,PASSAIC COUNTY 622       ,,55,,,,N,20 OF GUIDERAIL LOCATED @ BLOOMFIELD AND RT 3 (DOT ADVISED)                     ,260,8:15,120-07448
2.02E+17,PASSAIC     ,CLIFTON CITY            ,2/16/2018,FR,2057,1,CLIFTON PD               ,,0,0,0,0,P,B,N,N,11,1,NJ 3                                              ,E,3,,00000003__      ,3.82,2,,2,1,6,1,1,1,,,,,T,CR 601                   ,EB,55,,40.83085,74.14146,N,GUARD RAIL FACE WAS DAMAGED.                                                    ,7105,20:55,120-04740
2014160214-5511                ,PASSAIC     ,CLIFTON CITY            ,5/20/2014,TU,1330,1,CLIFTON PD               ,,0,0,0,0,P,B,N,N,2,2,NJ 3                                              ,E,3,,00000003__      ,3.84,2,1,2,1,1,1,1,2,100,FE,E,CR 601 / MAIN AVE                  ,,,,35,35,40.83121,74.14172,N,NONE                                                                            ,277,13:30,120-04740
2015160215-23707               ,PASSAIC     ,CLIFTON CITY            ,5/27/2015,W ,1507,1,CLIFTON PD               ,,0,0,0,0,P,B,N,N,1,2,NJ 3                                              ,E,3,,00000003__      ,,2,4,2,1,1,1,4,1,10,FE,,,F,GROVE STREET             ,,55,,,,N,,14530,15:05,120-07448
2.02E+17,PASSAIC     ,CLIFTON CITY            ,2/17/2018,SA,1835,1,CLIFTON PD               ,,0,0,0,0,P,B,N,N,1,2,NJ 3                                              ,E,3,,00000003__      ,0.51,2,,2,3,6,3,1,1,,,,,F,GROVE ST                 ,NB,25,,40.86515,74.18185,N,,7256,18:35,120N07448
2.02E+17,PASSAIC     ,CLIFTON CITY            ,6/30/2016,TH,1815,1,CLIFTON PD               ,,0,1,0,0,I,B,N,N,1,2,NJ 3                                              ,E,3,,00000003__      ,2.5,2,2,2,1,1,1,1,1,750,FE,W,CR 622 / BLOOMFIELD AVE            ,,,,50,30,,,N,NONE                                                                            ,7187,18:15,120-07443
2.02E+17,PASSAIC     ,CLIFTON CITY            ,7/1/2016,F ,1108,1,CLIFTON PD               ,,0,4,0,0,I,B,N,N,1,2,NJ 3                                              ,E,3,,00000003__      ,3.91,2,1,2,1,1,1,1,1,500,FE,E,CR 601 / MAIN AVE                  ,,,,55,35,,,N,NONE                                                                            ,7124,11:10,120-04740
2.02E+17,PASSAIC     ,CLIFTON CITY            ,2/17/2018,SA,1932,1,CLIFTON PD               ,,0,0,0,0,P,B,N,N,1,2,NJ 3                                              ,E,3,,00000003__      ,,2,,2,3,6,3,1,1,,,,,F,BLOOMFIELD AVE           ,SB,55,,40.8398,74.16093,N,,7271,19:30,120-07448
2014160214-5570                ,PASSAIC     ,CLIFTON CITY            ,5/21/2014,W ,1630,1,CLIFTON PD               ,,0,0,0,0,P,I,N,N,1,2,NJ 3                                              ,E,3,,00000003__      ,2.64,2,1,2,1,1,1,1,1,,AT,,CR 622 / BLOOMFIELD AVE            ,,,,55,35,40.84038,74.16117,N,NONE                                                                            ,239,16:30,120-07443
2.02E+17,PASSAIC     ,CLIFTON CITY            ,2/18/2018,SU,233,1,CLIFTON PD               ,,0,1,0,0,I,B,N,N,1,2,NJ 3                                              ,E,3,,00000003__      ,2.66,2,,1,2,6,1,1,1,100,FE,E,CR 622 / BLOOMFIELD AVE            ,,,,55,,40.83976,74.1603,N,,7169,2:35,120-07443
2015160215-2439                ,PASSAIC     ,CLIFTON CITY            ,1/17/2015,SA,0,1,CLIFTON PD               ,CLIFTON        ,0,0,0,0,P,B,N,N,11,1,NJ 3                                              ,E,3,,00000003__      ,,2,2,2,1,6,1,1,1,50,FE,W,,T,RT 21                    ,NB,50,,,,N,,279,0:00,120-07448
2015160215-24499               ,PASSAIC     ,CLIFTON CITY            ,5/31/2015,S ,1859,1,CLIFTON PD               ,PATROL         ,2,0,0,0,F,B,N,N,11,1,NJ 3                                              ,E,3,,00000003__      ,2.39,2,2,2,2,1,2,1,1,1320,FE,W,CR 622 / BLOOMFIELD AVE            ,,,,55,35,,,N,BILLBOARD SIGN                                                                  ,6019,19:00,120-07443
2013160213-3468                ,PASSAIC     ,CLIFTON CITY            ,3/27/2013,W ,841,1,CLIFTON PD               ,,0,1,0,0,I,I,N,N,1,2,NJ 3                                              ,E,3,,00000003__      ,2.64,2,1,2,1,1,1,1,1,,AT,,CR 622 / BLOOMFIELD AVE            ,,,,55,25,,,N,NONE                                                                            ,231,8:40,120-07443
2.02E+17,PASSAIC     ,CLIFTON CITY            ,4/19/2017,WE,637,1,CLIFTON PD               ,,0,0,0,0,P,B,N,N,2,3,NJ 3                                              ,E,3,,00000003__      ,3.84,2,,2,1,1,1,1,1,100,FE,E,CR 601 / MAIN AVE                  ,,,,55,25,40.83096,74.14122,N,,,6:35,120-04740
2.02E+17,PASSAIC     ,CLIFTON CITY            ,2/19/2018,MO,45,1,CLIFTON PD               ,,0,0,0,0,P,B,N,N,2,2,NJ 3                                              ,E,3,,00000003__      ,4.88,2,,2,1,6,1,1,1,250,FE,W,,T,RT 21                    ,SB,55,,40.82873,74.13648,N,,7179,4:45,120-04738
2.02E+17,PASSAIC     ,CLIFTON CITY            ,7/1/2016,F ,2323,1,CLIFTON PD               ,,0,0,0,0,P,B,N,N,5,2,NJ 3                                              ,E,3,,00000003__      ,,2,2,2,2,6,1,4,1,,,,,T,PASSAIC COUNTY 601       ,WB,25,,,,N,NONE                                                                            ,7198,23:25,120-07448
2015160215-24531               ,PASSAIC     ,CLIFTON CITY            ,5/31/2015,S ,2335,1,CLIFTON PD               ,,0,0,0,0,P,I,N,N,11,1,NJ 3                                              ,E,3,,00000003__      ,0,2,4,2,2,6,2,1,1,,AT,W,US 46                              ,,,,55,60,,,N,NONE                                                                            ,504,23:35,120-07448
2.02E+17,PASSAIC     ,CLIFTON CITY            ,2/19/2018,MO,816,1,CLIFTON PD               ,,0,2,0,0,I,B,N,N,1,2,NJ 3                                              ,E,3,,00000003__      ,3.73,2,,2,1,1,1,1,1,500,FE,W,CR 601 / MAIN AVE                  ,,,,55,35,40.83314,74.14595,N,,7185,8:15,120-04740
2.02E+17,PASSAIC     ,CLIFTON CITY            ,2/19/2018,MO,1116,1,CLIFTON PD               ,,0,0,0,0,P,I,N,N,15,2,NJ 3                                              ,E,3,,00000003__      ,0,2,,2,1,1,5,1,1,,AT,,US 46                              ,,,,55,55,40.87061,74.18906,N,,7091,11:15,120-07448
2014160214-5609                ,PASSAIC     ,CLIFTON CITY            ,5/22/2014,TH,1424,1,CLIFTON PD               ,CLIFTON        ,0,1,0,0,I,I,N,N,1,2,NJ 3                                              ,E,3,,00000003__      ,4.89,2,1,2,2,1,5,1,2,,AT,,NJ 21                              ,,,,50,50,40.82333,74.12466,N,,187,14:25,120-04738
2013160213-350                 ,PASSAIC     ,CLIFTON CITY            ,1/10/2013,TH,1512,1,CLIFTON PD               ,CLIFTON        ,0,0,0,0,P,B,N,N,2,2,NJ 3                                              ,E,3,,00000003__      ,,2,1,2,1,1,1,1,1,300,FE,W,,T,NJ 21                    ,SB,55,,,,N,,279,15:10,120-07448
2015160215-24554               ,PASSAIC     ,CLIFTON CITY            ,6/1/2015,M ,605,1,CLIFTON PD               ,POST 7         ,0,0,0,0,P,I,N,N,11,1,NJ 3                                              ,E,3,,00000003__      ,,2,2,2,2,1,5,1,1,,AT,,,T,CR 601                   ,,50,,,,N,NONE                                                                            ,520,6:05,120-07448
2.02E+17,PASSAIC     ,CLIFTON CITY            ,7/3/2016,S ,1945,1,CLIFTON PD               ,,0,4,0,0,I,B,N,N,3,3,NJ 3                                              ,E,3,,00000003__      ,,2,1,2,1,1,1,1,1,1200,FE,E,,F,CR 622                   ,,55,,,,N,NONE                                                                            ,7213,19:45,120-07448
2.02E+17,PASSAIC     ,CLIFTON CITY            ,2/20/2018,TU,634,1,CLIFTON PD               ,,0,0,0,0,P,B,N,N,1,2,NJ 3                                              ,E,3,,00000003__      ,2.92,2,,2,1,1,5,1,1,2640,FE,W,CR 603 / PASSAIC AVE               ,,,,55,25,40.83526,74.1505,N,,7274,6:35,120-07443
2014160214-5653                ,PASSAIC     ,CLIFTON CITY            ,5/23/2014,F ,1654,1,CLIFTON PD               ,PATROL         ,0,2,0,0,I,B,N,N,1,2,NJ 3                                              ,E,3,,00000003__      ,,2,2,2,2,1,1,1,2,1000,FE,W,,T,NJ 21                    ,SB,45,,,,N,NONE                                                                            ,512,16:55,120-07448
2014160214-5658                ,PASSAIC     ,CLIFTON CITY            ,5/23/2014,F ,1821,1,CLIFTON PD               ,CLIFTON        ,0,0,0,0,P,B,N,N,2,2,NJ 3                                              ,E,3,,00000003__      ,,2,1,2,1,1,1,1,1,200,FE,E,,T,BROAD STREET             ,SB,55,,,,N,,12506,18:20,120-07448
2013160213-3581                ,PASSAIC     ,CLIFTON CITY            ,3/29/2013,F ,2110,1,CLIFTON PD               ,,0,3,0,0,I,I,N,N,1,2,NJ 3                                              ,E,3,,00000003__      ,,2,1,2,1,6,1,1,1,,AT,,,T,BLOOMFIELD AVE           ,,55,,,,N,,510,21:10,120-07448
2.02E+17,PASSAIC     ,CLIFTON CITY            ,2/21/2018,WE,1214,1,CLIFTON PD               ,,0,0,0,0,P,I,N,N,2,2,NJ 3                                              ,E,3,,00000003__      ,0.17,2,,2,1,1,1,2,1,,AT,,US 46                              ,,,,55,55,40.87068,74.18907,N,,7091,12:15,120-07448
2015160215-25231               ,PASSAIC     ,CLIFTON CITY            ,6/5/2015,F ,1135,1,CLIFTON PD               ,,0,0,0,0,P,B,N,N,2,2,NJ 3                                              ,E,3,,00000003__      ,,2,2,2,1,1,5,1,1,50,FE,S,,T,NJ 21                    ,SB,55,,,,N,NONE                                                                            ,7027,11:35,120-07448
2.02E+17,PASSAIC     ,CLIFTON CITY            ,4/25/2017,TU,1116,1,CLIFTON PD               ,,0,2,0,0,I,B,N,N,3,2,NJ 3                                              ,E,3,,00000003__      ,,2,,2,2,1,2,2,1,,,,,T,BLOOMFIELD AVE           ,NB,50,,40.8398,74.16093,N,DAMAGE TO GUARDRAIL FACE LOCATED ON THE ON RAMP TO RT. 3 EAST FROM BLOOMFIELD A?,7205,11:15,120-07448
2.02E+17,PASSAIC     ,CLIFTON CITY            ,2/23/2018,FR,114,1,CLIFTON PD               ,,0,1,0,0,I,B,N,N,2,2,NJ 3                                              ,E,3,,00000003__      ,3.36,2,,2,1,6,1,1,1,300,FE,W,CR 603 / PASSAIC AVE               ,,,,55,25,40.83485,74.14971,N,,7245,1:15,120-07442
2014160214-5774                ,PASSAIC     ,CLIFTON CITY            ,5/27/2014,TU,1009,1,CLIFTON PD               ,,0,3,0,0,I,I,N,N,1,3,NJ 3                                              ,E,3,,00000003__      ,3.82,2,2,2,1,1,1,1,2,,AT,,CR 601 / MAIN AVE                  ,,,,55,35,40.83136,74.14205,N,NONE                                                                            ,9041,10:10,120-04740
2.02E+17,PASSAIC     ,CLIFTON CITY            ,7/8/2016,F ,55,1,CLIFTON PD               ,,0,0,0,0,P,B,N,N,11,1,NJ 3                                              ,E,3,,00000003__      ,0.23,2,4,2,1,6,1,1,1,1500,FE,W,CR 623 / GROVE ST                  ,,,,55,35,,,N,NONE                                                                            ,7234,5:55,120-07448
2.02E+17,PASSAIC     ,CLIFTON CITY            ,4/26/2017,WE,956,1,CLIFTON PD               ,,0,0,0,0,P,B,N,N,1,2,NJ 3                                              ,E,3,,00000003__      ,1.31,2,,2,2,1,2,1,1,250,FE,E,ROUTE 509 / BROAD ST               ,,,,55,35,40.85491,74.17878,N,,7135,9:55,120-07446
2014160214-5787                ,PASSAIC     ,CLIFTON CITY            ,5/27/2014,TU,1551,1,CLIFTON PD               ,PATROL         ,0,1,0,0,I,B,N,N,1,2,NJ 3                                              ,E,3,,00000003__      ,,2,2,2,1,1,1,1,2,25,FE,E,,T,ROUTE 21                 ,SB,45,,,,N,NONE                                                                            ,512,15:50,120-07448
2013160213-3709                ,PASSAIC     ,CLIFTON CITY            ,4/2/2013,TU,1300,1,CLIFTON PD               ,,0,1,0,0,I,B,N,N,1,2,NJ 3                                              ,E,3,,00000003__      ,3.85,2,1,2,1,1,1,1,2,150,FE,E,CR 601 / MAIN AVE                  ,,,,55,35,,,N,NONE                                                                            ,277,13:00,120-04740
2.02E+17,PASSAIC     ,CLIFTON CITY            ,4/27/2017,TH,713,1,CLIFTON PD               ,,0,1,0,0,I,B,N,N,1,2,NJ 3                                              ,E,3,,00000003__      ,4.01,2,,2,2,1,5,5,1,1000,FE,E,CR 601 / MAIN AVE                  ,,,,55,35,40.83085,74.14146,N,,7118,7:15,120N04740
2014160214-5811                ,PASSAIC     ,CLIFTON CITY            ,5/28/2014,W ,213,1,CLIFTON PD               ,PATROL         ,0,0,0,0,P,I,N,N,2,2,NJ 3                                              ,E,3,,00000003__      ,,2,1,2,1,6,1,1,1,,AT,,,T,PASSAIC COUNTY 622       ,,55,,,,N,NONE                                                                            ,3020,2:15,120-07448
2015160215-25837               ,PASSAIC     ,CLIFTON CITY            ,6/9/2015,TU,837,1,CLIFTON PD               ,CLIFTON        ,0,0,0,0,P,B,N,N,1,2,NJ 3                                              ,E,3,,00000003__      ,,2,1,2,1,1,1,1,1,,,,,F,GROVE ST                 ,,55,,,,N,NONE                                                                            ,266,8:35,120-07448
2014160214-5816                ,PASSAIC     ,CLIFTON CITY            ,5/28/2014,W ,931,1,CLIFTON PD               ,,0,0,0,0,P,B,N,N,1,2,NJ 3                                              ,E,3,,00000003__      ,2.72,2,1,2,1,1,1,1,1,400,FE,E,CR 622 / BLOOMFIELD AVE            ,,,,55,55,40.83976,74.15988,N,,260,9:30,120-07443
2.02E+17,PASSAIC     ,CLIFTON CITY            ,7/10/2016,S ,318,1,CLIFTON PD               ,,0,1,0,0,I,B,N,N,1,2,NJ 3                                              ,E,3,,00000003__      ,1.07,2,1,2,2,6,1,1,1,1000,FE,W,ROUTE 509 / BROAD ST               ,,,,55,30,,,N,NONE                                                                            ,7169,3:20,120-07447
2.02E+17,PASSAIC     ,CLIFTON CITY            ,2/23/2018,FR,2007,1,CLIFTON PD               ,,0,0,0,0,P,B,N,N,11,1,NJ 3                                              ,E,3,,00000003__      ,3.82,2,,2,2,6,1,1,1,,,,,T,MAIN AVE                 ,EB,55,,40.83085,74.14146,N,,7105,20:05,120-04740
2.02E+17,PASSAIC     ,CLIFTON CITY            ,4/27/2017,TH,1140,1,CLIFTON PD               ,,0,0,0,0,P,B,N,N,2,2,NJ 3                                              ,E,3,,00000003__      ,4.7,2,,2,1,1,1,1,1,500,FE,W,,T,NJ 21                    ,NB,50,,,,N,,7179,11:40,120N04739
2013160213-3769                ,PASSAIC     ,CLIFTON CITY            ,4/3/2013,W ,1618,1,CLIFTON PD               ,CLIFTON        ,0,0,0,0,P,B,N,N,3,2,NJ 3                                              ,E,3,,00000003__      ,,2,2,2,1,1,1,1,2,200,FE,W,,T,RT 21                    ,SB,50,,,,N,,279,16:20,120-07448
2013160213-3776                ,PASSAIC     ,CLIFTON CITY            ,4/3/2013,W ,1852,1,CLIFTON PD               ,PATROL         ,0,0,0,0,P,I,N,N,2,2,NJ 3                                              ,E,3,,00000003__      ,4.89,2,5,2,1,1,1,2,2,,AT,W,NJ 21                              ,,,,20,50,,,N,NONE                                                                            ,6019,18:50,120-04738