CRASH_ID,CTY_NAME,MUN_NAME,DATE,DAY,TIME,POL_CODE,POL_DEPT,POL_STA,KILLED,INJURED,PED_KILL,PED_INJ,SEVERITY,INTERSEC,ALCOHOL,HAZMAT,CRASH_TYPE,VEH_COUNT,LOCATION,LOC_DIR,ROUTE,RT_SFX,SRI,MP,RD_SYS,RD_CHAR,RD_SURF,SURF_COND,LIGHT,WEATHER,RD_DIV,RD_WRKZN,X_DIST,DIST_UNT,X_DIR,X_NAME,IS_RAMP,RAMP_RT,RAMP_DIR,SPD_LMT,SPD_X,LAT,LONG,CELL_USE,PROP_DMG,BADGE,TIME_ROUND,TMC
2015160215-26223               ,PASSAIC     ,CLIFTON CITY            ,6/11/2015,TH,1013,1,CLIFTON PD               ,,0,0,0,0,P,I,N,N,11,1,NJ 3                                              ,E,3,,00000003__      ,1.26,2,5,2,1,1,1,3,1,,AT,,ROUTE 509 / BROAD ST               ,,,,55,,,,N,NJ TRANSIT BUS STOP SIGN                                                        ,7027,10:15,120N07447
2013160213-3891                ,PASSAIC     ,CLIFTON CITY            ,4/6/2013,SA,2041,1,CLIFTON PD               ,CLIFTON        ,0,0,0,0,P,B,N,N,1,2,NJ 3                                              ,E,3,,00000003__      ,,2,1,2,1,5,1,1,2,,,,,F,RT 21                    ,SB,55,,,,N,,5008,20:40,120-07448
2.02E+17,PASSAIC     ,CLIFTON CITY            ,2/24/2018,SA,1138,1,CLIFTON PD               ,,0,0,0,0,P,B,N,N,1,2,NJ 3                                              ,E,3,,00000003__      ,,2,,2,1,1,1,5,1,,,,,F,CR 622                   ,,55,,40.8398,74.16093,N,,7118,11:40,120-07448
2.02E+17,PASSAIC     ,CLIFTON CITY            ,2/24/2018,SA,1929,1,CLIFTON PD               ,,0,0,0,0,P,B,N,N,11,1,NJ 3                                              ,E,3,,00000003__      ,2.14,2,,2,2,5,5,1,1,2640,FE,W,CR 622 / BLOOMFIELD AVE            ,,,,55,25,40.83976,74.1603,N,,7254,19:30,120-07444
2013160213-3922                ,PASSAIC     ,CLIFTON CITY            ,4/7/2013,S ,1818,1,CLIFTON PD               ,,0,0,0,0,P,I,N,N,2,2,NJ 3                                              ,E,3,,00000003__      ,,2,5,2,1,1,1,4,1,,AT,,,F,RT. 21                   ,NB,35,,,,N,,510,18:20,120-07448
2.02E+17,PASSAIC     ,CLIFTON CITY            ,4/28/2017,FR,2137,1,CLIFTON PD               ,,0,1,0,0,I,B,N,N,1,2,NJ 3                                              ,E,3,,00000003__      ,,2,,2,1,6,1,1,1,20,FE,,,F,PASSAIC AVE              ,SB,55,,40.83379,74.14751,N,,548,21:35,120-07448
2013160213-3945                ,PASSAIC     ,CLIFTON CITY            ,4/8/2013,M ,854,1,CLIFTON PD               ,CLIFTON PD     ,0,0,0,0,P,B,N,N,1,2,NJ 3                                              ,E,3,,00000003__      ,0.66,2,1,2,1,1,1,5,1,800,FE,E,CR 623 / GROVE ST                  ,,,,50,25,,,N,,*****,8:55,120N07448
2.02E+17,PASSAIC     ,CLIFTON CITY            ,4/30/2017,SU,1956,1,CLIFTON PD               ,,0,2,0,0,I,B,N,N,11,1,NJ 3                                              ,E,3,,00000003__      ,3.25,2,,2,1,5,1,1,1,900,FE,W,CR 603 / PASSAIC AVE               ,,,,55,35,40.83502,74.14999,N,SCRATCHES TO THE CONCRETE BARRIER                                               ,7153,19:55,120-07442
2.02E+17,PASSAIC     ,CLIFTON CITY            ,7/12/2016,TU,911,1,CLIFTON PD               ,,0,1,0,0,I,B,N,N,2,2,NJ 3                                              ,E,3,,00000003__      ,3.86,2,1,2,1,1,1,1,1,200,FE,E,CR 601 / MAIN AVE                  ,,,,55,35,,,N,NONE                                                                            ,7124,9:10,120-04740
2014160214-5994                ,PASSAIC     ,CLIFTON CITY            ,6/1/2014,S ,1819,1,CLIFTON PD               ,,0,0,0,0,P,B,N,N,1,2,NJ 3                                              ,E,3,,00000003__      ,,2,4,2,1,1,1,5,1,,,,,T,GROVE ST                 ,,55,,,,N,NONE                                                                            ,254,18:20,120-07448
2015160215-26707               ,PASSAIC     ,CLIFTON CITY            ,6/14/2015,S ,15,1,CLIFTON PD               ,,0,1,0,0,I,B,N,N,11,1,NJ 3                                              ,E,3,,00000003__      ,3.38,2,2,2,1,5,1,1,1,200,FE,W,CR 603 / PASSAIC AVE               ,,,,55,25,,,N,GUARD RAIL                                                                      ,7028,1:15,120-07442
2.02E+17,PASSAIC     ,CLIFTON CITY            ,7/14/2016,TH,1706,1,CLIFTON PD               ,,0,0,0,0,P,I,N,N,1,2,NJ 3                                              ,E,3,,00000003__      ,,2,1,2,2,1,1,1,1,,AT,,,T,CR 623                   ,NB,55,,,,N,NONE                                                                            ,7107,17:05,120-07448
2013160213-4067                ,PASSAIC     ,CLIFTON CITY            ,4/10/2013,W ,1918,1,CLIFTON PD               ,POST 5         ,0,0,0,0,P,I,N,N,1,2,NJ 3                                              ,E,3,,00000003__      ,,2,5,2,2,7,2,1,1,,AT,,,T,GROVE ST                 ,SB,,,,,N,NONE                                                                            ,7030,19:20,120-07448
2013160213-4103                ,PASSAIC     ,CLIFTON CITY            ,4/11/2013,TH,1714,1,CLIFTON PD               ,CLIFTON        ,0,0,0,0,P,I,N,N,1,2,NJ 3                                              ,E,3,,00000003__      ,,2,5,2,5,1,5,1,2,,AT,,,F,NJ 21                    ,,45,,,,N,NONE                                                                            ,12513,17:15,120-07448
2.02E+17,PASSAIC     ,CLIFTON CITY            ,7/16/2016,SA,1301,1,CLIFTON PD               ,,0,0,0,0,P,B,N,N,2,2,NJ 3                                              ,E,3,,00000003__      ,,2,1,2,1,1,1,5,1,20,FE,E,,F,GARDEN STATE PARKWAY     ,,55,,,,N,NONE                                                                            ,7131,13:00,120-07448
2.02E+17,PASSAIC     ,CLIFTON CITY            ,2/27/2018,TU,1648,1,CLIFTON PD               ,,0,1,0,0,I,B,N,N,1,2,NJ 3                                              ,E,3,,00000003__      ,2.66,2,,2,1,1,1,1,1,100,FE,E,CR 622 / BLOOMFIELD AVE            ,,,,55,35,40.83919,74.15868,N,,7232,16:50,120-07443
2014160214-6112                ,PASSAIC     ,CLIFTON CITY            ,6/5/2014,TH,24,1,CLIFTON PD               ,CLIFTON PD     ,0,0,0,0,P,B,N,N,12,1,NJ 3                                              ,E,3,,00000003__      ,1.44,2,2,2,1,6,1,1,1,200,FE,W,G.S.P. SOUTH RAMP                  ,,,,50,55,,,N,NONE                                                                            ,284,2:25,120-07444
2.02E+17,PASSAIC     ,CLIFTON CITY            ,2/27/2018,TU,1750,1,CLIFTON PD               ,,0,0,0,0,P,B,N,N,1,2,NJ 3                                              ,E,3,,00000003__      ,2.92,2,,2,1,1,1,1,1,2640,FE,W,CR 603 / PASSAIC AVE               ,,,,55,35,40.83385,74.14788,N,,7238,17:50,120-07443
2015160215-27178               ,PASSAIC     ,CLIFTON CITY            ,6/16/2015,TU,2322,1,CLIFTON PD               ,,0,0,0,0,P,B,N,N,11,1,NJ 3                                              ,E,3,,00000003__      ,,2,5,2,1,6,1,2,1,,,,,F,ROUTE 21                 ,NB,25,,,,N,NONE                                                                            ,7028,23:20,120-07448
2.02E+17,PASSAIC     ,CLIFTON CITY            ,2/27/2018,TU,1835,1,CLIFTON PD               ,,0,0,0,0,P,B,N,N,1,3,NJ 3                                              ,E,3,,00000003__      ,1.77,2,,2,1,6,1,1,1,50,FE,W,HEPBURN RD                         ,,,,55,35,40.8498,74.17323,N,,,18:35,120-07444
2014160214-6118                ,PASSAIC     ,CLIFTON CITY            ,6/5/2014,TH,854,1,CLIFTON PD               ,,0,0,0,0,P,B,N,N,1,3,NJ 3                                              ,E,3,,00000003__      ,3.8,2,2,2,2,1,2,1,2,100,FE,W,CR 601 / MAIN AVE                  ,,,,55,35,40.83151,74.14237,N,,260,8:55,120-04740
2.02E+17,PASSAIC     ,CLIFTON CITY            ,2/28/2018,WE,1838,1,CLIFTON PD               ,,0,0,0,0,P,B,N,N,11,1,NJ 3                                              ,E,3,,00000003__      ,3.73,2,,2,1,4,1,1,1,500,FE,W,CR 601 / MAIN AVE                  ,,,,50,35,40.83193,74.14329,N,,7226,18:40,120-04740
2015160215-27326               ,PASSAIC     ,CLIFTON CITY            ,6/17/2015,W ,2028,1,CLIFTON PD               ,CLIFTON        ,0,2,0,0,I,B,N,N,2,2,NJ 3                                              ,E,3,,00000003__      ,,2,2,2,1,5,1,1,1,660,FE,E,,,PASSAIC COUNTY 622       ,,55,,,,N,NONE                                                                            ,5008,20:30,120-07448
2.02E+17,PASSAIC     ,CLIFTON CITY            ,3/1/2018,TH,545,1,CLIFTON PD               ,,0,1,0,0,I,B,N,N,1,2,NJ 3                                              ,E,3,,00000003__      ,2.83,2,,2,1,5,1,1,1,1000,FE,E,CR 622 / BLOOMFIELD AVE            ,,,,50,,40.83927,74.15887,N,,7199,5:45,120-07443
2.02E+17,PASSAIC     ,CLIFTON CITY            ,7/20/2016,W ,1511,1,CLIFTON PD               ,,0,0,0,0,P,B,N,N,1,2,NJ 3                                              ,E,3,,00000003__      ,3.88,2,1,2,1,1,1,5,1,300,FE,E,CR 601 / MAIN AVE                  ,,,,55,30,,,N,NONE                                                                            ,7201,15:10,120-04740
2013160213-4201                ,PASSAIC     ,CLIFTON CITY            ,4/14/2013,S ,921,1,CLIFTON PD               ,,0,0,0,0,P,B,N,N,1,2,NJ 3                                              ,E,3,,00000003__      ,,2,1,2,1,1,1,1,2,,,,,F,RT 2?                    ,EB,55,,,,N,,260,9:20,120-07448
2013160213-4210                ,PASSAIC     ,CLIFTON CITY            ,4/14/2013,S ,1435,1,CLIFTON PD               ,CLIFTON PD     ,0,0,0,0,P,I,N,N,11,1,NJ 3                                              ,E,3,,00000003__      ,2.64,2,1,2,1,1,1,5,1,,AT,E,CR 622 / BLOOMFIELD AVE            ,,,,55,25,,,N,(YES) RT 3 W GUARD RAIL FENCE - 852 RT 3 WEST                                   ,,14:35,120-07443
2.02E+17,PASSAIC     ,CLIFTON CITY            ,3/2/2018,FR,1915,1,CLIFTON PD               ,,0,0,0,0,P,B,N,N,1,4,NJ 3                                              ,E,3,,00000003__      ,2.73,2,,2,2,6,3,1,1,500,FE,E,CR 622 / BLOOMFIELD AVE            ,,,,55,35,40.83882,74.15782,N,,,19:15,120-07443
2015160215-2753                ,PASSAIC     ,CLIFTON CITY            ,1/19/2015,M ,1559,1,CLIFTON PD               ,,0,0,0,0,P,B,N,N,1,2,NJ 3                                              ,E,3,,00000003__      ,,2,1,2,1,1,1,1,1,50,FE,W,,T,CR 622                   ,,55,,,,N,NONE                                                                            ,527,16:00,120-07448
2013160213-4314                ,PASSAIC     ,CLIFTON CITY            ,4/17/2013,W ,811,1,CLIFTON PD               ,CLIFTON        ,0,0,0,0,P,B,N,N,1,2,NJ 3                                              ,E,3,,00000003__      ,2.58,2,1,2,1,1,1,5,1,300,FE,W,CR 622 / BLOOMFIELD AVE            ,,,,55,,,,N,SEE INC REPORT- SAME #                                                          ,269,8:10,120-07443
2013160213-4315                ,PASSAIC     ,CLIFTON CITY            ,4/17/2013,W ,830,1,CLIFTON PD               ,,0,0,0,0,P,B,N,N,2,2,NJ 3                                              ,E,3,,00000003__      ,2.62,2,2,2,1,1,1,1,1,100,FE,W,CR 622 / BLOOMFIELD AVE            ,,,,55,55,,,N,NONE                                                                            ,5010,8:30,120-07443
2013160213-4356                ,PASSAIC     ,CLIFTON CITY            ,4/18/2013,TH,819,1,CLIFTON PD               ,,0,0,0,0,P,B,N,N,1,2,NJ 3                                              ,E,3,,00000003__      ,4.81,2,1,2,1,1,1,1,2,400,FE,W,NJ 21                              ,,,,55,55,,,N,,260,8:20,120-04738
2014160214-6368                ,PASSAIC     ,CLIFTON CITY            ,6/12/2014,TH,712,1,CLIFTON PD               ,CLIFTON        ,0,0,0,0,P,B,N,N,1,3,NJ 3                                              ,E,3,,00000003__      ,,2,1,2,2,1,2,1,1,500,FE,W,,,CR 603                   ,,5,,,,N,NONE                                                                            ,8675,7:10,120-07448
2014160214-6375                ,PASSAIC     ,CLIFTON CITY            ,6/12/2014,TH,835,1,CLIFTON PD               ,,0,0,0,0,P,B,N,N,2,2,NJ 3                                              ,E,3,,00000003__      ,2.65,2,1,2,2,1,5,1,1,40,FE,E,CR 622 / BLOOMFIELD AVE            ,,,,55,35,40.8403,74.16101,N,,,8:35,120-07443
2.02E+17,PASSAIC     ,CLIFTON CITY            ,7/26/2016,TU,1232,1,CLIFTON PD               ,,0,0,0,0,P,B,N,N,1,2,NJ 3                                              ,E,3,,00000003__      ,,2,1,2,1,1,1,5,1,150,FE,E,,F,PASSIAC COUNTY 601       ,EB,55,,,,N,NONE                                                                            ,7167,12:30,120-07448
2.02E+17,PASSAIC     ,CLIFTON CITY            ,3/6/2018,TU,941,1,CLIFTON PD               ,,0,0,0,0,P,B,N,N,1,2,NJ 3                                              ,E,3,,00000003__      ,2.55,2,,2,1,1,1,1,1,500,FE,W,CR 622 / BLOOMFIELD AVE            ,,,,55,25,40.83894,74.15814,N,,7185,9:40,120-07443
2014160214-6382                ,PASSAIC     ,CLIFTON CITY            ,6/12/2014,TH,1112,1,CLIFTON PD               ,,0,0,0,0,P,B,N,N,1,2,NJ 3                                              ,E,3,,00000003__      ,3.86,2,2,2,2,1,5,1,1,200,FE,E,CR 601 / MAIN AVE                  ,,,,55,35,40.83107,74.14141,N,,260,11:10,120-04740
2015160215-29678               ,PASSAIC     ,CLIFTON CITY            ,7/1/2015,W ,955,1,CLIFTON PD               ,,1,0,0,0,F,B,N,N,11,1,NJ 3                                              ,E,3,,00000003__      ,3.31,2,1,2,1,1,1,1,1,600,FE,W,CR 603 / PASSAIC AVE               ,,,,55,35,,,N,UTILITY POLE/PSEG ?/ POLE # PS6439                                              ,260,9:55,120-07442
2.02E+17,PASSAIC     ,CLIFTON CITY            ,5/7/2017,SU,1500,1,CLIFTON PD               ,,0,0,0,0,P,B,N,N,2,2,NJ 3                                              ,E,3,,00000003__      ,4.64,2,,2,2,1,2,1,1,1320,FE,W,NJ 21                              ,,,,55,55,40.82794,74.13471,N,,7153,15:00,120N04739
2.02E+17,PASSAIC     ,CLIFTON CITY            ,3/9/2018,FR,633,1,CLIFTON PD               ,,0,1,0,0,I,B,N,N,1,2,NJ 3                                              ,E,3,,00000003__      ,3.9,2,,2,1,1,1,4,1,,,,,T,PASSAIC COUNTY 601       ,EB,55,,40.83086,74.14225,N,,,6:35,120-04740
2014160214-6435                ,PASSAIC     ,CLIFTON CITY            ,6/13/2014,F ,2020,1,CLIFTON PD               ,,0,0,0,0,P,B,N,N,11,1,NJ 3                                              ,E,3,,00000003__      ,,2,1,2,2,3,1,1,1,300,FE,,,F,PARKWAY ENT.             ,,55,,,,N,NONE                                                                            ,239,20:20,120-07448
2015160215-29841               ,PASSAIC     ,CLIFTON CITY            ,7/2/2015,TH,1149,1,CLIFTON PD               ,,0,0,0,0,P,B,N,N,11,1,NJ 3                                              ,E,3,,00000003__      ,,2,5,2,1,1,1,1,1,,,,,F,NJ 21                    ,,55,,,,N,,260,11:50,120-07448
2.02E+17,PASSAIC     ,CLIFTON CITY            ,3/9/2018,FR,1743,1,CLIFTON PD               ,,0,1,0,0,I,B,N,N,9,2,NJ 3                                              ,E,3,,00000003__      ,2.91,2,,2,1,6,1,1,1,2700,FE,W,CR 603 / PASSAIC AVE               ,,,,55,35,40.83385,74.14788,N,,7105,17:45,120-07443
2013160213-4484                ,PASSAIC     ,CLIFTON CITY            ,4/22/2013,M ,708,1,CLIFTON PD               ,,0,0,0,0,P,B,N,N,2,2,NJ 3                                              ,E,3,,00000003__      ,3.42,2,2,2,1,1,1,1,1,200,FE,,CR 603 / PASSAIC AVE               ,,,,55,35,,,N,,260,7:10,120-07442
2014160214-6487                ,PASSAIC     ,CLIFTON CITY            ,6/15/2014,S ,715,1,CLIFTON PD               ,,0,0,0,0,P,I,N,N,1,2,NJ 3                                              ,E,3,,00000003__      ,,2,1,2,1,1,1,1,2,,AT,S,,F,RT 21                    ,EB,55,,,,N,,260,7:15,120-07448
2.02E+17,PASSAIC     ,CLIFTON CITY            ,7/30/2016,SA,1555,1,CLIFTON PD               ,,0,0,0,0,P,B,N,N,1,2,NJ 3                                              ,E,3,,00000003__      ,,2,2,2,2,1,2,1,1,100,FE,W,,T,MAIN AVE                 ,NB,55,,,,N,NONE                                                                            ,7153,15:55,120-07448
2.02E+17,PASSAIC     ,CLIFTON CITY            ,7/31/2016,S ,110,1,CLIFTON PD               ,,0,0,0,0,P,B,N,N,11,1,NJ 3                                              ,E,3,,00000003__      ,3.84,2,2,2,2,6,2,1,1,100,FE,E,CR 601 / MAIN AVE                  ,,,,55,25,,,N,NONE                                                                            ,7169,1:10,120-04740
2014160214-6526                ,PASSAIC     ,CLIFTON CITY            ,6/16/2014,M ,309,1,CLIFTON PD               ,CLIFTON PD     ,0,1,0,0,I,B,N,N,1,2,NJ 3                                              ,E,3,,00000003__      ,1.53,2,1,2,1,1,1,5,1,,FE,E,PARKWAY NORTH                      ,,,,30,35,,,N,NONE                                                                            ,,3:10,120-07444
2013160213-4569                ,PASSAIC     ,CLIFTON CITY            ,4/24/2013,W ,940,1,CLIFTON PD               ,CLIFTON        ,0,1,0,0,I,B,N,N,15,3,NJ 3                                              ,E,3,,00000003__      ,2.6,2,1,2,1,1,1,1,1,200,FE,W,CR 622 / BLOOMFIELD AVE            ,,,,55,,,,N,NONE                                                                            ,269,9:40,120-07443
2014160214-6565                ,PASSAIC     ,CLIFTON CITY            ,6/17/2014,TU,807,1,CLIFTON PD               ,CLIFTON        ,0,0,0,0,P,B,N,N,1,3,NJ 3                                              ,E,3,,00000003__      ,,2,1,2,1,1,1,5,1,1000,FE,,,F,GSP                      ,NB,55,,,,N,,269,8:05,120-07448
2.02E+17,PASSAIC     ,CLIFTON CITY            ,5/9/2017,TU,1825,1,CLIFTON PD               ,,0,0,0,0,P,B,N,N,1,2,NJ 3                                              ,E,3,,00000003__      ,,2,,2,1,1,1,3,1,,,,,F,CR 623                   ,,25,,40.86568,74.18272,N,,549,18:25,120-07448
2.02E+17,PASSAIC     ,CLIFTON CITY            ,3/11/2018,SU,1318,1,CLIFTON PD               ,,0,0,0,0,P,B,N,N,1,2,NJ 3                                              ,E,3,,00000003__      ,3.87,2,,2,1,1,1,1,1,250,FE,E,CR 601 / MAIN AVE                  ,,,,55,35,40.82993,74.13906,N,,7099,13:20,120-04740
2014160214-6566                ,PASSAIC     ,CLIFTON CITY            ,6/17/2014,TU,527,1,CLIFTON PD               ,CLIFTON PD     ,0,1,0,0,I,B,N,N,1,2,NJ 3                                              ,E,3,,00000003__      ,1.53,2,1,2,1,1,1,5,1,500,FE,E,PARKWAY NORTH                      ,,,,50,35,,,N,NONE                                                                            ,,5:25,120-07444
2.02E+17,PASSAIC     ,CLIFTON CITY            ,8/3/2016,W ,1720,1,CLIFTON PD               ,,0,0,0,0,P,B,N,N,1,2,NJ 3                                              ,E,3,,00000003__      ,,2,1,2,1,1,1,1,1,100,FE,W,,T,BLOOMFIELD AVE           ,WB,55,,,,N,NONE                                                                            ,7205,17:20,120-07448
2013160213-4638                ,PASSAIC     ,CLIFTON CITY            ,4/25/2013,TH,1816,1,CLIFTON PD               ,PATROL         ,0,0,0,0,P,I,N,N,1,2,NJ 3                                              ,E,3,,00000003__      ,3.42,2,3,2,1,1,1,1,1,,AT,N,CR 603 / PASSAIC AVE               ,,,,55,35,,,N,NONE                                                                            ,6019,18:15,120-07442
2014160214-6611                ,PASSAIC     ,CLIFTON CITY            ,6/18/2014,W ,728,1,CLIFTON PD               ,CLIFTON        ,0,0,0,0,P,B,N,N,11,1,NJ 3                                              ,E,3,,00000003__      ,3.91,2,1,1,1,1,1,1,1,500,FE,E,CR 601 / MAIN AVE                  ,,,,55,,40.83067,74.14056,N,NONE                                                                            ,8039,7:30,120-04740
2.02E+17,PASSAIC     ,CLIFTON CITY            ,5/9/2017,TU,2129,1,CLIFTON PD               ,,0,0,0,0,P,B,N,N,1,2,NJ 3                                              ,E,3,,00000003__      ,,2,,2,1,3,1,1,1,,,,,F,CR 623                   ,SB,55,,40.8638,74.18157,N,,544,21:30,120-07448
2014160214-6612                ,PASSAIC     ,CLIFTON CITY            ,6/18/2014,W ,728,1,CLIFTON PD               ,,0,1,0,0,I,B,N,N,1,2,NJ 3                                              ,E,3,,00000003__      ,3.91,2,1,2,1,1,1,1,2,500,FE,E,CR 601 / MAIN AVE                  ,,,,55,35,40.83067,74.14056,N,NONE                                                                            ,5006,7:30,120-04740
2.02E+17,PASSAIC     ,CLIFTON CITY            ,3/12/2018,MO,831,1,CLIFTON PD               ,,0,2,0,0,I,B,N,N,1,2,NJ 3                                              ,E,3,,00000003__      ,3.47,2,,2,1,1,1,1,1,250,FE,E,CR 603 / PASSAIC AVE               ,,,,55,35,40.8335,74.14669,N,,7099,8:30,120N07442
2013160213-4655                ,PASSAIC     ,CLIFTON CITY            ,4/26/2013,F ,737,1,CLIFTON PD               ,,0,0,0,0,P,B,N,N,1,2,NJ 3                                              ,E,3,,00000003__      ,4.87,2,2,2,1,1,1,1,2,100,FE,W,NJ 21                              ,,,,55,55,,,N,,260,7:35,120-04738
2015160215-3214                ,PASSAIC     ,CLIFTON CITY            ,1/22/2015,TH,1633,1,CLIFTON PD               ,PATROL         ,0,0,0,0,P,B,N,N,1,2,NJ 3                                              ,E,3,,00000003__      ,,2,5,2,1,1,1,2,1,100,FE,E,,,CR 623                   ,WB,25,,,,N,NONE                                                                            ,6019,16:35,120-07448
2.02E+17,PASSAIC     ,CLIFTON CITY            ,5/10/2017,WE,2159,1,CLIFTON PD               ,,0,0,0,0,P,B,N,N,1,2,NJ 3                                              ,E,3,,00000003__      ,3.33,2,,2,1,7,1,1,1,500,FE,W,CR 603 / PASSAIC AVE               ,,,,55,25,40.83471,74.14929,N,,546,22:00,120-07442
2014160214-6629                ,PASSAIC     ,CLIFTON CITY            ,6/18/2014,W ,1313,1,CLIFTON PD               ,CLIFTON        ,0,0,0,0,P,B,N,N,11,1,NJ 3                                              ,E,3,,00000003__      ,3.86,2,1,1,1,1,1,1,1,200,FE,E,CR 601 / MAIN AVE                  ,,,,55,,40.83107,74.14141,N,NONE                                                                            ,8039,13:15,120-04740
2.02E+17,PASSAIC     ,CLIFTON CITY            ,5/10/2017,WE,2255,1,CLIFTON PD               ,,0,1,0,0,I,B,N,N,11,1,NJ 3                                              ,E,3,,00000003__      ,3.33,2,,2,1,7,1,1,1,500,FE,W,CR 603 / PASSAIC AVE               ,,,,55,25,40.83385,74.14788,N,,546,22:55,120-07442
2.02E+17,PASSAIC     ,CLIFTON CITY            ,8/8/2016,M ,745,1,CLIFTON PD               ,,0,0,0,0,P,B,N,N,2,2,NJ 3                                              ,E,3,,00000003__      ,,2,4,2,1,1,1,1,1,,,,,F,RT 21                    ,SB,55,,,,N,NONE                                                                            ,7124,7:45,120-07448
2013160213-4729                ,PASSAIC     ,CLIFTON CITY            ,4/27/2013,SA,1629,1,CLIFTON PD               ,,0,0,0,0,P,B,N,N,2,2,NJ 3                                              ,E,3,,00000003__      ,4.7,2,1,2,1,1,1,5,2,1000,FE,E,NJ 21                              ,,,,55,55,,,N,NONE                                                                            ,508,16:30,120N04739
2014160214-6639                ,PASSAIC     ,CLIFTON CITY            ,6/18/2014,W ,1620,1,CLIFTON PD               ,POST 7         ,0,0,0,0,P,I,N,N,1,2,NJ 3                                              ,E,3,,00000003__      ,,2,1,2,1,1,1,1,2,,AT,,,F,RT 21                    ,,55,,,,N,NONE                                                                            ,7030,16:20,120-07448
2.02E+17,PASSAIC     ,CLIFTON CITY            ,3/14/2018,WE,1547,1,CLIFTON PD               ,,0,0,0,0,P,B,N,N,1,2,NJ 3                                              ,E,3,,00000003__      ,2.65,2,,2,1,1,1,4,1,50,FE,E,CR 622 / BLOOMFIELD AVE            ,,,,55,25,40.8395,74.15942,N,,7257,15:45,120-07443
2.02E+17,PASSAIC     ,CLIFTON CITY            ,5/11/2017,TH,1540,1,CLIFTON PD               ,,0,0,0,0,P,B,N,N,1,2,NJ 3                                              ,E,3,,00000003__      ,2.8,2,,2,1,1,1,4,1,,,,,F,BLOOMFIELD AVE           ,SB,25,,40.83958,74.16041,N,,548,15:40,120-07443
2.02E+17,PASSAIC     ,CLIFTON CITY            ,8/8/2016,M ,1705,1,CLIFTON PD               ,,0,0,0,0,P,I,N,N,1,2,NJ 3                                              ,E,3,,00000003__      ,,2,5,2,1,1,1,2,1,,AT,,,F,CR 623                   ,,50,,,,N,NONE                                                                            ,7213,17:05,120-07448
2014160214-6698                ,PASSAIC     ,CLIFTON CITY            ,6/19/2014,TH,2224,1,CLIFTON PD               ,POST 7         ,0,0,0,0,P,B,N,N,2,2,NJ 3                                              ,E,3,,00000003__      ,,2,2,2,1,6,1,1,2,75,FE,W,,T,PASSAIC COUNTY 601       ,,,,,,N,NONE                                                                            ,8037,22:25,120-07448
2015160215-34688               ,PASSAIC     ,CLIFTON CITY            ,7/31/2015,F ,936,1,CLIFTON PD               ,CLIFTON        ,0,0,0,0,P,B,N,N,15,1,NJ 3                                              ,E,3,,00000003__      ,1.17,2,1,2,1,1,1,1,1,500,FE,W,ROUTE 509 / BROAD ST               ,,,,55,,,,N,NONE.                                                                           ,269,9:35,120N07447
2.02E+17,PASSAIC     ,CLIFTON CITY            ,5/12/2017,FR,1457,1,CLIFTON PD               ,,0,0,0,0,P,B,N,N,1,2,NJ 3                                              ,E,3,,00000003__      ,3.97,2,,2,1,1,1,1,1,800,FE,E,CR 601 / MAIN AVE                  ,,,,55,25,40.82993,74.13906,N,,7201,14:55,120-04740
2013160213-4876                ,PASSAIC     ,CLIFTON CITY            ,5/1/2013,W ,908,1,CLIFTON PD               ,CLIFTON        ,0,0,0,0,P,I,N,N,1,4,NJ 3                                              ,E,3,,00000003__      ,3.42,2,2,2,1,1,1,1,1,,AT,E,CR 603 / PASSAIC AVE               ,,,,55,50,,,N,NONE                                                                            ,268,9:10,120-07442
2014160214-6711                ,PASSAIC     ,CLIFTON CITY            ,6/20/2014,F ,826,1,CLIFTON PD               ,,0,0,0,0,P,B,N,N,1,2,NJ 3                                              ,E,3,,00000003__      ,3.42,2,2,2,1,1,1,1,1,,,W,CR 603 / PASSAIC AVE               ,,,,35,35,,,N,,260,8:25,120-07442
2.02E+17,PASSAIC     ,CLIFTON CITY            ,3/15/2018,TH,1746,1,CLIFTON PD               ,,0,2,0,0,I,B,N,N,1,2,NJ 3                                              ,E,3,,00000003__      ,0.52,2,,2,1,1,1,1,1,,,,,F,GROVE ST                 ,SB,55,,40.86494,74.18254,N,,7124,17:45,120N07448
2.02E+17,PASSAIC     ,CLIFTON CITY            ,5/13/2017,SA,1504,1,CLIFTON PD               ,,0,1,0,0,I,B,N,N,11,1,NJ 3                                              ,E,3,,00000003__      ,1.76,2,,2,2,1,2,1,1,100,FE,S,HEPBURN RD                         ,,,,55,25,,,N,TREE (MINOR DAMAGES) TO UPPER MONTCLAIR COUNTRY CLUB.                           ,7201,15:05,120-07444