CRASH_ID,CTY_NAME,MUN_NAME,DATE,DAY,TIME,POL_CODE,POL_DEPT,POL_STA,KILLED,INJURED,PED_KILL,PED_INJ,SEVERITY,INTERSEC,ALCOHOL,HAZMAT,CRASH_TYPE,VEH_COUNT,LOCATION,LOC_DIR,ROUTE,RT_SFX,SRI,MP,RD_SYS,RD_CHAR,RD_SURF,SURF_COND,LIGHT,WEATHER,RD_DIV,RD_WRKZN,X_DIST,DIST_UNT,X_DIR,X_NAME,IS_RAMP,RAMP_RT,RAMP_DIR,SPD_LMT,SPD_X,LAT,LONG,CELL_USE,PROP_DMG,BADGE,TIME_ROUND,TMC
2.02E+17,PASSAIC     ,CLIFTON CITY            ,8/12/2016,F ,1748,1,CLIFTON PD               ,,0,1,0,0,I,B,N,N,1,2,NJ 3                                              ,E,3,,00000003__      ,2.89,2,1,2,1,1,5,1,1,1320,FE,E,CR 622 / BLOOMFIELD AVE            ,,,,55,25,,,N,NONE                                                                            ,,17:50,120-07443
2.02E+17,PASSAIC     ,CLIFTON CITY            ,3/15/2018,TH,2023,1,CLIFTON PD               ,,0,1,0,0,I,B,N,N,11,1,NJ 3                                              ,E,3,,00000003__      ,4.07,2,,2,1,6,1,4,1,1320,FE,E,CR 601 / MAIN AVE                  ,,,,55,25,40.82935,74.13805,N,POLE AT ENTRANCE TO CLIFTON COMMONS.                                            ,7257,20:25,120N04740
2014160214-6749                ,PASSAIC     ,CLIFTON CITY            ,6/21/2014,SA,36,1,CLIFTON PD               ,CLIFTON        ,0,0,0,0,P,B,N,N,1,2,NJ 3                                              ,E,3,,00000003__      ,4.85,2,2,2,1,6,1,1,2,200,FE,W,NJ 21                              ,,,,55,55,40.82363,74.12524,N,NONE                                                                            ,,3:35,120-04738
2015160215-36428               ,PASSAIC     ,CLIFTON CITY            ,8/11/2015,TU,608,1,CLIFTON PD               ,PLATOON A 1    ,0,0,0,0,P,B,N,N,2,2,NJ 3                                              ,E,3,,00000003__      ,,2,1,2,2,2,2,1,1,,,,,F,CR 622                   ,NB,50,,,,N,NONE                                                                            ,524,6:10,120-07448
2014160214-6755                ,PASSAIC     ,CLIFTON CITY            ,6/21/2014,SA,659,1,CLIFTON PD               ,,0,0,0,0,P,B,N,N,2,2,NJ 3                                              ,E,3,,00000003__      ,3.44,2,2,2,1,1,1,1,1,100,FE,E,CR 603 / PASSAIC AVE               ,,,,55,35,40.83424,74.14829,N,,260,7:00,120N07442
2013160213-4944                ,PASSAIC     ,CLIFTON CITY            ,5/2/2013,TH,,1,CLIFTON PD               ,CLIFTON        ,0,0,0,0,P,I,N,N,1,2,NJ 3                                              ,E,3,,00000003__      ,3.82,2,5,2,1,1,1,1,1,,AT,E,CR 601 / MAIN AVE                  ,,,,55,25,,,N,,258,#VALUE!,120-04740
2.02E+17,PASSAIC     ,CLIFTON CITY            ,8/15/2016,M ,1158,1,CLIFTON PD               ,,0,0,0,0,P,B,N,N,1,2,NJ 3                                              ,E,3,,00000003__      ,,2,4,2,1,1,1,5,1,,,,,T,BLOOMFIELD AVE           ,,55,,,,N,NONE                                                                            ,7118,12:00,120-07448
2.02E+17,PASSAIC     ,CLIFTON CITY            ,5/14/2017,SU,1550,1,CLIFTON PD               ,,0,1,0,0,I,B,N,N,1,2,NJ 3                                              ,E,3,,00000003__      ,2.67,2,,2,1,1,1,1,1,150,FE,E,CR 622 / BLOOMFIELD AVE            ,,,,55,25,40.83913,74.15855,N,,7240,15:50,120-07443
2014160214-6764                ,PASSAIC     ,CLIFTON CITY            ,6/21/2014,SA,1213,1,CLIFTON PD               ,,0,0,0,0,P,B,N,N,11,1,NJ 3                                              ,E,3,,00000003__      ,4.8,2,1,2,1,1,1,1,2,500,FE,W,NJ 21                              ,,,,55,55,40.82401,74.12604,N,,260,12:15,120-04738
2013160213-4975                ,PASSAIC     ,CLIFTON CITY            ,5/3/2013,F ,905,1,CLIFTON PD               ,,0,0,0,0,P,I,N,N,2,2,NJ 3                                              ,E,3,,00000003__      ,4.89,2,2,2,1,1,1,1,2,,AT,W,NJ 21                              ,,,,55,55,,,N,NONE                                                                            ,6014,9:05,120-04738
2015160215-3694                ,PASSAIC     ,CLIFTON CITY            ,1/25/2015,S ,1432,1,CLIFTON PD               ,POST 7         ,0,1,0,0,I,B,N,N,1,2,NJ 3                                              ,E,3,,00000003__      ,,2,2,2,1,1,1,1,1,200,FE,W,,T,CR 601                   ,,55,,,,N,NONE                                                                            ,7030,14:30,120-07448
2.02E+17,PASSAIC     ,CLIFTON CITY            ,5/15/2017,MO,1134,1,CLIFTON PD               ,,0,1,0,0,I,B,N,N,1,2,NJ 3                                              ,E,3,,00000003__      ,0.45,2,,2,1,1,1,5,1,300,FE,W,CR 623 / GROVE ST                  ,,,,55,35,,,N,,7118,11:35,120N07448
2.02E+17,PASSAIC     ,CLIFTON CITY            ,3/18/2018,SU,1314,1,CLIFTON PD               ,,0,0,0,0,P,B,N,N,1,2,NJ 3                                              ,E,3,,00000003__      ,0.51,2,,2,1,1,1,5,1,,,,,T,GROVE ST                 ,SB,55,,40.86584,74.18294,N,,7176,13:15,120N07448
2013160213-4999                ,PASSAIC     ,CLIFTON CITY            ,5/3/2013,F ,1800,1,CLIFTON PD               ,PATROL CAR #7  ,0,0,0,0,P,B,N,N,1,2,NJ 3                                              ,E,3,,00000003__      ,,2,3,2,1,1,1,1,1,150,FE,W,,T,PASSAIC AVE              ,,55,,,,N,NONE                                                                            ,1502,18:00,120-07448
2015160215-3703                ,PASSAIC     ,CLIFTON CITY            ,1/25/2015,S ,1604,1,CLIFTON PD               ,,0,0,0,0,P,B,N,N,1,2,NJ 3                                              ,E,3,,00000003__      ,1.76,2,1,2,1,1,1,1,1,200,FE,E,HEPBURN ROAD                       ,,,,55,25,,,N,NONE                                                                            ,239,16:05,120-07444
2014160214-6797                ,PASSAIC     ,CLIFTON CITY            ,6/22/2014,S ,158,1,CLIFTON PD               ,,0,0,0,0,P,B,N,N,1,2,NJ 3                                              ,E,3,,00000003__      ,,2,5,2,1,6,1,1,2,,,,,F,NJ 21                    ,NB,55,,,,N,NONE                                                                            ,504,2:00,120-07448
2015160215-37300               ,PASSAIC     ,CLIFTON CITY            ,8/16/2015,S ,1610,1,CLIFTON PD               ,,0,0,0,0,P,B,N,N,1,2,NJ 3                                              ,E,3,,00000003__      ,,2,5,2,1,1,1,1,1,,,,,F,CR 622                   ,SB,55,,,,N,NONE                                                                            ,239,16:10,120-07448
2.02E+17,PASSAIC     ,CLIFTON CITY            ,5/16/2017,TU,851,1,CLIFTON PD               ,,0,0,0,0,P,B,N,N,1,2,NJ 3                                              ,E,3,,00000003__      ,4.87,2,,2,1,1,1,1,1,100,FE,W,NJ 21                              ,,,,55,55,40.8239,74.12667,N,,7135,8:50,120-04738
2015160215-37831               ,PASSAIC     ,CLIFTON CITY            ,8/20/2015,TH,804,1,CLIFTON PD               ,PATROL         ,0,1,0,0,I,B,N,N,1,2,NJ 3                                              ,E,3,,00000003__      ,,2,2,2,1,1,1,5,1,50,FE,W,,T,CR 603                   ,,55,,,,N,NONE                                                                            ,3020,8:05,120-07448
2014160214-6907                ,PASSAIC     ,CLIFTON CITY            ,6/25/2014,W ,726,1,CLIFTON PD               ,,0,0,0,0,P,B,N,N,1,3,NJ 3                                              ,E,3,,00000003__      ,,2,2,2,1,1,5,1,2,100,FE,W,,T,ROUTE 21                 ,NB,55,,,,N,NONE                                                                            ,9041,7:25,120-07448
2.02E+17,PASSAIC     ,CLIFTON CITY            ,5/17/2017,WE,1613,1,CLIFTON PD               ,,0,0,0,0,P,B,N,N,1,2,NJ 3                                              ,E,3,,00000003__      ,0.56,2,,2,1,1,1,1,1,250,FE,E,CR 623 / GROVE ST                  ,,,,50,,40.86482,74.18191,N,,7232,16:15,120N07448
2.02E+17,PASSAIC     ,CLIFTON CITY            ,3/20/2018,TU,1407,1,CLIFTON PD               ,,0,0,0,0,P,B,N,N,2,2,NJ 3                                              ,E,3,,00000003__      ,4.89,2,,2,1,1,5,5,1,,,,,F,NJ 21                    ,SB,55,,40.8239,74.12667,N,,7096,14:05,120-04738
2.02E+17,PASSAIC     ,CLIFTON CITY            ,3/20/2018,TU,2018,1,CLIFTON PD               ,,0,0,0,0,P,I,N,N,1,2,NJ 3                                              ,E,3,,00000003__      ,0.17,2,,2,1,5,1,4,1,,AT,,US 46                              ,,,,55,55,40.87085,74.18915,N,,7254,20:20,120-07448
2015160215-3896                ,PASSAIC     ,CLIFTON CITY            ,1/27/2015,TU,247,1,CLIFTON PD               ,PATROL         ,0,1,0,0,I,B,N,N,11,1,NJ 3                                              ,E,3,,00000003__      ,0.49,2,1,2,3,6,3,1,1,100,FE,W,CR 623 / GROVE ST                  ,,,,50,,,,N,UTILITY POLE # 7535                                                             ,3020,2:45,120N07448
2.02E+17,PASSAIC     ,CLIFTON CITY            ,5/17/2017,WE,1727,1,CLIFTON PD               ,,0,2,0,0,I,B,N,N,1,4,NJ 3                                              ,E,3,,00000003__      ,3.35,2,,2,1,1,1,1,1,350,FE,W,CR 603 / PASSAIC AVE               ,,,,55,35,40.83653,74.15317,N,,,17:25,120-07442
2014160214-6975                ,PASSAIC     ,CLIFTON CITY            ,6/26/2014,TH,1533,1,CLIFTON PD               ,POST 7         ,0,0,0,0,P,I,N,N,1,2,NJ 3                                              ,E,3,,00000003__      ,,2,2,2,1,1,1,5,1,,AT,,,T,MAIN AVE                 ,,55,,,,N,NONE                                                                            ,,15:35,120-07448
2015160215-40007               ,PASSAIC     ,CLIFTON CITY            ,9/7/2015,M ,636,1,CLIFTON PD               ,,0,0,0,0,P,B,N,N,1,2,NJ 3                                              ,E,3,,00000003__      ,0.01,2,1,2,1,1,1,1,1,2640,FE,W,CR 623 / GROVE ST                  ,,,,50,35,,,N,NONE                                                                            ,13?6 ,6:35,120-07448
2.02E+17,PASSAIC     ,CLIFTON CITY            ,3/23/2018,FR,1154,1,CLIFTON PD               ,,0,0,0,0,P,B,N,N,2,2,NJ 3                                              ,E,3,,00000003__      ,,2,,2,1,1,1,1,1,,,,,F,BROAD ST                 ,EB,55,,40.85491,74.17878,N,,7128,11:55,120-07448
2014160214-7004                ,PASSAIC     ,CLIFTON CITY            ,6/27/2014,F ,1826,1,CLIFTON PD               ,PATROL         ,0,0,0,0,P,B,N,N,1,2,NJ 3                                              ,E,3,,00000003__      ,3.84,2,1,1,1,1,1,1,1,100,FE,E,CR 601 / MAIN AVE                  ,,,,45,25,40.83121,74.14172,N,NONE                                                                            ,,18:25,120-04740
2.02E+17,PASSAIC     ,CLIFTON CITY            ,5/20/2017,SA,2016,1,CLIFTON PD               ,,0,0,0,0,P,B,N,N,11,1,NJ 3                                              ,E,3,,00000003__      ,4.87,2,,2,1,6,1,1,1,100,FE,W,NJ 21                              ,,,,55,55,,,N,,545,20:15,120-04738
2015160215-4051                ,PASSAIC     ,CLIFTON CITY            ,1/28/2015,W ,913,1,CLIFTON PD               ,,0,0,0,0,P,B,N,N,1,3,NJ 3                                              ,E,3,,00000003__      ,,2,2,2,1,1,1,1,1,1000,FE,E,,T,GSP                      ,SB,55,,,,N,NONE                                                                            ,9041,9:15,120-07448
2015160215-4052                ,PASSAIC     ,CLIFTON CITY            ,1/28/2015,W ,920,1,CLIFTON PD               ,,0,2,0,0,I,B,N,N,1,2,NJ 3                                              ,E,3,,00000003__      ,3.84,2,1,2,1,1,1,1,1,100,FE,E,CR 601 / MAIN AVE                  ,,,,55,35,,,N,NONE                                                                            ,5006,9:20,120-04740
2014160214-7029                ,PASSAIC     ,CLIFTON CITY            ,6/28/2014,SA,1356,1,CLIFTON PD               ,,0,0,0,0,P,B,N,N,2,2,NJ 3                                              ,E,3,,00000003__      ,1.17,2,1,2,1,1,1,1,1,500,FE,W,ROUTE 509 / BROAD ST               ,,,,55,35,40.85637,74.17908,N,NONE                                                                            ,231,13:55,120N07447
2.02E+17,PASSAIC     ,CLIFTON CITY            ,3/23/2018,FR,2209,1,CLIFTON PD               ,,0,0,0,0,P,B,N,N,11,1,NJ 3                                              ,E,3,,00000003__      ,4.8,2,,2,1,6,1,1,1,500,FE,W,NJ 21                              ,,,,55,55,40.82796,74.135,N,,7105,22:10,120-04738
2.02E+17,PASSAIC     ,CLIFTON CITY            ,5/23/2017,TU,752,1,CLIFTON PD               ,,0,0,0,0,P,B,N,N,1,2,NJ 3                                              ,E,3,,00000003__      ,2.62,2,,2,1,1,1,5,1,100,FE,W,CR 622 / BLOOMFIELD AVE            ,,,,55,35,40.8398,74.16093,N,,7118,7:50,120-07443
2013160213-5407                ,PASSAIC     ,CLIFTON CITY            ,5/13/2013,M ,1844,1,CLIFTON PD               ,PATROL CAR 7   ,0,0,0,0,P,B,N,N,1,2,NJ 3                                              ,E,3,,00000003__      ,,2,2,2,1,1,1,1,5,25,FE,W,,T,ROUTE 21                 ,SB,45,,,,N,NONE                                                                            ,11502,18:45,120-07448
2014160214-7059                ,PASSAIC     ,CLIFTON CITY            ,6/29/2014,S ,1520,1,CLIFTON PD               ,,0,0,0,0,P,I,N,N,1,2,NJ 3                                              ,E,3,,00000003__      ,,2,5,2,1,1,1,3,1,,AT,,,F,RT. 21                   ,NB,55,,,,N,NONE                                                                            ,10046,15:20,120-07448
2.02E+17,PASSAIC     ,CLIFTON CITY            ,3/25/2018,SU,1512,1,CLIFTON PD               ,,0,0,0,0,P,B,N,N,1,2,NJ 3                                              ,E,3,,00000003__      ,2.39,2,,2,1,1,1,1,1,1320,FE,W,CR 622 / BLOOMFIELD AVE            ,,,,55,25,,,N,,7254,15:10,120-07443
2013160213-5417                ,PASSAIC     ,CLIFTON CITY            ,5/14/2013,TU,705,1,CLIFTON PD               ,,0,1,0,0,I,I,N,N,1,2,NJ 3                                              ,E,3,,00000003__      ,3.42,2,2,2,1,1,1,1,1,,AT,E,CR 603 / PASSAIC AVE               ,,,,35,35,,,N,,260,7:05,120-07442
2014160214-7086                ,PASSAIC     ,CLIFTON CITY            ,6/30/2014,M ,1405,1,CLIFTON PD               ,,0,0,0,0,P,B,N,N,2,3,NJ 3                                              ,E,3,,00000003__      ,4.91,2,2,2,1,1,1,1,2,100,FE,E,NJ 21                              ,,,,55,35,40.82315,74.12433,N,,260,14:05,120-04738
2013160213-5453                ,PASSAIC     ,CLIFTON CITY            ,5/15/2013,W ,814,1,CLIFTON PD               ,,0,0,0,0,P,B,N,N,1,2,NJ 3                                              ,E,3,,00000003__      ,,2,2,2,1,1,1,1,2,1500,FE,E,,T,RT 21                    ,SB,55,,,,N,NONE                                                                            ,6014,8:15,120-07448
2.02E+17,PASSAIC     ,CLIFTON CITY            ,3/26/2018,MO,1501,1,CLIFTON PD               ,,0,1,0,0,I,B,N,N,1,2,NJ 3                                              ,E,3,,00000003__      ,2.64,2,,2,1,1,1,4,1,,,,,T,CR 622                   ,NB,55,,40.83995,74.16128,N,,7269,15:00,120-07443
2014160214-71                  ,PASSAIC     ,CLIFTON CITY            ,1/3/2014,F ,413,1,CLIFTON PD               ,PATROL         ,0,0,0,0,P,B,N,N,2,2,NJ 3                                              ,E,3,,00000003__      ,,2,2,2,3,6,3,1,2,10,FE,W,,T,RT 21                    ,NB,55,,,,N,NONE                                                                            ,3020,4:15,120-07448
2.02E+17,PASSAIC     ,CLIFTON CITY            ,3/26/2018,MO,1908,1,CLIFTON PD               ,,0,0,0,0,P,B,N,N,99,1,NJ 3                                              ,E,3,,00000003__      ,4.89,2,,1,1,6,1,1,1,,,,,T,RT 21                    ,SB,55,,40.82094,74.12955,N,,7105,19:10,120-04738
2014160214-7107                ,PASSAIC     ,CLIFTON CITY            ,7/1/2014,TU,139,1,CLIFTON PD               ,CLIFTON        ,0,0,0,0,P,B,N,N,12,1,NJ 3                                              ,E,3,,00000003__      ,,2,2,2,1,4,1,1,1,200,FE,W,,F,BLOOMFIELD AVE           ,SB,55,,,,N,NONE                                                                            ,12514,1:40,120-07448
2.02E+17,PASSAIC     ,CLIFTON CITY            ,3/26/2018,MO,2023,1,CLIFTON PD               ,,0,0,0,0,P,B,N,N,1,2,NJ 3                                              ,E,3,,00000003__      ,1.4,2,,2,1,6,1,1,1,,,,,,,,55,,,,N,,7105,20:25,120-07444
2014160214-733                 ,PASSAIC     ,CLIFTON CITY            ,1/20/2014,M ,,1,CLIFTON PD               ,CLIFTON        ,0,1,0,0,I,B,N,N,1,3,NJ 3                                              ,E,3,,00000003__      ,2.64,2,1,2,1,3,1,1,1,250,FE,E,BLOOMFIELD AVE                     ,,,,50,35,,,N,NONE                                                                            ,523,#VALUE!,120-07443
2015160215-4652                ,PASSAIC     ,CLIFTON CITY            ,1/31/2015,SA,2220,1,CLIFTON PD               ,PATROL CAR #10 ,0,0,0,0,P,B,N,N,11,1,NJ 3                                              ,E,3,,00000003__      ,,2,1,1,1,6,1,1,1,150,FE,W,,T,CR 622                   ,,55,,,,N,NONE                                                                            ,11502,22:20,120-07448
2.02E+17,PASSAIC     ,CLIFTON CITY            ,3/27/2018,TU,352,1,CLIFTON PD               ,,0,2,0,0,I,B,N,N,2,3,NJ 3                                              ,E,3,,00000003__      ,3.69,2,,2,1,6,1,1,1,700,FE,W,CR 601 / MAIN AVE                  ,,,,55,35,40.83233,74.14422,N,,,3:50,120-04740
2015160215-4719                ,PASSAIC     ,CLIFTON CITY            ,2/1/2015,S ,1356,1,CLIFTON PD               ,,0,2,0,0,I,B,N,N,1,3,NJ 3                                              ,E,3,,00000003__      ,3.82,2,2,2,1,1,5,1,1,500,FE,W,MAIN AVE                           ,,,,55,30,,,N,NONE                                                                            ,256,13:55,120-04740
2013160213-5669                ,PASSAIC     ,CLIFTON CITY            ,5/20/2013,M ,520,1,CLIFTON PD               ,CLIFTON        ,0,0,0,0,P,B,N,N,2,2,NJ 3                                              ,E,3,,00000003__      ,,2,1,2,1,3,1,1,2,200,FE,W,,T,NJ 21                    ,SB,55,,,,N,NONE                                                                            ,8075,5:20,120-07448
2.02E+17,PASSAIC     ,CLIFTON CITY            ,5/25/2017,TH,2330,1,CLIFTON PD               ,,0,0,0,0,P,B,N,N,1,2,NJ 3                                              ,E,3,,00000003__      ,1.44,2,,2,2,6,2,1,1,1000,FE,E,GARDEN STATE PARKWAY               ,,,,55,,40.8398,74.16093,N,,7169,23:30,120-07444
2013160213-5670                ,PASSAIC     ,CLIFTON CITY            ,5/20/2013,M ,655,1,CLIFTON PD               ,CAR6           ,0,0,0,0,P,B,N,N,1,2,NJ 3                                              ,E,3,,00000003__      ,,2,1,2,1,1,4,1,2,200,FE,W,,T,RT 21 SOUTH              ,,55,,,,N,NONE                                                                            ,12507,6:55,120-07448
2014160214-7418                ,PASSAIC     ,CLIFTON CITY            ,7/9/2014,W ,1245,1,CLIFTON PD               ,,0,0,0,0,P,I,N,N,2,2,NJ 3                                              ,E,3,,00000003__      ,3.42,2,1,2,1,1,1,1,1,,AT,,CR 603 / PASSAIC AVE               ,,,,55,35,40.83439,74.1486,N,NONE                                                                            ,274,12:45,120-07442
2013160213-5672                ,PASSAIC     ,CLIFTON CITY            ,5/20/2013,M ,833,1,CLIFTON PD               ,CLIFTON        ,0,0,0,0,P,B,N,N,2,2,NJ 3                                              ,E,3,,00000003__      ,,2,1,2,2,1,1,1,1,,,,,F,GARDEN STATE PARKWAY     ,NB,50,,,,N,NONE                                                                            ,7033,8:35,120-07448
2.02E+17,PASSAIC     ,CLIFTON CITY            ,9/2/2016,F ,2325,1,CLIFTON PD               ,,0,1,0,0,I,B,N,N,11,1,NJ 3                                              ,E,3,,00000003__      ,,2,5,2,8,6,1,2,1,,,,,T,RT 3 E                   ,EB,25,,,,N,NONE                                                                            ,7238,23:25,120-07448
2.02E+17,PASSAIC     ,CLIFTON CITY            ,5/27/2017,SA,1229,1,CLIFTON PD               ,,0,0,0,0,P,B,N,N,1,2,NJ 3                                              ,E,3,,00000003__      ,,2,,2,1,1,5,1,1,400,FE,E,,F,MAIN AVE                 ,NB,55,,40.82916,74.13744,N,,7144,12:30,120-07448
2013160213-5715                ,PASSAIC     ,CLIFTON CITY            ,5/21/2013,TU,828,1,CLIFTON PD               ,,0,0,0,0,P,I,N,N,1,3,NJ 3                                              ,E,3,,00000003__      ,2.64,2,1,2,1,1,1,1,1,,AT,E,CR 622 / BLOOMFIELD AVE            ,,,,55,35,,,N,,260,8:30,120-07443
2014160214-7443                ,PASSAIC     ,CLIFTON CITY            ,7/10/2014,TH,1033,1,CLIFTON PD               ,,0,0,0,0,P,B,N,N,2,2,NJ 3                                              ,E,3,,00000003__      ,0.1,2,1,2,1,1,1,3,1,500,FE,E,PASSAIC COUNTY 621                 ,,,,55,35,,,N,NONE                                                                            ,279,10:35,120-07448
2.02E+17,PASSAIC     ,CLIFTON CITY            ,9/4/2016,S ,1350,1,CLIFTON PD               ,,0,1,0,0,I,B,N,N,1,2,NJ 3                                              ,E,3,,00000003__      ,2.68,2,1,2,1,1,1,5,1,225,FE,E,CR 622 / BLOOMFIELD AVE            ,,,,55,25,,,N,NONE                                                                            ,7096,13:50,120-07443
2.02E+17,PASSAIC     ,CLIFTON CITY            ,3/29/2018,TH,1622,1,CLIFTON PD               ,,0,0,0,0,P,B,N,N,1,2,NJ 3                                              ,E,3,,00000003__      ,3.95,2,,2,2,1,1,1,1,700,FE,E,CR 601 / MAIN AVE                  ,,,,50,25,40.82993,74.13906,N,,7259,16:20,120-04740
2015160215-5461                ,PASSAIC     ,CLIFTON CITY            ,2/5/2015,TH,1548,1,CLIFTON PD               ,POST 7         ,0,0,0,0,P,I,N,N,1,2,NJ 3                                              ,E,3,,00000003__      ,,2,1,2,1,1,1,1,1,,AT,,,F,BLOOMFIELD AVE           ,,55,,,,N,NONE                                                                            ,7030,15:50,120-07448
2.02E+17,PASSAIC     ,CLIFTON CITY            ,5/30/2017,TU,53,1,CLIFTON PD               ,,0,0,0,0,P,B,N,N,10,1,NJ 3                                              ,E,3,,00000003__      ,,2,,2,1,6,1,1,1,,,,,F,NJ 21                    ,SB,55,,40.82367,74.12634,N,,7124,5:55,120-07448
2014160214-7478                ,PASSAIC     ,CLIFTON CITY            ,7/11/2014,F ,1108,1,CLIFTON PD               ,,0,0,0,0,P,B,N,N,1,2,NJ 3                                              ,E,3,,00000003__      ,,2,5,2,1,1,1,1,2,,,,,F,NJ 21                    ,NB,55,,,,N,NONE                                                                            ,5006,11:10,120-07448
2015160215-5737                ,PASSAIC     ,CLIFTON CITY            ,2/7/2015,SA,416,1,CLIFTON PD               ,,0,0,0,0,P,I,N,N,15,1,NJ 3                                              ,E,3,,00000003__      ,,2,1,2,1,6,1,1,1,,AT,,,F,GSP N                    ,NB,55,,,,N,NONE                                                                            ,523,4:15,120-07448
2.02E+17,PASSAIC     ,CLIFTON CITY            ,9/6/2016,TU,807,1,CLIFTON PD               ,,0,0,0,0,P,B,N,N,2,2,NJ 3                                              ,E,3,,00000003__      ,,2,1,2,1,1,5,5,1,10,FE,W,,F,GSP                      ,NB,55,,,,N,NONE                                                                            ,7131,8:05,120-07448
2013160213-5820                ,PASSAIC     ,CLIFTON CITY            ,5/23/2013,TH,1309,1,CLIFTON PD               ,CLIFTON        ,0,5,0,0,I,I,N,N,1,2,NJ 3                                              ,E,3,,00000003__      ,0.51,2,1,2,2,1,2,5,1,,AT,W,CR 623 / GROVE ST                  ,,,,55,,,,N,,269,13:10,120N07448
2013160213-5841                ,PASSAIC     ,CLIFTON CITY            ,5/23/2013,TH,1913,1,CLIFTON PD               ,CLIFTON        ,0,0,0,0,P,B,N,N,2,2,NJ 3                                              ,E,3,,00000003__      ,3.43,2,2,2,2,3,2,1,1,50,FE,E,CR 603 / PASSAIC AVE               ,,,,55,25,,,N,,258,19:15,120N07442
2015160215-5853                ,PASSAIC     ,CLIFTON CITY            ,2/8/2015,S ,204,1,CLIFTON PD               ,,0,0,0,0,P,B,N,N,11,1,NJ 3                                              ,E,3,,00000003__      ,4.7,2,1,2,1,6,1,1,1,1000,FE,W,NJ 21                              ,,,,55,55,,,N,NONE                                                                            ,16648,2:05,120N04739
2014160214-7639                ,PASSAIC     ,CLIFTON CITY            ,7/15/2014,TU,1335,1,CLIFTON PD               ,CLIFTON PD     ,0,0,0,0,P,B,N,N,1,2,NJ 3                                              ,E,3,,00000003__      ,0,2,1,2,1,1,5,5,1,10,FE,S,US 46                              ,,,,50,50,40.87102,74.18962,N,NONE                                                                            ,,13:35,120-07448
2.02E+17,PASSAIC     ,CLIFTON CITY            ,9/7/2016,W ,1203,1,CLIFTON PD               ,,0,0,0,0,P,B,N,N,1,2,NJ 3                                              ,E,3,,00000003__      ,2.7,2,1,2,1,1,1,5,1,300,FE,E,CR 622 / BLOOMFIELD AVE            ,,,,55,35,,,N,NONE                                                                            ,7118,12:05,120-07443
2014160214-766                 ,PASSAIC     ,CLIFTON CITY            ,1/21/2014,TU,1200,1,CLIFTON PD               ,,0,0,0,0,P,I,N,N,1,2,NJ 3                                              ,E,3,,00000003__      ,4.89,2,3,2,3,1,3,1,2,,AT,W,NJ 21                              ,,,,,55,40.82333,74.12466,N,,260,12:00,120-04738
2015160215-5995                ,PASSAIC     ,CLIFTON CITY            ,2/9/2015,M ,901,1,CLIFTON PD               ,CLIFTON        ,0,0,0,0,P,B,N,N,11,1,NJ 3                                              ,E,3,,00000003__      ,,2,4,2,4,1,6,1,1,,,S,,T,RT 21                    ,SB,50,,,,N,NONE                                                                            ,7033,9:00,120-07448
2.02E+17,PASSAIC     ,CLIFTON CITY            ,9/8/2016,TH,1251,1,CLIFTON PD               ,,0,0,0,0,P,B,N,N,1,2,NJ 3                                              ,E,3,,00000003__      ,,2,1,2,1,1,1,1,1,300,FE,W,,F,CR 622                   ,NB,55,,,,N,NONE                                                                            ,7157,12:50,120-07448
2.02E+17,PASSAIC     ,CLIFTON CITY            ,4/3/2018,TU,1823,1,CLIFTON PD               ,,0,0,0,0,P,B,N,N,1,2,NJ 3                                              ,E,3,,00000003__      ,0.51,2,,2,2,1,2,2,1,,,,,F,GROVE ST                 ,SB,55,,40.86565,74.1826,N,,7240,18:25,120N07448