CRASH_ID,CTY_NAME,MUN_NAME,DATE,DAY,TIME,POL_CODE,POL_DEPT,POL_STA,KILLED,INJURED,PED_KILL,PED_INJ,SEVERITY,INTERSEC,ALCOHOL,HAZMAT,CRASH_TYPE,VEH_COUNT,LOCATION,LOC_DIR,ROUTE,RT_SFX,SRI,MP,RD_SYS,RD_CHAR,RD_SURF,SURF_COND,LIGHT,WEATHER,RD_DIV,RD_WRKZN,X_DIST,DIST_UNT,X_DIR,X_NAME,IS_RAMP,RAMP_RT,RAMP_DIR,SPD_LMT,SPD_X,LAT,LONG,CELL_USE,PROP_DMG,BADGE,TIME_ROUND,TMC
2.02E+17,PASSAIC     ,CLIFTON CITY            ,4/4/2018,WE,900,1,CLIFTON PD               ,,0,1,0,0,I,B,N,N,1,2,NJ 3                                              ,E,3,,00000003__      ,2.66,2,,2,2,1,2,1,1,100,FE,E,CR 622 / BLOOMFIELD AVE            ,,,,55,25,40.8398,74.16093,N,,7179,9:00,120-07443
2013160213-5889                ,PASSAIC     ,CLIFTON CITY            ,5/24/2013,F ,1810,1,CLIFTON PD               ,CLIFTON        ,0,0,0,0,P,B,N,N,1,2,NJ 3                                              ,E,3,,00000003__      ,,2,1,2,2,1,2,0,1,,,E,,F,VALLEY RD                ,SB,15,,,,N,,12506,18:10,120-07448
2.02E+17,PASSAIC     ,CLIFTON CITY            ,9/10/2016,SA,1056,1,CLIFTON PD               ,,0,0,0,0,P,B,N,N,2,2,NJ 3                                              ,E,3,,00000003__      ,0,2,1,2,1,1,1,2,1,35,FE,S,US 46                              ,,,,55,50,,,N,NONE                                                                            ,7096,10:55,120-07448
2.02E+17,PASSAIC     ,CLIFTON CITY            ,6/2/2017,FR,2354,1,CLIFTON PD               ,,0,0,0,0,P,B,N,N,12,1,NJ 3                                              ,E,3,,00000003__      ,0,2,,2,1,7,1,1,1,300,FE,E,VALLEY RD                          ,,,,55,55,40.86947,74.18836,N,,7172,23:55,120-07448
2015160215-633                 ,PASSAIC     ,CLIFTON CITY            ,1/6/2015,TU,936,1,CLIFTON PD               ,,0,1,0,0,I,B,N,N,11,1,NJ 3                                              ,E,3,,00000003__      ,3.95,2,1,2,3,1,3,1,1,700,FE,E,CR 601 / MAIN AVE                  ,,,,55,35,,,N,NONE                                                                            ,277,9:35,120-04740
2.02E+17,PASSAIC     ,CLIFTON CITY            ,4/4/2018,WE,1308,1,CLIFTON PD               ,,0,0,0,0,P,B,N,N,2,2,NJ 3                                              ,E,3,,00000003__      ,4.8,2,,2,2,1,2,1,1,500,FE,W,NJ 21                              ,,,,55,55,40.8261,74.13086,N,,7099,13:10,120-04738
2015160215-6683                ,PASSAIC     ,CLIFTON CITY            ,2/13/2015,F ,1216,1,CLIFTON PD               ,CLIFTON P.D.   ,0,0,0,0,P,I,N,N,2,2,NJ 3                                              ,E,3,,00000003__      ,2.64,2,2,2,1,1,1,1,1,,AT,,CR 622 / BLOOMFIELD AVE            ,,,,55,,,,N,NONE                                                                            ,284,12:15,120-07443
2013160213-5961                ,PASSAIC     ,CLIFTON CITY            ,5/26/2013,S ,1511,1,CLIFTON PD               ,POST 7         ,0,0,0,0,P,I,N,N,1,2,NJ 3                                              ,E,3,,00000003__      ,,2,1,2,1,1,1,1,2,,AT,,,F,RT 21                    ,,45,,,,N,NONE                                                                            ,7030,15:10,120-07448
2.02E+17,PASSAIC     ,CLIFTON CITY            ,6/4/2017,SU,740,1,CLIFTON PD               ,,0,1,0,0,I,B,N,N,99,1,NJ 3                                              ,E,3,,00000003__      ,,2,,2,8,1,1,2,1,,,,,F,RT 21                    ,SB,55,,40.82332,74.12719,N,,7204,7:40,120-07448
2014160214-78                  ,PASSAIC     ,CLIFTON CITY            ,1/3/2014,F ,1408,1,CLIFTON PD               ,,0,0,0,0,P,I,N,N,11,1,NJ 3                                              ,E,3,,00000003__      ,0.51,2,4,2,3,1,1,1,1,,AT,W,CR 623 / GROVE ST                  ,,,,35,35,40.86533,74.18225,N,NONE                                                                            ,5010,14:10,120N07448
2013160213-5976                ,PASSAIC     ,CLIFTON CITY            ,5/26/2013,S ,2332,1,CLIFTON PD               ,,1,1,0,0,F,B,N,N,4,2,NJ 3                                              ,E,3,,00000003__      ,2.68,2,1,2,1,6,1,1,1,200,FE,E,CR 622 / BLOOMFIELD AVE            ,,,,55,25,,,N,NONE                                                                            ,7027,23:30,120-07443
2.02E+17,PASSAIC     ,CLIFTON CITY            ,4/6/2018,FR,2202,1,CLIFTON PD               ,,0,1,0,0,I,B,N,N,99,1,NJ 3                                              ,E,3,,00000003__      ,4.89,2,,2,1,6,1,1,1,,,,,T,RT 21                    ,SB,55,,40.82272,74.12864,N,,7232,22:00,120-04738
2015160215-7188                ,PASSAIC     ,CLIFTON CITY            ,2/16/2015,M ,1552,1,CLIFTON PD               ,PATROL         ,0,0,0,0,P,I,N,N,1,2,NJ 3                                              ,E,3,,00000003__      ,4.12,2,1,2,1,1,1,1,1,,AT,,CLIFTON COMMONS                    ,,,,55,,,,N,NONE                                                                            ,6019,15:50,120N04740
2.02E+17,PASSAIC     ,CLIFTON CITY            ,6/6/2017,TU,856,1,CLIFTON PD               ,,0,1,0,0,I,B,N,N,1,3,NJ 3                                              ,E,3,,00000003__      ,1.32,2,,2,2,1,5,5,1,300,FE,E,ROUTE 509 / BROAD ST               ,,,,55,35,,,N,,,8:55,120-07446
2014160214-7913                ,PASSAIC     ,CLIFTON CITY            ,7/23/2014,W ,641,1,CLIFTON PD               ,,0,0,0,0,P,B,N,N,2,2,NJ 3                                              ,E,3,,00000003__      ,4.81,2,1,2,1,1,1,1,2,400,FE,W,NJ 21                              ,,,,55,30,40.82394,74.12587,N,NONE                                                                            ,12064,6:40,120-04738
2.02E+17,PASSAIC     ,CLIFTON CITY            ,9/14/2016,W ,843,1,CLIFTON PD               ,,0,1,0,0,I,B,N,N,1,2,NJ 3                                              ,E,3,,00000003__      ,1.53,2,1,2,1,1,1,1,1,1,FE,E,GARDEN STATE PARKWAY N             ,,,,55,,,,N,NONE                                                                            ,7179,8:45,120-07444
2.02E+17,PASSAIC     ,CLIFTON CITY            ,9/14/2016,W ,852,1,CLIFTON PD               ,,0,0,0,0,P,B,N,N,1,2,NJ 3                                              ,E,3,,00000003__      ,2.45,2,1,2,1,1,1,1,1,1000,FE,W,CR 622 / BLOOMFIELD AVE            ,,,,55,25,,,N,NONE                                                                            ,7120,8:50,120-07443
2013160213-6074                ,PASSAIC     ,CLIFTON CITY            ,5/29/2013,W ,753,1,CLIFTON PD               ,CLIFTON        ,0,0,0,0,P,B,N,N,1,2,NJ 3                                              ,E,3,,00000003__      ,2.58,2,1,2,2,1,2,1,1,300,FE,W,CR 622 / BLOOMFIELD AVE            ,,,,50,25,,,N,NONE                                                                            ,7033,7:55,120-07443
2014160214-7919                ,PASSAIC     ,CLIFTON CITY            ,7/23/2014,W ,1237,1,CLIFTON PD               ,,0,0,0,0,P,B,N,N,11,1,NJ 3                                              ,E,3,,00000003__      ,3.46,2,2,2,1,1,1,1,1,200,FE,E,CR 603 / PASSAIC AVE               ,,,,55,35,40.83408,74.14795,N,,260,12:35,120N07442
2013160213-6111                ,PASSAIC     ,CLIFTON CITY            ,5/30/2013,TH,751,1,CLIFTON PD               ,CLIFTON        ,0,2,0,0,I,B,N,N,1,3,NJ 3                                              ,E,3,,00000003__      ,,2,3,2,1,1,1,1,1,80,FE,W,,T,BLOOMFIELD AVE           ,NB,55,,,,N,NONE                                                                            ,283,7:50,120-07448
2014160214-7953                ,PASSAIC     ,CLIFTON CITY            ,7/24/2014,TH,1300,1,CLIFTON PD               ,,0,0,0,0,P,B,N,N,1,2,NJ 3                                              ,E,3,,00000003__      ,3.82,2,1,2,1,1,1,1,1,200,FE,E,CR 601                             ,,,,55,35,,,N,,260,13:00,120-04740
2.02E+17,PASSAIC     ,CLIFTON CITY            ,6/7/2017,WE,1243,1,CLIFTON PD               ,,0,0,0,0,P,B,N,N,1,2,NJ 3                                              ,E,3,,00000003__      ,2.66,2,,2,1,1,5,5,1,100,FE,E,CR 622 / BLOOMFIELD AVE            ,,,,55,35,40.83954,74.15943,N,,7167,12:45,120-07443
2014160214-7963                ,PASSAIC     ,CLIFTON CITY            ,7/24/2014,TH,1654,1,CLIFTON PD               ,,0,0,0,0,P,B,N,N,1,2,NJ 3                                              ,E,3,,00000003__      ,4.89,2,1,2,1,1,1,1,1,10,FE,W,NJ 21                              ,,,,55,25,40.82333,74.12466,N,NONE                                                                            ,321,16:55,120-04738
2.02E+17,PASSAIC     ,CLIFTON CITY            ,4/10/2018,TU,1629,1,CLIFTON PD               ,,0,0,0,0,P,I,N,N,9,3,NJ 3                                              ,E,3,,00000003__      ,1.44,2,,2,1,1,1,1,1,,AT,,GARDEN STATE PARKWAY               ,,,,55,55,40.85419,74.17719,N,,,16:30,120-07444
2013160213-6114                ,PASSAIC     ,CLIFTON CITY            ,5/30/2013,TH,906,1,CLIFTON PD               ,,0,0,0,0,P,B,N,N,1,2,NJ 3                                              ,E,3,,00000003__      ,4.81,2,2,2,1,1,1,1,2,400,FE,W,NJ 21                              ,,,,55,55,,,N,,260,9:05,120-04738
2014160214-7985                ,PASSAIC     ,CLIFTON CITY            ,7/24/2014,TH,2244,1,CLIFTON PD               ,,0,1,0,0,I,B,N,N,1,2,NJ 3                                              ,E,3,,00000003__      ,1.44,2,2,2,1,6,1,1,2,200,FE,W,GARDEN STATE PARKWAY               ,,,,55,55,,,N,NONE                                                                            ,515,22:45,120-07444
2.02E+17,PASSAIC     ,CLIFTON CITY            ,6/8/2017,TH,839,1,CLIFTON PD               ,,0,0,0,0,P,B,N,N,1,2,NJ 3                                              ,E,3,,00000003__      ,,2,,2,1,1,1,1,1,,,,,F,GROVE ST                 ,SB,55,,40.86584,74.18294,N,,7176,8:40,120-07448
2.02E+17,PASSAIC     ,CLIFTON CITY            ,6/9/2017,FR,1323,1,CLIFTON PD               ,,0,0,0,0,P,B,N,N,1,2,NJ 3                                              ,E,3,,00000003__      ,0.54,2,,2,1,1,1,5,1,150,FE,E,CR 623 / GROVE ST                  ,,,,55,25,40.86494,74.18254,N,,7167,13:25,120N07448
2.02E+17,PASSAIC     ,CLIFTON CITY            ,4/11/2018,WE,818,1,CLIFTON PD               ,,0,0,0,0,P,B,N,N,1,3,NJ 3                                              ,E,3,,00000003__      ,4.75,2,,2,1,1,1,1,1,750,FE,W,NJ 21                              ,,,,55,55,40.82617,74.13086,N,,,8:20,120-04738
2013160213-6120                ,PASSAIC     ,CLIFTON CITY            ,5/30/2013,TH,1303,1,CLIFTON PD               ,,0,0,0,0,P,B,N,N,1,2,NJ 3                                              ,E,3,,00000003__      ,,2,1,2,1,1,1,1,2,,,,,F,NJ 21                    ,,55,,,,N,,260,13:05,120-07448
2015160215-8070                ,PASSAIC     ,CLIFTON CITY            ,2/22/2015,S ,701,1,CLIFTON PD               ,CLIFTON        ,0,0,0,0,P,B,N,N,2,2,NJ 3                                              ,E,3,,00000003__      ,,2,1,2,3,1,3,5,1,200,FE,W,,T,GARDEN STATE PARKWAY     ,SB,55,,,,N,,269,7:00,120-07448
2015160215-8093                ,PASSAIC     ,CLIFTON CITY            ,2/22/2015,S ,1152,1,CLIFTON PD               ,,0,3,0,0,I,B,N,N,2,4,NJ 3                                              ,E,3,,00000003__      ,0,2,5,2,2,1,1,1,1,300,FE,E,VALLEY RD                          ,,,,55,35,,,N,,260,11:50,120-07448
2.02E+17,PASSAIC     ,CLIFTON CITY            ,6/10/2017,SA,1914,1,CLIFTON PD               ,,0,3,0,0,I,B,N,N,1,2,NJ 3                                              ,E,3,,00000003__      ,3.23,2,,2,1,1,1,1,1,1000,FE,W,CR 603 / PASSAIC AVE               ,,,,55,35,40.83385,74.14788,N,,7224,19:15,120-07442
2.02E+17,PASSAIC     ,CLIFTON CITY            ,9/19/2016,M ,749,1,CLIFTON PD               ,,0,0,0,0,P,B,N,N,1,2,NJ 3                                              ,E,3,,00000003__      ,,2,1,2,2,1,2,5,1,500,FE,E,,T,RT 21                    ,,55,,,,N,NONE                                                                            ,7167,7:50,120-07448
2014160214-8108                ,PASSAIC     ,CLIFTON CITY            ,7/28/2014,M ,933,1,CLIFTON PD               ,CLIFTON        ,0,1,0,0,I,B,N,N,1,2,NJ 3                                              ,E,3,,00000003__      ,0.51,2,5,2,1,1,1,5,1,5,FE,W,CR 623 / GROVE ST                  ,,,,55,,40.86533,74.18225,N,,269,9:35,120N07448
2.02E+17,PASSAIC     ,CLIFTON CITY            ,9/19/2016,M ,838,1,CLIFTON PD               ,,0,0,0,0,P,B,N,N,1,2,NJ 3                                              ,E,3,,00000003__      ,2.66,2,1,2,2,1,2,1,1,100,FE,E,CR 622 / BLOOMFIELD AVE            ,,,,55,35,,,N,NONE                                                                            ,7152,8:40,120-07443
2015160215-8962                ,PASSAIC     ,CLIFTON CITY            ,2/27/2015,F ,1624,1,CLIFTON PD               ,PATROL/01      ,0,1,0,0,I,B,N,N,1,2,NJ 3                                              ,E,3,,00000003__      ,,2,1,2,1,1,1,1,1,,,,,,CR 623                   ,SB,55,,,,N,NONE                                                                            ,501,16:25,120-07448
2013160213-6278                ,PASSAIC     ,CLIFTON CITY            ,6/3/2013,M ,844,1,CLIFTON PD               ,,0,0,0,0,P,I,N,N,1,2,NJ 3                                              ,E,3,,00000003__      ,2.64,2,1,2,2,1,2,1,1,,AT,W,CR 622 / BLOOMFIELD AVE            ,,,,55,55,,,N,,260,8:45,120-07443
2015160215-9348                ,PASSAIC     ,CLIFTON CITY            ,3/2/2015,M ,133,1,CLIFTON PD               ,CLIFTON        ,0,0,0,0,P,I,N,N,2,2,NJ 3                                              ,E,3,,00000003__      ,,2,2,2,2,6,1,1,1,,AT,,,T,RT 21/RUTHERFORD         ,SB,50,,,,N,NONE                                                                            ,1257?,1:35,120-07448
2013160213-6298                ,PASSAIC     ,CLIFTON CITY            ,6/3/2013,M ,1659,1,CLIFTON PD               ,,0,0,0,0,P,B,N,N,1,3,NJ 3                                              ,E,3,,00000003__      ,,2,1,2,1,1,1,5,1,500,FE,W,,T,HOFFMAN LA ROCHE         ,,55,,,,N,NONE                                                                            ,508,17:00,120-07448
2013160213-630                 ,PASSAIC     ,CLIFTON CITY            ,1/17/2013,TH,701,1,CLIFTON PD               ,PATROL         ,0,0,0,0,P,B,N,N,1,2,NJ 3                                              ,E,3,,00000003__      ,4.89,2,1,2,1,2,1,1,2,200,FE,W,NJ 21                              ,,,,55,,,,N,NONE                                                                            ,3020,7:00,120-04738
2.02E+17,PASSAIC     ,CLIFTON CITY            ,4/13/2018,FR,2322,1,CLIFTON PD               ,,0,0,0,0,P,B,N,N,2,2,NJ 3                                              ,E,3,,00000003__      ,2.63,2,,1,1,6,1,1,1,500,FE,W,,T,BLOOMFIELD AVE           ,WB,55,,40.83976,74.1603,N,,,23:20,120-07443
2014160214-8210                ,PASSAIC     ,CLIFTON CITY            ,7/31/2014,TH,916,1,CLIFTON PD               ,,0,0,0,0,P,B,N,N,2,2,NJ 3                                              ,E,3,,00000003__      ,4.85,2,2,2,1,1,1,1,2,200,FE,S,NJ 21                              ,,,,,55,40.82363,74.12524,N,,260,9:15,120-04738
2013160213-6302                ,PASSAIC     ,CLIFTON CITY            ,6/3/2013,M ,1811,1,CLIFTON PD               ,POST 7         ,0,0,0,0,P,I,N,N,1,2,NJ 3                                              ,E,3,,00000003__      ,,2,1,2,1,1,5,1,2,,AT,,,F,RT 21                    ,,50,,,,N,NONE                                                                            ,7030,18:10,120-07448
2.02E+17,PASSAIC     ,CLIFTON CITY            ,6/13/2017,TU,1610,1,CLIFTON PD               ,,0,0,0,0,P,B,N,N,2,3,NJ 3                                              ,E,3,,00000003__      ,2.45,2,,2,1,1,1,1,1,1000,FE,W,CR 622 / BLOOMFIELD AVE            ,,,,55,35,40.84471,74.16837,N,,,16:10,120-07443
2013160213-6316                ,PASSAIC     ,CLIFTON CITY            ,6/4/2013,TU,730,1,CLIFTON PD               ,CLIFTON        ,0,0,0,0,P,B,N,N,1,2,NJ 3                                              ,E,3,,00000003__      ,3.84,2,1,2,1,1,1,5,1,100,FE,E,CR 601 / MAIN AVE                  ,,,,55,,,,N,,269,7:30,120-04740
2.02E+17,PASSAIC     ,CLIFTON CITY            ,9/22/2016,TH,1656,1,CLIFTON PD               ,,0,2,0,0,I,B,N,N,1,2,NJ 3                                              ,E,3,,00000003__      ,,2,2,2,1,1,1,1,1,500,FE,W,,T,CR 603                   ,,55,,,,Y,NONE                                                                            ,7176,16:55,120-07448
2014160214-8296                ,PASSAIC     ,CLIFTON CITY            ,8/2/2014,SA,559,1,CLIFTON PD               ,,0,0,0,0,P,B,N,N,1,2,NJ 3                                              ,E,3,,00000003__      ,,2,1,2,2,2,2,4,1,50,FE,E,,F,PARKWAY (NJ)             ,SB,65,,,,N,NONE                                                                            ,13516,6:00,120-07448
2.02E+17,PASSAIC     ,CLIFTON CITY            ,6/15/2017,TH,2140,1,CLIFTON PD               ,,0,0,0,0,P,B,N,N,1,2,NJ 3                                              ,E,3,,00000003__      ,,2,,2,99,6,1,1,1,500,FE,W,,T,RT 21                    ,SB,55,,,,N,,7224,21:40,120-07448
2.02E+14,PASSAIC     ,CLIFTON CITY            ,4/27/2015,M ,758,1,CLIFTON PD               ,CLIFTON        ,0,0,0,0,P,B,N,N,2,2,NJ 3                                              ,E,3,,00000003__      ,4.9,2,1,2,1,1,1,1,1,50,FE,E,NJ 21                              ,,,,55,55,,,N,NONE                                                                            ,529,8:00,120-04738
2.02E+17,PASSAIC     ,CLIFTON CITY            ,9/24/2016,SA,1602,1,CLIFTON PD               ,,0,0,0,0,P,I,N,N,1,2,NJ 3                                              ,E,3,,00000003__      ,,2,5,1,1,1,1,1,1,,AT,,,T,RT 21                    ,SB,25,,,,N,NONE                                                                            ,7205,16:00,120-07448
2.02E+13,PASSAIC     ,CLIFTON CITY            ,2/1/2015,S ,1610,1,CLIFTON PD               ,,0,0,0,0,P,B,N,N,1,2,NJ 3                                              ,E,3,,00000003__      ,1.83,2,1,2,1,1,1,1,1,250,FE,E,HEPBURN RD                         ,,,,55,25,,,N,NONE                                                                            ,239,16:10,120-07444
2014160214-8353                ,PASSAIC     ,CLIFTON CITY            ,8/3/2014,S ,2218,1,CLIFTON PD               ,CLIFTON        ,0,0,0,0,P,B,N,N,2,2,NJ 3                                              ,E,3,,00000003__      ,,2,1,2,1,6,1,1,1,500,FE,,,T,RT 444                   ,SB,55,,,,N,NONE                                                                            ,522,22:20,120-07448
2014160214-839                 ,PASSAIC     ,CLIFTON CITY            ,1/23/2014,TH,815,1,CLIFTON PD               ,CLIFTON        ,0,1,0,0,I,I,N,N,1,2,NJ 3                                              ,E,3,,00000003__      ,4.89,2,1,2,3,1,1,1,2,,AT,W,NJ 21                              ,,,,50,50,40.82333,74.12466,N,,187,8:15,120-04738
2.02E+17,PASSAIC     ,CLIFTON CITY            ,6/19/2017,MO,826,1,CLIFTON PD               ,,0,0,0,0,P,B,N,N,1,2,NJ 3                                              ,E,3,,00000003__      ,2.8,2,,2,1,1,1,1,1,,,,,F,BLOOMFIELD AVE           ,,55,,40.83966,74.15995,N,,7180,8:25,120-07443
2013160213-6349                ,PASSAIC     ,CLIFTON CITY            ,6/5/2013,W ,841,1,CLIFTON PD               ,,0,0,0,0,P,B,N,N,2,3,NJ 3                                              ,E,3,,00000003__      ,3.82,2,1,2,1,1,1,1,1,634,FE,E,CR 601 / MAIN AVE                  ,,,,50,25,,,N,NONE                                                                            ,E#224,8:40,120-04740
2.02E+17,PASSAIC     ,CLIFTON CITY            ,6/19/2017,MO,1823,1,CLIFTON PD               ,,0,0,0,0,P,B,N,N,1,2,NJ 3                                              ,E,3,,00000003__      ,1.79,2,,2,2,1,2,1,1,50,FE,E,HEPBURN RD                         ,,,,55,25,40.84892,74.17228,N,,551,18:25,120-07444
2.02E+17,PASSAIC     ,CLIFTON CITY            ,9/29/2016,TH,826,1,CLIFTON PD               ,,0,0,0,0,P,B,N,N,1,2,NJ 3                                              ,E,3,,00000003__      ,4.8,2,1,2,2,1,2,1,1,500,FE,W,NJ 21                              ,,,,55,50,,,N,NONE                                                                            ,7179,8:25,120-04738
2013160213-6397                ,PASSAIC     ,CLIFTON CITY            ,6/6/2013,TH,1046,1,CLIFTON PD               ,,0,0,0,0,P,B,N,N,1,3,NJ 3                                              ,E,3,,00000003__      ,4.87,2,1,2,1,1,1,1,2,100,FE,W,NJ 21                              ,,,,55,55,,,N,,260,10:45,120-04738
2014160214-8433                ,PASSAIC     ,CLIFTON CITY            ,8/5/2014,TU,2322,1,CLIFTON PD               ,,0,0,0,0,P,B,N,N,1,2,NJ 3                                              ,E,3,,00000003__      ,,2,1,2,1,6,1,1,1,150,FE,E,,F,CR 622                   ,,55,,,,N,NONE                                                                            ,7027,23:20,120-07448
201516022015-20336             ,PASSAIC     ,CLIFTON CITY            ,5/7/2015,TH,1739,1,CLIFTON PD               ,,0,0,0,0,P,B,N,N,3,2,NJ 3                                              ,E,3,,00000003__      ,,2,2,1,1,1,1,1,1,50,FE,W,,T,RT 21                    ,SB,55,,,,N,NONE OBSERVED/REPORTED                                                          ,7029,17:40,120-07448
2.02E+17,PASSAIC     ,CLIFTON CITY            ,6/20/2017,TU,859,1,CLIFTON PD               ,,0,0,0,0,P,B,N,N,1,2,NJ 3                                              ,E,3,,00000003__      ,3.33,2,,2,1,1,1,1,1,500,FE,W,CR 603 / PASSAIC AVE               ,,,,55,25,40.8379,74.15603,N,,7180,9:00,120-07442
2014160214-8438                ,PASSAIC     ,CLIFTON CITY            ,8/6/2014,W ,747,1,CLIFTON PD               ,,0,0,0,0,P,B,N,N,1,2,NJ 3                                              ,E,3,,00000003__      ,4.89,2,2,2,1,1,1,1,2,,,W,NJ 21                              ,,,,55,55,,,N,,260,7:45,120-04738
2013160213-6405                ,PASSAIC     ,CLIFTON CITY            ,6/6/2013,TH,1335,1,CLIFTON PD               ,CLIFTON PD     ,0,0,0,0,P,B,N,N,2,2,NJ 3                                              ,E,3,,00000003__      ,1.83,2,1,2,1,1,1,5,1,250,FE,E,HEPBURN RD                         ,,,,55,25,,,N,NONE                                                                            ,*****,13:35,120-07444
2014160214-8488                ,PASSAIC     ,CLIFTON CITY            ,8/7/2014,TH,1053,1,CLIFTON PD               ,,0,0,0,0,P,B,N,N,15,2,NJ 3                                              ,E,3,,00000003__      ,1.44,2,1,2,1,1,1,1,1,200,FE,E,GSP                                ,,,,55,55,,,N,,260,10:55,120-07444
201516022015-2732              ,PASSAIC     ,CLIFTON CITY            ,1/19/2015,M ,1514,1,CLIFTON PD               ,,0,1,0,0,I,B,N,N,1,2,NJ 3                                              ,E,3,,00000003__      ,,2,1,2,1,1,1,5,1,10,FE,E,,F,CLIFTON COMMONS          ,,55,,,,N,NONE OBSERVED/REPORTED                                                          ,7029,15:15,120-07448
2.02E+17,PASSAIC     ,CLIFTON CITY            ,9/30/2016,F ,1201,1,CLIFTON PD               ,,0,0,0,0,P,B,N,N,1,2,NJ 3                                              ,E,3,,00000003__      ,,2,1,2,2,1,2,1,1,,,,,T,CR 622                   ,SB,55,,,,N,NONE                                                                            ,7128,12:00,120-07448
2013160213-6474                ,PASSAIC     ,CLIFTON CITY            ,6/8/2013,SA,856,1,CLIFTON PD               ,,0,0,0,0,P,B,N,N,1,2,NJ 3                                              ,E,3,,00000003__      ,,2,2,2,1,1,1,1,2,,,,,F,RT21                     ,,55,,,,N,,260,8:55,120-07448
2.02E+17,PASSAIC     ,CLIFTON CITY            ,4/17/2018,TU,1317,1,CLIFTON PD               ,,0,0,0,0,P,B,N,N,1,2,NJ 3                                              ,E,3,,00000003__      ,1.2,2,,2,1,1,1,2,2,,,,,F,ROUTE 509                ,,55,,40.85491,74.17878,N,,7168,13:15,120N07447
201516022015-29929             ,PASSAIC     ,CLIFTON CITY            ,7/2/2015,TH,2145,1,CLIFTON PD               ,,0,0,0,0,P,B,N,N,11,1,NJ 3                                              ,E,3,,00000003__      ,,2,5,2,1,6,1,2,1,,,,,T,CR 601                   ,,55,,,,N,NONE REPORTED                                                                   ,7029,21:45,120-07448
2.02E+17,PASSAIC     ,CLIFTON CITY            ,9/30/2016,F ,1708,1,CLIFTON PD               ,,0,0,0,0,P,B,N,N,2,3,NJ 3                                              ,E,3,,00000003__      ,,2,1,2,2,1,2,1,1,300,FE,W,,T,NJ 21                    ,SB,55,,,,N,NONE                                                                            ,7176,17:10,120-07448
2.02E+17,PASSAIC     ,CLIFTON CITY            ,6/21/2017,WE,1716,1,CLIFTON PD               ,,0,0,0,0,P,B,N,N,1,2,NJ 3                                              ,E,3,,00000003__      ,2.62,2,,2,1,1,1,1,1,100,FE,W,CR 622 / BLOOMFIELD AVE            ,,,,55,25,40.84,74.16054,N,,,17:15,120-07443
2.02E+17,PASSAIC     ,CLIFTON CITY            ,4/18/2018,WE,1701,1,CLIFTON PD               ,,0,1,0,0,I,B,N,N,1,2,NJ 3                                              ,E,3,,00000003__      ,3.24,2,,2,1,1,1,1,1,950,FE,W,CR 603 / PASSAIC AVE               ,,,,55,25,40.88008,74.1472,N,,7201,17:00,120-07442
201516022015-30138             ,PASSAIC     ,CLIFTON CITY            ,7/4/2015,SA,,1,CLIFTON PD               ,6,0,0,0,0,P,B,N,N,1,2,NJ 3                                              ,E,3,,00000003__      ,,2,4,2,2,1,1,4,1,,,,,T,CR 622                   ,SB,25,,,,N,,5012,#VALUE!,120-07448
2.02E+17,PASSAIC     ,CLIFTON CITY            ,4/19/2018,TH,627,1,CLIFTON PD               ,,0,0,0,0,P,B,N,N,1,3,NJ 3                                              ,E,3,,00000003__      ,2.92,2,,2,2,1,2,1,1,2640,FE,W,CR 603 / PASSAIC AVE               ,,,,55,35,40.83592,74.15189,N,,,6:25,120-07443
2.02E+17,PASSAIC     ,CLIFTON CITY            ,10/1/2016,SA,903,1,CLIFTON PD               ,,0,1,0,0,I,B,N,N,2,2,NJ 3                                              ,E,3,,00000003__      ,,2,2,2,2,1,2,2,1,,,,,T,MAIN AVE                 ,,55,,,,N,GUARDRAIL                                                                       ,7079,9:05,120-07448
2013160213-6513                ,PASSAIC     ,CLIFTON CITY            ,6/9/2013,S ,900,1,CLIFTON PD               ,CLIFTON        ,0,0,0,0,P,B,N,N,12,1,NJ 3                                              ,E,3,,00000003__      ,0,2,1,2,1,1,1,1,1,15,FE,W,C                                  ,,,,55,30,,,N,NONE                                                                            ,268,9:00,120-07448