CRASH_ID,CTY_NAME,MUN_NAME,DATE,DAY,TIME,POL_CODE,POL_DEPT,POL_STA,KILLED,INJURED,PED_KILL,PED_INJ,SEVERITY,INTERSEC,ALCOHOL,HAZMAT,CRASH_TYPE,VEH_COUNT,LOCATION,LOC_DIR,ROUTE,RT_SFX,SRI,MP,RD_SYS,RD_CHAR,RD_SURF,SURF_COND,LIGHT,WEATHER,RD_DIV,RD_WRKZN,X_DIST,DIST_UNT,X_DIR,X_NAME,IS_RAMP,RAMP_RT,RAMP_DIR,SPD_LMT,SPD_X,LAT,LONG,CELL_USE,PROP_DMG,BADGE,TIME_ROUND,TMC
2.02E+17,PASSAIC     ,CLIFTON CITY            ,4/19/2018,TH,2023,1,CLIFTON PD               ,,0,0,0,0,P,B,N,N,1,2,NJ 3                                              ,E,3,,00000003__      ,0.02,2,,2,1,6,1,3,1,100,FE,E,US 46 / CR 621 / VALLEY RD         ,,,,55,35,40.8701,74.18822,N,,7271,20:25,120-07448
2.02E+17,PASSAIC     ,CLIFTON CITY            ,10/1/2016,SA,2232,1,CLIFTON PD               ,,0,1,0,0,I,B,N,N,1,2,NJ 3                                              ,E,3,,00000003__      ,,2,2,2,2,5,2,1,1,60,FE,E,,F,PASSAIC AVE              ,NB,55,,,,N,NONE                                                                            ,7153,22:30,120-07448
2.02E+17,PASSAIC     ,CLIFTON CITY            ,4/20/2018,FR,808,1,CLIFTON PD               ,,0,0,0,0,P,B,N,N,1,2,NJ 3                                              ,E,3,,00000003__      ,0.51,2,,2,1,1,1,1,1,,,,,F,GROVE ST                 ,EB,55,,40.86561,74.18254,N,,7205,8:10,120N07448
2014160214-8730                ,PASSAIC     ,CLIFTON CITY            ,8/14/2014,TH,906,1,CLIFTON PD               ,,0,0,0,0,P,B,N,N,1,2,NJ 3                                              ,E,3,,00000003__      ,,2,4,2,1,1,1,1,1,,,,,T,RT 21                    ,SB,55,,,,N,,260,9:05,120-07448
201516022015-6245              ,PASSAIC     ,CLIFTON CITY            ,2/10/2015,TU,2018,1,CLIFTON PD               ,,0,0,0,0,P,I,N,N,3,2,NJ 3                                              ,E,3,,00000003__      ,,2,1,2,1,6,1,1,1,,AT,,,T,CLIFTON COMMONS          ,,55,,,,N,395 ROUTE 3 EAST (CLIFTON COMMONS) SRHUBS ? SYSTEM LIGHT POLE ?                 ,7029,20:20,120-07448
2.02E+17,PASSAIC     ,CLIFTON CITY            ,10/2/2016,S ,424,1,CLIFTON PD               ,,0,0,0,0,P,B,N,N,2,2,NJ 3                                              ,E,3,,00000003__      ,,2,4,2,2,6,2,2,1,,,,,T,BLOOMFIELD AVE           ,SB,55,,,,N,NONE                                                                            ,7222,4:25,120-07448
2.02E+17,PASSAIC     ,CLIFTON CITY            ,6/23/2017,FR,2022,1,CLIFTON PD               ,,0,1,0,0,I,B,N,N,11,1,NJ 3                                              ,E,3,,00000003__      ,,2,,2,2,7,2,2,1,,,,,F,RIVER RD                 ,EB,25,,40.8266,74.12986,N,,546,20:20,120-07448
2.02E+17,PASSAIC     ,CLIFTON CITY            ,6/24/2017,SA,539,1,CLIFTON PD               ,,0,0,0,0,P,B,N,N,11,1,NJ 3                                              ,E,3,,00000003__      ,3.23,2,,2,2,1,2,1,1,1000,FE,W,CR 603 / PASSAIC AVE               ,,,,55,,40.83385,74.14788,N,,7169,5:40,120-07442
2014160214-8758                ,PASSAIC     ,CLIFTON CITY            ,8/14/2014,TH,2207,1,CLIFTON PD               ,,0,1,0,0,I,I,N,N,1,3,NJ 3                                              ,E,3,,00000003__      ,,2,5,2,1,6,1,1,2,,AT,,,F,ROUTE 21                 ,,45,,,,N,NONE OBSERVED/REPORTED                                                          ,7029,22:05,120-07448
2.02E+17,PASSAIC     ,CLIFTON CITY            ,10/2/2016,S ,1255,1,CLIFTON PD               ,,0,0,0,0,P,B,N,N,1,2,NJ 3                                              ,E,3,,00000003__      ,,2,5,2,1,1,1,2,1,,,,,F,GROVE ST                 ,SB,55,,,,N,NONE                                                                            ,7079,12:55,120-07448
201516022015-7719              ,PASSAIC     ,CLIFTON CITY            ,2/19/2015,TH,2301,1,CLIFTON PD               ,PATROL         ,0,1,0,0,I,I,N,N,11,1,NJ 3                                              ,E,3,,00000003__      ,,2,5,2,1,6,1,2,1,,AT,,,T,BLOOMFIELD AVENUE        ,,35,,,,N,GUARD RAIL DOT FENCE                                                            ,512,23:00,120-07448
2.02E+17,PASSAIC     ,CLIFTON CITY            ,10/3/2016,M ,839,1,CLIFTON PD               ,,0,1,0,0,I,B,N,N,15,1,NJ 3                                              ,E,3,,00000003__      ,1.44,2,1,2,1,1,1,1,1,225,FE,E,GARDEN STATE PARKWAY               ,,,,55,,,,N,NONE                                                                            ,7179,8:40,120-07444
2.02E+17,PASSAIC     ,CLIFTON CITY            ,6/25/2017,SU,1322,1,CLIFTON PD               ,,0,0,0,0,P,B,N,N,1,3,NJ 3                                              ,E,3,,00000003__      ,,2,,2,1,1,1,1,1,,,,,T,RT 21                    ,SB,55,,40.82094,74.12973,N,,,13:20,120-07448
2.02E+17,PASSAIC     ,CLIFTON CITY            ,4/22/2018,SU,438,1,CLIFTON PD               ,,0,2,0,0,I,B,N,N,6,2,NJ 3                                              ,E,3,,00000003__      ,1.84,2,,2,1,6,1,2,1,300,FE,E,HEPBURN RD                         ,,,,50,25,40.84858,74.17196,N,,7241,4:40,120-07444
2.02E+17,PASSAIC     ,CLIFTON CITY            ,6/25/2017,SU,1346,1,CLIFTON PD               ,,0,1,0,0,I,B,N,N,6,2,NJ 3                                              ,E,3,,00000003__      ,3.23,2,,2,1,1,1,5,1,1000,FE,W,CR 603 / PASSAIC AVE               ,,,,55,35,40.83493,74.14977,N,,7131,13:45,120-07442
2014160214-8840                ,PASSAIC     ,CLIFTON CITY            ,8/17/2014,S ,1606,1,CLIFTON PD               ,,0,0,0,0,P,B,N,N,1,3,NJ 3                                              ,E,3,,00000003__      ,3.78,2,2,2,1,1,1,1,1,200,FE,W,CR 601 / MAIN AVE                  ,,,,55,35,40.83166,74.14271,N,NONE                                                                            ,239,16:05,120-04740
201516022015-8844              ,PASSAIC     ,CLIFTON CITY            ,2/26/2015,TH,2302,1,CLIFTON PD               ,PLATOON A1     ,0,0,0,0,P,B,N,N,5,2,NJ 3                                              ,E,3,,00000003__      ,,2,6,2,1,6,1,4,1,,,,,T,CR 622                   ,,55,,,,N,GUARDRAIL (RAMP TO RT.3E FROM BLOOMFIELD AVE)                                   ,14324,23:00,120-07448
2.02E+17,PASSAIC     ,CLIFTON CITY            ,4/22/2018,SU,500,1,CLIFTON PD               ,,0,0,0,0,P,B,N,N,2,2,NJ 3                                              ,E,3,,00000003__      ,1.78,2,,2,1,6,1,1,1,10,FE,E,HEPBURN RD                         ,,,,50,25,40.84894,74.17225,N,,7199,5:00,120-07444
2.02E+17,PASSAIC     ,CLIFTON CITY            ,6/27/2017,TU,1332,1,CLIFTON PD               ,,0,0,0,0,P,B,N,N,1,2,NJ 3                                              ,E,3,,00000003__      ,4.29,2,,2,1,1,1,1,1,3150,FE,W,NJ 21                              ,,,,55,55,,,N,,7079,13:30,120N04740
2.02E+17,PASSAIC     ,CLIFTON CITY            ,10/5/2016,W ,1206,1,CLIFTON PD               ,,0,1,0,0,I,B,N,N,1,2,NJ 3                                              ,E,3,,00000003__      ,,2,1,2,1,1,1,1,1,,,,,F,GROVE ST                 ,SB,55,,,,N,NONE                                                                            ,7155,12:05,120-07448
2.02E+17,PASSAIC     ,CLIFTON CITY            ,10/5/2016,W ,1945,1,CLIFTON PD               ,,0,1,0,0,I,B,N,N,1,2,NJ 3                                              ,E,3,,00000003__      ,2.39,2,1,2,1,7,1,1,1,1320,FE,W,CR 622 / BLOOMFIELD AVE            ,,,,55,55,,,N,NONE                                                                            ,7206,19:45,120-07443
2.02E+17,PASSAIC     ,CLIFTON CITY            ,6/27/2017,TU,1450,1,CLIFTON PD               ,,0,0,0,0,P,B,N,N,1,2,NJ 3                                              ,E,3,,00000003__      ,3.33,2,,2,1,1,1,5,1,500,FE,W,CR 603 / PASSAIC AVE               ,,,,55,25,40.83396,74.14808,N,,7201,14:50,120-07442
2013160213-6652                ,PASSAIC     ,CLIFTON CITY            ,6/12/2013,W ,1615,1,CLIFTON PD               ,CLIFTON        ,0,0,0,0,P,B,N,N,1,2,NJ 3                                              ,E,3,,00000003__      ,1.44,2,1,2,1,1,1,1,1,2640,FE,E,GARDEN STATE PARKWAY               ,,,,55,55,,,N,,258,16:15,120-07444
2013160213-666                 ,PASSAIC     ,CLIFTON CITY            ,1/18/2013,F ,715,1,CLIFTON PD               ,,0,0,0,0,P,B,N,N,1,2,NJ 3                                              ,E,3,,00000003__      ,2.7,2,1,2,1,2,1,1,1,300,FE,E,CR 622 / BLOOMFIELD AVE            ,,,,55,35,,,N,,260,7:15,120-07443
2.02E+17,PASSAIC     ,CLIFTON CITY            ,6/27/2017,TU,1451,1,CLIFTON PD               ,,0,0,0,0,P,B,N,N,1,2,NJ 3                                              ,E,3,,00000003__      ,2.73,2,,2,1,1,1,1,1,500,FE,E,CR 622 / BLOOMFIELD AVE            ,,,,55,25,40.83915,74.15854,N,,7166,14:50,120-07443
2.02E+17,PASSAIC     ,CLIFTON CITY            ,10/6/2016,TH,825,1,CLIFTON PD               ,,0,0,0,0,P,B,N,N,1,4,NJ 3                                              ,E,3,,00000003__      ,4.7,2,1,2,1,1,1,1,1,1000,FE,W,NJ 21                              ,,,,55,55,,,N,NONE                                                                            ,7203,8:25,120N04739
2013160213-667                 ,PASSAIC     ,CLIFTON CITY            ,1/18/2013,F ,736,1,CLIFTON PD               ,,0,0,0,0,P,B,N,N,1,3,NJ 3                                              ,E,3,,00000003__      ,4.8,2,1,2,1,2,1,1,2,500,FE,W,NJ 21                              ,,,,55,55,,,N,,260,7:35,120-04738
2.02E+17,PASSAIC     ,CLIFTON CITY            ,7/2/2015,TH,1127,1,CLIFTON PD               ,,0,0,0,0,P,B,N,N,1,2,NJ 3                                              ,E,3,,00000003__      ,,2,1,2,1,1,1,1,1,,,,,F,BLOOMFIELD AVE           ,,55,,,,N,NONE                                                                            ,7174,11:25,120-07448
2.02E+17,PASSAIC     ,CLIFTON CITY            ,6/29/2017,TH,555,1,CLIFTON PD               ,,0,1,0,0,I,B,N,N,1,3,NJ 3                                              ,E,3,,00000003__      ,3.82,2,,2,1,1,1,1,1,,,E,CR 601 / MAIN AVE                  ,,,,55,25,40.83086,74.14225,N,,,5:55,120-04740
2.02E+17,PASSAIC     ,CLIFTON CITY            ,6/29/2017,TH,637,1,CLIFTON PD               ,,0,0,0,0,P,B,N,N,1,2,NJ 3                                              ,E,3,,00000003__      ,3.17,2,,2,1,1,1,1,1,1320,FE,W,CR 603 / PASSAIC AVE               ,,,,55,35,40.83385,74.14788,N,,7221,6:35,120-07442
2014160214-8977                ,PASSAIC     ,CLIFTON CITY            ,8/21/2014,TH,1437,1,CLIFTON PD               ,CLIFTON PD     ,0,0,0,0,P,B,N,N,2,2,NJ 3                                              ,E,3,,00000003__      ,1.53,2,1,2,1,1,1,5,1,500,FE,E,PARKWAY NORTH                      ,,,,55,50,,,N,NONE (PHONE#28-358-8915)                                                        ,,14:35,120-07444
2.02E+17,PASSAIC     ,CLIFTON CITY            ,7/11/2015,SA,1648,1,CLIFTON PD               ,,0,0,0,0,P,B,N,N,4,2,NJ 3                                              ,E,3,,00000003__      ,,2,1,2,1,1,1,1,1,,,,,T,BLOOMFIELD AVE           ,SB,55,,,,N,NONE                                                                            ,7124,16:50,120-07448
2.02E+17,PASSAIC     ,CLIFTON CITY            ,6/29/2017,TH,1150,1,CLIFTON PD               ,,0,0,0,0,P,B,N,N,11,1,NJ 3                                              ,E,3,,00000003__      ,1.27,2,,2,1,1,1,2,1,50,FE,E,ROUTE 509 / BROAD ST               ,,,,55,25,40.85644,74.17953,N,UTILITY POLE - PS8919C                                                          ,7167,11:50,120N07447
2.02E+17,PASSAIC     ,CLIFTON CITY            ,4/26/2018,TH,821,1,CLIFTON PD               ,,0,0,0,0,P,B,N,N,1,2,NJ 3                                              ,E,3,,00000003__      ,1.85,2,,2,1,1,1,5,1,350,FE,E,HEPBURN RD                         ,,,,55,25,40.84937,74.17239,N,,7096,8:20,120-07444
2.02E+17,PASSAIC     ,CLIFTON CITY            ,7/13/2015,M ,1847,1,CLIFTON PD               ,,0,0,0,0,P,B,N,N,1,2,NJ 3                                              ,E,3,,00000003__      ,,2,5,2,1,1,1,1,1,,,,,F,PASSAIC AVE              ,,25,,,,N,NONE                                                                            ,7215,18:45,120-07448
2.02E+17,PASSAIC     ,CLIFTON CITY            ,4/26/2018,TH,855,1,CLIFTON PD               ,,0,0,0,0,P,B,N,N,1,2,NJ 3                                              ,E,3,,00000003__      ,2.59,2,,2,1,1,1,1,1,250,FE,W,CR 622 / BLOOMFIELD AVE            ,,,,55,35,40.8398,74.16093,N,,7135,8:55,120-07443
2014160214-9081                ,PASSAIC     ,CLIFTON CITY            ,8/24/2014,S ,1458,1,CLIFTON PD               ,,0,0,0,0,P,I,N,N,1,2,NJ 3                                              ,E,3,,00000003__      ,,2,4,2,1,1,1,5,1,,AT,,,F,GROVE ST                 ,,55,,,,N,NONE                                                                            ,254,15:00,120-07448
2.02E+17,PASSAIC     ,CLIFTON CITY            ,10/12/2016,W ,949,1,CLIFTON PD               ,,0,0,0,0,P,B,N,N,1,2,NJ 3                                              ,E,3,,00000003__      ,0.01,2,1,2,1,1,1,5,1,50,FE,E,US 46                              ,,,,55,50,,,N,NONE                                                                            ,7167,9:50,120-07448
2014160214-9091                ,PASSAIC     ,CLIFTON CITY            ,8/24/2014,S ,2051,1,CLIFTON PD               ,POST 7         ,0,0,0,0,P,I,N,N,99,1,NJ 3                                              ,E,3,,00000003__      ,,2,2,2,1,5,1,1,2,,AT,E,,T,RT 21                    ,SB,55,,,,N,NONE                                                                            ,7030,20:50,120-07448
2.02E+17,PASSAIC     ,CLIFTON CITY            ,6/29/2017,TH,1810,1,CLIFTON PD               ,,0,0,0,0,P,I,N,N,1,2,NJ 3                                              ,E,3,,00000003__      ,0,2,,2,1,1,1,2,1,,AT,,US 46                              ,,,,55,55,,,N,,543,18:10,120-07448
2013160213-6804                ,PASSAIC     ,CLIFTON CITY            ,6/16/2013,S ,58,1,CLIFTON PD               ,PATROL         ,0,0,0,0,P,B,N,N,11,1,NJ 3                                              ,E,3,,00000003__      ,2.64,2,5,2,1,6,1,2,1,,,,,T,CR 622                   ,,50,,,,N,NONE                                                                            ,3620,6:00,120-07443
2.02E+17,PASSAIC     ,CLIFTON CITY            ,6/30/2017,FR,1201,1,CLIFTON PD               ,,0,0,0,0,P,B,N,N,1,2,NJ 3                                              ,E,3,,00000003__      ,4.89,2,,2,1,1,1,1,1,,,,,T,NJ 21                    ,NB,55,,40.82833,74.12205,N,,7204,12:00,120-04738
2.02E+17,PASSAIC     ,CLIFTON CITY            ,7/19/2015,S ,1632,1,CLIFTON PD               ,,0,4,0,0,I,B,N,N,11,1,NJ 3                                              ,E,3,,00000003__      ,,2,5,2,1,1,1,1,1,2640,FE,W,,T,BLOOMFIELD AVE           ,,55,,,,N,NONE OBSERVED/REPORTED                                                          ,7107,16:30,120-07448
2.02E+17,PASSAIC     ,CLIFTON CITY            ,7/20/2015,M ,1529,1,CLIFTON PD               ,,0,0,0,0,P,B,N,N,1,2,NJ 3                                              ,E,3,,00000003__      ,,2,5,2,1,1,1,2,1,100,FE,E,,F,CR 623                   ,WB,20,,,,N,NONE                                                                            ,7166,15:30,120-07448
2.02E+17,PASSAIC     ,CLIFTON CITY            ,4/27/2018,FR,1225,1,CLIFTON PD               ,,0,0,0,0,P,B,N,N,11,1,NJ 3                                              ,E,3,,00000003__      ,1.57,2,,2,2,1,5,1,1,660,FE,E,GARDEN STATE PARKWAY               ,,,,55,55,40.85141,74.17459,N,,7091,12:25,120-07444
2.02E+17,PASSAIC     ,CLIFTON CITY            ,6/30/2017,FR,1939,1,CLIFTON PD               ,,0,1,0,0,I,B,N,N,10,1,NJ 3                                              ,E,3,,00000003__      ,,2,,2,1,1,1,1,1,,,,,T,RT 21                    ,NB,25,,40.8239,74.12667,N,,545,19:40,120-07448
2013160213-6920                ,PASSAIC     ,CLIFTON CITY            ,6/19/2013,W ,246,1,CLIFTON PD               ,,0,1,0,0,I,B,N,N,2,2,NJ 3                                              ,E,3,,00000003__      ,4.01,2,2,2,2,6,1,1,2,1000,FE,E,CR 601 / MAIN AVE                  ,,,,55,25,,,N,NONE                                                                            ,10048,2:45,120N04740
2.02E+17,PASSAIC     ,CLIFTON CITY            ,7/1/2017,SA,1127,1,CLIFTON PD               ,,0,0,0,0,P,B,N,N,2,2,NJ 3                                              ,E,3,,00000003__      ,4.7,2,,2,1,1,1,5,1,,,,,T,NJ 21                    ,NB,20,,40.82756,74.12273,N,,7167,11:25,120N04739
2.02E+17,PASSAIC     ,CLIFTON CITY            ,7/22/2015,W ,1652,1,CLIFTON PD               ,,0,0,0,0,P,B,N,N,1,2,NJ 3                                              ,E,3,,00000003__      ,,2,1,2,1,1,1,1,1,100,FE,W,,T,BLOOMFIELD AVE           ,,55,,,,N,NONE                                                                            ,,16:50,120-07448
2.02E+17,PASSAIC     ,CLIFTON CITY            ,7/22/2015,W ,1718,1,CLIFTON PD               ,,0,0,0,0,P,B,N,N,1,2,NJ 3                                              ,E,3,,00000003__      ,1.64,2,1,2,1,1,1,1,1,5280,FE,W,CR 622 / BLOOMFIELD AVE            ,,,,55,35,,,N,NONE                                                                            ,7166,17:20,120-07444
2.02E+17,PASSAIC     ,CLIFTON CITY            ,10/16/2016,S ,307,1,CLIFTON PD               ,,0,2,0,0,I,B,N,N,11,1,NJ 3                                              ,E,3,,00000003__      ,3.84,2,2,2,1,6,1,1,1,100,FE,E,CR 601 / MAIN AVE                  ,,,,55,35,,,N,CHAIN LINK FENCE AND BUSHES 395 RT. 3 EAST                                      ,7198,3:05,120-04740
2.02E+17,PASSAIC     ,CLIFTON CITY            ,7/1/2017,SA,1212,1,CLIFTON PD               ,,0,0,0,0,P,B,N,N,11,1,NJ 3                                              ,E,3,,00000003__      ,,2,,2,1,1,1,5,1,,,,,T,MAIN AVE                 ,EB,55,,40.83085,74.14146,N,,7096,12:10,120-07448
2013160213-6923                ,PASSAIC     ,CLIFTON CITY            ,6/19/2013,W ,721,1,CLIFTON PD               ,CLIFTON        ,0,0,0,0,P,B,N,N,2,2,NJ 3                                              ,E,3,,00000003__      ,4.8,2,4,2,1,1,1,5,1,200,FE,,,F,NJ 21                    ,SB,15,,,,N,BUT THE DRIVER MADE NO ATTEMPT TO STOP DRIVER TEL# 847-907-0559                 ,269,7:20,120-04738
2.02E+17,PASSAIC     ,CLIFTON CITY            ,7/2/2017,SU,1405,1,CLIFTON PD               ,,0,2,0,0,I,B,N,N,2,2,NJ 3                                              ,E,3,,00000003__      ,0.02,2,,2,1,1,1,1,1,100,FE,E,US 46                              ,,,,55,55,40.86924,74.18575,N,,7180,14:05,120-07448
2013160213-6925                ,PASSAIC     ,CLIFTON CITY            ,6/19/2013,W ,1114,1,CLIFTON PD               ,,0,1,0,0,I,B,N,N,1,3,NJ 3                                              ,E,3,,00000003__      ,4.5,2,5,2,1,1,1,2,1,,,,,F,NJ 21                    ,SB,35,,,,N,,260,11:15,120N04739
2013160213-6937                ,PASSAIC     ,CLIFTON CITY            ,6/19/2013,W ,1622,1,CLIFTON PD               ,POST 7         ,0,0,0,0,P,B,N,N,1,2,NJ 3                                              ,E,3,,00000003__      ,4.7,2,1,2,1,1,1,1,2,250,FE,W,,,NJ 21                    ,,55,,,,N,,7030,16:20,120N04739
2.02E+17,PASSAIC     ,CLIFTON CITY            ,7/23/2015,TH,1411,1,CLIFTON PD               ,,0,1,0,0,I,B,N,N,8,2,NJ 3                                              ,E,3,,00000003__      ,,2,5,2,1,1,1,2,1,50,FE,W,,,CR 623                   ,EB,20,,,,N,NONE                                                                            ,7166,14:10,120-07448
2.02E+17,PASSAIC     ,CLIFTON CITY            ,10/18/2016,TU,1722,1,CLIFTON PD               ,,0,0,0,0,P,I,N,N,11,1,NJ 3                                              ,E,3,,00000003__      ,,2,5,2,1,1,1,2,1,,AT,,,T,BLOOMFIELD AVE           ,SB,55,,,,N,GUARD RAIL                                                                      ,7224,17:20,120-07448
2.02E+17,PASSAIC     ,CLIFTON CITY            ,4/29/2018,SU,1943,1,CLIFTON PD               ,,0,0,0,0,P,I,N,N,2,2,NJ 3                                              ,E,3,,00000003__      ,0.17,2,,2,1,3,1,1,1,,AT,,US 46                              ,,,,55,55,40.87064,74.18904,N,,7271,19:45,120-07448
2.02E+17,PASSAIC     ,CLIFTON CITY            ,7/23/2015,TH,1740,1,CLIFTON PD               ,,0,0,0,0,P,B,N,N,1,2,NJ 3                                              ,E,3,,00000003__      ,2.39,2,1,2,1,1,1,1,1,1320,FE,W,CR 622 / BLOOMFIELD AVE            ,,,,55,25,,,N,NONE                                                                            ,,17:40,120-07443
2013160213-6948                ,PASSAIC     ,CLIFTON CITY            ,6/19/2013,W ,1916,1,CLIFTON PD               ,POST 7         ,0,0,0,0,P,I,N,N,1,2,NJ 3                                              ,E,3,,00000003__      ,4.7,2,1,2,1,1,1,1,2,,AT,,,F,NJ 21                    ,,55,,,,N,NONE                                                                            ,7030,19:15,120N04739
2.02E+17,PASSAIC     ,CLIFTON CITY            ,7/23/2015,TH,1742,1,CLIFTON PD               ,,0,0,0,0,P,B,N,N,2,3,NJ 3                                              ,E,3,,00000003__      ,2.39,2,1,2,1,1,1,1,1,1320,FE,W,CR 622 / BLOOMFIELD AVE            ,,,,55,,,,N,NONE                                                                            ,,17:40,120-07443
2.02E+17,PASSAIC     ,CLIFTON CITY            ,4/30/2018,MO,752,1,CLIFTON PD               ,,0,0,0,0,P,B,N,N,2,2,NJ 3                                              ,E,3,,00000003__      ,4.89,2,,2,1,1,1,5,1,,,,,F,NJ 21                    ,SB,,,40.82517,74.12953,N,,7118,7:50,120-04738
2.02E+17,PASSAIC     ,CLIFTON CITY            ,5/2/2018,WE,1830,1,CLIFTON PD               ,,0,0,0,0,P,B,N,N,1,3,NJ 3                                              ,E,3,,00000003__      ,3.04,2,,2,1,1,1,1,1,2000,FE,W,CR 603 / PASSAIC AVE               ,,,,55,35,40.83775,74.15583,N,,,18:30,120N07443
2.02E+17,PASSAIC     ,CLIFTON CITY            ,10/21/2016,F ,613,1,CLIFTON PD               ,,0,0,0,0,P,B,N,N,2,2,NJ 3                                              ,E,3,,00000003__      ,,2,1,2,1,6,5,1,1,686,FE,E,,F,GARDEN STATE PARKWA?     ,NB,55,,,,N,NONE                                                                            ,7153,6:15,120-07448
2.02E+17,PASSAIC     ,CLIFTON CITY            ,7/7/2017,FR,2052,1,CLIFTON PD               ,,0,0,0,0,P,B,N,N,1,2,NJ 3                                              ,E,3,,00000003__      ,3.33,2,,2,2,6,5,1,1,500,FE,W,CR 603 / PASSAIC AVE               ,,,,55,25,40.83961,74.15963,N,,,20:50,120-07442
2.02E+17,PASSAIC     ,CLIFTON CITY            ,5/4/2018,FR,1718,1,CLIFTON PD               ,,0,0,0,0,P,B,N,N,1,3,NJ 3                                              ,E,3,,00000003__      ,2.84,2,,2,1,1,1,1,1,1056,FE,E,CR 622 / BLOOMFIELD AVE            ,,,,50,25,40.83883,74.15779,N,,,17:20,120-07443
2.02E+17,PASSAIC     ,CLIFTON CITY            ,7/30/2015,TH,1728,1,CLIFTON PD               ,,0,1,0,0,I,B,N,N,11,1,NJ 3                                              ,E,3,,00000003__      ,2.92,2,1,2,2,1,2,1,1,2640,FE,W,CR 603 / PASSAIC AVE               ,,,,55,35,,,N,MINOR SCRATCHES TO CONCRETE BARRIER                                             ,7166,17:30,120-07443
2014160214-9523                ,PASSAIC     ,CLIFTON CITY            ,9/6/2014,SA,1428,1,CLIFTON PD               ,,0,1,0,0,I,B,N,N,11,1,NJ 3                                              ,E,3,,00000003__      ,3.97,2,1,2,1,1,1,1,2,800,FE,E,CR 601 / MAIN AVE                  ,,,,55,35,40.83022,74.13957,N,,260,14:30,120-04740
2.02E+17,PASSAIC     ,CLIFTON CITY            ,5/4/2018,FR,2142,1,CLIFTON PD               ,,0,0,0,0,P,B,N,N,2,2,NJ 3                                              ,E,3,,00000003__      ,1.79,2,,2,1,6,1,1,1,50,FE,E,HEPBURN RD                         ,,,,55,25,,,N,,7240,21:40,120-07444
2014160214-9591                ,PASSAIC     ,CLIFTON CITY            ,9/8/2014,M ,1703,1,CLIFTON PD               ,PATROL         ,0,1,0,0,I,B,N,N,1,2,NJ 3                                              ,E,3,,00000003__      ,,2,5,2,1,1,1,1,1,100,FE,E,,F,CR 621                   ,EB,25,,,,N,NONE                                                                            ,6019,17:05,120-07448
2.02E+17,PASSAIC     ,CLIFTON CITY            ,7/12/2017,WE,1726,1,CLIFTON PD               ,,0,0,0,0,P,B,N,N,1,2,NJ 3                                              ,E,3,,00000003__      ,2.45,2,,2,1,1,1,1,1,1000,FE,W,CR 622 / BLOOMFIELD AVE            ,,,,55,25,40.84535,74.16901,N,,,17:25,120-07443
2014160214-9592                ,PASSAIC     ,CLIFTON CITY            ,9/8/2014,M ,1710,1,CLIFTON PD               ,,0,1,0,0,I,B,N,N,11,1,NJ 3                                              ,E,3,,00000003__      ,2.56,2,5,2,1,1,1,1,1,400,FE,W,CR 622 / BLOOMFIELD AVE            ,,,,55,25,40.841,74.16246,N,CONCRETE CURB  CHAIN LINKFENCE  SEVERAL SMALL TREES                             ,515,17:10,120-07443
2.02E+17,PASSAIC     ,CLIFTON CITY            ,5/6/2018,SU,1521,1,CLIFTON PD               ,,0,0,0,0,P,B,N,N,1,2,NJ 3                                              ,E,3,,00000003__      ,4.2,2,,2,1,1,1,1,1,,,,,F,RIVER RD                 ,WB,55,,40.82584,74.12717,N,,7271,15:20,120N04740
2.02E+17,PASSAIC     ,CLIFTON CITY            ,5/7/2018,MO,1440,1,CLIFTON PD               ,,0,0,0,0,P,B,N,N,1,2,NJ 3                                              ,E,3,,00000003__      ,0.51,2,,2,1,1,1,1,1,,,,,F,GROVE ST                 ,EB,55,,40.86494,74.18254,N,,7128,14:40,120N07448
2.02E+17,PASSAIC     ,CLIFTON CITY            ,7/14/2017,FR,1631,1,CLIFTON PD               ,,0,0,0,0,P,B,N,N,1,2,NJ 3                                              ,E,3,,00000003__      ,2.92,2,,2,2,1,2,1,1,1500,FE,E,CR 622 / BLOOMFIELD AVE            ,,,,50,25,40.83724,74.15459,N,,547,16:30,120-07443
2013160213-7159                ,PASSAIC     ,CLIFTON CITY            ,6/25/2013,TU,853,1,CLIFTON PD               ,,0,0,0,0,P,B,N,N,2,2,NJ 3                                              ,E,3,,00000003__      ,,2,4,2,1,1,1,1,2,,,,,F,NJ 21                    ,,55,,,,N,,260,8:55,120-07448
2014160214-9593                ,PASSAIC     ,CLIFTON CITY            ,9/8/2014,M ,1712,1,CLIFTON PD               ,CLIFTON        ,0,0,0,0,P,B,N,N,11,1,NJ 3                                              ,E,3,,00000003__      ,,2,1,2,1,1,5,1,1,1320,FE,W,,,CR 622                   ,,55,,,,N,NONE                                                                            ,5008,17:10,120-07448
2.02E+17,PASSAIC     ,CLIFTON CITY            ,8/5/2015,W ,1736,1,CLIFTON PD               ,,0,0,0,0,P,B,N,N,1,2,NJ 3                                              ,E,3,,00000003__      ,,2,5,2,1,1,1,2,1,100,FE,E,,T,ROUTE 3                  ,EB,20,,,,N,NONE                                                                            ,7166,17:35,120-07448