CRASH_ID,CTY_NAME,MUN_NAME,DATE,DAY,TIME,POL_CODE,POL_DEPT,POL_STA,KILLED,INJURED,PED_KILL,PED_INJ,SEVERITY,INTERSEC,ALCOHOL,HAZMAT,CRASH_TYPE,VEH_COUNT,LOCATION,LOC_DIR,ROUTE,RT_SFX,SRI,MP,RD_SYS,RD_CHAR,RD_SURF,SURF_COND,LIGHT,WEATHER,RD_DIV,RD_WRKZN,X_DIST,DIST_UNT,X_DIR,X_NAME,IS_RAMP,RAMP_RT,RAMP_DIR,SPD_LMT,SPD_X,LAT,LONG,CELL_USE,PROP_DMG,BADGE,TIME_ROUND,TMC
2.02E+17,PASSAIC     ,CLIFTON CITY            ,7/15/2017,SA,1446,1,CLIFTON PD               ,,0,0,0,0,P,B,N,N,2,2,NJ 3                                              ,E,3,,00000003__      ,0.32,2,,2,1,1,1,1,1,1000,FE,W,CR 623 / GROVE ST                  ,,,,55,35,40.868,74.18468,N,,,14:45,120-07448
2.02E+17,PASSAIC     ,CLIFTON CITY            ,8/11/2015,TU,706,1,CLIFTON PD               ,,0,0,0,0,P,B,N,N,2,2,NJ 3                                              ,E,3,,00000003__      ,,2,1,2,2,1,2,3,1,,,,,F,BLOOMFIELD AVE           ,SB,55,,,,N,NONE                                                                            ,,7:05,120-07448
2.02E+17,PASSAIC     ,CLIFTON CITY            ,10/22/2016,SA,942,1,CLIFTON PD               ,,0,0,0,0,P,B,N,N,11,1,NJ 3                                              ,E,3,,00000003__      ,,2,4,2,2,1,2,2,1,,,,,T,CR 622                   ,NB,55,,,,N,GUARDRAIL                                                                       ,7144,9:40,120-07448
2.02E+17,PASSAIC     ,CLIFTON CITY            ,10/22/2016,SA,1109,1,CLIFTON PD               ,,0,0,0,0,P,I,N,N,2,2,NJ 3                                              ,E,3,,00000003__      ,1.26,2,4,2,2,1,2,1,1,,AT,,ROUTE 509 / BROAD ST               ,,,,55,35,,,N,NONE                                                                            ,7098,11:10,120N07447
2.02E+17,PASSAIC     ,CLIFTON CITY            ,5/8/2018,TU,1259,1,CLIFTON PD               ,,0,0,0,0,P,I,N,N,11,1,NJ 3                                              ,E,3,,00000003__      ,3.42,2,,2,1,1,1,1,1,,AT,,CR 603 / PASSAIC AVE               ,,,,55,35,40.83429,74.14852,N,TRAFFIC SIGN TRAILER DAMAGED. OWNERS CARBRO CONSTRUCTORS  OF HILLSBOROUGH NJ  N?,7098,13:00,120-07442
2013160213-7213                ,PASSAIC     ,CLIFTON CITY            ,6/26/2013,W ,538,1,CLIFTON PD               ,,0,0,0,0,P,B,N,N,1,2,NJ 3                                              ,E,3,,00000003__      ,4.8,2,1,2,1,1,1,1,2,500,FE,W,NJ 21                              ,,,,55,55,,,N,,260,5:40,120-04738
2.02E+17,PASSAIC     ,CLIFTON CITY            ,7/15/2017,SA,1740,1,CLIFTON PD               ,,0,0,0,0,P,B,N,N,2,2,NJ 3                                              ,E,3,,00000003__      ,,2,,2,1,1,1,5,1,,,,,T,RTE 21                   ,NB,55,,40.8239,74.12667,N,,7118,17:40,120-07448
2.02E+17,PASSAIC     ,CLIFTON CITY            ,8/11/2015,TU,2103,1,CLIFTON PD               ,,0,0,0,0,P,B,N,N,11,1,NJ 3                                              ,E,3,,00000003__      ,,2,5,2,1,5,1,1,1,,,,,T,BLOOMFIELD AVE NORT?     ,NB,55,,,,N,GUARD RAIL                                                                      ,7176,21:05,120-07448
2013160213-7233                ,PASSAIC     ,CLIFTON CITY            ,6/26/2013,W ,1406,1,CLIFTON PD               ,CLIFTON        ,0,0,0,0,P,B,N,N,11,1,NJ 3                                              ,E,3,,00000003__      ,2.26,2,1,2,1,1,5,5,1,2000,FE,W,CR 622 / BLOOMFIELD AVE            ,,,,55,,,,N,POLE 6419C AT 3 EAST A? TO POWER LINE ? (PRIOR TO BLOOMFIELD AVE)               ,269,14:05,120N07444
2.02E+17,PASSAIC     ,CLIFTON CITY            ,7/17/2017,MO,1614,1,CLIFTON PD               ,,0,1,0,0,I,B,N,N,11,1,NJ 3                                              ,E,3,,00000003__      ,0.6,2,,2,1,1,1,1,1,500,FE,E,CR 623 / GROVE ST                  ,,,,55,35,40.86373,74.18146,N,,7226,16:15,120N07448
2.02E+17,PASSAIC     ,CLIFTON CITY            ,10/24/2016,M ,305,1,CLIFTON PD               ,,0,0,0,0,P,B,N,N,12,1,NJ 3                                              ,E,3,,00000003__      ,3.39,2,3,2,1,6,1,1,1,150,FE,W,CR 603 / PASSAIC AVE               ,,,,55,55,,,N,NONE                                                                            ,7225,3:05,120-07442
2014160214-9655                ,PASSAIC     ,CLIFTON CITY            ,9/10/2014,W ,1020,1,CLIFTON PD               ,CLIFTON        ,0,0,0,0,P,B,N,N,1,2,NJ 3                                              ,E,3,,00000003__      ,,2,1,2,1,1,1,1,1,100,FE,W,,T,CR 622                   ,EB,50,,,,N,NONE                                                                            ,7033,10:20,120-07448
2.02E+17,PASSAIC     ,CLIFTON CITY            ,10/24/2016,M ,901,1,CLIFTON PD               ,,0,0,0,0,P,B,N,N,1,2,NJ 3                                              ,E,3,,00000003__      ,2.66,2,1,2,1,1,1,1,1,100,FE,E,CR 622 / BLOOMFIELD AVE            ,,,,55,35,,,N,NONE                                                                            ,7118,9:00,120-07443
2.02E+17,PASSAIC     ,CLIFTON CITY            ,7/17/2017,MO,1745,1,CLIFTON PD               ,,0,1,0,0,I,B,N,N,1,2,NJ 3                                              ,E,3,,00000003__      ,,2,,2,1,1,1,1,1,,,,,F,CR 622                   ,SB,55,,40.83956,74.15953,N,,7206,17:45,120-07448
2.02E+17,PASSAIC     ,CLIFTON CITY            ,5/8/2018,TU,1908,1,CLIFTON PD               ,,0,1,0,0,I,B,N,N,11,1,NJ 3                                              ,E,3,,00000003__      ,0.52,2,,2,1,3,1,1,1,75,FE,E,CR 623 / GROVE ST                  ,,,,55,35,40.85491,74.17878,N,,7254,19:10,120N07448
2013160213-7283                ,PASSAIC     ,CLIFTON CITY            ,6/27/2013,TH,2116,1,CLIFTON PD               ,CLIFTON        ,0,0,0,0,P,B,N,N,11,1,NJ 3                                              ,E,3,,00000003__      ,1.84,2,1,2,2,6,2,1,1,300,FE,E,HEPBURN RD                         ,,,,55,25,,,N,,258,21:15,120-07444
2.02E+17,PASSAIC     ,CLIFTON CITY            ,8/14/2015,F ,1413,1,CLIFTON PD               ,,0,0,0,0,P,B,N,N,1,2,NJ 3                                              ,E,3,,00000003__      ,,2,4,2,1,1,1,5,1,5,FE,N,,F,GROVE STREET             ,EB,55,,,,N,NONE                                                                            ,7131,14:15,120-07448
2.02E+17,PASSAIC     ,CLIFTON CITY            ,5/9/2018,WE,1416,1,CLIFTON PD               ,,0,0,0,0,P,B,N,N,2,2,NJ 3                                              ,E,3,,00000003__      ,1.18,2,,2,1,1,1,1,1,400,FE,W,ROUTE 509 / BROAD ST               ,,,,55,35,40.8571,74.17959,N,,7226,14:15,120N07447
2013160213-7327                ,PASSAIC     ,CLIFTON CITY            ,6/29/2013,SA,1108,1,CLIFTON PD               ,,0,1,0,0,I,B,N,N,1,2,NJ 3                                              ,E,3,,00000003__      ,4.7,2,1,2,1,1,1,1,2,,,,,F,NJ 21                    ,NB,55,,,,N,NONE                                                                            ,?    ,11:10,120N04739
2.02E+17,PASSAIC     ,CLIFTON CITY            ,8/15/2015,SA,735,1,CLIFTON PD               ,,0,0,0,0,P,B,N,N,2,2,NJ 3                                              ,E,3,,00000003__      ,4.83,2,1,2,1,1,1,1,1,300,FE,W,NJ 21                              ,,,,55,55,,,N,NONE                                                                            ,7118,7:35,120-04738
2014160214-9743                ,PASSAIC     ,CLIFTON CITY            ,9/12/2014,F ,1724,1,CLIFTON PD               ,PATROL 7C      ,0,0,0,0,P,B,N,N,1,2,NJ 3                                              ,E,3,,00000003__      ,,2,1,2,1,1,1,4,1,100,FE,,,,CR 622                   ,,55,,,,N,NONE                                                                            ,498,17:25,120-07448
2.02E+17,PASSAIC     ,CLIFTON CITY            ,8/15/2015,SA,1337,1,CLIFTON PD               ,,0,1,0,0,I,B,N,N,1,2,NJ 3                                              ,E,3,,00000003__      ,,2,2,2,1,1,1,5,1,500,FE,E,,F,ROUTE 21                 ,SB,,,,,N,NONE                                                                            ,7131,13:35,120-07448
2013160213-7370                ,PASSAIC     ,CLIFTON CITY            ,6/30/2013,S ,1054,1,CLIFTON PD               ,CLIFTON        ,0,0,0,0,P,B,N,N,11,1,NJ 3                                              ,E,3,,00000003__      ,0.32,2,1,2,1,1,1,5,1,1000,FE,W,CR 623 / GROVE ST                  ,,,,55,,,,N,NONE                                                                            ,269,10:55,120-07448
2014160214-9777                ,PASSAIC     ,CLIFTON CITY            ,9/13/2014,SA,1757,1,CLIFTON PD               ,CLIFTON        ,0,0,0,0,P,B,N,N,1,2,NJ 3                                              ,E,3,,00000003__      ,,2,6,2,2,1,2,1,1,,,,,T,RT 21                    ,SB,55,,,,N,NONE                                                                            ,522,17:55,120-07448
2.02E+17,PASSAIC     ,CLIFTON CITY            ,10/26/2016,W ,826,1,CLIFTON PD               ,,0,0,0,0,P,B,N,N,1,3,NJ 3                                              ,E,3,,00000003__      ,,2,1,2,1,1,1,5,1,50,FE,E,,F,BLOOMFIELD AVE           ,,55,,,,N,NONE                                                                            ,7118,8:25,120-07448
2.02E+17,PASSAIC     ,CLIFTON CITY            ,8/16/2015,S ,221,1,CLIFTON PD               ,,0,0,0,0,P,B,N,N,11,1,NJ 3                                              ,E,3,,00000003__      ,1.2,2,1,2,1,6,1,1,1,300,FE,W,ROUTE 509 / BROAD ST               ,,,,50,,,,N,MINOR DAMAGE TO POLE #10537C                                                    ,7210,2:20,120N07447
2.02E+17,PASSAIC     ,CLIFTON CITY            ,10/26/2016,W ,935,1,CLIFTON PD               ,,0,0,0,0,P,B,N,N,1,2,NJ 3                                              ,E,3,,00000003__      ,,2,1,2,1,1,1,1,1,25,FE,W,,F,BLOOMFIELD AVE           ,SB,55,,,,N,NONE                                                                            ,7157,9:35,120-07448
2.02E+17,PASSAIC     ,CLIFTON CITY            ,5/11/2018,FR,1848,1,CLIFTON PD               ,,0,1,0,0,I,B,N,N,1,2,NJ 3                                              ,E,3,,00000003__      ,4.83,2,,2,1,1,1,1,1,300,FE,W,NJ 21                              ,,,,55,55,40.8238,74.12568,N,,7201,18:50,120-04738
2.02E+17,PASSAIC     ,CLIFTON CITY            ,5/11/2018,FR,1942,1,CLIFTON PD               ,,0,1,0,0,I,B,N,N,1,2,NJ 3                                              ,E,3,,00000003__      ,4.8,2,,2,1,1,1,1,1,500,FE,W,NJ 21                              ,,,,55,55,40.8238,74.12568,N,,7271,19:40,120-04738
2.02E+17,PASSAIC     ,CLIFTON CITY            ,7/23/2017,SU,1702,1,CLIFTON PD               ,,0,1,0,0,I,B,N,N,2,3,NJ 3                                              ,E,3,,00000003__      ,3.77,2,,2,1,1,5,1,1,250,FE,W,CR 601 / MAIN AVE                  ,,,,55,25,40.83232,74.1442,N,MINOR DAMAGE TO BARRIER MEDIAN                                                  ,,17:00,120-04740
2.02E+17,PASSAIC     ,CLIFTON CITY            ,8/18/2015,TU,1659,1,CLIFTON PD               ,,0,0,0,0,P,B,N,N,1,3,NJ 3                                              ,E,3,,00000003__      ,0,2,2,2,1,1,1,2,1,200,FE,E,CR 621                             ,,,,50,35,,,N,NONE                                                                            ,7187,17:00,120-07448
2.02E+17,PASSAIC     ,CLIFTON CITY            ,10/27/2016,TH,1020,1,CLIFTON PD               ,,0,0,0,0,P,B,N,N,1,2,NJ 3                                              ,E,3,,00000003__      ,,2,1,2,2,1,2,5,1,,,,,F,BLOOMFIELD AVE           ,EB,55,,,,N,NONE                                                                            ,7135,10:20,120-07448
2.02E+17,PASSAIC     ,CLIFTON CITY            ,7/24/2017,MO,929,1,CLIFTON PD               ,,0,1,0,0,I,B,N,N,1,2,NJ 3                                              ,E,3,,00000003__      ,2.83,2,,2,2,1,2,5,1,1000,FE,E,CR 622 / BLOOMFIELD AVE            ,,,,55,25,40.8392,74.15877,N,,7096,9:30,120-07443
2.02E+17,PASSAIC     ,CLIFTON CITY            ,5/18/2018,FR,2224,1,CLIFTON PD               ,,0,1,0,0,I,B,N,N,2,2,NJ 3                                              ,E,3,,00000003__      ,4.85,2,,2,1,6,1,1,1,200,FE,W,NJ 21                              ,,,,55,55,,,N,,7208,22:25,120-04738
2.02E+17,PASSAIC     ,CLIFTON CITY            ,5/19/2018,SA,923,1,CLIFTON PD               ,,0,1,0,0,I,B,N,N,1,2,NJ 3                                              ,E,3,,00000003__      ,2.8,2,,2,2,1,2,5,1,,,,,F,CR 622                   ,EB,55,,40.8398,74.16093,N,,7096,9:25,120-07443
2.02E+17,PASSAIC     ,CLIFTON CITY            ,7/25/2017,TU,1828,1,CLIFTON PD               ,,0,0,0,0,P,B,N,N,1,2,NJ 3                                              ,E,3,,00000003__      ,3.42,2,,2,1,1,1,1,1,,,,,F,PASSAIC AVE/CR603        ,SB,55,,40.83435,74.14791,N,,7206,18:30,120-07442
2.02E+17,PASSAIC     ,CLIFTON CITY            ,5/19/2018,SA,1029,1,CLIFTON PD               ,,0,0,0,0,P,B,N,N,2,2,NJ 3                                              ,E,3,,00000003__      ,3.9,2,,2,2,1,2,1,1,,,,,T,MAIN AVE                 ,NB,55,,40.83074,74.14155,N,,7099,10:30,120-04740
2013160213-7483                ,PASSAIC     ,CLIFTON CITY            ,7/2/2013,TU,1632,1,CLIFTON PD               ,CLIFTON        ,0,0,0,0,P,B,N,N,1,3,NJ 3                                              ,E,3,,00000003__      ,4.89,2,1,2,1,1,1,1,1,200,FE,W,,T,NJ 21                    ,SB,50,,,,N,,279,16:30,120-04738
2.02E+17,PASSAIC     ,CLIFTON CITY            ,10/27/2016,TH,2311,1,CLIFTON PD               ,,0,0,0,0,P,B,N,N,11,1,NJ 3                                              ,E,3,,00000003__      ,,2,1,2,2,6,2,1,1,800,FE,W,,T,RT 21                    ,SB,55,,,,N,NONE                                                                            ,7225,23:10,120-07448
2.02E+17,PASSAIC     ,CLIFTON CITY            ,5/19/2018,SA,1434,1,CLIFTON PD               ,,0,0,0,0,P,B,N,N,8,2,NJ 3                                              ,E,3,,00000003__      ,3.33,2,,2,2,1,2,2,1,500,FE,W,CR 603 / PASSAIC AVE               ,,,,55,25,,,N,,7201,14:35,120-07442
2013160213-7484                ,PASSAIC     ,CLIFTON CITY            ,7/2/2013,TU,1642,1,CLIFTON PD               ,POST 7         ,0,0,0,0,P,B,N,N,1,3,NJ 3                                              ,E,3,,00000003__      ,4.7,2,1,2,1,1,1,1,1,,,W,,T,NJ 21                    ,SB,55,,,,N,,7030,16:40,120N04739
2.02E+17,PASSAIC     ,CLIFTON CITY            ,7/26/2017,WE,2054,1,CLIFTON PD               ,,0,0,0,0,P,B,N,N,1,2,NJ 3                                              ,E,3,,00000003__      ,,2,,2,1,6,1,5,1,,,,,F,GROVE ST                 ,NB,55,,40.86494,74.18254,N,,545,20:55,120-07448
2.01E+13,PASSAIC     ,CLIFTON CITY            ,3/17/2014,M ,1513,1,CLIFTON PD               ,,0,0,0,0,P,B,N,N,1,2,NJ 3                                              ,E,3,,00000003__      ,0,2,3,2,1,1,1,1,1,,,,,F,RT 21                    ,SB,55,,40.87102,74.18962,N,NONE                                                                            ,523,15:15,120-07448
2.02E+17,PASSAIC     ,CLIFTON CITY            ,7/27/2017,TH,509,1,CLIFTON PD               ,,0,1,0,0,I,B,N,N,2,2,NJ 3                                              ,E,3,,00000003__      ,0.04,2,,2,1,6,1,3,1,200,FE,E,US 46                              ,,,,55,55,40.86924,74.18575,N,,7241,5:10,120-07448
2.02E+17,PASSAIC     ,CLIFTON CITY            ,10/28/2016,F ,1212,1,CLIFTON PD               ,,0,3,0,0,I,I,N,N,2,4,NJ 3                                              ,E,3,,00000003__      ,2.64,2,1,2,1,1,1,1,1,,AT,,CR 622 / BLOOMFIELD AVE            ,,,,55,25,,,N,NONE                                                                            ,7098,12:10,120-07443
2.02E+17,PASSAIC     ,CLIFTON CITY            ,5/19/2018,SA,1722,1,CLIFTON PD               ,,0,1,0,0,I,B,N,N,3,2,NJ 3                                              ,E,3,,00000003__      ,4.9,2,,2,2,1,2,2,1,,,,,T,NJ 21                    ,SB,55,,40.82377,74.12785,N,,7105,17:20,120-04738
2.01E+13,PASSAIC     ,CLIFTON CITY            ,5/31/2014,SA,1136,1,CLIFTON PD               ,,0,0,0,0,P,B,N,N,1,2,NJ 3                                              ,E,3,,00000003__      ,,2,1,2,1,1,1,1,2,,FE,,,F,NJ 21                    ,EB,55,,,,N,,260,11:35,120-07448
2.02E+17,PASSAIC     ,CLIFTON CITY            ,10/28/2016,F ,1719,1,CLIFTON PD               ,,0,0,0,0,P,B,N,N,1,2,NJ 3                                              ,E,3,,00000003__      ,,2,1,2,1,1,1,1,2,,,,,F,GARDEN STATE PARKWAY     ,,55,,,,N,NONE                                                                            ,7166,17:20,120-07448
2.02E+17,PASSAIC     ,CLIFTON CITY            ,7/30/2017,SU,1058,1,CLIFTON PD               ,,0,0,0,0,P,B,N,N,1,2,NJ 3                                              ,E,3,,00000003__      ,,2,,2,1,1,1,1,1,,,,,F,GROVE ST                 ,SB,55,,40.86494,74.18254,N,,7135,11:00,120-07448
2.02E+17,PASSAIC     ,CLIFTON CITY            ,7/30/2017,SU,1618,1,CLIFTON PD               ,,0,0,0,0,P,B,N,N,2,2,NJ 3                                              ,E,3,,00000003__      ,0.26,2,,2,1,1,1,1,1,5280,FE,W,ROUTE 509 / BROAD ST               ,,,,55,25,40.86487,74.1819,N,,,16:20,120-07448
2.02E+17,PASSAIC     ,CLIFTON CITY            ,5/21/2018,MO,850,1,CLIFTON PD               ,,0,0,0,0,P,B,N,N,1,2,NJ 3                                              ,E,3,,00000003__      ,3.86,2,,2,1,1,1,5,1,200,FE,E,CR 601 / MAIN AVE                  ,,,,55,35,40.82993,74.13906,N,,7131,8:50,120-04740
2.02E+17,PASSAIC     ,CLIFTON CITY            ,9/2/2015,W ,1715,1,WAYNE PD                 ,,0,1,0,0,I,B,N,N,1,2,NJ 3                                              ,E,3,,00000003__      ,,2,1,2,1,1,1,2,1,,,,,F,GROVE ST                 ,EB,50,,,,N,NONE                                                                            ,7239,17:15,120-07448
2.02E+17,PASSAIC     ,CLIFTON CITY            ,10/30/2016,S ,1321,1,CLIFTON PD               ,,0,0,0,0,P,B,N,N,1,2,NJ 3                                              ,E,3,,00000003__      ,,2,1,2,1,1,1,5,1,,,,,F,395 RTE 3 E              ,EB,55,,,,N,NONE                                                                            ,7118,13:20,120-07448
2.02E+17,PASSAIC     ,CLIFTON CITY            ,10/30/2016,S ,1714,1,CLIFTON PD               ,,0,0,0,0,P,B,N,N,1,3,NJ 3                                              ,E,3,,00000003__      ,1.64,2,1,2,2,5,2,1,1,5280,FE,W,CR 622 / BLOOMFIELD AVE            ,,,,55,25,,,N,NONE                                                                            ,7244,17:15,120-07444
2.02E+17,PASSAIC     ,CLIFTON CITY            ,8/1/2017,TU,819,1,CLIFTON PD               ,,0,1,0,0,I,B,N,N,10,1,NJ 3                                              ,E,3,,00000003__      ,4.84,2,,2,1,1,1,1,1,250,FE,W,NJ 21                              ,,,,55,55,40.82742,74.13368,N,DAMAGED BP GAS STATION (265 RT. 3 EAST) EXTERIOR PARKING LOT LIGHT POLE.        ,7099,8:20,120-04738
2013160213-7702                ,PASSAIC     ,CLIFTON CITY            ,7/8/2013,M ,1506,1,CLIFTON PD               ,PATROL         ,0,0,0,0,P,B,N,N,1,2,NJ 3                                              ,E,3,,00000003__      ,,2,5,2,1,1,1,2,1,100,FE,E,,T,GROVE ST                 ,EB,20,,,,N,NONE                                                                            ,6011,15:05,120-07448
201416022014-100534            ,PASSAIC     ,CLIFTON CITY            ,12/13/2014,SA,131,1,CLIFTON PD               ,PATROL DIV.    ,0,0,0,0,P,B,N,N,6,2,NJ 3                                              ,E,3,,00000003__      ,3.42,2,3,2,1,6,1,1,1,250,FE,W,PASSAIC AVE                        ,,,,55,35,,,N,NONE                                                                            ,,1:30,120-07442
2.02E+17,PASSAIC     ,CLIFTON CITY            ,11/2/2016,W ,922,1,CLIFTON PD               ,,0,0,0,0,P,B,N,N,2,2,NJ 3                                              ,E,3,,00000003__      ,0.47,2,1,2,1,1,1,1,1,200,FE,W,CR 623 / GROVE ST                  ,,,,55,35,,,N,NONE                                                                            ,7135,9:20,120N07448
2.02E+17,PASSAIC     ,CLIFTON CITY            ,8/1/2017,TU,1131,1,CLIFTON PD               ,,0,1,0,0,I,B,N,N,1,3,NJ 3                                              ,E,3,,00000003__      ,1.37,2,,2,1,1,1,5,1,600,FE,E,ROUTE 509 / BROAD ST               ,,,,55,25,40.85429,74.1773,N,,,11:30,120-07444
2.02E+17,PASSAIC     ,CLIFTON CITY            ,9/4/2015,F ,2117,1,CLIFTON PD               ,,0,0,0,0,P,B,N,N,1,2,NJ 3                                              ,E,3,,00000003__      ,,2,2,2,1,6,1,1,1,,,,,F,CR 603                   ,,55,,,,N,NONE                                                                            ,7166,21:15,120-07448
2.02E+17,PASSAIC     ,CLIFTON CITY            ,8/1/2017,TU,1139,1,CLIFTON PD               ,,0,1,0,0,I,B,N,N,1,2,NJ 3                                              ,E,3,,00000003__      ,1.52,2,,2,1,1,1,1,1,50,FE,W,GARDEN STATE PARKWAY               ,,,,55,55,40.85473,74.17765,N,,7099,11:40,120-07444
2013160213-7896                ,PASSAIC     ,CLIFTON CITY            ,7/13/2013,SA,1226,1,CLIFTON PD               ,,0,0,0,0,P,B,N,N,1,2,NJ 3                                              ,E,3,,00000003__      ,3.73,2,2,2,1,1,1,1,1,500,FE,W,CR 601 / MAIN AVE                  ,,,,55,35,,,N,,260,12:25,120-04740
2.02E+17,PASSAIC     ,CLIFTON CITY            ,5/24/2018,TH,1152,1,CLIFTON PD               ,,0,1,0,0,I,B,N,N,1,2,NJ 3                                              ,E,3,,00000003__      ,3.83,2,,2,1,1,1,1,1,50,FE,E,CR 601 / MAIN AVE                  ,,,,55,25,40.83086,74.14225,N,,7157,11:50,120-04740
2.02E+17,PASSAIC     ,CLIFTON CITY            ,8/1/2017,TU,1619,1,CLIFTON PD               ,,0,0,0,0,P,B,N,N,3,2,NJ 3                                              ,E,3,,00000003__      ,2.64,2,,2,1,1,1,1,1,,,W,CR 622 / BLOOMFIELD AVE            ,,,,50,35,40.8398,74.16093,N,,550,16:20,120-07443
2013160213-7913                ,PASSAIC     ,CLIFTON CITY            ,7/14/2013,S ,634,1,CLIFTON PD               ,PATROLS        ,0,0,0,0,P,B,N,N,11,1,NJ 3                                              ,E,3,,00000003__      ,2.64,2,5,2,2,1,1,1,1,,,,,T,CR 622                   ,,55,,,,N,GUARD?                                                                          ,10045,6:35,120-07443
2.02E+17,PASSAIC     ,CLIFTON CITY            ,8/1/2017,TU,2142,1,CLIFTON PD               ,,0,0,0,0,P,B,N,N,1,2,NJ 3                                              ,E,3,,00000003__      ,,2,,2,1,6,1,1,1,,,,,F,GROVE ST                 ,SB,55,,40.86567,74.18264,N,,547,21:40,120-07448
2.02E+17,PASSAIC     ,CLIFTON CITY            ,5/25/2018,FR,1526,1,CLIFTON PD               ,,0,1,0,0,I,B,N,N,1,3,NJ 3                                              ,E,3,,00000003__      ,2.66,2,,2,1,1,1,1,1,100,FE,E,CR 622 / BLOOMFIELD AVE            ,,,,55,25,40.83951,74.15935,N,,,15:25,120-07443
2.02E+17,PASSAIC     ,CLIFTON CITY            ,11/2/2016,W ,2003,1,CLIFTON PD               ,,0,0,0,0,P,B,N,N,1,2,NJ 3                                              ,E,3,,00000003__      ,2.7,2,1,2,1,6,1,4,1,300,FE,E,CR 622 / BLOOMFIELD AVE            ,,,,55,25,,,N,NONE                                                                            ,7245,20:05,120-07443
2013160213-793                 ,PASSAIC     ,CLIFTON CITY            ,1/22/2013,TU,752,1,CLIFTON PD               ,,0,0,0,0,P,B,N,N,1,2,NJ 3                                              ,E,3,,00000003__      ,3.46,2,2,2,1,1,1,1,1,200,FE,E,CR 603 / PASSAIC AVE               ,,,,55,35,,,N,NONE                                                                            ,277,7:50,120N07442
2013160213-7936                ,PASSAIC     ,CLIFTON CITY            ,7/14/2013,S ,1835,1,CLIFTON PD               ,,0,1,0,0,I,I,N,N,10,1,NJ 3                                              ,E,3,,00000003__      ,0,2,2,2,1,1,1,2,1,,AT,,US 46                              ,,,,55,55,,,N,NONE                                                                            ,239,18:35,120-07448
2.02E+17,PASSAIC     ,CLIFTON CITY            ,5/25/2018,FR,1546,1,CLIFTON PD               ,,0,0,0,0,P,B,N,N,1,3,NJ 3                                              ,E,3,,00000003__      ,1.24,2,,2,1,1,1,1,1,100,FE,W,ROUTE 509 / BROAD ST               ,,,,55,35,40.85751,74.17965,N,,,15:45,120N07447
2.02E+17,PASSAIC     ,CLIFTON CITY            ,11/3/2016,TH,711,1,CLIFTON PD               ,,0,0,0,0,P,B,N,N,1,2,NJ 3                                              ,E,3,,00000003__      ,3.86,2,1,2,1,1,1,1,1,200,FE,E,CR 601 / MAIN AVE                  ,,,,55,25,,,N,NONE                                                                            ,7203,7:10,120-04740
2.02E+17,PASSAIC     ,CLIFTON CITY            ,9/8/2015,TU,1721,1,CLIFTON PD               ,,0,0,0,0,P,I,N,N,1,2,NJ 3                                              ,E,3,,00000003__      ,,2,1,2,1,1,1,1,1,,AT,,,F,CLIFTON COMMONS          ,,55,,,,N,NONE OBSERVED/REPORTED                                                          ,7177,17:20,120-07448
2.02E+17,PASSAIC     ,CLIFTON CITY            ,5/25/2018,FR,1546,1,CLIFTON PD               ,,0,0,0,0,P,B,N,N,2,2,NJ 3                                              ,E,3,,00000003__      ,2.63,2,,2,1,1,1,1,0,75,FE,W,CR 622 / BLOOMFIELD AVE            ,,,,55,35,40.84006,74.16065,N,,7105,15:45,120-07443
2.02E+17,PASSAIC     ,CLIFTON CITY            ,11/3/2016,TH,735,1,CLIFTON PD               ,,0,0,0,0,P,B,N,N,2,2,NJ 3                                              ,E,3,,00000003__      ,3.86,2,1,2,1,1,1,1,1,200,FE,E,CR 601 / MAIN AVE                  ,,,,55,25,,,N,NONE                                                                            ,7135,7:35,120-04740
2013160213-7944                ,PASSAIC     ,CLIFTON CITY            ,7/14/2013,S ,2157,1,CLIFTON PD               ,POST 7         ,0,0,0,0,P,B,N,N,1,2,NJ 3                                              ,E,3,,00000003__      ,4.8,2,4,2,1,6,1,2,2,,,,,F,NJ 21                    ,NB,30,,,,N,NONE                                                                            ,8037,21:55,120-04738
2.02E+17,PASSAIC     ,CLIFTON CITY            ,9/8/2015,TU,1746,1,CLIFTON PD               ,,0,0,0,0,P,B,N,N,1,2,NJ 3                                              ,E,3,,00000003__      ,,2,1,2,1,1,1,1,1,250,FE,E,,T,CR 622                   ,NB,55,,,,N,NONE                                                                            ,7215,17:45,120-07448
2013160213-795                 ,PASSAIC     ,CLIFTON CITY            ,1/22/2013,TU,829,1,CLIFTON PD               ,,0,0,0,0,P,B,N,N,1,3,NJ 3                                              ,E,3,,00000003__      ,3.29,2,2,2,1,1,1,1,1,686,FE,W,CR 603 / PASSAIC AVE               ,,,,55,35,,,N,NONE                                                                            ,E#224,8:30,120-07442