CRASH_ID,CTY_NAME,MUN_NAME,DATE,DAY,TIME,POL_CODE,POL_DEPT,POL_STA,KILLED,INJURED,PED_KILL,PED_INJ,SEVERITY,INTERSEC,ALCOHOL,HAZMAT,CRASH_TYPE,VEH_COUNT,LOCATION,LOC_DIR,ROUTE,RT_SFX,SRI,MP,RD_SYS,RD_CHAR,RD_SURF,SURF_COND,LIGHT,WEATHER,RD_DIV,RD_WRKZN,X_DIST,DIST_UNT,X_DIR,X_NAME,IS_RAMP,RAMP_RT,RAMP_DIR,SPD_LMT,SPD_X,LAT,LONG,CELL_USE,PROP_DMG,BADGE,TIME_ROUND,TMC
2.02E+17,PASSAIC     ,CLIFTON CITY            ,9/8/2015,TU,1823,1,CLIFTON PD               ,,0,0,0,0,P,B,N,N,1,2,NJ 3                                              ,E,3,,00000003__      ,,2,1,2,1,1,1,1,1,300,FE,W,,T,BLOOMFIELD AVE           ,,55,,,,N,NONE OBSERVED/REPORTED                                                          ,7177,18:25,120-07448
2.02E+17,PASSAIC     ,CLIFTON CITY            ,5/25/2018,FR,1719,1,CLIFTON PD               ,,0,0,0,0,P,B,N,N,1,2,NJ 3                                              ,E,3,,00000003__      ,2.62,2,,2,1,1,1,1,1,100,FE,W,CR 622 / BLOOMFIELD AVE            ,,,,55,25,40.8398,74.16093,N,,7271,17:20,120-07443
2.02E+17,PASSAIC     ,CLIFTON CITY            ,8/2/2017,WE,1700,1,CLIFTON PD               ,,0,0,0,0,P,B,N,N,1,2,NJ 3                                              ,E,3,,00000003__      ,2.7,2,,2,2,1,2,1,1,330,FE,E,CR 622 / BLOOMFIELD AVE            ,,,,55,25,40.83801,74.15611,N,,7206,17:00,120-07443
2013160213-8020                ,PASSAIC     ,CLIFTON CITY            ,7/17/2013,W ,655,1,CLIFTON PD               ,,0,0,0,0,P,B,N,N,1,2,NJ 3                                              ,E,3,,00000003__      ,4.42,2,1,2,1,1,1,1,2,,,W,CR 624 / OAK RD / RIVER RD         ,,,,50,25,,,N,NONE                                                                            ,48,6:55,120-04739
2013160213-8039                ,PASSAIC     ,CLIFTON CITY            ,7/17/2013,W ,1525,1,CLIFTON PD               ,PATROL         ,0,0,0,0,P,B,N,N,2,2,NJ 3                                              ,E,3,,00000003__      ,0,2,1,2,1,1,1,1,1,100,FE,E,US 46                              ,,,,55,50,,,N,NONE                                                                            ,6019,15:25,120-07448
2.02E+17,PASSAIC     ,CLIFTON CITY            ,11/7/2016,M ,819,1,CLIFTON PD               ,,0,0,0,0,P,B,N,N,2,2,NJ 3                                              ,E,3,,00000003__      ,1.8,2,1,2,1,1,1,1,1,100,FE,E,HEPBURN RD                         ,,,,55,25,,,N,NONE                                                                            ,7124,8:20,120-07444
2.02E+17,PASSAIC     ,CLIFTON CITY            ,5/28/2018,MO,1956,1,CLIFTON PD               ,,0,0,0,0,P,B,N,N,12,1,NJ 3                                              ,E,3,,00000003__      ,1.18,2,,2,1,1,1,1,1,400,FE,W,ROUTE 509 / BROAD ST               ,,,,50,35,40.85897,74.18038,N,,7232,19:55,120N07447
201416022014-11173             ,PASSAIC     ,CLIFTON CITY            ,10/19/2014,S ,1521,1,CLIFTON PD               ,,0,0,0,0,P,B,N,N,2,2,NJ 3                                              ,E,3,,00000003__      ,,2,2,2,1,1,1,1,1,400,FE,W,,T,RT 21                    ,SB,55,,,,N,NONE OBSEVED/REPORTED                                                           ,7029,15:20,120-07448
2.02E+17,PASSAIC     ,CLIFTON CITY            ,8/6/2017,SU,2235,1,CLIFTON PD               ,,0,0,0,0,P,B,N,N,1,2,NJ 3                                              ,E,3,,00000003__      ,3.51,2,,2,1,6,1,1,1,500,FE,E,CR 603 / PASSAIC AVE               ,,,,55,35,,,N,,7233,22:35,120-04740
201416022014-11370             ,PASSAIC     ,CLIFTON CITY            ,10/24/2014,F ,1725,1,CLIFTON PD               ,CLIFTON        ,0,1,0,0,I,B,N,N,1,3,NJ 3                                              ,E,3,,00000003__      ,,2,4,2,1,1,1,1,1,,,,,T,RT 21                    ,,50,,,,N,NONE                                                                            ,14524,17:25,120-07448
2.02E+17,PASSAIC     ,CLIFTON CITY            ,8/8/2017,TU,16,1,CLIFTON PD               ,,0,0,0,0,P,B,N,N,11,1,NJ 3                                              ,E,3,,00000003__      ,,2,,2,2,6,1,1,1,2640,FE,,,T,RT 21                    ,SB,55,,40.82933,74.13805,N,,7238,1:15,120-07448
2013160213-8115                ,PASSAIC     ,CLIFTON CITY            ,7/19/2013,F ,1117,1,CLIFTON PD               ,,0,0,0,0,P,B,N,N,2,2,NJ 3                                              ,E,3,,00000003__      ,3.91,2,2,2,1,1,1,1,2,500,FE,E,CR 601 / MAIN AVE                  ,,,,55,35,,,N,,260,11:15,120-04740
2.02E+17,PASSAIC     ,CLIFTON CITY            ,9/14/2015,M ,1608,1,CLIFTON PD               ,,0,0,0,0,P,I,N,N,2,2,NJ 3                                              ,E,3,,00000003__      ,,2,2,2,1,1,1,1,1,,AT,,,T,MAIN AVE                 ,,55,,,,N,NONE                                                                            ,7176,16:10,120-07448
2.02E+17,PASSAIC     ,CLIFTON CITY            ,8/8/2017,TU,1620,1,CLIFTON PD               ,,0,0,0,0,P,B,N,N,1,2,NJ 3                                              ,E,3,,00000003__      ,1.22,2,,2,1,1,1,1,1,200,FE,W,ROUTE 509 / BROAD ST               ,,,,55,35,40.85759,74.17981,N,,7166,16:20,120N07447
2013160213-8135                ,PASSAIC     ,CLIFTON CITY            ,7/19/2013,F ,1643,1,CLIFTON PD               ,CLIFTON        ,0,0,0,0,P,B,N,N,1,2,NJ 3                                              ,E,3,,00000003__      ,1.28,2,2,2,1,1,1,2,1,,,,,T,GARDEN STATE PARKWAY     ,SB,55,,,,N,NONE                                                                            ,12513,16:45,120-07446
201416022014-12473             ,PASSAIC     ,CLIFTON CITY            ,11/21/2014,F ,1915,1,CLIFTON PD               ,PATROL CAR 7   ,0,1,0,0,I,B,N,N,6,2,NJ 3                                              ,E,3,,00000003__      ,2.14,2,1,2,1,6,1,1,1,2640,FE,W,CR 622 / BLOOMFIELD AVE            ,,,,55,25,40.8449,74.16854,N,,16503,19:15,120-07444
2.02E+17,PASSAIC     ,CLIFTON CITY            ,5/30/2018,WE,2336,1,CLIFTON PD               ,,0,5,0,0,I,B,N,N,11,1,NJ 3                                              ,E,3,,00000003__      ,2.45,2,,2,1,6,1,1,1,1000,FE,W,CR 622 / BLOOMFIELD AVE            ,,,,55,35,40.83976,74.1603,N,,7273,23:35,120-07443
2.02E+17,PASSAIC     ,CLIFTON CITY            ,11/10/2016,TH,1611,1,CLIFTON PD               ,,0,0,0,0,P,B,N,N,1,2,NJ 3                                              ,E,3,,00000003__      ,,2,4,2,1,1,1,2,1,,,,,F,RIVER ROAD               ,,25,,,,N,NONE                                                                            ,7145,16:10,120-07448
2.02E+17,PASSAIC     ,CLIFTON CITY            ,8/9/2017,WE,2031,1,CLIFTON PD               ,,0,0,0,0,P,B,N,N,11,1,NJ 3                                              ,E,3,,00000003__      ,1.92,2,,2,1,5,1,1,1,7920,FE,W,CR 603 / PASSAIC AVE               ,,,,55,35,40.837,74.15417,N,,542,20:30,120-07444
2.02E+17,PASSAIC     ,CLIFTON CITY            ,9/17/2015,TH,2052,1,CLIFTON PD               ,,0,0,0,0,P,B,N,N,2,2,NJ 3                                              ,E,3,,00000003__      ,,2,2,2,1,6,1,1,1,350,FE,W,,T,MAIN AVE                 ,NB,55,,,,N,NONE                                                                            ,7205,20:50,120-07448
2.02E+17,PASSAIC     ,CLIFTON CITY            ,5/31/2018,TH,2,1,CLIFTON PD               ,,0,1,0,0,I,B,N,N,1,2,NJ 3                                              ,E,3,,00000003__      ,1.76,2,,2,1,7,1,1,5,,,E,HEPBURN RD                         ,,,,55,25,40.83976,74.1603,N,,7199,2:00,120-07444
2013160213-8226                ,PASSAIC     ,CLIFTON CITY            ,7/21/2013,S ,2140,1,CLIFTON PD               ,CLIFTON        ,0,0,0,0,P,B,N,N,12,1,NJ 3                                              ,E,3,,00000003__      ,2.65,2,1,2,1,6,1,1,1,50,FE,E,CR 622 / BLOOMFIELD AVE            ,,,,55,25,,,N,,258,21:40,120-07443
2.02E+17,PASSAIC     ,CLIFTON CITY            ,8/10/2017,TH,1017,1,CLIFTON PD               ,,0,0,0,0,P,B,N,N,11,1,NJ 3                                              ,E,3,,00000003__      ,3.81,2,,2,1,1,1,5,1,50,FE,W,CR 601 / MAIN AVE                  ,,,,55,,40.83161,74.1426,N,GUARDRAIL FACE (RIGHT SHOULDER) PRIOR TO THE MAIN AVENUE RAMP FROM RT 3 E.      ,7131,10:15,120-04740
2.02E+17,PASSAIC     ,CLIFTON CITY            ,11/10/2016,TH,2137,1,CLIFTON PD               ,,0,1,0,0,I,B,N,N,2,2,NJ 3                                              ,E,3,,00000003__      ,,2,1,2,1,6,1,1,1,150,FE,W,,T,CR 622                   ,NB,55,,,,N,GUARDRAIL                                                                       ,7153,21:35,120-07448
2.02E+17,PASSAIC     ,CLIFTON CITY            ,8/10/2017,TH,1042,1,CLIFTON PD               ,,0,1,0,0,I,B,N,N,1,2,NJ 3                                              ,E,3,,00000003__      ,2.62,2,,2,1,1,1,1,1,100,FE,W,CR 622 / BLOOMFIELD AVE            ,,,,55,25,40.84012,74.16066,N,,7098,10:40,120-07443
2.02E+17,PASSAIC     ,CLIFTON CITY            ,11/11/2016,F ,1423,1,CLIFTON PD               ,,0,0,0,0,P,I,N,N,1,2,NJ 3                                              ,E,3,,00000003__      ,,2,5,2,1,1,1,1,1,,AT,,,F,PASSAIC AVE              ,,55,,,,N,NONE                                                                            ,7176,14:25,120-07448
201416022014-12841             ,PASSAIC     ,CLIFTON CITY            ,12/3/2014,W ,929,1,CLIFTON PD               ,CLIFTON        ,0,0,0,0,P,B,N,N,1,2,NJ 3                                              ,E,3,,00000003__      ,2.45,2,1,2,2,1,2,1,1,1000,FE,W,CR 622 / BLOOMFIELD AVE            ,,,,45,35,40.84186,74.16422,N,NONE                                                                            ,9042,9:30,120-07443
2.02E+17,PASSAIC     ,CLIFTON CITY            ,11/11/2016,F ,1618,1,CLIFTON PD               ,,0,1,0,0,I,B,N,N,2,2,NJ 3                                              ,E,3,,00000003__      ,,2,1,2,1,1,1,1,1,,,,,F,GROVE ST                 ,SB,55,,,,N,NONE                                                                            ,7166,16:20,120-07448
2.02E+17,PASSAIC     ,CLIFTON CITY            ,8/10/2017,TH,1715,1,CLIFTON PD               ,,0,0,0,0,P,B,N,N,1,2,NJ 3                                              ,E,3,,00000003__      ,,2,,2,1,1,1,5,1,,,,,F,VALLEY RD                ,EB,50,,40.86863,74.18538,N,,550,17:15,120-07448
2.02E+17,PASSAIC     ,CLIFTON CITY            ,8/10/2017,TH,2343,1,CLIFTON PD               ,,0,0,0,0,P,B,N,N,12,1,NJ 3                                              ,E,3,,00000003__      ,0.02,2,,2,1,6,1,4,1,100,FE,E,US 46                              ,,,,55,55,40.86947,74.18836,N,,7245,23:45,120-07448
2.02E+17,PASSAIC     ,CLIFTON CITY            ,8/11/2017,FR,520,1,CLIFTON PD               ,,0,0,0,0,P,B,N,N,15,1,NJ 3                                              ,E,3,,00000003__      ,2.65,2,,2,1,6,1,1,1,75,FE,E,CR 622 / BLOOMFIELD AVE            ,,,,55,,40.8398,74.16093,N,,7169,5:20,120-07443
2.02E+17,PASSAIC     ,CLIFTON CITY            ,11/12/2016,SA,2004,1,CLIFTON PD               ,,0,0,0,0,P,B,N,N,2,2,NJ 3                                              ,E,3,,00000003__      ,,2,2,2,1,6,1,1,1,600,FE,W,,T,RT 21 S                  ,SB,55,,,,N,NONE                                                                            ,7153,20:05,120-07448
2.02E+17,PASSAIC     ,CLIFTON CITY            ,11/13/2016,S ,440,1,CLIFTON PD               ,,0,1,0,0,I,B,N,N,15,1,NJ 3                                              ,E,3,,00000003__      ,1.98,2,1,2,1,4,1,1,1,1056,FE,E,HEPBURN RD                         ,,,,55,25,,,N,PSE & G POLE (6419) LAWN                                                        ,7080,4:40,120-07444
201416022014-2458              ,PASSAIC     ,CLIFTON CITY            ,3/1/2014,SA,1520,1,CLIFTON PD               ,,0,0,0,0,P,B,N,N,15,3,NJ 3                                              ,E,3,,00000003__      ,,2,1,2,1,1,5,1,1,150,FE,W,,T,GARDEN STATE PARKWAY     ,SB,55,,,,N,,7029,15:20,120-07448
2.02E+17,PASSAIC     ,CLIFTON CITY            ,6/7/2018,TH,1020,1,CLIFTON PD               ,,0,0,0,0,P,B,N,N,2,2,NJ 3                                              ,E,3,,00000003__      ,1.8,2,,2,1,1,1,1,1,100,FE,E,HEPBURN RD                         ,,,,55,25,,,N,,7128,10:20,120-07444
201416022014-2527              ,PASSAIC     ,CLIFTON CITY            ,3/3/2014,M ,1631,1,CLIFTON PD               ,,0,0,0,0,P,I,N,N,1,2,NJ 3                                              ,E,3,,00000003__      ,,2,4,2,1,1,1,1,1,,AT,,,F,CR 623                   ,SB,55,,,,N,NONE OBSERVED/REPORTED                                                          ,7029,16:30,120-07448
2.02E+17,PASSAIC     ,CLIFTON CITY            ,11/13/2016,S ,1802,1,CLIFTON PD               ,,0,0,0,0,P,B,N,N,1,2,NJ 3                                              ,E,3,,00000003__      ,,2,5,2,1,6,1,1,1,,,,,F,GROVE ST                 ,EB,55,,,,N,NONE                                                                            ,7247,18:00,120-07448
201416022014-262               ,PASSAIC     ,CLIFTON CITY            ,1/8/2014,W ,1736,1,CLIFTON PD               ,,0,0,0,0,P,B,N,N,1,2,NJ 3                                              ,E,3,,00000003__      ,,2,4,2,1,6,1,1,2,,,,,F,ROUTE 21                 ,,45,,,,N,NONE OBSERVED /REPORTED                                                         ,7029,17:35,120-07448
2.02E+17,PASSAIC     ,CLIFTON CITY            ,9/25/2015,F ,1921,1,CLIFTON PD               ,,0,0,0,0,P,B,N,N,1,2,NJ 3                                              ,E,3,,00000003__      ,4.89,2,1,2,1,6,1,1,1,1320,FE,W,RT 21                              ,,,,55,55,,,N,NONE                                                                            ,7176,19:20,120-04738
2013160213-8330                ,PASSAIC     ,CLIFTON CITY            ,7/24/2013,W ,901,1,CLIFTON PD               ,CLIFTON        ,0,0,0,0,P,B,N,N,1,2,NJ 3                                              ,E,3,,00000003__      ,0.51,2,5,2,1,1,1,5,1,5,FE,S,,F,CR 623                   ,SB,55,,,,N,,269,9:00,120N07448
2.02E+17,PASSAIC     ,CLIFTON CITY            ,6/7/2018,TH,2247,1,CLIFTON PD               ,,0,0,0,0,P,B,N,N,2,2,NJ 3                                              ,E,3,,00000003__      ,1.07,2,,2,1,6,1,1,1,1000,FE,W,ROUTE 509 / BROAD ST               ,,,,55,25,40.85696,74.17946,N,,7257,22:45,120-07447
2.02E+17,PASSAIC     ,CLIFTON CITY            ,11/14/2016,M ,1838,1,CLIFTON PD               ,,0,0,0,0,P,B,N,N,1,2,NJ 3                                              ,E,3,,00000003__      ,1.3,2,1,2,1,6,1,1,1,200,FE,E,ROUTE 509 / BROAD ST               ,,,,55,25,,,N,NONE                                                                            ,7166,18:40,120-07446
201416022014-2818              ,PASSAIC     ,CLIFTON CITY            ,3/11/2014,TU,1630,1,CLIFTON PD               ,CAR 14 PATROL  ,0,0,0,0,P,B,N,N,11,2,NJ 3                                              ,E,3,,00000003__      ,,2,1,1,1,1,1,1,5,,,,,F,RT 21                    ,,55,,,,N,NONE                                                                            ,11503,16:30,120-07448
201416022014-3628              ,PASSAIC     ,CLIFTON CITY            ,4/2/2014,W ,1702,1,CLIFTON PD               ,PATROL         ,0,0,0,0,P,I,N,N,11,1,NJ 3                                              ,E,3,,00000003__      ,2.64,2,1,2,1,1,1,1,1,,AT,,CR 622 / BLOOMFIELD AVE            ,,,,50,30,40.84038,74.16117,N,NONE                                                                            ,8036,17:00,120-07443
2.02E+17,PASSAIC     ,CLIFTON CITY            ,8/15/2017,TU,831,1,CLIFTON PD               ,,0,0,0,0,P,B,N,N,1,2,NJ 3                                              ,E,3,,00000003__      ,3.39,2,,2,2,1,5,1,1,150,FE,W,CR 603 / PASSAIC AVE               ,,,,55,,40.83544,74.15084,N,,7099,8:30,120-07442
2013160213-8394                ,PASSAIC     ,CLIFTON CITY            ,7/25/2013,TH,1355,1,CLIFTON PD               ,CLIFTON        ,0,0,0,0,P,B,N,N,1,2,NJ 3                                              ,E,3,,00000003__      ,4.7,2,1,2,1,1,1,1,2,,,,,F,NJ 21                    ,SB,45,,,,N,NONE                                                                            ,1033,13:55,120N04739
2.02E+17,PASSAIC     ,CLIFTON CITY            ,6/8/2018,FR,2056,1,CLIFTON PD               ,,0,0,0,0,P,B,N,N,12,1,NJ 3                                              ,E,3,,00000003__      ,0.09,2,,2,1,6,1,1,1,500,FE,E,US 46 / CR 621 / VALLEY RD         ,,,,55,40,40.85691,74.1792,N,,7105,20:55,120-07448
2.02E+17,PASSAIC     ,CLIFTON CITY            ,11/16/2016,W ,631,1,CLIFTON PD               ,,0,0,0,0,P,B,N,N,2,2,NJ 3                                              ,E,3,,00000003__      ,,2,1,2,1,1,1,1,1,2640,FE,E,,T,PASSAIC AVE              ,EB,55,,,,N,NONE                                                                            ,7238,6:30,120-07448
2.02E+17,PASSAIC     ,CLIFTON CITY            ,6/9/2018,SA,1827,1,CLIFTON PD               ,,0,0,0,0,P,B,N,N,1,2,NJ 3                                              ,E,3,,00000003__      ,4.76,2,,2,1,1,1,1,1,700,FE,W,NJ 21                              ,,,,55,55,40.82993,74.13906,N,,7201,18:25,120-04738
2013160213-851                 ,PASSAIC     ,CLIFTON CITY            ,1/23/2013,W ,1958,1,CLIFTON PD               ,CLIFTON        ,0,0,0,0,P,B,N,N,2,2,NJ 3                                              ,E,3,,00000003__      ,4.82,2,4,2,1,6,1,1,2,5280,FE,E,CR 601 / MAIN AVE                  ,,,,55,25,,,N,,258,20:00,120-04738
201416022014-5147              ,PASSAIC     ,CLIFTON CITY            ,5/11/2014,S ,1545,1,CLIFTON PD               ,CLIFTON        ,0,0,0,0,P,B,N,N,1,2,NJ 3                                              ,E,3,,00000003__      ,,2,1,2,1,1,1,1,1,10,FE,E,,F,RT 21                    ,NB,55,,,,N,NONE                                                                            ,9042,15:45,120-07448
2013160213-8573                ,PASSAIC     ,CLIFTON CITY            ,7/30/2013,TU,1111,1,CLIFTON PD               ,CLIFTON PD     ,0,0,0,0,P,B,N,N,2,2,NJ 3                                              ,E,3,,00000003__      ,0.55,2,1,2,1,1,1,2,1,200,FE,E,CR 623 / GROVE ST                  ,,,,30,25,,,N,NONE                                                                            ,*****,11:10,120N07448
2.02E+17,PASSAIC     ,CLIFTON CITY            ,9/30/2015,W ,710,1,CLIFTON PD               ,,0,0,0,0,P,B,N,N,2,2,NJ 3                                              ,E,3,,00000003__      ,1.87,2,1,2,2,1,2,1,1,500,FE,E,HEPBURN RD                         ,,,,55,35,,,N,NONE                                                                            ,7124,7:10,120-07444
2.02E+17,PASSAIC     ,CLIFTON CITY            ,8/16/2017,WE,1534,1,CLIFTON PD               ,,0,0,0,0,P,B,N,N,11,1,NJ 3                                              ,E,3,,00000003__      ,3.82,2,,2,1,1,1,1,1,,FE,E,CR 601 / MAIN AVE                  ,,,,55,25,40.83113,74.14161,N,,7206,15:35,120-04740
2.02E+17,PASSAIC     ,CLIFTON CITY            ,6/11/2018,MO,549,1,CLIFTON PD               ,,0,1,0,0,I,B,N,N,1,3,NJ 3                                              ,E,3,,00000003__      ,1.78,2,,2,1,2,1,1,1,25,FE,W,HEPBURN RD                         ,,,,55,35,40.84946,74.17276,N,PSE&G POLE WAS STRUCK BY VEHICLE#1. PSE&G NOTIFIED OF THIS INCIDENT  POLE#: 893?,,5:50,120-07444
2.02E+17,PASSAIC     ,CLIFTON CITY            ,8/16/2017,WE,1616,1,CLIFTON PD               ,,0,0,0,0,P,B,N,N,1,2,NJ 3                                              ,E,3,,00000003__      ,2.66,2,,2,1,1,1,1,1,100,FE,E,CR 622 / BLOOMFIELD AVE            ,,,,55,25,40.84051,74.16143,N,,547,16:15,120-07443
2013160213-8589                ,PASSAIC     ,CLIFTON CITY            ,7/30/2013,TU,1814,1,CLIFTON PD               ,POST 7         ,0,0,0,0,P,B,N,N,2,2,NJ 3                                              ,E,3,,00000003__      ,,2,1,2,1,1,1,1,2,400,FE,W,,T,RT 21 SOUTH              ,,45,,,,N,NONE                                                                            ,7030,18:15,120-07448
2.02E+17,PASSAIC     ,CLIFTON CITY            ,6/11/2018,MO,646,1,CLIFTON PD               ,,0,1,0,0,I,I,N,N,1,2,NJ 3                                              ,E,3,,00000003__      ,0.51,2,,2,1,2,5,1,1,,AT,,CR 623 / GROVE ST                  ,,,,55,25,40.86584,74.18294,N,,7120,6:45,120N07448
2.02E+17,PASSAIC     ,CLIFTON CITY            ,10/1/2015,TH,924,1,CLIFTON PD               ,,0,0,0,0,P,B,N,N,1,2,NJ 3                                              ,E,3,,00000003__      ,3.39,2,2,2,1,1,1,1,1,150,FE,W,CR 603 / PASSAIC AVE               ,,,,55,35,,,N,NONE                                                                            ,7124,9:25,120-07442
201416022014-6567              ,PASSAIC     ,CLIFTON CITY            ,6/17/2014,TU,844,1,CLIFTON PD               ,POST #7        ,0,0,0,0,P,B,N,N,2,2,NJ 3                                              ,E,3,,00000003__      ,3.86,2,1,2,1,1,1,1,1,200,FE,E,CR 601 / MAIN AVE                  ,,,,55,15,40.83107,74.14141,N,,211,8:45,120-04740
2013160213-8600                ,PASSAIC     ,CLIFTON CITY            ,7/31/2013,W ,900,1,CLIFTON PD               ,PATROL         ,0,0,0,0,P,B,N,N,11,1,NJ 3                                              ,E,3,,00000003__      ,,2,5,2,1,6,1,1,1,,,,,T,ROUTE 21                 ,SB,55,,,,N,BENT GUARDRAIL                                                                  ,6022,9:00,120-07448
2.02E+17,PASSAIC     ,CLIFTON CITY            ,8/18/2017,FR,811,1,CLIFTON PD               ,,0,0,0,0,P,B,N,N,2,2,NJ 3                                              ,E,3,,00000003__      ,1.35,2,,2,2,1,2,2,1,500,FE,E,ROUTE 509 / BROAD ST               ,,,,55,25,40.85364,74.17666,N,,7180,8:10,120-07445
2013160213-8636                ,PASSAIC     ,CLIFTON CITY            ,7/31/2013,W ,916,1,CLIFTON PD               ,PATROL         ,0,0,0,0,P,B,N,N,99,1,NJ 3                                              ,E,3,,00000003__      ,0,2,1,2,1,1,1,1,1,,,,US 46                              ,,,,55,55,,,N,,11303,9:15,120-07448
201416022014-7190              ,PASSAIC     ,CLIFTON CITY            ,7/3/2014,TH,1231,1,CLIFTON PD               ,POST 7         ,0,3,0,0,I,B,N,N,2,2,NJ 3                                              ,E,3,,00000003__      ,,2,5,2,1,1,1,2,1,,,,,T,MAINAVE                  ,,35,,,,N,GUARD RAIL DOT PROPERTY                                                         ,191,12:30,120-07448
2.02E+17,PASSAIC     ,CLIFTON CITY            ,10/3/2015,SA,1448,1,CLIFTON PD               ,,0,3,0,0,I,B,N,N,1,2,NJ 3                                              ,E,3,,00000003__      ,,2,2,2,1,1,1,1,1,150,FE,W,,,CR 601                   ,NB,55,,,,N,NONE                                                                            ,7204,14:50,120-07448
2.02E+17,PASSAIC     ,CLIFTON CITY            ,8/18/2017,FR,950,1,CLIFTON PD               ,,0,2,0,0,I,B,N,N,2,2,NJ 3                                              ,E,3,,00000003__      ,3.85,2,,2,2,1,5,1,1,150,FE,E,CR 601 / MAIN AVE                  ,,,,55,35,40.83047,74.14026,N,,7205,9:50,120-04740
2013160213-864                 ,PASSAIC     ,CLIFTON CITY            ,1/24/2013,TH,819,1,CLIFTON PD               ,,0,0,0,0,P,B,N,N,1,2,NJ 3                                              ,E,3,,00000003__      ,,2,1,2,1,1,1,1,1,1320,FE,W,,,CR 601                   ,,55,,,,N,NONE                                                                            ,8075,8:20,120-07448
2013160213-8653                ,PASSAIC     ,CLIFTON CITY            ,8/1/2013,TH,624,1,CLIFTON PD               ,PATROLS        ,0,0,0,0,P,B,N,N,11,1,NJ 3                                              ,E,3,,00000003__      ,,2,1,2,1,1,1,1,1,150,FE,W,,T,BLOOMFIELD AVE           ,,55,,,,N,NONE                                                                            ,*****,6:25,120-07448
2.02E+17,PASSAIC     ,CLIFTON CITY            ,11/19/2016,SA,1057,1,CLIFTON PD               ,,0,1,0,0,I,I,N,N,1,2,NJ 3                                              ,E,3,,00000003__      ,,2,4,2,1,1,1,1,1,,AT,,,F,BROAD STREET             ,SB,55,,,,N,NONE                                                                            ,7107,10:55,120-07448
2.02E+17,PASSAIC     ,CLIFTON CITY            ,10/6/2015,TU,915,1,CLIFTON PD               ,,0,0,0,0,P,B,N,N,2,2,NJ 3                                              ,E,3,,00000003__      ,2.66,2,1,2,1,1,1,1,1,125,FE,E,CR 622 / BLOOMFIELD AVE            ,,,,55,35,,,N,NONE                                                                            ,7118,9:15,120-07443
201416022014-7969              ,PASSAIC     ,CLIFTON CITY            ,7/24/2014,TH,1750,1,CLIFTON PD               ,,0,1,0,0,I,B,N,N,1,2,NJ 3                                              ,E,3,,00000003__      ,,2,2,2,1,1,1,1,1,2640,FE,,,T,PASSAIC AVE.             ,,55,,,,N,NONE OBSERVED/REPORTED                                                          ,7029,17:50,120-07448
2.02E+17,PASSAIC     ,CLIFTON CITY            ,6/15/2018,FR,1709,1,CLIFTON PD               ,,0,2,0,0,I,B,N,N,2,2,NJ 3                                              ,E,3,,00000003__      ,3.82,2,,2,1,1,1,1,1,25,FE,W,CR 601 / MAIN AVE                  ,,,,55,25,40.83385,74.14788,N,BARRIER MEDIAN HAS MINOR DAMAGE.                                                ,7252,17:10,120-04740
201416022014-8201              ,PASSAIC     ,CLIFTON CITY            ,7/30/2014,W ,1829,1,CLIFTON PD               ,,0,0,0,0,P,B,N,N,1,2,NJ 3                                              ,E,3,,00000003__      ,,2,2,2,1,1,1,1,2,150,FE,,,T,RT 21                    ,NB,45,,,,N,NONE OB? D 1 REP?TED                                                            ,7029,18:30,120-07448
2.02E+17,PASSAIC     ,CLIFTON CITY            ,10/8/2015,TH,1507,1,CLIFTON PD               ,,0,1,0,0,I,B,N,N,1,3,NJ 3                                              ,E,3,,00000003__      ,,2,1,2,1,1,1,1,1,300,FE,E,,F,CR 622                   ,,55,,,,N,NONE                                                                            ,7224,15:05,120-07448
201416022014-8253              ,PASSAIC     ,CLIFTON CITY            ,8/1/2014,F ,738,1,CLIFTON PD               ,CLIFTON        ,0,0,0,0,P,B,N,N,1,2,NJ 3                                              ,E,3,,00000003__      ,,2,1,1,1,1,1,1,1,,,,,T,MAIN AVENUE              ,SB,55,,,,N,NONE                                                                            ,8039,7:40,120-07448