CRASH_ID,CTY_NAME,MUN_NAME,DATE,DAY,TIME,POL_CODE,POL_DEPT,POL_STA,KILLED,INJURED,PED_KILL,PED_INJ,SEVERITY,INTERSEC,ALCOHOL,HAZMAT,CRASH_TYPE,VEH_COUNT,LOCATION,LOC_DIR,ROUTE,RT_SFX,SRI,MP,RD_SYS,RD_CHAR,RD_SURF,SURF_COND,LIGHT,WEATHER,RD_DIV,RD_WRKZN,X_DIST,DIST_UNT,X_DIR,X_NAME,IS_RAMP,RAMP_RT,RAMP_DIR,SPD_LMT,SPD_X,LAT,LONG,CELL_USE,PROP_DMG,BADGE,TIME_ROUND,TMC
2.02E+17,PASSAIC     ,CLIFTON CITY            ,8/22/2017,TU,654,1,CLIFTON PD               ,,0,0,0,0,P,B,N,N,1,2,NJ 3                                              ,E,3,,00000003__      ,2.73,2,,2,1,1,1,5,1,500,FE,E,CR 622 / BLOOMFIELD AVE            ,,,,55,25,40.83614,74.15236,N,,7167,6:55,120-07443
2.02E+17,PASSAIC     ,CLIFTON CITY            ,10/8/2015,TH,1536,1,CLIFTON PD               ,,0,0,0,0,P,B,N,N,1,2,NJ 3                                              ,E,3,,00000003__      ,,2,2,2,1,1,1,1,1,310,FE,E,,F,BLOOMFIELD AVE           ,,55,,,,N,NONE OBSERVED/REPORTED                                                          ,7177,15:35,120-07448
201416022014-8482              ,PASSAIC     ,CLIFTON CITY            ,8/7/2014,TH,909,1,CLIFTON PD               ,POST #5        ,0,0,0,0,P,B,N,N,1,2,NJ 3                                              ,E,3,,00000003__      ,,2,2,2,1,1,1,1,1,,,E,,,,,50,,,,N,,211,9:10,120-07448
2.02E+17,PASSAIC     ,CLIFTON CITY            ,11/23/2016,W ,1325,1,CLIFTON PD               ,,0,0,0,0,P,B,N,N,2,2,NJ 3                                              ,E,3,,00000003__      ,2.94,2,1,2,1,1,1,1,1,250,FE,E,NJ 21                              ,,,,50,50,,,N,NONE                                                                            ,7179,13:25,120-07443
2.02E+17,PASSAIC     ,CLIFTON CITY            ,8/23/2017,WE,1426,1,CLIFTON PD               ,,0,0,0,0,P,B,N,N,1,2,NJ 3                                              ,E,3,,00000003__      ,3.82,2,,2,1,1,1,1,1,,,,,F,CR 601                   ,EB,55,,40.83076,74.14084,N,,7080,14:25,120-04740
2013160213-8869                ,PASSAIC     ,CLIFTON CITY            ,8/7/2013,W ,520,1,CLIFTON PD               ,CLIFTON P.D.   ,0,0,0,0,P,I,N,N,11,1,NJ 3                                              ,E,3,,00000003__      ,0,2,2,2,1,6,1,3,1,,AT,,US 46                              ,,,,50,50,,,N,NONE                                                                            ,284,5:20,120-07448
2.02E+17,PASSAIC     ,CLIFTON CITY            ,8/23/2017,WE,1430,1,CLIFTON PD               ,,0,0,0,0,P,B,N,N,1,2,NJ 3                                              ,E,3,,00000003__      ,2.67,2,,2,1,1,1,1,1,150,FE,E,CR 622 / BLOOMFIELD AVE            ,,,,55,25,40.83956,74.15951,N,,7098,14:30,120-07443
2.02E+17,PASSAIC     ,CLIFTON CITY            ,10/13/2015,TU,838,1,CLIFTON PD               ,,0,2,0,0,I,B,N,N,1,2,NJ 3                                              ,E,3,,00000003__      ,3.77,2,2,2,1,1,1,1,1,250,FE,W,CR 601 / MAIN AVE                  ,,,,55,35,,,N,NONE                                                                            ,7118,8:40,120-04740
201416022014-9679              ,PASSAIC     ,CLIFTON CITY            ,9/10/2014,W ,2227,1,CLIFTON PD               ,CLIFTON        ,0,0,0,0,P,B,N,N,2,2,NJ 3                                              ,E,3,,00000003__      ,4.81,2,1,2,1,6,1,1,1,400,FE,W,NJ 21                              ,,,,55,55,40.82394,74.12587,N,NONE                                                                            ,14524,22:25,120-04738
2013160213-8870                ,PASSAIC     ,CLIFTON CITY            ,8/7/2013,W ,742,1,CLIFTON PD               ,,0,0,0,0,P,B,N,N,1,3,NJ 3                                              ,E,3,,00000003__      ,3.82,2,2,2,1,1,5,1,2,50,FE,,CR 601 / MAIN AVE                  ,,,,55,35,,,N,NONE                                                                            ,5006,7:40,120-04740
2.02E+17,PASSAIC     ,CLIFTON CITY            ,8/25/2017,FR,1313,1,CLIFTON PD               ,,0,0,0,0,P,B,N,N,1,2,NJ 3                                              ,E,3,,00000003__      ,,2,,1,1,1,1,1,1,,,,,T,GROVE ST                 ,SB,55,,40.86584,74.18294,N,,7157,13:15,120-07448
2.02E+17,PASSAIC     ,CLIFTON CITY            ,8/25/2017,FR,1647,1,CLIFTON PD               ,,0,1,0,0,I,B,N,N,1,3,NJ 3                                              ,E,3,,00000003__      ,2.7,2,,2,1,1,1,1,1,300,FE,E,CR 622 / BLOOMFIELD AVE            ,,,,55,35,40.83926,74.15872,N,,,16:45,120-07443
2.02E+17,PASSAIC     ,CLIFTON CITY            ,8/27/2017,SU,123,1,CLIFTON PD               ,,0,0,0,0,P,B,Y,N,11,1,NJ 3                                              ,E,3,,00000003__      ,0,2,,2,1,6,1,3,1,25,FE,E,US 46                              ,,,,55,55,40.87056,74.18887,N,TREES                                                                           ,7207,1:25,120-07448
2.02E+17,PASSAIC     ,CLIFTON CITY            ,6/22/2018,FR,146,1,CLIFTON PD               ,,0,0,0,0,P,B,N,N,1,2,NJ 3                                              ,E,3,,00000003__      ,2.66,2,,2,1,6,1,4,1,100,FE,E,CR 622 / BLOOMFIELD AVE            ,,,,55,30,40.83905,74.15841,N,,7266,1:45,120-07443
2013160213-8985                ,PASSAIC     ,CLIFTON CITY            ,8/9/2013,F ,1926,1,CLIFTON PD               ,,0,0,0,0,P,B,N,N,1,3,NJ 3                                              ,E,3,,00000003__      ,4.89,2,2,2,2,1,5,1,2,100,FE,W,,T,NJ 21                    ,NB,45,,,,N,,510,19:25,120-04738
2.02E+17,PASSAIC     ,CLIFTON CITY            ,6/23/2018,SA,149,1,CLIFTON PD               ,,0,0,0,0,P,B,N,N,11,1,NJ 3                                              ,E,3,,00000003__      ,4.89,2,,2,2,6,1,5,1,,,,,T,RT 21                    ,NB,55,,40.82629,74.1229,N,,7079,1:50,120-04738
2013160213-901                 ,PASSAIC     ,CLIFTON CITY            ,1/25/2013,F ,644,1,CLIFTON PD               ,CLIFTON        ,0,1,0,0,I,B,N,N,1,2,NJ 3                                              ,E,3,,00000003__      ,,2,1,2,1,2,1,1,2,500,FE,W,,T,ROUTE 21                 ,SB,50,,,,N,NONE                                                                            ,10047,6:45,120-07448
2013160213-9032                ,PASSAIC     ,CLIFTON CITY            ,8/11/2013,S ,321,1,CLIFTON PD               ,,0,0,0,0,P,I,N,N,99,1,NJ 3                                              ,E,3,,00000003__      ,1.78,2,1,2,1,7,1,1,1,,AT,,HEPBURN RD                         ,,,,50,15,,,N,NONE                                                                            ,12504,3:20,120-07444
2.02E+17,PASSAIC     ,CLIFTON CITY            ,10/16/2015,F ,739,1,CLIFTON PD               ,,0,0,0,0,P,B,N,N,2,2,NJ 3                                              ,E,3,,00000003__      ,,2,5,2,1,1,1,1,1,,,,,F,NJ 21                    ,SB,55,,,,N,NONE                                                                            ,7173,7:40,120-07448
2.02E+17,PASSAIC     ,CLIFTON CITY            ,11/27/2016,S ,314,1,CLIFTON PD               ,,0,1,0,0,I,B,Y,N,11,1,NJ 3                                              ,E,3,,00000003__      ,,2,1,2,1,6,1,1,1,,,,,T,BLOOMFIELD AVE           ,NB,55,,,,N,NONE                                                                            ,7175,3:15,120-07448
2013160213-9057                ,PASSAIC     ,CLIFTON CITY            ,8/12/2013,M ,758,1,CLIFTON PD               ,,0,0,0,0,P,B,N,N,1,3,NJ 3                                              ,E,3,,00000003__      ,2.73,2,2,2,2,1,5,1,1,500,FE,E,CR 622 / BLOOMFIELD AVE            ,,,,55,35,,,N,,260,8:00,120-07443
2.02E+17,PASSAIC     ,CLIFTON CITY            ,8/29/2017,TU,2034,1,CLIFTON PD               ,,0,0,0,0,P,B,N,N,99,1,NJ 3                                              ,E,3,,00000003__      ,1.3,2,,2,2,3,2,1,1,200,FE,E,ROUTE 509 / BROAD ST               ,,,,50,25,40.85485,74.1778,N,,544,20:35,120-07446
2013160213-9066                ,PASSAIC     ,CLIFTON CITY            ,8/12/2013,M ,1054,1,CLIFTON PD               ,,0,2,0,0,I,B,N,N,1,3,NJ 3                                              ,E,3,,00000003__      ,3.4,2,2,2,1,1,5,1,1,100,FE,W,CR 603 / PASSAIC AVE               ,,,,55,35,,,N,,260,10:55,120-07442
2.02E+17,PASSAIC     ,CLIFTON CITY            ,11/27/2016,S ,1524,1,CLIFTON PD               ,,0,1,0,0,I,B,N,N,1,2,NJ 3                                              ,E,3,,00000003__      ,,2,1,2,1,1,1,1,1,200,FE,W,,T,PARKWAY S ON             ,SB,50,,,,N,NONE                                                                            ,7206,15:25,120-07448
2.02E+17,PASSAIC     ,CLIFTON CITY            ,11/27/2016,S ,1720,1,CLIFTON PD               ,,0,0,0,0,P,B,N,N,1,2,NJ 3                                              ,E,3,,00000003__      ,,2,1,2,1,6,2,1,1,1000,FE,W,,T,BLOOMFIELD AVE           ,,55,,,,N,NONE                                                                            ,7224,17:20,120-07448
2.02E+17,PASSAIC     ,CLIFTON CITY            ,8/31/2017,TH,2150,1,CLIFTON PD               ,,0,0,0,0,P,B,N,N,1,2,NJ 3                                              ,E,3,,00000003__      ,3.73,2,,2,1,7,1,5,1,500,FE,W,CR 601 / MAIN AVE                  ,,,,55,25,40.83086,74.14225,N,,546,21:50,120-04740
2.02E+17,PASSAIC     ,CLIFTON CITY            ,11/29/2016,TU,831,1,CLIFTON PD               ,,0,0,0,0,P,B,N,N,1,2,NJ 3                                              ,E,3,,00000003__      ,,2,1,2,2,1,2,1,1,100,FE,E,,F,BLOOMFIELD AVE           ,EB,55,,,,N,NONE                                                                            ,7128,8:30,120-07448
2013160213-9190                ,PASSAIC     ,CLIFTON CITY            ,8/15/2013,TH,1914,1,CLIFTON PD               ,POST 7         ,0,0,0,0,P,I,N,N,1,2,NJ 3                                              ,E,3,,00000003__      ,4.7,2,1,2,1,1,1,1,2,,AT,,,F,NJ 21                    ,,55,,,,N,NONE                                                                            ,7030,19:15,120N04739
2.02E+17,PASSAIC     ,CLIFTON CITY            ,6/30/2018,SA,2133,1,CLIFTON PD               ,,0,0,0,0,P,I,N,N,1,2,NJ 3                                              ,E,3,,00000003__      ,2.64,2,,2,1,7,1,1,1,,AT,,CR 622 / BLOOMFIELD AVE            ,,,,55,25,40.8398,74.16093,N,,7201,21:35,120-07443
2013160213-9191                ,PASSAIC     ,CLIFTON CITY            ,8/15/2013,TH,1927,1,CLIFTON PD               ,CLIFTON        ,0,2,0,0,I,I,N,N,1,2,NJ 3                                              ,E,3,,00000003__      ,4.89,2,1,2,1,1,1,1,2,,AT,,,F,NJ 21                    ,,55,,,,N,,279,19:25,120-04738
2.02E+17,PASSAIC     ,CLIFTON CITY            ,11/29/2016,TU,1121,1,CLIFTON PD               ,,0,0,0,0,P,I,N,N,3,2,NJ 3                                              ,E,3,,00000003__      ,,2,6,2,2,1,2,1,1,,AT,,,F,BLOOMFIELD AVE           ,NB,55,,,,N,NONE                                                                            ,7107,11:20,120-07448
2.02E+17,PASSAIC     ,CLIFTON CITY            ,9/3/2017,SU,1956,1,CLIFTON PD               ,,0,0,0,0,P,B,N,N,1,2,NJ 3                                              ,E,3,,00000003__      ,,2,,2,1,6,1,1,1,50,FE,,,T,PARKWAY                  ,SB,55,,40.85127,74.1769,N,,545,19:55,120-07448
2.02E+17,PASSAIC     ,CLIFTON CITY            ,9/5/2017,TU,1829,1,CLIFTON PD               ,,0,1,0,0,I,B,N,N,2,2,NJ 3                                              ,E,3,,00000003__      ,3.79,2,,2,1,1,1,1,1,150,FE,W,CR 601 / MAIN AVE                  ,,,,55,25,,,N,,7105,18:30,120-04740
2.02E+17,PASSAIC     ,CLIFTON CITY            ,11/29/2016,TU,1436,1,CLIFTON PD               ,,0,1,0,0,I,B,N,N,2,4,NJ 3                                              ,E,3,,00000003__      ,2.69,2,1,2,2,1,2,1,1,250,FE,E,CR 622 / BLOOMFIELD AVE            ,,,,55,25,,,N,NONE                                                                            ,7179,14:35,120-07443
2.02E+17,PASSAIC     ,CLIFTON CITY            ,10/21/2015,W ,1125,1,CLIFTON PD               ,,0,0,0,0,P,B,N,N,2,2,NJ 3                                              ,E,3,,00000003__      ,0,2,1,2,1,1,1,5,1,10,FE,W,VALLEY RD                          ,,,,55,,,,N,NONE                                                                            ,7131,11:25,120-07448
2013160213-9285                ,PASSAIC     ,CLIFTON CITY            ,8/18/2013,S ,1605,1,CLIFTON PD               ,POST 6         ,0,0,0,0,P,I,N,N,1,2,NJ 3                                              ,E,3,,00000003__      ,1.28,2,1,2,1,1,5,1,1,,AT,,,,RT 444                   ,,55,,,,N,NONE                                                                            ,7030,16:05,120-07446
2.02E+17,PASSAIC     ,CLIFTON CITY            ,11/29/2016,TU,1527,1,CLIFTON PD               ,,0,1,0,0,I,B,N,N,10,1,NJ 3                                              ,E,3,,00000003__      ,3.86,2,1,2,2,1,2,5,1,200,FE,E,CR 601 / MAIN AVE                  ,,,,55,25,,,N,FENCE                                                                           ,7201,15:25,120-04740
2.02E+17,PASSAIC     ,CLIFTON CITY            ,9/6/2017,WE,900,1,CLIFTON PD               ,,0,0,0,0,P,B,N,N,1,2,NJ 3                                              ,E,3,,00000003__      ,4.87,2,,2,2,1,2,1,1,100,FE,W,NJ 21                              ,,,,55,55,,,N,,7099,9:00,120-04738
2013160213-9316                ,PASSAIC     ,CLIFTON CITY            ,8/19/2013,M ,1251,1,CLIFTON PD               ,CLIFTON        ,0,0,0,0,P,B,N,N,1,2,NJ 3                                              ,E,3,,00000003__      ,2.03,2,1,2,1,1,5,1,2,1320,FE,E,HEPBURN RD                         ,,,,50,25,,,N,,187,12:50,120-07444
2.02E+17,PASSAIC     ,CLIFTON CITY            ,7/3/2018,TU,1807,1,CLIFTON PD               ,,0,0,0,0,P,B,N,N,1,2,NJ 3                                              ,E,3,,00000003__      ,2.52,2,,2,2,1,1,1,1,650,FE,W,CR 622 / BLOOMFIELD AVE            ,,,,55,25,40.8398,74.16093,N,,7201,18:05,120-07443
2.02E+17,PASSAIC     ,CLIFTON CITY            ,9/7/2017,TH,1646,1,CLIFTON PD               ,,0,0,0,0,P,B,N,N,4,2,NJ 3                                              ,E,3,,00000003__      ,2.55,2,,2,1,1,1,1,1,500,FE,W,CR 622 / BLOOMFIELD AVE            ,,,,50,35,,,N,,550,16:45,120-07443
2.02E+17,PASSAIC     ,CLIFTON CITY            ,11/30/2016,W ,646,1,CLIFTON PD               ,,0,0,0,0,P,B,N,N,2,2,NJ 3                                              ,E,3,,00000003__      ,4.39,2,1,2,2,1,5,1,1,2640,FE,S,NJ 21                              ,,,,55,55,,,N,NONE                                                                            ,7238,6:45,120N04740
2.02E+17,PASSAIC     ,CLIFTON CITY            ,10/23/2015,F ,850,1,CLIFTON PD               ,,0,0,0,0,P,B,N,N,1,2,NJ 3                                              ,E,3,,00000003__      ,2.66,2,1,2,1,1,1,5,1,125,FE,N,CR 622 / BLOOMFIELD AVE            ,,,,,,,,N,NONE                                                                            ,7096,8:50,120-07443
2.02E+17,PASSAIC     ,CLIFTON CITY            ,7/4/2018,WE,4,1,CLIFTON PD               ,,0,0,0,0,P,B,N,N,1,2,NJ 3                                              ,E,3,,00000003__      ,2.66,2,,2,1,6,1,1,4,100,FE,E,CR 622 / BLOOMFIELD AVE            ,,,,55,25,40.8398,74.16093,N,,7175,4:05,120-07443
2.02E+17,PASSAIC     ,CLIFTON CITY            ,11/30/2016,W ,1050,1,CLIFTON PD               ,,0,0,0,0,P,B,N,N,15,2,NJ 3                                              ,E,3,,00000003__      ,,2,1,2,2,1,2,5,1,200,FE,W,,T,NJ 21                    ,,55,,,,N,NONE                                                                            ,7118,10:50,120-07448
2.02E+17,PASSAIC     ,CLIFTON CITY            ,7/4/2018,WE,2218,1,CLIFTON PD               ,,0,1,0,0,I,B,N,N,1,2,NJ 3                                              ,E,3,,00000003__      ,2.64,2,,2,1,6,1,4,1,,,,,F,CR 622                   ,SB,55,,40.8396,74.15978,N,,7266,22:20,120-07443
2.02E+17,PASSAIC     ,CLIFTON CITY            ,10/23/2015,F ,930,1,CLIFTON PD               ,,0,1,0,0,I,B,N,N,1,2,NJ 3                                              ,E,3,,00000003__      ,2.68,2,1,2,1,1,1,1,1,200,FE,E,CR 622 / BLOOMFIELD AVE            ,,,,55,35,,,N,NONE                                                                            ,7124,9:30,120-07443
2.02E+17,PASSAIC     ,CLIFTON CITY            ,11/30/2016,W ,1136,1,CLIFTON PD               ,,0,0,0,0,P,B,N,N,15,2,NJ 3                                              ,E,3,,00000003__      ,,2,1,2,2,1,2,5,1,200,FE,W,,T,NJ 21                    ,EB,55,,,,N,NONE                                                                            ,7118,11:35,120-07448
2.02E+17,PASSAIC     ,CLIFTON CITY            ,10/23/2015,F ,1554,1,CLIFTON PD               ,,0,4,0,0,I,I,N,N,1,2,NJ 3                                              ,E,3,,00000003__      ,,2,5,2,1,1,1,2,1,,AT,,,F,GROVE ST                 ,SB,15,,,,N,NONE                                                                            ,7215,15:55,120-07448
2.02E+17,PASSAIC     ,CLIFTON CITY            ,11/30/2016,W ,1155,1,CLIFTON PD               ,,0,0,0,0,P,B,N,N,15,2,NJ 3                                              ,E,3,,00000003__      ,,2,1,2,2,1,2,5,1,200,FE,W,,,NJ 21                    ,,55,,,,N,NONE                                                                            ,7118,11:55,120-07448
2.02E+17,PASSAIC     ,CLIFTON CITY            ,9/9/2017,SA,2129,1,CLIFTON PD               ,,0,0,0,0,P,B,N,N,2,2,NJ 3                                              ,E,3,,00000003__      ,4.87,2,,2,1,7,1,1,1,100,FE,W,NJ 21                              ,,,,55,55,,,N,,7201,21:30,120-04738
2.02E+17,PASSAIC     ,CLIFTON CITY            ,9/11/2017,MO,555,1,CLIFTON PD               ,,0,0,0,0,P,B,N,N,2,3,NJ 3                                              ,E,3,,00000003__      ,0.6,2,,2,1,1,1,1,1,500,FE,E,CR 623 / GROVE ST                  ,,,,50,35,40.86494,74.18254,N,,,5:55,120N07448
2.02E+17,PASSAIC     ,CLIFTON CITY            ,10/24/2015,SA,108,1,CLIFTON PD               ,,0,0,0,0,P,B,N,N,1,2,NJ 3                                              ,E,3,,00000003__      ,,2,1,2,1,6,1,1,1,264,FE,W,,T,CR 622                   ,SB,55,,,,N,NONE                                                                            ,7157,1:10,120-07448
2.02E+17,PASSAIC     ,CLIFTON CITY            ,7/8/2018,SU,1824,1,CLIFTON PD               ,,0,0,0,0,P,B,N,N,12,1,NJ 3                                              ,E,3,,00000003__      ,2.66,2,,2,1,1,1,1,1,100,FE,E,CR 622 / BLOOMFIELD AVE            ,,,,55,35,40.83942,74.1591,N,,7232,18:25,120-07443
2.02E+17,PASSAIC     ,CLIFTON CITY            ,7/9/2018,MO,1318,1,CLIFTON PD               ,,0,0,0,0,P,B,N,N,1,2,NJ 3                                              ,E,3,,00000003__      ,0.51,2,,2,1,1,1,1,1,,,,,F,GROVE ST                 ,EB,55,,40.86494,74.18254,N,,7128,13:20,120N07448
2013160213-9522                ,PASSAIC     ,CLIFTON CITY            ,8/24/2013,SA,1718,1,CLIFTON PD               ,POST 7         ,0,0,0,0,P,I,N,N,1,2,NJ 3                                              ,E,3,,00000003__      ,4.89,2,4,2,1,1,1,1,2,,AT,E,NJ 21 RAMP                         ,,,,50,,,,N,NONE                                                                            ,8037,17:20,120-04738
2013160213-9541                ,PASSAIC     ,CLIFTON CITY            ,8/25/2013,S ,1239,1,CLIFTON PD               ,CLIFTON        ,0,0,0,0,P,B,N,N,1,2,NJ 3                                              ,E,3,,00000003__      ,0.51,2,5,2,1,1,1,5,1,5,FE,E,CR 623 / GROVE ST                  ,,,,35,,,,N,,269,12:40,120N07448
2.02E+17,PASSAIC     ,CLIFTON CITY            ,7/10/2018,TU,826,1,CLIFTON PD               ,,0,0,0,0,P,B,N,N,1,3,NJ 3                                              ,E,3,,00000003__      ,3.8,2,,2,1,1,1,1,1,,,,,F,MAIN AVE                 ,NB,55,,40.82926,74.13755,N,,,8:25,120-04740
2.02E+17,PASSAIC     ,CLIFTON CITY            ,9/12/2017,TU,1816,1,CLIFTON PD               ,,0,0,0,0,P,B,N,N,1,2,NJ 3                                              ,E,3,,00000003__      ,,2,,2,1,1,1,1,1,0,FE,,,F,GROVE ST                 ,EB,55,,40.86494,74.18254,N,,545,18:15,120-07448
2013160213-9578                ,PASSAIC     ,CLIFTON CITY            ,8/26/2013,M ,1922,1,CLIFTON PD               ,PATROL 5C      ,0,0,0,0,P,I,N,N,2,2,NJ 3                                              ,E,3,,00000003__      ,0,2,1,2,1,1,1,4,1,,AT,E,US 46                              ,,,,55,55,,,N,NONE                                                                            ,11998,19:20,120-07448
2.02E+17,PASSAIC     ,CLIFTON CITY            ,12/3/2016,SA,1303,1,CLIFTON PD               ,,0,0,0,0,P,B,N,N,2,2,NJ 3                                              ,E,3,,00000003__      ,0.54,2,1,2,1,1,1,5,1,150,FE,E,CR 623 / GROVE ST                  ,,,,55,25,,,N,NONE                                                                            ,7096,13:05,120N07448
2013160213-9656                ,PASSAIC     ,CLIFTON CITY            ,8/28/2013,W ,2017,1,CLIFTON PD               ,CLIFTON        ,0,0,0,0,P,B,N,N,1,2,NJ 3                                              ,E,3,,00000003__      ,4.7,2,1,2,2,6,2,5,1,,,,,F,NJ 21                    ,SB,50,,,,N,NONE                                                                            ,15518,20:15,120N04739
2013160213-9659                ,PASSAIC     ,CLIFTON CITY            ,8/28/2013,W ,2259,1,CLIFTON PD               ,CLIFTON        ,0,0,0,0,P,B,N,N,1,2,NJ 3                                              ,E,3,,00000003__      ,1.26,2,1,2,1,6,1,1,2,0,FE,E,ROUTE 509 / BROAD ST               ,,,,55,25,,,N,,258,23:00,120N07447
2.02E+17,PASSAIC     ,CLIFTON CITY            ,7/11/2018,WE,857,1,CLIFTON PD               ,,0,0,0,0,P,B,N,N,1,3,NJ 3                                              ,E,3,,00000003__      ,4.7,2,,2,1,1,1,1,1,1000,FE,W,NJ 21                              ,,,,55,55,40.82849,74.13588,N,,,8:55,120N04739
2.02E+17,PASSAIC     ,CLIFTON CITY            ,9/15/2017,FR,750,1,CLIFTON PD               ,,0,1,0,0,I,B,N,N,11,1,NJ 3                                              ,E,3,,00000003__      ,4.8,2,,2,1,1,1,1,1,500,FE,W,NJ 21                              ,,,,55,55,40.82818,74.13543,N,PSEG UTILITY POLE 71276C                                                        ,7099,7:50,120-04738
2.02E+17,PASSAIC     ,CLIFTON CITY            ,10/28/2015,W ,2349,1,CLIFTON PD               ,,0,0,0,0,P,B,N,N,1,2,NJ 3                                              ,E,3,,00000003__      ,,2,2,2,2,6,2,1,1,1000,FE,E,,T,MAIN AVE                 ,EB,55,,,,N,NONE                                                                            ,7226,23:50,120-07448
2.02E+16,PASSAIC     ,CLIFTON CITY            ,11/28/2015,SA,1931,1,CLIFTON PD               ,,0,0,0,0,P,I,N,N,11,1,NJ 3                                              ,E,3,,00000003__      ,,2,5,2,1,6,1,2,1,,AT,,,T,CR 622                   ,NB,55,,,,N,NONE                                                                            ,7098,19:30,120-07448
2.02E+17,PASSAIC     ,CLIFTON CITY            ,9/15/2017,FR,1435,1,CLIFTON PD               ,,0,1,0,0,I,B,N,N,11,1,NJ 3                                              ,E,3,,00000003__      ,,2,,2,1,1,1,2,1,,,,,T,BLOOMFIELD AVE           ,EB,55,,40.83962,74.16002,N,GUARDRAIL. RAMP FROM BLOOMFIELD AVE TO RT. 3 EAST.                              ,7096,14:35,120-07448
2.02E+17,PASSAIC     ,CLIFTON CITY            ,12/5/2016,M ,822,1,CLIFTON PD               ,,0,0,0,0,P,B,N,N,1,2,NJ 3                                              ,E,3,,00000003__      ,3.33,2,1,2,2,1,2,5,1,500,FE,W,CR 603 / PASSAIC AVE               ,,,,55,25,,,N,NONE                                                                            ,7180,8:20,120-07442
2.02E+17,PASSAIC     ,CLIFTON CITY            ,10/29/2015,TH,738,1,CLIFTON PD               ,,0,0,0,0,P,B,N,N,2,3,NJ 3                                              ,E,3,,00000003__      ,3.46,2,2,2,2,1,1,1,1,200,FE,E,CR 603 / PASSAIC AVE               ,,,,55,35,,,N,NONE                                                                            ,7124,7:40,120N07442
2.02E+17,PASSAIC     ,CLIFTON CITY            ,10/29/2015,TH,755,1,CLIFTON PD               ,,0,0,0,0,P,B,N,N,1,2,NJ 3                                              ,E,3,,00000003__      ,1.44,2,1,2,2,1,1,1,1,100,FE,E,GSP SOUTH                          ,,,,50,,,,N,NONE                                                                            ,7179,7:55,120-07444
2.02E+17,PASSAIC     ,CLIFTON CITY            ,9/17/2017,SU,1730,1,CLIFTON PD               ,,0,1,0,0,I,B,N,N,11,1,NJ 3                                              ,E,3,,00000003__      ,0.5,2,,2,1,1,1,1,1,30,FE,W,CR 623 / GROVE ST                  ,,,,55,35,40.86237,74.18099,N,MINOR SCRATCH AT GUARD RAIL. MINOR DENT TO A UTILITY POLE. UTILITY POLE #: 7525.,542,17:30,120N07448
2.02E+17,PASSAIC     ,CLIFTON CITY            ,7/14/2018,SA,635,1,CLIFTON PD               ,,0,0,0,0,P,B,N,N,2,2,NJ 3                                              ,E,3,,00000003__      ,0.51,2,,2,1,1,1,1,1,,,,,F,CR 623                   ,SB,55,,40.86584,74.18294,N,,7199,6:35,120N07448
2013160213-9839                ,PASSAIC     ,CLIFTON CITY            ,7/3/2013,W ,801,1,CLIFTON PD               ,,0,0,0,0,P,B,N,N,1,2,NJ 3                                              ,E,3,,00000003__      ,3.46,2,2,2,1,1,1,1,1,200,FE,E,CR 603 / PASSAIC AVE               ,,,,55,35,,,N,,260,8:00,120N07442
2.02E+17,PASSAIC     ,CLIFTON CITY            ,12/6/2016,TU,1810,1,CLIFTON PD               ,,0,1,0,0,I,B,N,N,1,2,NJ 3                                              ,E,3,,00000003__      ,,2,5,2,2,1,2,2,1,,,,,F,GROVE ST                 ,,15,,,,N,NONE                                                                            ,7166,18:10,120-07448
2.02E+17,PASSAIC     ,CLIFTON CITY            ,12/7/2016,W ,632,1,CLIFTON PD               ,,0,1,0,0,I,B,N,N,2,2,NJ 3                                              ,E,3,,00000003__      ,0.32,2,1,2,1,1,1,1,1,1000,FE,W,CR 623 / GROVE ST                  ,,,,55,35,,,N,NONE                                                                            ,7226,6:30,120-07448
2013160213-9841                ,PASSAIC     ,CLIFTON CITY            ,9/3/2013,TU,935,1,CLIFTON PD               ,,0,0,0,0,P,I,N,N,2,2,NJ 3                                              ,E,3,,00000003__      ,1.1,2,1,2,1,1,5,1,1,,AT,,,T,BROAD ST/RT 509          ,,55,,,,N,NONE                                                                            ,256,9:35,120-07447
2.02E+17,PASSAIC     ,CLIFTON CITY            ,10/29/2015,TH,856,1,CLIFTON PD               ,,0,0,0,0,P,B,N,N,1,3,NJ 3                                              ,E,3,,00000003__      ,2.63,2,1,2,1,1,1,5,1,50,FE,W,CR 622 / BLOOMFIELD AVE            ,,,,55,,,,N,NONE                                                                            ,7131,8:55,120-07443