CRASH_ID,CTY_NAME,MUN_NAME,DATE,DAY,TIME,POL_CODE,POL_DEPT,POL_STA,KILLED,INJURED,PED_KILL,PED_INJ,SEVERITY,INTERSEC,ALCOHOL,HAZMAT,CRASH_TYPE,VEH_COUNT,LOCATION,LOC_DIR,ROUTE,RT_SFX,SRI,MP,RD_SYS,RD_CHAR,RD_SURF,SURF_COND,LIGHT,WEATHER,RD_DIV,RD_WRKZN,X_DIST,DIST_UNT,X_DIR,X_NAME,IS_RAMP,RAMP_RT,RAMP_DIR,SPD_LMT,SPD_X,LAT,LONG,CELL_USE,PROP_DMG,BADGE,TIME_ROUND,TMC
2013160213-9865                ,PASSAIC     ,CLIFTON CITY            ,9/3/2013,TU,1914,1,CLIFTON PD               ,CLIFTON        ,0,1,0,0,I,B,N,N,1,2,NJ 3                                              ,E,3,,00000003__      ,4.91,2,1,2,1,3,1,1,1,100,FE,E,NJ 21                              ,,,,55,55,,,N,,258,19:15,120-04738
2.02E+17,PASSAIC     ,CLIFTON CITY            ,10/30/2015,F ,713,1,CLIFTON PD               ,,0,0,0,0,P,I,N,N,2,2,NJ 3                                              ,E,3,,00000003__      ,0,2,1,2,1,1,1,3,1,,AT,,US 46                              ,,,,55,55,,,N,NONE                                                                            ,7107,7:15,120-07448
2.02E+17,PASSAIC     ,CLIFTON CITY            ,7/17/2018,TU,2009,1,CLIFTON PD               ,,0,0,0,0,P,B,N,N,2,2,NJ 3                                              ,E,3,,00000003__      ,4.89,2,,2,2,6,2,2,1,,,,,T,NJ 21                    ,SB,25,,40.82517,74.12953,N,,7273,20:10,120-04738
2013160213-9866                ,PASSAIC     ,CLIFTON CITY            ,9/3/2013,TU,1914,1,CLIFTON PD               ,CLIFTON        ,0,2,0,0,I,B,N,N,1,3,NJ 3                                              ,E,3,,00000003__      ,4.91,2,1,2,1,3,1,1,1,100,FE,E,NJ 21                              ,,,,55,,,,N,NONE                                                                            ,12573,19:15,120-04738
2.02E+17,PASSAIC     ,CLIFTON CITY            ,9/18/2017,MO,1405,1,CLIFTON PD               ,,0,0,0,0,P,B,N,N,1,2,NJ 3                                              ,E,3,,00000003__      ,,2,,2,1,1,5,2,1,,,,,F,GROVE ST                 ,EB,25,,40.86494,74.18254,N,,7098,14:05,120-07448
2013160213-9918                ,PASSAIC     ,CLIFTON CITY            ,9/5/2013,TH,709,1,CLIFTON PD               ,CLIFTON        ,0,0,0,0,P,B,N,N,2,2,NJ 3                                              ,E,3,,00000003__      ,1.76,2,1,2,1,1,1,5,1,100,FE,W,HEPBURN RD                         ,,,,55,,,,N,,267,7:10,120-07444
2.02E+17,PASSAIC     ,CLIFTON CITY            ,10/30/2015,F ,2304,1,CLIFTON PD               ,,0,0,0,0,P,B,N,N,1,3,NJ 3                                              ,E,3,,00000003__      ,,2,2,2,1,6,1,1,1,,,,,T,MAIN AVE                 ,SB,55,,,,N,NONE                                                                            ,7175,23:05,120-07448
2013160213-9959                ,PASSAIC     ,CLIFTON CITY            ,9/6/2013,F ,200,1,CLIFTON PD               ,PATROL         ,0,0,0,0,P,B,N,N,11,1,NJ 3                                              ,E,3,,00000003__      ,,2,2,2,1,6,1,2,1,,,,,T,CR 622                   ,,55,,,,N,GUARDRAIL                                                                       ,3000,2:00,120-07448
2.02E+17,PASSAIC     ,CLIFTON CITY            ,9/20/2017,WE,1639,1,CLIFTON PD               ,,0,1,0,0,I,B,N,N,11,1,NJ 3                                              ,E,3,,00000003__      ,1.8,2,,2,1,1,1,1,1,125,FE,E,HEPBURN RD                         ,,,,55,25,40.8398,74.16093,N,STOP SIGN FOR MONTCLAIR COUNTRY CLUB EXIT  AND TREE                             ,7105,16:40,120-07444
2.02E+17,PASSAIC     ,CLIFTON CITY            ,12/9/2016,F ,835,1,CLIFTON PD               ,,0,0,0,0,P,B,N,N,1,2,NJ 3                                              ,E,3,,00000003__      ,2.62,2,1,2,1,1,1,5,1,100,FE,W,CR 622 / BLOOMFIELD AVE            ,,,,55,35,,,N,NONE                                                                            ,7118,8:35,120-07443
2.02E+17,PASSAIC     ,CLIFTON CITY            ,7/20/2018,FR,1819,1,CLIFTON PD               ,,0,0,0,0,P,B,N,N,1,2,NJ 3                                              ,E,3,,00000003__      ,2.6,2,,2,1,1,1,1,1,200,FE,W,CR 622 / BLOOMFIELD AVE            ,,,,55,25,40.84055,74.16158,N,,7274,18:20,120-07443
2.02E+17,PASSAIC     ,CLIFTON CITY            ,9/21/2017,TH,1136,1,CLIFTON PD               ,,0,0,0,0,P,B,N,N,1,2,NJ 3                                              ,E,3,,00000003__      ,2.64,2,,2,1,1,1,1,1,,,,,T,PASSAIC COUNTY 622       ,SB,55,,40.83976,74.1603,N,,7128,11:35,120-07443
2.02E+17,PASSAIC     ,CLIFTON CITY            ,12/9/2016,F ,936,1,CLIFTON PD               ,,0,0,0,0,P,B,N,N,1,3,NJ 3                                              ,E,3,,00000003__      ,3.36,2,1,2,1,1,1,5,1,300,FE,W,CR 603 / PASSAIC AVE               ,,,,55,35,,,N,NONE                                                                            ,7118,9:35,120-07442
2.01E+13,PASSAIC     ,CLIFTON CITY            ,3/5/2013,TU,2355,1,CLIFTON PD               ,,0,0,0,0,P,B,N,N,11,1,NJ 3                                              ,E,3,,00000003__      ,,2,5,2,1,6,1,1,1,,,,,,MAIN AVE                 ,,15,,,,N,NONE                                                                            ,8035,23:55,120-07448
2.02E+17,PASSAIC     ,CLIFTON CITY            ,7/20/2018,FR,1847,1,CLIFTON PD               ,,0,0,0,0,P,B,N,N,2,2,NJ 3                                              ,E,3,,00000003__      ,1.25,2,,2,1,1,1,1,1,50,FE,W,ROUTE 509 / BROAD ST               ,,,,55,40,40.85644,74.17953,N,,7251,18:45,120N07447
2.02E+17,PASSAIC     ,CLIFTON CITY            ,11/1/2015,S ,1817,1,CLIFTON PD               ,,0,0,0,0,P,B,N,N,2,2,NJ 3                                              ,E,3,,00000003__      ,,2,1,2,1,6,1,1,1,660,FE,W,,,PASSAIC COUNTY 623       ,,55,,,,N,NONE                                                                            ,7153,18:15,120-07448
2.02E+17,PASSAIC     ,CLIFTON CITY            ,12/9/2016,F ,1009,1,CLIFTON PD               ,,0,0,0,0,P,B,N,N,1,2,NJ 3                                              ,E,3,,00000003__      ,,2,4,2,1,1,1,2,1,,,,,F,RT 3 EAST                ,EB,55,,,,N,NONE                                                                            ,7080,10:10,120-07448
2.02E+17,PASSAIC     ,CLIFTON CITY            ,9/21/2017,TH,1156,1,CLIFTON PD               ,,0,0,0,0,P,B,N,N,1,2,NJ 3                                              ,E,3,,00000003__      ,2.64,2,,2,1,1,1,5,1,,,E,CR 622 / BLOOMFIELD AVE            ,,,,55,35,40.83976,74.1603,N,,7118,11:55,120-07443
2.02E+17,PASSAIC     ,CLIFTON CITY            ,7/22/2018,SU,1231,1,CLIFTON PD               ,,0,0,0,0,P,B,N,N,15,2,NJ 3                                              ,E,3,,00000003__      ,2.67,2,,2,1,1,1,1,1,150,FE,E,CR 622 / BLOOMFIELD AVE            ,,,,55,25,40.83943,74.15929,N,,7098,12:30,120-07443
2.02E+17,PASSAIC     ,CLIFTON CITY            ,12/9/2016,F ,1117,1,CLIFTON PD               ,,0,0,0,0,P,B,N,N,1,2,NJ 3                                              ,E,3,,00000003__      ,,2,1,2,1,1,1,5,1,,,,,F,BLOOMFIELD AVE RAMP      ,EB,55,,,,N,NONE                                                                            ,7096,11:15,120-07448
2.01E+12,PASSAIC     ,CLIFTON CITY            ,1/16/2013,W ,2142,1,CLIFTON PD               ,PATROL         ,0,0,0,0,P,B,N,N,2,2,NJ 3                                              ,E,3,,00000003__      ,4.64,2,2,2,1,6,1,1,2,1320,FE,W,NJ 21                              ,,,,55,55,,,N,NONE                                                                            ,6017,21:40,120N04739
2.02E+17,PASSAIC     ,CLIFTON CITY            ,9/22/2017,FR,837,1,CLIFTON PD               ,,0,0,0,0,P,B,N,N,2,2,NJ 3                                              ,E,3,,00000003__      ,,2,,2,1,1,1,2,1,,,,,F,RT 21                    ,SB,55,,40.82551,74.12733,N,,7185,8:35,120-07448
2.02E+17,PASSAIC     ,CLIFTON CITY            ,7/24/2018,TU,1740,1,CLIFTON PD               ,,0,0,0,0,P,B,N,N,1,2,NJ 3                                              ,E,3,,00000003__      ,0.6,2,,2,1,1,1,1,1,,,,,F,GROVE ST                 ,SB,55,,40.86564,74.18261,N,,7256,17:40,120N07448
2.02E+17,PASSAIC     ,CLIFTON CITY            ,11/4/2015,W ,1326,1,CLIFTON PD               ,,0,1,0,0,I,B,N,N,2,2,NJ 3                                              ,E,3,,00000003__      ,4.88,2,2,2,1,1,1,1,1,50,FE,W,NJ 21                              ,,,,50,25,,,N,NONE                                                                            ,7179,13:25,120-04738
2.02E+17,PASSAIC     ,CLIFTON CITY            ,9/22/2017,FR,1135,1,CLIFTON PD               ,,0,0,0,0,P,B,N,N,1,2,NJ 3                                              ,E,3,,00000003__      ,2.68,2,,2,1,1,1,1,1,200,FE,E,CR 622 / BLOOMFIELD AVE            ,,,,55,35,40.8394,74.15914,N,,7185,11:35,120-07443
2.02E+17,PASSAIC     ,CLIFTON CITY            ,9/23/2017,SA,1628,1,CLIFTON PD               ,,0,1,0,0,I,B,N,N,1,2,NJ 3                                              ,E,3,,00000003__      ,0.42,2,,2,1,1,1,1,1,500,FE,W,CR 623 / GROVE ST                  ,,,,55,25,40.86494,74.18254,N,,546,16:30,120N07448
2.02E+17,PASSAIC     ,CLIFTON CITY            ,7/26/2018,TH,1034,1,CLIFTON PD               ,,0,0,0,0,P,B,N,N,2,2,NJ 3                                              ,E,3,,00000003__      ,4.91,2,,2,1,1,1,5,1,100,FE,E,NJ 21                              ,,,,50,,40.82517,74.12953,N,,7167,10:35,120-04738
201316022013-11967             ,PASSAIC     ,CLIFTON CITY            ,10/27/2013,S ,1759,1,CLIFTON PD               ,,0,0,0,0,P,B,N,N,1,2,NJ 3                                              ,E,3,,00000003__      ,,2,1,2,1,3,1,1,1,20,FE,W,,T,BLOOMFIELD AVE           ,,55,,,,N,NONE OBSERVED/REPORTED                                                          ,7029,18:00,120-07448
2.02E+17,PASSAIC     ,CLIFTON CITY            ,12/10/2016,SA,2300,1,CLIFTON PD               ,,0,0,0,0,P,B,N,N,11,1,NJ 3                                              ,E,3,,00000003__      ,,2,1,2,1,6,1,1,1,500,FE,E,,F,MAIN AVE                 ,,55,,,,N,NONE                                                                            ,7169,23:00,120-07448
201316022013-13166             ,PASSAIC     ,CLIFTON CITY            ,11/26/2013,TU,1556,1,CLIFTON PD               ,,0,0,0,0,P,B,N,N,1,2,NJ 3                                              ,E,3,,00000003__      ,,2,2,2,2,1,2,1,2,65,FE,W,,T,ROUTE 21                 ,SB,45,,,,N,NONE OBSERVED/REPORTED                                                          ,7029,15:55,120-07448
201316022013-13764             ,PASSAIC     ,CLIFTON CITY            ,12/11/2013,W ,848,1,CLIFTON PD               ,POST 5         ,0,1,0,0,I,B,N,N,1,2,NJ 3                                              ,E,3,,00000003__      ,0.48,2,1,2,2,1,1,1,1,150,FE,W,CR 623 / GROVE ST                  ,,,,55,,,,N,,199,8:50,120N07448
2.02E+17,PASSAIC     ,CLIFTON CITY            ,7/27/2018,FR,1139,1,CLIFTON PD               ,,0,0,0,0,P,B,N,N,2,2,NJ 3                                              ,E,3,,00000003__      ,2.5,2,,2,1,1,1,5,1,750,FE,W,CR 622 / BLOOMFIELD AVE            ,,,,55,35,40.8398,74.16093,N,,7167,11:40,120-07443
201316022013-13803             ,PASSAIC     ,CLIFTON CITY            ,12/12/2013,TH,734,1,CLIFTON PD               ,POST #7        ,0,0,0,0,P,B,N,N,1,2,NJ 3                                              ,E,3,,00000003__      ,0.54,2,1,2,1,1,1,1,1,150,FE,E,CR 623 / GROVE ST                  ,,,,50,15,,,N,,211,7:35,120N07448
2.02E+17,PASSAIC     ,CLIFTON CITY            ,9/26/2017,TU,2102,1,CLIFTON PD               ,,0,2,0,0,I,B,N,N,4,2,NJ 3                                              ,E,3,,00000003__      ,,2,,2,1,7,1,2,1,,,,,T,CR 601                   ,,55,,40.83085,74.14146,N,GUARDRAIL.                                                                      ,7201,21:00,120-07448
2.02E+17,PASSAIC     ,CLIFTON CITY            ,7/27/2018,FR,2136,1,CLIFTON PD               ,,0,1,0,0,I,B,N,N,11,1,NJ 3                                              ,E,3,,00000003__      ,3.73,2,,2,2,6,2,1,1,500,FE,W,CR 601 / MAIN AVE                  ,,,,55,25,40.82993,74.13906,N,,7257,21:35,120-04740
201316022013-14039             ,PASSAIC     ,CLIFTON CITY            ,12/17/2013,TU,2038,1,CLIFTON PD               ,,0,0,0,0,P,B,N,N,2,2,NJ 3                                              ,E,3,,00000003__      ,,2,2,2,5,6,3,1,2,2640,FE,W,,T,NJ 21                    ,SB,45,,,,N,NONE OBSERVED/REPORTED                                                          ,7029,20:40,120-07448
2.02E+17,PASSAIC     ,CLIFTON CITY            ,9/27/2017,WE,744,1,CLIFTON PD               ,,0,0,0,0,P,B,N,N,1,2,NJ 3                                              ,E,3,,00000003__      ,,2,,2,1,1,1,2,1,,,,,F,VALLEY RD                ,NB,55,,40.86947,74.18836,N,,7099,7:45,120-07448
2.02E+17,PASSAIC     ,CLIFTON CITY            ,9/27/2017,WE,808,1,CLIFTON PD               ,,0,1,0,0,I,B,N,N,1,2,NJ 3                                              ,E,3,,00000003__      ,2.83,2,,2,1,1,1,5,1,1000,FE,E,CR 622 / BLOOMFIELD AVE            ,,,,55,25,40.83921,74.15872,N,,7096,8:10,120-07443
2.02E+17,PASSAIC     ,CLIFTON CITY            ,12/13/2016,TU,905,1,CLIFTON PD               ,,0,0,0,0,P,B,N,N,1,2,NJ 3                                              ,E,3,,00000003__      ,,2,4,2,1,1,1,1,1,,,,,F,GROVE ST                 ,SB,55,,,,N,NONE                                                                            ,7157,9:05,120-07448
2.02E+17,PASSAIC     ,CLIFTON CITY            ,7/28/2018,SA,149,1,CLIFTON PD               ,,0,0,0,0,P,B,N,N,11,1,NJ 3                                              ,E,3,,00000003__      ,2.7,2,,2,2,6,2,2,1,,,,,T,BLOOMFIELD AVE           ,SB,55,,40.83976,74.1603,N,,7198,1:50,120-07443
201316022013-2709              ,PASSAIC     ,CLIFTON CITY            ,3/8/2013,F ,846,1,CLIFTON PD               ,,0,0,0,0,P,B,N,N,11,1,NJ 3                                              ,E,3,,00000003__      ,1.44,2,1,2,5,1,3,1,1,500,FE,,GARDEN STATE PARKWAY               ,,,,55,,,,N,GUIDE RAIL -(STATE) TRFILT E                                                    ,251,8:45,120-07444
2.02E+17,PASSAIC     ,CLIFTON CITY            ,11/12/2015,TH,1609,1,CLIFTON PD               ,,0,0,0,0,P,B,N,N,1,2,NJ 3                                              ,E,3,,00000003__      ,,2,5,2,2,1,1,2,1,,,,,F,CR 623                   ,SB,20,,,,N,NONE                                                                            ,7166,16:10,120-07448
2.02E+17,PASSAIC     ,CLIFTON CITY            ,12/13/2016,TU,1958,1,CLIFTON PD               ,,0,0,0,0,P,I,N,N,11,1,NJ 3                                              ,E,3,,00000003__      ,0,2,1,2,1,6,1,2,1,,AT,,RT 46 E                            ,,BLOCK 128 & 129          ,,55,50,,,N,CURB  GRASS AND TREES                                                           ,7166,20:00,120-07448
2.02E+17,PASSAIC     ,CLIFTON CITY            ,8/1/2018,WE,727,1,CLIFTON PD               ,,0,0,0,0,P,B,N,N,1,2,NJ 3                                              ,E,3,,00000003__      ,2.64,2,,2,2,1,2,1,1,,,,,F,BLOOMFIELD AVE           ,NB,55,,40.83966,74.15983,N,,7099,7:25,120-07443
201316022013-4167              ,PASSAIC     ,CLIFTON CITY            ,4/12/2013,F ,2229,1,CLIFTON PD               ,,0,1,0,0,I,I,Y,N,1,2,NJ 3                                              ,E,3,,00000003__      ,,2,2,2,2,7,2,1,2,,AT,,,F,DNLOULAY 265 RT 3        ,EB,45,,,,N,DRIVEN TO GUARDRAIL FACE IN FRONT OF 265 PORTE 3 EAST                           ,7029,22:30,120-07448
2.02E+17,PASSAIC     ,CLIFTON CITY            ,12/15/2016,TH,707,1,CLIFTON PD               ,,0,0,0,0,P,B,N,N,8,2,NJ 3                                              ,E,3,,00000003__      ,,2,5,2,1,1,1,3,1,,,,,T,GARDEN STATE PARKWAY     ,SB,55,,,,N,NONE                                                                            ,7079,7:05,120-07448
2.02E+17,PASSAIC     ,CLIFTON CITY            ,12/15/2016,TH,1513,1,CLIFTON PD               ,,0,0,0,0,P,B,N,N,1,2,NJ 3                                              ,E,3,,00000003__      ,,2,2,2,1,1,1,1,1,,,,,F,VALLEY RD                ,EB,55,,,,N,NONE                                                                            ,7244,15:15,120-07448
2.02E+17,PASSAIC     ,CLIFTON CITY            ,9/30/2017,SA,1418,1,CLIFTON PD               ,,0,0,0,0,P,B,N,N,1,2,NJ 3                                              ,E,3,,00000003__      ,3.89,2,,2,1,1,1,1,1,350,FE,E,CR 601 / MAIN AVE                  ,,,,55,35,40.82925,74.13765,N,,7144,14:20,120-04740
2.02E+17,PASSAIC     ,CLIFTON CITY            ,8/1/2018,WE,1716,1,CLIFTON PD               ,,0,1,0,0,I,B,N,N,1,2,NJ 3                                              ,E,3,,00000003__      ,0.5,2,,2,1,1,1,4,1,,,,,F,GROVE ST                 ,WB,35,,40.86566,74.18266,N,,7273,17:15,120N07448
2.02E+17,PASSAIC     ,CLIFTON CITY            ,10/1/2017,SU,1517,1,CLIFTON PD               ,,0,0,0,0,P,B,N,N,1,2,NJ 3                                              ,E,3,,00000003__      ,,2,,2,1,1,1,1,1,,,,,F,BLOOMFIELD AVE           ,SB,55,,40.83973,74.15986,N,,7206,15:15,120-07448
2.02E+17,PASSAIC     ,CLIFTON CITY            ,8/2/2018,TH,1215,1,CLIFTON PD               ,,0,0,0,0,P,B,N,N,2,2,NJ 3                                              ,E,3,,00000003__      ,2.58,2,,2,1,1,1,5,1,300,FE,W,CR 622 / BLOOMFIELD AVE            ,,,,55,25,40.83976,74.1603,N,,7096,12:15,120-07443
2.02E+17,PASSAIC     ,CLIFTON CITY            ,12/16/2016,F ,1123,1,CLIFTON PD               ,,0,0,0,0,P,I,N,N,1,2,NJ 3                                              ,E,3,,00000003__      ,,2,1,2,1,1,1,1,1,,AT,,,F,BROAD STREET             ,SB,55,,,,N,NONE                                                                            ,7107,11:25,120-07448
201316022013-5704              ,PASSAIC     ,CLIFTON CITY            ,5/20/2013,M ,1922,1,CLIFTON PD               ,,0,2,0,0,I,I,N,N,1,2,NJ 3                                              ,E,3,,00000003__      ,,2,5,2,1,1,1,1,2,,AT,,,F,ROUTE 21                 ,,45,,,,N,NONE OBSERVED/REPORTED                                                          ,7029,19:20,120-07448
2.02E+17,PASSAIC     ,CLIFTON CITY            ,12/16/2016,F ,1652,1,CLIFTON PD               ,,0,0,0,0,P,B,N,N,1,2,NJ 3                                              ,E,3,,00000003__      ,,2,1,2,1,6,1,1,1,1000,FE,,,T,BLOOMFIELD AVE           ,NB,55,,,,N,NONE                                                                            ,7107,16:50,120-07448
2.02E+17,PASSAIC     ,CLIFTON CITY            ,10/2/2017,MO,639,1,CLIFTON PD               ,,0,0,0,0,P,B,N,N,2,2,NJ 3                                              ,E,3,,00000003__      ,4.32,2,,2,1,1,1,1,1,2640,FE,E,CR 601 / MAIN AVE                  ,,,,,,40.82724,74.13313,N,,7199,6:40,120N04740
201316022013-6598              ,PASSAIC     ,CLIFTON CITY            ,6/11/2013,TU,1406,1,CLIFTON PD               ,CLIFTON        ,0,0,0,0,P,B,N,N,2,2,NJ 3                                              ,E,3,,00000003__      ,1.17,2,1,2,1,1,1,1,1,500,FE,W,ROUTE 509 / BROAD ST               ,,,,55,35,,,N,NONE                                                                            ,5001,14:05,120N07447
2.02E+17,PASSAIC     ,CLIFTON CITY            ,8/8/2018,WE,1341,1,CLIFTON PD               ,,0,0,0,0,P,B,N,N,1,2,NJ 3                                              ,E,3,,00000003__      ,1.5,2,,2,1,1,1,5,1,300,FE,E,GARDEN STATE PARKWAY               ,,,,55,55,40.85906,74.18007,N,,7118,13:40,120-07444
2.02E+17,PASSAIC     ,CLIFTON CITY            ,10/2/2017,MO,745,1,CLIFTON PD               ,,0,1,0,0,I,B,N,N,1,3,NJ 3                                              ,E,3,,00000003__      ,4.89,2,,2,1,1,1,1,1,2640,FE,E,NJ 21                              ,,,,55,55,,,N,,,7:45,120-04738
2.02E+17,PASSAIC     ,CLIFTON CITY            ,11/18/2015,W ,851,1,CLIFTON PD               ,,0,1,0,0,I,I,N,N,1,2,NJ 3                                              ,E,3,,00000003__      ,1.53,2,1,2,1,1,1,1,1,,AT,,GARDEN STATE PKWY                  ,,,,55,55,,,N,NONE                                                                            ,7098,8:50,120-07444
201316022013-7157              ,PASSAIC     ,CLIFTON CITY            ,6/25/2013,TU,756,1,CLIFTON PD               ,POST #4        ,0,0,0,0,P,B,N,N,2,2,NJ 3                                              ,E,3,,00000003__      ,0.54,2,1,2,1,1,1,1,1,150,FE,E,CR 623 / GROVE ST                  ,,,,50,,,,N,,211,7:55,120N07448
2.02E+17,PASSAIC     ,CLIFTON CITY            ,12/17/2016,SA,2023,1,CLIFTON PD               ,,0,0,0,0,P,B,N,N,15,1,NJ 3                                              ,E,3,,00000003__      ,,2,2,2,2,6,1,1,1,50,FE,E,,F,PASSAIC AVE              ,WB,55,,,,N,NONE                                                                            ,7205,20:25,120-07448
2.02E+17,PASSAIC     ,CLIFTON CITY            ,10/2/2017,MO,2329,1,CLIFTON PD               ,,0,0,0,0,P,B,N,N,2,2,NJ 3                                              ,E,3,,00000003__      ,0,2,,2,1,6,1,1,1,1500,FE,E,VALLEY RD                          ,,,,55,35,40.88159,74.12944,N,,7198,23:30,120-07448
2.02E+17,PASSAIC     ,CLIFTON CITY            ,8/10/2018,FR,1755,1,CLIFTON PD               ,,0,0,0,0,P,B,N,N,1,2,NJ 3                                              ,E,3,,00000003__      ,2.7,2,,2,1,1,1,1,1,,,,,F,BLOOMFIELD AVE           ,NB,50,,40.83961,74.15979,N,,7267,17:55,120-07443
201316022013-7604              ,PASSAIC     ,CLIFTON CITY            ,7/5/2013,F ,1708,1,CLIFTON PD               ,,0,0,0,0,P,B,N,N,1,2,NJ 3                                              ,E,3,,00000003__      ,4.8,2,5,2,1,1,1,1,2,,,,,F,NJ 21                    ,SB,,,,,N,NONE OBSERVED/REPORTED                                                          ,7029,17:10,120-04738
2.02E+17,PASSAIC     ,CLIFTON CITY            ,8/12/2018,SU,1302,1,CLIFTON PD               ,,0,0,0,0,P,B,N,N,1,2,NJ 3                                              ,E,3,,00000003__      ,2.7,2,,2,1,1,1,1,1,,,,,F,BLOOMFIELD AVE           ,SB,55,,40.83959,74.15978,N,,7185,13:00,120-07443
201316022013-7612              ,PASSAIC     ,CLIFTON CITY            ,7/5/2013,F ,2104,1,CLIFTON PD               ,,0,0,0,0,P,I,N,N,1,2,NJ 3                                              ,E,3,,00000003__      ,4.71,2,5,2,1,7,1,1,2,,AT,,,F,NJ 21                    ,SB,45,,,,N,NONE OBSERVED/REPORTED                                                          ,1029,21:05,120-04738
2.02E+17,PASSAIC     ,CLIFTON CITY            ,12/19/2016,M ,1802,1,CLIFTON PD               ,,0,0,0,0,P,B,N,N,1,2,NJ 3                                              ,E,3,,00000003__      ,,2,1,2,1,6,1,1,1,300,FE,E,,F,GARDEN STATE PARKWAY     ,,55,,,,N,NONE                                                                            ,7168,18:00,120-07448
201316022013-8539              ,PASSAIC     ,CLIFTON CITY            ,7/29/2013,M ,1710,1,CLIFTON PD               ,,0,1,0,0,I,I,N,N,1,2,NJ 3                                              ,E,3,,00000003__      ,2.64,2,2,2,1,1,1,1,1,,AT,,,F,CR 622                   ,,55,,,,N,NONE OBSERVED/REPORTED                                                          ,1029,17:10,120-07443
2.02E+17,PASSAIC     ,CLIFTON CITY            ,12/19/2016,M ,1852,1,CLIFTON PD               ,,0,0,0,0,P,B,N,N,1,2,NJ 3                                              ,E,3,,00000003__      ,1.53,2,2,2,1,5,1,1,1,200,FE,E,GARDEN STATE PARKWAY N             ,,,,55,55,,,N,NONE                                                                            ,7098,18:50,120-07444
2.02E+17,PASSAIC     ,CLIFTON CITY            ,12/20/2016,TU,806,1,CLIFTON PD               ,,0,0,0,0,P,B,N,N,1,2,NJ 3                                              ,E,3,,00000003__      ,,2,1,2,1,1,1,1,1,,,,,T,BLOOMFIELD AVE           ,EB,55,,,,N,NONE                                                                            ,7203,8:05,120-07448
2.02E+17,PASSAIC     ,CLIFTON CITY            ,10/3/2017,TU,948,1,CLIFTON PD               ,,0,0,0,0,P,B,N,N,11,1,NJ 3                                              ,E,3,,00000003__      ,3.91,2,,2,1,1,1,1,1,500,FE,E,CR 601 / MAIN AVE                  ,,,,55,35,,,N,,7118,9:50,120-04740
2.02E+17,PASSAIC     ,CLIFTON CITY            ,11/20/2015,F ,1817,1,CLIFTON PD               ,,0,1,0,0,I,B,N,N,1,2,NJ 3                                              ,E,3,,00000003__      ,,2,2,2,1,5,1,1,1,1320,FE,W,,T,MAIN AVE                 ,,55,,,,N,NONE                                                                            ,7176,18:15,120-07448
2.02E+17,PASSAIC     ,CLIFTON CITY            ,11/23/2015,M ,1911,1,CLIFTON PD               ,,0,0,0,0,P,B,N,N,1,2,NJ 3                                              ,E,3,,00000003__      ,,2,5,2,1,6,1,2,1,,,,,F,ROUTE 21 NORTH           ,EB,25,,,,N,NONE                                                                            ,7240,19:10,120-07448
2.02E+17,PASSAIC     ,CLIFTON CITY            ,12/21/2016,W ,2021,1,CLIFTON PD               ,,0,0,0,0,P,B,N,N,1,2,NJ 3                                              ,E,3,,00000003__      ,,2,1,2,1,6,1,5,1,500,FE,W,,T,RT 21 S                  ,,55,,,,N,NONE                                                                            ,7211,20:20,120-07448
2.02E+17,PASSAIC     ,CLIFTON CITY            ,10/3/2017,TU,2107,1,CLIFTON PD               ,,0,0,0,0,P,B,N,N,2,2,NJ 3                                              ,E,3,,00000003__      ,1.88,2,,2,1,5,1,1,1,525,FE,E,HEPBURN RD                         ,,,,55,25,,,N,,7201,21:05,120-07444
201316022013-9679              ,PASSAIC     ,CLIFTON CITY            ,8/29/2013,TH,1622,1,CLIFTON PD               ,,0,0,0,0,P,I,N,N,1,2,NJ 3                                              ,E,3,,00000003__      ,4.7,2,5,2,1,1,1,1,2,,AT,,,F,NJ 21                    ,SB,45,,,,N,NONE OBSERVED/REPORTED                                                          ,7027,16:20,120N04739
2.02E+17,PASSAIC     ,CLIFTON CITY            ,11/24/2015,TU,645,1,CLIFTON PD               ,,0,0,0,0,P,B,N,N,1,2,NJ 3                                              ,E,3,,00000003__      ,4.87,2,1,2,1,1,1,1,1,100,FE,W,NJ 21                              ,,,,55,25,,,N,NONE                                                                            ,7145,6:45,120-04738
2.02E+17,PASSAIC     ,CLIFTON CITY            ,10/3/2017,TU,2153,1,CLIFTON PD               ,,0,0,0,0,P,B,N,N,1,2,NJ 3                                              ,E,3,,00000003__      ,1.87,2,,2,1,4,1,1,1,500,FE,E,HEPBURN RD                         ,,,,55,25,,,N,,7201,21:55,120-07444