CRASH_ID,CTY_NAME,MUN_NAME,DATE,DAY,TIME,POL_CODE,POL_DEPT,POL_STA,KILLED,INJURED,PED_KILL,PED_INJ,SEVERITY,INTERSEC,ALCOHOL,HAZMAT,CRASH_TYPE,VEH_COUNT,LOCATION,LOC_DIR,ROUTE,RT_SFX,SRI,MP,RD_SYS,RD_CHAR,RD_SURF,SURF_COND,LIGHT,WEATHER,RD_DIV,RD_WRKZN,X_DIST,DIST_UNT,X_DIR,X_NAME,IS_RAMP,RAMP_RT,RAMP_DIR,SPD_LMT,SPD_X,LAT,LONG,CELL_USE,PROP_DMG,BADGE,TIME_ROUND,TMC
2.02E+17,PASSAIC     ,CLIFTON CITY            ,8/17/2018,FR,1240,1,CLIFTON PD               ,,0,4,0,0,I,B,N,N,11,1,NJ 3                                              ,E,3,,00000003__      ,0.5,2,,2,1,1,1,1,1,75,FE,W,CR 623 / GROVE ST                  ,,,,55,35,40.86601,74.18304,N,RT. 3 EAST MILE MARKER 0.4 POST                                                 ,7099,12:40,120N07448
2.02E+17,PASSAIC     ,CLIFTON CITY            ,10/4/2017,WE,1041,1,CLIFTON PD               ,,0,0,0,0,P,B,N,N,1,2,NJ 3                                              ,E,3,,00000003__      ,4.01,2,,2,1,1,1,1,1,1000,FE,E,CR 601 / MAIN AVE                  ,,,,55,35,40.82426,74.12648,N,,7152,10:40,120N04740
2.02E+17,PASSAIC     ,CLIFTON CITY            ,8/17/2018,FR,1258,1,CLIFTON PD               ,,0,0,0,0,P,B,N,N,2,2,NJ 3                                              ,E,3,,00000003__      ,0.53,2,,2,1,1,1,1,1,100,FE,E,CR 623 / GROVE ST                  ,,,,55,25,40.86494,74.18254,N,,7128,13:00,120N07448
2.02E+17,PASSAIC     ,CLIFTON CITY            ,10/4/2017,WE,1147,1,CLIFTON PD               ,,0,0,0,0,P,B,N,N,11,1,NJ 3                                              ,E,3,,00000003__      ,4.07,2,,2,1,1,1,1,1,1320,FE,E,CR 601 / MAIN AVE                  ,,,,55,,40.83085,74.14146,N,DAMAGE TO 2 SIGNS ON CLIFTON COMMONS PROPERTY                                   ,7176,11:45,120N04740
2.02E+17,PASSAIC     ,CLIFTON CITY            ,11/25/2015,W ,1208,1,CLIFTON PD               ,,0,0,0,0,P,B,N,N,1,2,NJ 3                                              ,E,3,,00000003__      ,,2,1,2,1,1,1,5,1,5,FE,E,,F,CR 622                   ,EB,55,,,,N,NONE                                                                            ,7131,12:10,120-07448
2.02E+17,PASSAIC     ,CLIFTON CITY            ,10/4/2017,WE,1715,1,CLIFTON PD               ,,0,0,0,0,P,B,N,N,1,3,NJ 3                                              ,E,3,,00000003__      ,2.65,2,,2,1,1,1,1,1,50,FE,E,CR 622 / BLOOMFIELD AVE            ,,,,55,25,40.83385,74.14788,N,,,17:15,120-07443
2.02E+17,PASSAIC     ,CLIFTON CITY            ,8/20/2018,MO,1056,1,CLIFTON PD               ,,0,1,0,0,I,B,N,N,1,2,NJ 3                                              ,E,3,,00000003__      ,0.5,2,,2,1,1,5,5,1,,,,,F,GROVE STREET             ,NB,55,,40.86564,74.18261,N,,7131,10:55,120N07448
2.02E+17,PASSAIC     ,CLIFTON CITY            ,8/21/2018,TU,2013,1,CLIFTON PD               ,,0,1,0,0,I,B,N,N,2,2,NJ 3                                              ,E,3,,00000003__      ,1.26,2,,2,1,6,1,1,1,25,FE,E,ROUTE 509 / BROAD ST               ,,,,55,35,40.85722,74.17956,N,,7251,20:15,120N07447
2.02E+17,PASSAIC     ,CLIFTON CITY            ,11/28/2015,SA,1459,1,CLIFTON PD               ,,0,0,0,0,P,B,N,N,11,1,NJ 3                                              ,E,3,,00000003__      ,,2,5,2,2,1,2,5,1,,,,,T,ROUTE 21                 ,NB,,,,,N,NONE OBSERVED/REPORTED                                                          ,7177,15:00,120-07448
2.02E+17,PASSAIC     ,CLIFTON CITY            ,11/28/2015,SA,1909,1,CLIFTON PD               ,,0,0,0,0,P,I,N,N,2,2,NJ 3                                              ,E,3,,00000003__      ,,2,2,2,2,6,5,1,1,,AT,,,F,PASSAIC AVE              ,,55,,,,N,NONE OBSERVED/REPORTED                                                          ,7177,19:10,120-07448
2.02E+17,PASSAIC     ,CLIFTON CITY            ,12/26/2016,M ,1845,1,CLIFTON PD               ,,0,0,0,0,P,B,N,N,4,2,NJ 3                                              ,E,3,,00000003__      ,,2,5,2,2,6,1,5,1,,,,,T,BLOOMFIELD AVE           ,SB,55,,,,N,NONE                                                                            ,7218,18:45,120-07448
2.02E+17,PASSAIC     ,CLIFTON CITY            ,8/22/2018,WE,1707,1,CLIFTON PD               ,,0,1,0,0,I,B,N,N,1,2,NJ 3                                              ,E,3,,00000003__      ,1.26,2,,2,1,1,1,1,1,25,FE,W,ROUTE 509 / BROAD ST               ,,,,55,35,40.85906,74.18007,N,,7251,17:05,120N07447
2.02E+17,PASSAIC     ,CLIFTON CITY            ,12/28/2016,W ,2,1,CLIFTON PD               ,,0,0,0,0,P,B,N,N,5,2,NJ 3                                              ,E,3,,00000003__      ,,2,2,2,1,6,1,1,1,500,FE,W,,T,CR 601                   ,,55,,,,N,NONE                                                                            ,7200,2:00,120-07448
2.02E+17,PASSAIC     ,CLIFTON CITY            ,12/28/2016,W ,129,1,CLIFTON PD               ,,0,3,0,0,I,B,Y,N,1,2,NJ 3                                              ,E,3,,00000003__      ,,2,2,2,1,6,1,1,1,250,FE,W,,T,WARD ST                  ,,55,,,,N,NONE                                                                            ,7169,1:30,120-07448
2.02E+17,PASSAIC     ,CLIFTON CITY            ,12/2/2015,W ,713,1,CLIFTON PD               ,,0,0,0,0,P,B,N,N,1,2,NJ 3                                              ,E,3,,00000003__      ,,2,1,2,2,1,2,5,1,500,FE,E,,F,CR 623                   ,,,,,,N,NONE                                                                            ,7131,7:15,120-07448
2.02E+17,PASSAIC     ,CLIFTON CITY            ,10/12/2017,TH,2044,1,CLIFTON PD               ,,0,0,0,0,P,I,N,N,3,2,NJ 3                                              ,E,3,,00000003__      ,2.64,2,,2,1,6,1,5,1,,AT,,CR 622 / BLOOMFIELD AVE            ,,,,55,25,40.84009,74.16131,N,,547,20:45,120-07443
2.02E+17,PASSAIC     ,CLIFTON CITY            ,8/27/2018,MO,1318,1,CLIFTON PD               ,,0,0,0,0,P,B,N,N,2,2,NJ 3                                              ,E,3,,00000003__      ,1.27,2,,2,1,1,1,5,1,50,FE,E,ROUTE 509 / BROAD ST               ,,,,55,25,40.85906,74.18007,N,,7131,13:20,120N07447
2.02E+18,PASSAIC     ,CLIFTON CITY            ,11/29/2015,S ,1654,1,CLIFTON PD               ,,0,0,0,0,P,I,N,N,1,2,NJ 3                                              ,E,3,,00000003__      ,,2,4,2,1,6,1,4,1,,AT,,,T,RT 3 E                   ,,15,,,,N,NONE                                                                            ,7224,16:55,120-07448
2.02E+17,PASSAIC     ,CLIFTON CITY            ,8/27/2018,MO,1922,1,CLIFTON PD               ,,0,0,0,0,P,B,N,N,2,2,NJ 3                                              ,E,3,,00000003__      ,1.26,2,,2,1,6,1,1,1,15,FE,W,ROUTE 509 / BROAD ST               ,,,,55,35,40.85728,74.17961,N,,7251,19:20,120N07447
2.02E+17,PASSAIC     ,CLIFTON CITY            ,10/17/2017,TU,756,1,CLIFTON PD               ,,0,0,0,0,P,B,N,N,1,2,NJ 3                                              ,E,3,,00000003__      ,2.59,2,,2,1,1,1,1,1,250,FE,W,CR 622 / BLOOMFIELD AVE            ,,,,55,25,40.84016,74.16085,N,,7205,7:55,120-07443
2.02E+17,PASSAIC     ,CLIFTON CITY            ,8/28/2018,TU,1405,1,CLIFTON PD               ,,0,0,0,0,P,B,N,N,1,2,NJ 3                                              ,E,3,,00000003__      ,2.65,2,,2,1,1,1,2,1,50,FE,E,CR 622 / BLOOMFIELD AVE            ,,,,55,30,40.84064,74.16044,N,,7157,14:05,120-07443
2.02E+17,PASSAIC     ,CLIFTON CITY            ,12/4/2015,F ,844,1,CLIFTON PD               ,,0,0,0,0,P,B,N,N,2,2,NJ 3                                              ,E,3,,00000003__      ,,2,4,2,1,1,1,1,1,,,,,F,RIVER RD                 ,NB,55,,,,N,NONE                                                                            ,7118,8:45,120-07448
20161602B060-2016-00526A       ,PASSAIC     ,CLIFTON CITY            ,2/19/2016,F ,218,2,NEW JERSEY STATE POLICE  ,TOTOWA-SUB - SQ,0,2,0,0,I,B,Y,N,11,1,NJ 3                                              ,E,3,,00000003__      ,0.7,2,5,2,1,6,1,1,1,,,,,T,CR 622                   ,,55,,,,N,,7678,2:20,120N07448
2.02E+17,PASSAIC     ,CLIFTON CITY            ,8/29/2018,WE,1042,1,CLIFTON PD               ,,0,0,0,0,P,B,N,N,1,2,NJ 3                                              ,E,3,,00000003__      ,1.26,2,,2,1,1,1,1,1,,,,,T,RT 509 / BROAD ST        ,SB,55,,40.85461,74.17879,N,,7180,10:40,120N07447
2.02E+17,PASSAIC     ,CLIFTON CITY            ,10/17/2017,TU,802,1,CLIFTON PD               ,,0,0,0,0,P,B,N,N,1,2,NJ 3                                              ,E,3,,00000003__      ,1.8,2,,2,1,1,1,5,1,100,FE,E,HEPBURN RD                         ,,,,55,35,40.84883,74.17219,N,,7131,8:00,120-07444
2.02E+17,PASSAIC     ,CLIFTON CITY            ,12/4/2015,F ,1328,1,CLIFTON PD               ,,0,0,0,0,P,B,N,N,2,2,NJ 3                                              ,E,3,,00000003__      ,,2,1,2,1,1,1,5,1,5,FE,W,,F,RT 444                   ,SB,55,,,,N,NONE                                                                            ,7131,13:30,120-07448
2.02E+17,PASSAIC     ,CLIFTON CITY            ,10/18/2017,WE,1748,1,CLIFTON PD               ,,0,0,0,0,P,B,N,N,4,2,NJ 3                                              ,E,3,,00000003__      ,3.19,2,,2,1,1,1,1,1,1200,FE,W,CR 603 / PASSAIC AVE               ,,,,55,25,40.83385,74.14788,N,,7105,17:50,120-07442
2.02E+17,PASSAIC     ,CLIFTON CITY            ,12/6/2015,S ,241,1,CLIFTON PD               ,,0,0,0,0,P,B,Y,N,1,2,NJ 3                                              ,E,3,,00000003__      ,3.84,2,5,2,1,6,1,4,1,100,FE,E,CR 601 / MAIN AVE                  ,,,,25,25,,,N,SIGN  GUARD RAIL                                                                ,7198,2:40,120-04740
2.02E+17,PASSAIC     ,CLIFTON CITY            ,9/1/2018,SA,821,1,CLIFTON PD               ,,0,0,0,0,P,B,N,N,15,1,NJ 3                                              ,E,3,,00000003__      ,2.62,2,,2,1,1,1,1,1,100,FE,W,CR 622 / BLOOMFIELD AVE            ,,,,55,30,40.8398,74.16093,N,,7157,8:20,120-07443
2.02E+17,PASSAIC     ,CLIFTON CITY            ,10/19/2017,TH,1508,1,CLIFTON PD               ,,0,0,0,0,P,B,N,N,1,2,NJ 3                                              ,E,3,,00000003__      ,,2,,2,1,1,1,1,1,,,,,T,WARD ST                  ,SB,55,,40.83355,74.14855,N,,547,15:10,120-07448
2.02E+17,PASSAIC     ,CLIFTON CITY            ,10/19/2017,TH,1622,1,CLIFTON PD               ,,0,0,0,0,P,B,N,N,2,2,NJ 3                                              ,E,3,,00000003__      ,2.66,2,,2,1,1,1,1,1,100,FE,E,CR 622 / BLOOMFIELD AVE            ,,,,55,35,40.88008,74.1472,N,,7224,16:20,120-07443
2.02E+17,PASSAIC     ,CLIFTON CITY            ,9/4/2018,TU,908,1,CLIFTON PD               ,,0,0,0,0,P,I,N,N,11,1,NJ 3                                              ,E,3,,00000003__      ,3.42,2,,2,1,1,1,5,1,,AT,,,T,PC 603 / PASSAIC AVE     ,,55,,40.83086,74.14225,N,SCUFFS ON THE GUARD RAIL FROM IMPACT                                            ,7118,9:10,120-07442
2.02E+17,PASSAIC     ,CLIFTON CITY            ,10/21/2017,SA,1727,1,CLIFTON PD               ,,0,0,0,0,P,B,N,N,1,2,NJ 3                                              ,E,3,,00000003__      ,,2,,2,1,3,1,5,1,,,,,T,VALLEY RD                ,NB,55,,40.86947,74.18836,N,,543,17:25,120-07448
2.02E+17,PASSAIC     ,CLIFTON CITY            ,10/23/2017,MO,735,1,CLIFTON PD               ,,0,0,0,0,P,B,N,N,1,2,NJ 3                                              ,E,3,,00000003__      ,2.72,2,,2,1,1,5,5,1,400,FE,E,CR 622 / BLOOMFIELD AVE            ,,,,55,25,40.83955,74.15947,N,,7096,7:35,120-07443
2.02E+17,PASSAIC     ,CLIFTON CITY            ,9/6/2018,TH,839,1,CLIFTON PD               ,,0,0,0,0,P,B,N,N,1,3,NJ 3                                              ,E,3,,00000003__      ,2.83,2,,2,1,1,1,1,1,1000,FE,E,CR 622 / BLOOMFIELD AVE            ,,,,55,25,40.83763,74.1554,Y,,,8:40,120-07443
2.02E+17,PASSAIC     ,CLIFTON CITY            ,12/10/2015,TH,1404,1,CLIFTON PD               ,,0,0,0,0,P,I,N,N,1,3,NJ 3                                              ,E,3,,00000003__      ,3.82,2,1,2,1,1,1,1,1,,AT,,CR 601 / MAIN AVE                  ,,,,55,25,,,N,NONE                                                                            ,7204,14:05,120-04740
2.02E+17,PASSAIC     ,CLIFTON CITY            ,10/24/2017,TU,1639,1,CLIFTON PD               ,,0,0,0,0,P,B,N,N,1,2,NJ 3                                              ,E,3,,00000003__      ,3.35,2,,2,2,1,2,1,1,350,FE,W,CR 603 / PASSAIC AVE               ,,,,50,25,40.83718,74.15449,N,,7161,16:40,120-07442
2.02E+17,PASSAIC     ,CLIFTON CITY            ,9/9/2018,SU,1535,1,CLIFTON PD               ,,0,0,0,0,P,B,N,N,1,2,NJ 3                                              ,E,3,,00000003__      ,1.1,2,,2,2,1,2,5,1,,,,,T,BROAD ST                 ,SB,55,,40.85461,74.17876,N,,7251,15:35,120-07447
2.02E+17,PASSAIC     ,CLIFTON CITY            ,9/9/2018,SU,1557,1,CLIFTON PD               ,,0,0,0,0,P,B,N,N,11,1,NJ 3                                              ,E,3,,00000003__      ,4.8,2,,2,2,1,2,2,1,,,,,F,NJ 21                    ,NB,55,,,,N,,7257,15:55,120-04738
2.02E+17,PASSAIC     ,CLIFTON CITY            ,10/25/2017,WE,1633,1,CLIFTON PD               ,,0,0,0,0,P,B,N,N,1,2,NJ 3                                              ,E,3,,00000003__      ,,2,,2,1,1,1,2,1,,,,,F,NJ 21                    ,SB,55,,,,N,,7201,16:35,120-07448
2.02E+17,PASSAIC     ,CLIFTON CITY            ,9/10/2018,MO,754,1,CLIFTON PD               ,,0,0,0,0,P,B,N,N,1,2,NJ 3                                              ,E,3,,00000003__      ,2.78,2,,2,2,1,2,1,1,750,FE,E,CR 622 / BLOOMFIELD AVE            ,,,,55,35,40.8384,74.15705,N,,7099,7:55,120-07443
2.02E+17,PASSAIC     ,CLIFTON CITY            ,10/26/2017,TH,835,1,CLIFTON PD               ,,0,0,0,0,P,B,N,N,1,3,NJ 3                                              ,E,3,,00000003__      ,1.76,2,,2,1,1,1,1,1,110,FE,S,HEPBURN RD                         ,,,,55,25,,,N,,,8:35,120-07444
2.02E+17,PASSAIC     ,CLIFTON CITY            ,10/26/2017,TH,1030,1,CLIFTON PD               ,,0,0,0,0,P,B,N,N,3,2,NJ 3                                              ,E,3,,00000003__      ,0.2,2,,2,1,1,1,5,1,50,FE,E,CONKLIN DRIVE                      ,,,,55,25,40.87017,74.18249,N,,7131,10:30,120-07448
2.02E+17,PASSAIC     ,CLIFTON CITY            ,10/28/2017,SA,153,1,CLIFTON PD               ,,0,0,0,0,P,B,N,N,1,2,NJ 3                                              ,E,3,,00000003__      ,3.81,2,,2,1,7,1,1,1,50,FE,W,CR 601 / MAIN AVE                  ,,,,55,35,40.83118,74.14164,N,,7246,1:55,120-04740
2.02E+17,PASSAIC     ,CLIFTON CITY            ,12/18/2015,F ,1841,1,CLIFTON PD               ,,0,1,0,0,I,B,N,N,1,2,NJ 3                                              ,E,3,,00000003__      ,1.77,2,1,2,1,6,1,1,1,50,FE,W,HEPBURN RD                         ,,,,55,35,,,N,NONE                                                                            ,7232,18:40,120-07444
2.02E+17,PASSAIC     ,CLIFTON CITY            ,12/22/2015,TU,912,1,CLIFTON PD               ,,0,0,0,0,P,B,N,N,11,1,NJ 3                                              ,E,3,,00000003__      ,2.66,2,2,2,2,1,2,1,1,80,FE,E,CR 622 / BLOOMFIELD AVE            ,,,,55,35,,,N,NONE                                                                            ,7118,9:10,120-07443
2.02E+17,PASSAIC     ,CLIFTON CITY            ,12/22/2015,TU,1235,1,CLIFTON PD               ,,0,0,0,0,P,B,N,N,1,2,NJ 3                                              ,E,3,,00000003__      ,3.76,2,2,2,2,1,2,1,1,300,FE,W,CR 601 / MAIN AVE                  ,,,,55,35,,,N,NONE                                                                            ,7118,12:35,120-04740
2.02E+17,PASSAIC     ,CLIFTON CITY            ,12/22/2015,TU,1319,1,CLIFTON PD               ,,0,0,0,0,P,B,N,N,11,1,NJ 3                                              ,E,3,,00000003__      ,2.68,2,1,2,2,1,2,1,1,200,FE,E,CR 622 / BLOOMFIELD AVE            ,,,,55,35,,,N,NONE                                                                            ,7118,13:20,120-07443
2.02E+17,PASSAIC     ,CLIFTON CITY            ,9/17/2018,MO,924,1,CLIFTON PD               ,,0,0,0,0,P,I,N,N,1,2,NJ 3                                              ,E,3,,00000003__      ,3.82,2,,2,1,1,5,5,1,,AT,,,T,PC 621 / MAIN AVE        ,EB,55,,40.83069,74.14285,N,,7096,9:25,120-04740
2.02E+17,PASSAIC     ,CLIFTON CITY            ,12/22/2015,TU,1601,1,CLIFTON PD               ,,0,0,0,0,P,B,N,N,1,2,NJ 3                                              ,E,3,,00000003__      ,2.89,2,1,2,2,1,2,1,1,1320,FE,E,CR 622 / BLOOMFIELD AVE            ,,,,55,25,,,N,NONE                                                                            ,7218,16:00,120-07443
2.02E+17,PASSAIC     ,CLIFTON CITY            ,9/19/2018,WE,759,1,CLIFTON PD               ,,0,1,0,0,I,B,N,N,1,3,NJ 3                                              ,E,3,,00000003__      ,2.64,2,,2,1,1,1,1,1,,,,,F,BLOOMFIELD AVE           ,NB,55,,40.83976,74.1603,N,,,8:00,120-07443
2.02E+17,PASSAIC     ,CLIFTON CITY            ,11/10/2017,FR,1739,1,CLIFTON PD               ,,0,0,0,0,P,B,N,N,2,2,NJ 3                                              ,E,3,,00000003__      ,3.67,2,,2,1,6,1,4,1,800,FE,W,CR 601 / MAIN AVE                  ,,,,55,25,,,N,,7201,17:40,120-04740
2.02E+17,PASSAIC     ,CLIFTON CITY            ,12/24/2015,TH,917,1,CLIFTON PD               ,,0,0,0,0,P,B,N,N,11,1,NJ 3                                              ,E,3,,00000003__      ,,2,2,2,2,1,1,1,1,,,,,T,MAIN AVE                 ,SB,55,,,,Y,SIGN AND POST TAKEN DOWN ON CENTER ISLAND ON RAMP                               ,7107,9:15,120-07448
2.02E+17,PASSAIC     ,CLIFTON CITY            ,9/19/2018,WE,913,1,CLIFTON PD               ,,0,0,0,0,P,B,N,N,1,2,NJ 3                                              ,E,3,,00000003__      ,1.76,2,,2,1,1,1,1,1,100,FE,W,HEPBURN RD                         ,,,,55,25,,,N,,7128,9:15,120-07444
2.02E+17,PASSAIC     ,CLIFTON CITY            ,11/11/2017,SA,1738,1,CLIFTON PD               ,,0,0,0,0,P,B,N,N,1,2,NJ 3                                              ,E,3,,00000003__      ,2.64,2,,2,1,6,1,1,1,,,,,F,CR 622/BLOOMFIELD AVE    ,EB,55,,40.8398,74.16093,N,,7105,17:40,120-07443
2.02E+17,PASSAIC     ,CLIFTON CITY            ,12/27/2015,S ,1129,1,CLIFTON PD               ,,0,2,0,0,I,B,N,N,1,3,NJ 3                                              ,E,3,,00000003__      ,2.73,2,1,2,1,1,1,1,1,500,FE,E,CR 622 / BLOOMFIELD AVE            ,,,,50,25,,,N,NONE                                                                            ,7180,11:30,120-07443
2.02E+17,PASSAIC     ,CLIFTON CITY            ,11/13/2017,MO,1307,1,CLIFTON PD               ,,0,0,0,0,P,B,N,N,15,2,NJ 3                                              ,E,3,,00000003__      ,0.53,2,,2,1,1,5,5,1,100,FE,E,CR 623 / GROVE ST                  ,,,,55,35,40.86628,74.18299,N,,7131,13:05,120N07448
2.02E+17,PASSAIC     ,CLIFTON CITY            ,9/20/2018,TH,1633,1,CLIFTON PD               ,,0,0,0,0,P,I,N,N,1,3,NJ 3                                              ,E,3,,00000003__      ,2.64,2,,2,1,1,1,1,1,,AT,,CR 622 / BLOOMFIELD AVE            ,,,,55,35,40.84033,74.16121,N,,7272,16:35,120-07443
2.02E+17,PASSAIC     ,CLIFTON CITY            ,12/27/2015,S ,1821,1,CLIFTON PD               ,,0,2,0,0,I,B,N,N,2,3,NJ 3                                              ,E,3,,00000003__      ,,2,1,2,1,6,1,1,1,100,FE,E,,F,BROAD ST                 ,,55,,,,N,MINOR TO GUARDRAIL                                                              ,7166,18:20,120-07448
2.02E+17,PASSAIC     ,CLIFTON CITY            ,9/20/2018,TH,1710,1,CLIFTON PD               ,,0,0,0,0,P,B,N,N,11,2,NJ 3                                              ,E,3,,00000003__      ,1.39,2,,2,1,1,1,1,1,250,FE,W,GARDEN STATE PARKWAY               ,,,,55,55,40.85127,74.1769,N,,7105,17:10,120-07444
2.02E+17,PASSAIC     ,CLIFTON CITY            ,12/28/2015,M ,240,1,CLIFTON PD               ,,0,0,0,0,P,B,Y,N,11,1,NJ 3                                              ,E,3,,00000003__      ,,2,2,2,1,6,1,99,1,,,,,F,RT 21                    ,SB,35,,,,N,GUARDRAIL                                                                       ,7169,2:40,120-07448
2.02E+17,PASSAIC     ,CLIFTON CITY            ,9/20/2018,TH,1739,1,CLIFTON PD               ,,0,0,0,0,P,B,N,N,1,2,NJ 3                                              ,E,3,,00000003__      ,1.43,2,,2,1,3,5,1,1,50,FE,W,GARDEN STATE PARKWAY               ,,,,55,55,40.85127,74.1769,N,,7254,17:40,120-07444
2.02E+17,PASSAIC     ,CLIFTON CITY            ,11/14/2017,TU,804,1,CLIFTON PD               ,,0,0,0,0,P,B,N,N,2,2,NJ 3                                              ,E,3,,00000003__      ,1.89,2,,2,1,1,5,5,1,600,FE,E,HEPBURN RD                         ,,,,55,25,40.84774,74.17119,N,,7096,8:05,120-07444
2.02E+17,PASSAIC     ,CLIFTON CITY            ,12/29/2015,TU,1723,1,CLIFTON PD               ,,0,0,0,0,P,B,N,N,11,1,NJ 3                                              ,E,3,,00000003__      ,3.81,2,2,2,2,6,1,1,1,50,FE,W,CR 601 / MAIN AVE                  ,,,,55,25,,,N,MINOR TO BARRIER                                                                ,7166,17:25,120-04740
2.02E+17,PASSAIC     ,CLIFTON CITY            ,9/22/2018,SA,458,1,CLIFTON PD               ,,0,2,0,0,I,B,N,N,10,2,NJ 3                                              ,E,3,,00000003__      ,3.04,2,,2,1,6,1,1,1,2000,FE,W,CR 603 / PASSAIC AVE               ,,,,55,30,40.83396,74.14808,N,,7268,5:00,120N07443
2.02E+17,PASSAIC     ,CLIFTON CITY            ,12/30/2015,W ,701,1,CLIFTON PD               ,,0,0,0,0,P,B,N,N,11,1,NJ 3                                              ,E,3,,00000003__      ,0,2,1,1,1,2,1,3,1,300,FE,E,CR 621                             ,,,,50,25,,,N,NONE                                                                            ,7221,7:00,120-07448
2.02E+17,PASSAIC     ,CLIFTON CITY            ,11/14/2017,TU,1425,1,CLIFTON PD               ,,0,2,0,0,I,B,N,N,11,1,NJ 3                                              ,E,3,,00000003__      ,1.35,2,,2,1,1,1,1,1,450,FE,E,ROUTE 509 / BROAD ST               ,,,,55,35,40.85897,74.18048,N,STRUCK UTILITY POLE NUMBER 10535C  MINOR SCRAPES TO POLE                        ,7144,14:25,120-07445
2.02E+17,PASSAIC     ,CLIFTON CITY            ,11/14/2017,TU,1919,1,CLIFTON PD               ,,0,0,0,0,P,I,N,N,2,2,NJ 3                                              ,E,3,,00000003__      ,4.89,2,,2,1,6,1,1,1,,AT,E,,T,NJ 21                    ,NB,55,,40.8272,74.13299,N,,7238,19:20,120-04738
2.02E+17,PASSAIC     ,CLIFTON CITY            ,11/15/2017,WE,208,1,CLIFTON PD               ,,0,0,0,0,P,B,N,N,11,1,NJ 3                                              ,E,3,,00000003__      ,2.64,2,,2,1,6,1,2,1,,,,,T,CR 622                   ,,55,,40.8398,74.16093,N,GUARDRAIL                                                                       ,7169,2:10,120-07443
2.02E+16,PASSAIC     ,CLIFTON CITY            ,8/27/2015,TH,513,1,CLIFTON PD               ,,0,0,0,0,P,B,N,N,15,1,NJ 3                                              ,E,3,,00000003__      ,,2,1,2,1,6,1,1,1,100,FE,,,F,CR 622                   ,,55,,,,N,NONE                                                                            ,7169,5:15,120-07448
20151602B060201504179A         ,PASSAIC     ,CLIFTON CITY            ,12/31/2015,TH,330,2,NEW JERSEY STATE POLICE  ,TOTOWA-SUB - SQ,0,1,0,0,I,B,N,N,11,1,NJ 3                                              ,E,3,,00000003__      ,0.6,2,1,2,2,6,5,1,1,,,,,,,,45,,,,N,,5326,3:30,120N07448
20151602ER-15-5234             ,PASSAIC     ,CLIFTON CITY            ,5/29/2015,F ,723,1,EAST RUTHERFORD PD       ,,1,0,0,0,F,B,N,N,11,1,NJ 3                                              ,E,3,,00000003__      ,0.78,2,4,2,1,1,1,1,1,,,,,,,,55,,,,N,NJDOT GUARDRAIL & WINDSHIELD/HOOD OF 2010 TOYOTA TUNDRA                         ,126,7:25,120-07447
2.02E+17,PASSAIC     ,CLIFTON CITY            ,9/26/2018,WE,721,1,CLIFTON PD               ,,0,0,0,0,P,B,N,N,1,2,NJ 3                                              ,E,3,,00000003__      ,2.55,2,,2,2,1,2,1,1,500,FE,W,CR 622 / BLOOMFIELD AVE            ,,,,55,35,,,N,,7077,7:20,120-07443
2.02E+17,PASSAIC     ,CLIFTON CITY            ,11/17/2017,FR,2039,1,CLIFTON PD               ,,0,0,0,0,P,B,N,N,2,2,NJ 3                                              ,E,3,,00000003__      ,4.42,2,,2,1,6,1,2,1,,,,,F,CR 624                   ,EB,55,,,,N,,7105,20:40,120-04739
2.02E+17,PASSAIC     ,CLIFTON CITY            ,9/26/2018,WE,744,1,CLIFTON PD               ,,0,0,0,0,P,B,N,N,2,2,NJ 3                                              ,E,3,,00000003__      ,1.17,2,,2,2,1,2,1,1,500,FE,W,ROUTE 509 / BROAD ST               ,,,,55,25,40.85482,74.1777,N,,7180,7:45,120N07447
2.02E+17,PASSAIC     ,CLIFTON CITY            ,11/18/2017,SA,1836,1,CLIFTON PD               ,,0,1,0,0,I,B,N,N,1,2,NJ 3                                              ,E,3,,00000003__      ,3.91,2,,2,2,6,2,2,1,500,FE,E,CR 601 / MAIN AVE                  ,,,,55,,40.83133,74.1408,N,,7105,18:35,120-04740
2.02E+17,PASSAIC     ,CLIFTON CITY            ,11/19/2017,SU,1226,1,CLIFTON PD               ,,0,0,0,0,P,B,N,N,1,2,NJ 3                                              ,E,3,,00000003__      ,0.51,2,,2,1,1,1,1,1,,,,,F,CR 623                   ,EB,55,,40.86494,74.18254,N,,,12:25,120N07448
2.02E+17,PASSAIC     ,CLIFTON CITY            ,11/20/2017,MO,912,1,CLIFTON PD               ,,0,0,0,0,P,B,N,N,1,3,NJ 3                                              ,E,3,,00000003__      ,4.91,2,,2,1,1,1,1,1,100,FE,E,NJ 21                              ,,,,55,55,40.82357,74.12523,N,,,9:10,120-04738
2.02E+17,PASSAIC     ,CLIFTON CITY            ,11/20/2017,MO,1358,1,CLIFTON PD               ,,0,0,0,0,P,B,N,N,1,2,NJ 3                                              ,E,3,,00000003__      ,2.64,2,,2,1,1,1,1,1,,FE,E,,F,CR 622                   ,NB,55,,40.83966,74.15993,N,,7099,14:00,120-07443
2.02E+17,PASSAIC     ,CLIFTON CITY            ,9/27/2018,TH,727,1,CLIFTON PD               ,,0,0,0,0,P,B,N,N,2,2,NJ 3                                              ,E,3,,00000003__      ,2.7,2,,2,99,1,1,1,1,300,FE,E,CR 622 / BLOOMFIELD AVE            ,,,,55,,40.83939,74.15901,N,,7077,7:25,120-07443
2.02E+17,PASSAIC     ,CLIFTON CITY            ,9/27/2018,TH,1214,1,CLIFTON PD               ,,0,0,0,0,P,B,N,N,1,2,NJ 3                                              ,E,3,,00000003__      ,1.26,2,,2,1,1,1,4,1,,,,,F,RT 509 / BROAD ST        ,,25,,40.85525,74.1795,N,,7098,12:15,120N07447
2.02E+17,PASSAIC     ,CLIFTON CITY            ,11/21/2017,TU,1631,1,CLIFTON PD               ,,0,0,0,0,P,B,N,N,2,2,NJ 3                                              ,E,3,,00000003__      ,4.88,2,,2,1,1,1,1,1,50,FE,W,NJ 21                              ,,,,55,,40.82679,74.1323,N,,7238,16:30,120-04738
2.02E+17,PASSAIC     ,CLIFTON CITY            ,9/30/2018,SU,123,1,CLIFTON PD               ,,0,0,0,0,P,B,N,N,9,2,NJ 3                                              ,E,3,,00000003__      ,3.9,2,,2,1,7,1,5,1,,,,,T,MAIN AVE                 ,NB,55,,40.83089,74.1423,N,,7246,1:25,120-04740