CRASH_ID,CTY_NAME,MUN_NAME,DATE,DAY,TIME,POL_CODE,POL_DEPT,POL_STA,KILLED,INJURED,PED_KILL,PED_INJ,SEVERITY,INTERSEC,ALCOHOL,HAZMAT,CRASH_TYPE,VEH_COUNT,LOCATION,LOC_DIR,ROUTE,RT_SFX,SRI,MP,RD_SYS,RD_CHAR,RD_SURF,SURF_COND,LIGHT,WEATHER,RD_DIV,RD_WRKZN,X_DIST,DIST_UNT,X_DIR,X_NAME,IS_RAMP,RAMP_RT,RAMP_DIR,SPD_LMT,SPD_X,LAT,LONG,CELL_USE,PROP_DMG,BADGE,TIME_ROUND,TMC
2.02E+17,PASSAIC     ,CLIFTON CITY            ,11/22/2017,WE,1344,1,CLIFTON PD               ,,0,0,0,0,P,B,N,N,1,2,NJ 3                                              ,E,3,,00000003__      ,0.51,2,,2,1,1,1,1,1,,,,,F,GROVE ST                 ,NB,50,,40.86565,74.18255,N,,7144,13:45,120N07448
2.02E+17,PASSAIC     ,CLIFTON CITY            ,10/2/2018,TU,737,1,CLIFTON PD               ,,0,0,0,0,P,B,N,N,5,2,NJ 3                                              ,E,3,,00000003__      ,2.7,2,,2,1,1,1,5,2,,,,,T,PASSAIC COUNTY 622       ,SB,55,,40.83976,74.1603,N,,7096,7:35,120-07443
2.02E+17,PASSAIC     ,CLIFTON CITY            ,11/24/2017,FR,1251,1,CLIFTON PD               ,,0,1,0,0,I,B,N,N,2,2,NJ 3                                              ,E,3,,00000003__      ,3.45,2,,2,1,1,1,1,1,175,FE,E,CR 603 / PASSAIC AVE               ,,,,55,35,40.83286,74.14542,N,,7144,12:50,120N07442
2.02E+17,PASSAIC     ,CLIFTON CITY            ,10/2/2018,TU,907,1,CLIFTON PD               ,,0,0,0,0,P,B,N,N,1,2,NJ 3                                              ,E,3,,00000003__      ,3.91,2,,2,1,1,1,1,1,500,FE,E,CR 601 / MAIN AVE                  ,,,,50,35,40.82449,74.12715,N,,7144,9:05,120-04740
2.02E+17,PASSAIC     ,CLIFTON CITY            ,10/5/2018,FR,2332,1,CLIFTON PD               ,,0,0,0,0,P,B,N,N,1,2,NJ 3                                              ,E,3,,00000003__      ,0.6,2,,2,1,6,1,1,2,500,FE,E,CR 623 / GROVE ST                  ,,,,50,35,40.86584,74.18294,N,,7210,23:30,120N07448
2.02E+17,PASSAIC     ,CLIFTON CITY            ,11/28/2017,TU,653,1,CLIFTON PD               ,,0,0,0,0,P,B,N,N,1,2,NJ 3                                              ,E,3,,00000003__      ,2.83,2,,2,1,1,1,1,1,1000,FE,E,CR 622 / BLOOMFIELD AVE            ,,,,55,35,40.83815,74.15667,N,,7199,6:55,120-07443
2.02E+17,PASSAIC     ,CLIFTON CITY            ,10/8/2018,MO,1911,1,CLIFTON PD               ,,0,0,0,0,P,B,N,N,1,2,NJ 3                                              ,E,3,,00000003__      ,2.64,2,,2,2,6,2,1,1,,,,,F,PC 622 / BLOOMFIELD AVE  ,EB,55,,40.83976,74.1603,N,,7105,19:10,120-07443
2.02E+17,PASSAIC     ,CLIFTON CITY            ,10/8/2018,MO,1913,1,CLIFTON PD               ,,0,1,0,0,I,B,N,N,2,2,NJ 3                                              ,E,3,,00000003__      ,1.29,2,,2,2,3,2,1,1,180,FE,E,ROUTE 509 / BROAD ST               ,,,,50,25,40.85474,74.17772,N,,7253,19:15,120-07446
2.02E+17,PASSAIC     ,CLIFTON CITY            ,11/29/2017,WE,1928,1,CLIFTON PD               ,,0,0,0,0,P,I,N,N,1,2,NJ 3                                              ,E,3,,00000003__      ,2.64,2,,2,1,4,1,5,1,,AT,,CR 622 / BLOOMFIELD AVE            ,,,,55,35,40.84027,74.16124,N,,550,19:30,120-07443
2.02E+17,PASSAIC     ,CLIFTON CITY            ,10/9/2018,TU,1427,1,CLIFTON PD               ,,0,2,0,0,I,B,N,N,1,3,NJ 3                                              ,E,3,,00000003__      ,2.69,2,,2,1,1,1,5,1,275,FE,E,CR 622 / BLOOMFIELD AVE            ,,,,55,25,40.8398,74.16093,N,,,14:25,120-07443
2.02E+17,PASSAIC     ,CLIFTON CITY            ,10/11/2018,TH,854,1,CLIFTON PD               ,,0,0,0,0,P,B,N,N,1,3,NJ 3                                              ,E,3,,00000003__      ,4.89,2,,2,1,1,5,1,1,20,FE,E,NJ 21                              ,,,,55,,40.85673,74.17909,N,,,8:55,120-04738
2.02E+17,PASSAIC     ,CLIFTON CITY            ,12/2/2017,SA,1353,1,CLIFTON PD               ,,0,0,0,0,P,B,N,N,1,2,NJ 3                                              ,E,3,,00000003__      ,1.44,2,,2,1,1,1,4,1,100,FE,E,GARDEN STATE PARKWAY               ,,,,55,55,40.85349,74.1765,N,,,13:55,120-07444
2.02E+17,PASSAIC     ,CLIFTON CITY            ,10/11/2018,TH,1958,1,CLIFTON PD               ,,0,0,0,0,P,B,N,N,1,2,NJ 3                                              ,E,3,,00000003__      ,3.77,2,,2,2,6,2,2,1,250,FE,W,CR 601 / MAIN AVE                  ,,,,55,30,40.82969,74.13844,N,,7273,20:00,120-04740
2.02E+17,PASSAIC     ,CLIFTON CITY            ,10/12/2018,FR,2306,1,CLIFTON PD               ,,0,1,0,0,I,B,N,N,1,2,NJ 3                                              ,E,3,,00000003__      ,0.7,2,,2,1,6,1,1,2,1000,FE,E,CR 623 / GROVE ST                  ,,,,55,35,40.86039,74.18062,N,,7198,23:05,120N07448
2.02E+17,PASSAIC     ,CLIFTON CITY            ,12/5/2017,TU,817,1,CLIFTON PD               ,,0,0,0,0,P,B,N,N,1,2,NJ 3                                              ,E,3,,00000003__      ,4.85,2,,2,2,1,2,1,1,200,FE,W,NJ 21                              ,,,,55,55,40.82581,74.13027,N,,7099,8:15,120-04738
2.02E+17,PASSAIC     ,CLIFTON CITY            ,12/5/2017,TU,2207,1,CLIFTON PD               ,,0,0,0,0,P,B,N,N,11,1,NJ 3                                              ,E,3,,00000003__      ,,2,,2,2,6,2,2,1,,,,,T,ROUTE 21                 ,NB,55,,,,N,GUARDRAIL FACE OF RAMP FROM ROUTE 3 EAST TO ROUTE 21 NORTH ON THE CURVE         ,7105,22:05,120-07448
2.02E+17,PASSAIC     ,CLIFTON CITY            ,10/15/2018,MO,857,1,CLIFTON PD               ,,0,1,0,0,I,B,N,N,1,2,NJ 3                                              ,E,3,,00000003__      ,1.92,2,,2,2,1,2,1,1,750,FE,E,HEPBURN RD                         ,,,,55,35,40.8472,74.17075,N,,7099,8:55,120-07444
2.02E+17,PASSAIC     ,CLIFTON CITY            ,10/15/2018,MO,928,1,CLIFTON PD               ,,0,0,0,0,P,B,N,N,1,2,NJ 3                                              ,E,3,,00000003__      ,0.01,2,,2,2,1,2,3,1,50,FE,W,US 46 / CR 621 / VALLEY RD         ,,,,55,35,40.86963,74.18843,N,,7176,9:30,120-07448
2.02E+17,PASSAIC     ,CLIFTON CITY            ,12/9/2017,SA,1056,1,CLIFTON PD               ,,0,0,0,0,P,B,N,N,11,1,NJ 3                                              ,E,3,,00000003__      ,2.7,2,,2,3,1,3,1,1,,,,,T,BLOOMFIELD AVE           ,SB,55,,40.83972,74.16019,N,,7144,10:55,120-07443
2.02E+17,PASSAIC     ,CLIFTON CITY            ,12/10/2017,SU,933,1,CLIFTON PD               ,,0,0,0,0,P,B,N,N,1,2,NJ 3                                              ,E,3,,00000003__      ,3.84,2,,2,1,1,1,1,1,100,FE,E,CR 601 / MAIN AVE                  ,,,,55,35,40.82993,74.13906,N,,7128,9:35,120-04740
2.02E+17,PASSAIC     ,CLIFTON CITY            ,10/16/2018,TU,2346,1,CLIFTON PD               ,,0,0,0,0,P,B,N,N,2,2,NJ 3                                              ,E,3,,00000003__      ,4.7,2,,2,1,6,1,1,1,1000,FE,W,NJ 21                              ,,,,55,,40.83086,74.14225,N,,7175,23:45,120N04739
2.02E+17,PASSAIC     ,CLIFTON CITY            ,10/17/2018,WE,747,1,CLIFTON PD               ,,0,0,0,0,P,B,N,N,1,2,NJ 3                                              ,E,3,,00000003__      ,4.91,2,,1,1,1,1,1,1,100,FE,E,NJ 21                              ,,,,55,,40.85673,74.17909,N,,7077,7:45,120-04738
2.02E+17,PASSAIC     ,CLIFTON CITY            ,12/12/2017,TU,1423,1,CLIFTON PD               ,,0,1,0,0,I,B,N,N,10,1,NJ 3                                              ,E,3,,00000003__      ,0.51,2,,2,2,1,2,5,1,,,,,T,CR 623/GROVE ST          ,SB,50,,40.86494,74.18254,N,,7167,14:25,120N07448
2.02E+17,PASSAIC     ,CLIFTON CITY            ,10/17/2018,WE,827,1,CLIFTON PD               ,,0,0,0,0,P,B,N,N,11,1,NJ 3                                              ,E,3,,00000003__      ,4.9,2,,1,1,1,1,1,1,50,FE,E,NJ 21                              ,,,,55,55,40.82451,74.12752,N,,7099,8:25,120-04738
2.02E+17,PASSAIC     ,CLIFTON CITY            ,12/12/2017,TU,1843,1,CLIFTON PD               ,,0,0,0,0,P,B,N,N,1,2,NJ 3                                              ,E,3,,00000003__      ,0.51,2,,2,2,6,5,1,1,,,,,F,CR 623/GROVE ST          ,SB,55,,40.86564,74.18258,N,,545,18:45,120N07448
2.02E+17,PASSAIC     ,CLIFTON CITY            ,10/17/2018,WE,1128,1,CLIFTON PD               ,,0,4,0,0,I,B,N,N,1,4,NJ 3                                              ,E,3,,00000003__      ,4.75,2,,2,1,1,1,1,1,750,FE,W,NJ 21                              ,,,,55,55,40.82798,74.13473,N,,,11:30,120-04738
2.02E+17,PASSAIC     ,CLIFTON CITY            ,10/17/2018,WE,1816,1,CLIFTON PD               ,,0,0,0,0,P,B,N,N,1,3,NJ 3                                              ,E,3,,00000003__      ,1.77,2,,2,1,5,1,1,1,50,FE,W,HEPBURN RD                         ,,,,50,25,40.83976,74.1603,N,,,18:15,120-07444
2.02E+17,PASSAIC     ,CLIFTON CITY            ,12/14/2017,TH,1937,1,CLIFTON PD               ,,0,0,0,0,P,B,N,N,1,2,NJ 3                                              ,E,3,,00000003__      ,,2,,2,1,3,1,1,1,,,,,F,BLOOMFIELD AVE           ,EB,50,,40.83961,74.15974,N,,544,19:35,120-07448
2.02E+17,PASSAIC     ,CLIFTON CITY            ,10/18/2018,TH,733,1,CLIFTON PD               ,,0,0,0,0,P,B,N,N,2,2,NJ 3                                              ,E,3,,00000003__      ,4.42,2,,2,1,1,1,5,1,,,,,F,PASSAIC COUNTY 624       ,NB,35,,40.82435,74.12814,N,,7099,7:35,120-04739
2.02E+17,PASSAIC     ,CLIFTON CITY            ,12/15/2017,FR,2215,1,CLIFTON PD               ,,0,0,0,0,P,B,N,N,11,1,NJ 3                                              ,E,3,,00000003__      ,0.32,2,,2,4,5,5,1,1,1000,FE,W,CR 623 / GROVE ST                  ,,,,55,35,40.86494,74.18254,N,,550,22:15,120-07448
2.02E+17,PASSAIC     ,CLIFTON CITY            ,12/15/2017,FR,2234,1,CLIFTON PD               ,,0,0,0,0,P,B,N,N,2,2,NJ 3                                              ,E,3,,00000003__      ,0.6,2,,2,4,6,3,1,1,500,FE,E,CR 623 / GROVE ST                  ,,,,50,25,40.86494,74.18254,N,,7239,22:35,120N07448
2.02E+17,PASSAIC     ,CLIFTON CITY            ,10/19/2018,FR,1635,1,CLIFTON PD               ,,0,0,0,0,P,B,N,N,1,2,NJ 3                                              ,E,3,,00000003__      ,2.79,2,,2,1,1,1,1,1,800,FE,E,CR 622 / BLOOMFIELD AVE            ,,,,55,25,40.83929,74.15883,N,,7201,16:35,120-07443
2.02E+17,PASSAIC     ,CLIFTON CITY            ,10/19/2018,FR,2054,1,CLIFTON PD               ,,0,0,0,0,P,B,N,N,1,2,NJ 3                                              ,E,3,,00000003__      ,0.15,2,,2,1,6,1,1,1,800,FE,E,US 46 / CR 621 / VALLEY RD         ,,,,55,40,,,N,,7105,20:55,120-07448
2.02E+17,PASSAIC     ,CLIFTON CITY            ,12/17/2017,SU,1646,1,CLIFTON PD               ,,0,0,0,0,P,B,N,N,1,3,NJ 3                                              ,E,3,,00000003__      ,3.44,2,,2,1,5,1,1,1,100,FE,E,CR 603 / PASSAIC AVE               ,,,,55,35,40.83471,74.14944,N,,,16:45,120N07442
2.02E+17,PASSAIC     ,CLIFTON CITY            ,12/18/2017,MO,753,1,CLIFTON PD               ,,0,0,0,0,P,B,N,N,1,2,NJ 3                                              ,E,3,,00000003__      ,3.33,2,,2,1,1,1,1,1,500,FE,W,CR 603 / PASSAIC AVE               ,,,,55,25,40.83533,74.15063,N,,7185,7:55,120-07442
2.02E+17,PASSAIC     ,CLIFTON CITY            ,10/23/2018,TU,1207,1,CLIFTON PD               ,,0,1,0,0,I,B,N,N,11,1,NJ 3                                              ,E,3,,00000003__      ,4.85,2,,2,1,1,1,4,1,200,FE,W,NJ 21                              ,,,,55,55,40.82517,74.12953,N,GUARDRAIL                                                                       ,7211,12:05,120-04738
2.02E+17,PASSAIC     ,CLIFTON CITY            ,12/19/2017,TU,1032,1,CLIFTON PD               ,,0,0,0,0,P,B,N,N,1,2,NJ 3                                              ,E,3,,00000003__      ,,2,,2,1,1,1,1,1,300,FE,W,,T,CR 601                   ,NB,55,,40.83086,74.14225,N,,7157,10:30,120-07448
2.02E+17,PASSAIC     ,CLIFTON CITY            ,10/23/2018,TU,1918,1,CLIFTON PD               ,,0,1,0,0,I,I,N,N,3,2,NJ 3                                              ,E,3,,00000003__      ,1.26,2,,2,1,6,1,5,1,,AT,,ROUTE 509 / BROAD ST               ,,,,55,25,40.85491,74.17878,N,,7185,19:20,120N07447
2.02E+17,PASSAIC     ,CLIFTON CITY            ,10/24/2018,WE,842,1,CLIFTON PD               ,,0,0,0,0,P,B,N,N,1,3,NJ 3                                              ,E,3,,00000003__      ,2.73,2,,2,1,1,1,1,1,500,FE,E,CR 622 / BLOOMFIELD AVE            ,,,,55,35,40.83942,74.15915,N,,,8:40,120-07443
2.02E+17,PASSAIC     ,CLIFTON CITY            ,12/19/2017,TU,1739,1,CLIFTON PD               ,,0,0,0,0,P,B,N,N,11,1,NJ 3                                              ,E,3,,00000003__      ,4.95,2,,2,1,6,1,1,1,300,FE,E,NJ 21                              ,,,,55,55,,,N,,549,17:40,120-04738
2.02E+17,PASSAIC     ,CLIFTON CITY            ,12/19/2017,TU,1857,1,CLIFTON PD               ,,0,0,0,0,P,B,N,N,2,2,NJ 3                                              ,E,3,,00000003__      ,,2,,2,1,6,1,2,1,,,,,T,CR 621                   ,NB,50,,40.86947,74.18836,N,,,18:55,120-07448
2.02E+17,PASSAIC     ,CLIFTON CITY            ,10/24/2018,WE,2109,1,CLIFTON PD               ,,0,0,0,0,P,B,N,N,1,2,NJ 3                                              ,E,3,,00000003__      ,4.89,2,,2,1,6,1,1,1,,,,,T,NJ 21                    ,SB,55,,40.82292,74.1286,N,,7239,21:10,120-04738
2.02E+17,PASSAIC     ,CLIFTON CITY            ,10/25/2018,TH,911,1,CLIFTON PD               ,,0,0,0,0,P,B,N,N,1,2,NJ 3                                              ,E,3,,00000003__      ,2.68,2,,2,1,1,1,1,1,200,FE,E,CR 622 / BLOOMFIELD AVE            ,,,,55,25,40.83976,74.1603,N,,7180,9:10,120-07443
2.02E+17,PASSAIC     ,CLIFTON CITY            ,12/20/2017,WE,1803,1,CLIFTON PD               ,,0,2,0,0,I,B,N,N,1,2,NJ 3                                              ,E,3,,00000003__      ,0.51,2,,2,1,6,1,2,1,,,,,F,CR 623 / GROVE STREET    ,SB,55,,40.86494,74.18254,N,,7201,18:05,120N07448
2.02E+17,PASSAIC     ,CLIFTON CITY            ,10/30/2018,TU,1416,1,CLIFTON PD               ,,0,0,0,0,P,B,N,N,1,2,NJ 3                                              ,E,3,,00000003__      ,2.64,2,,2,1,1,1,1,1,10,FE,E,,F,CR 602/BLOOMFIELD AVE    ,EB,50,,,,N,,7080,14:15,120-07443
2.02E+17,PASSAIC     ,CLIFTON CITY            ,12/21/2017,TH,953,1,CLIFTON PD               ,,0,0,0,0,P,B,N,N,15,2,NJ 3                                              ,E,3,,00000003__      ,0,2,,2,1,1,1,1,1,200,FE,E,CR 621                             ,,,,55,35,40.86865,74.18543,N,,7098,9:55,120-07448
2.02E+17,PASSAIC     ,CLIFTON CITY            ,10/31/2018,WE,2151,1,CLIFTON PD               ,,0,1,0,0,I,B,N,N,1,3,NJ 3                                              ,E,3,,00000003__      ,3.28,2,,2,1,7,1,1,2,750,FE,W,CR 603 / PASSAIC AVE               ,,,,55,25,,,N,,,21:50,120-07442
2.02E+17,PASSAIC     ,CLIFTON CITY            ,11/1/2018,TH,1422,1,CLIFTON PD               ,,0,0,0,0,P,I,N,N,1,2,NJ 3                                              ,E,3,,00000003__      ,2.64,2,,2,1,1,1,5,1,,AT,,,F,PC 622 / BLOOMFIELD AVE  ,EB,55,,40.83962,74.1598,N,,7096,14:20,120-07443
2.02E+17,PASSAIC     ,CLIFTON CITY            ,12/21/2017,TH,2155,1,CLIFTON PD               ,,0,1,0,0,I,B,N,N,1,2,NJ 3                                              ,E,3,,00000003__      ,,2,,2,1,6,1,5,1,,,,,T,WARD AVE                 ,WB,55,,40.83382,74.14808,N,,7232,21:55,120-07448
2.02E+17,PASSAIC     ,CLIFTON CITY            ,11/3/2018,SA,1628,1,CLIFTON PD               ,,0,0,0,0,P,B,N,N,2,2,NJ 3                                              ,E,3,,00000003__      ,0,2,,2,1,1,1,1,1,,,,,T,BLOOMFIELD AVE           ,NB,55,,40.83925,74.16133,N,,7105,16:30,120-07448
2.02E+17,PASSAIC     ,CLIFTON CITY            ,12/22/2017,FR,1330,1,CLIFTON PD               ,,0,1,0,0,I,B,N,N,1,2,NJ 3                                              ,E,3,,00000003__      ,3.8,2,,2,1,1,5,1,1,100,FE,W,CR 601 / MAIN AVE                  ,,,,55,35,40.83147,74.14234,N,,7099,13:30,120-04740
2.02E+17,PASSAIC     ,CLIFTON CITY            ,12/22/2017,FR,1450,1,CLIFTON PD               ,,0,0,0,0,P,B,N,N,1,2,NJ 3                                              ,E,3,,00000003__      ,2.66,2,,2,1,1,1,4,1,100,FE,E,CR 622 / BLOOMFIELD AVE            ,,,,55,35,40.83932,74.15911,N,,548,14:50,120-07443
2.02E+17,PASSAIC     ,CLIFTON CITY            ,12/22/2017,FR,1453,1,CLIFTON PD               ,,0,1,0,0,I,B,N,N,1,2,NJ 3                                              ,E,3,,00000003__      ,3.73,2,,2,1,1,5,1,1,500,FE,W,CR 601 / MAIN AVE                  ,,,,55,35,40.83198,74.14344,N,,7144,14:55,120-04740
2.02E+17,PASSAIC     ,CLIFTON CITY            ,11/4/2018,SU,1907,1,CLIFTON PD               ,,0,0,0,0,P,B,N,N,11,1,NJ 3                                              ,E,3,,00000003__      ,2.73,2,,2,1,6,1,4,1,500,FE,E,CR 622 / BLOOMFIELD AVE            ,,,,55,25,40.83396,74.14808,N,,7211,19:05,120-07443
2.02E+17,PASSAIC     ,CLIFTON CITY            ,11/11/2018,SU,1859,1,CLIFTON PD               ,,0,0,0,0,P,B,N,N,1,2,NJ 3                                              ,E,3,,00000003__      ,,2,,2,1,6,1,1,1,,,,,T,RT 3 E                   ,,55,,40.82926,74.1379,N,,7254,19:00,120-07448
2.02E+17,PASSAIC     ,CLIFTON CITY            ,12/28/2017,TH,2007,1,CLIFTON PD               ,,0,0,0,0,P,I,N,N,2,2,NJ 3                                              ,E,3,,00000003__      ,2.64,2,,2,1,6,1,4,1,,AT,,CR 622 / BLOOMFIELD AVE            ,,,,55,25,40.84014,74.16129,N,,7275,20:05,120-07443
2.02E+17,PASSAIC     ,CLIFTON CITY            ,11/13/2018,TU,1313,1,CLIFTON PD               ,,0,0,0,0,P,B,N,N,1,2,NJ 3                                              ,E,3,,00000003__      ,2.8,2,,2,1,1,5,5,1,,,,,F,BLOOMFIELD AVE           ,EB,55,,40.83995,74.16122,N,,7096,13:15,120-07443
2.02E+17,PASSAIC     ,CLIFTON CITY            ,12/29/2017,FR,1040,1,CLIFTON PD               ,,0,1,0,0,I,B,N,N,3,2,NJ 3                                              ,E,3,,00000003__      ,,2,,2,1,1,1,1,1,,,,,T,MAIN AVE                 ,NB,55,,40.83073,74.14142,N,,7099,10:40,120-07448
2.02E+17,PASSAIC     ,CLIFTON CITY            ,11/14/2018,WE,917,1,CLIFTON PD               ,,0,0,0,0,P,B,N,N,1,2,NJ 3                                              ,E,3,,00000003__      ,3.7,2,,2,1,1,1,2,1,,,,,F,NJ 21                    ,SB,25,,40.82337,74.12693,N,,7099,9:15,120-04740
2.02E+17,PASSAIC     ,CLIFTON CITY            ,11/15/2018,TH,635,1,CLIFTON PD               ,,0,0,0,0,P,B,N,N,2,2,NJ 3                                              ,E,3,,00000003__      ,2.65,2,,2,1,1,5,1,1,50,FE,E,CR 622 / BLOOMFIELD AVE            ,,,,55,35,40.83957,74.15962,N,,7099,6:35,120-07443
2.02E+17,PASSAIC     ,CLIFTON CITY            ,11/15/2018,TH,2037,1,CLIFTON PD               ,,0,0,0,0,P,B,N,N,1,3,NJ 3                                              ,E,3,,00000003__      ,4.83,2,,2,3,5,2,1,1,300,FE,W,NJ 21                              ,,,,55,55,40.85673,74.17909,N,,,20:35,120-04738
2.02E+17,PASSAIC     ,CLIFTON CITY            ,11/18/2018,SU,1546,1,CLIFTON PD               ,,0,1,0,0,I,B,N,N,1,2,NJ 3                                              ,E,3,,00000003__      ,3.48,2,,2,1,1,1,4,1,300,FE,E,CR 603 / PASSAIC AVE               ,,,,55,25,40.83385,74.14788,N,,7211,15:45,120N07442
2.02E+17,PASSAIC     ,CLIFTON CITY            ,11/21/2018,WE,1052,1,CLIFTON PD               ,,0,0,0,0,P,B,N,N,1,2,NJ 3                                              ,E,3,,00000003__      ,2.66,2,,2,1,1,1,5,1,100,FE,E,CR 622 / BLOOMFIELD AVE            ,,,,55,25,40.83396,74.14808,N,,7167,10:50,120-07443
2.02E+17,PASSAIC     ,CLIFTON CITY            ,11/26/2018,MO,1140,1,CLIFTON PD               ,,0,0,0,0,P,B,N,N,2,2,NJ 3                                              ,E,3,,00000003__      ,2.75,2,,2,1,1,1,1,1,600,FE,E,CR 622 / BLOOMFIELD AVE            ,,,,55,25,40.8398,74.16093,N,,7128,11:40,120-07443
2.02E+17,PASSAIC     ,CLIFTON CITY            ,11/28/2018,WE,1819,1,CLIFTON PD               ,,0,0,0,0,P,B,N,N,2,2,NJ 3                                              ,E,3,,00000003__      ,2.55,2,,2,1,6,1,1,1,500,FE,W,CR 622 / BLOOMFIELD AVE            ,,,,55,25,40.82993,74.13906,N,,7201,18:20,120-07443
2.02E+17,PASSAIC     ,CLIFTON CITY            ,11/28/2018,WE,1932,1,CLIFTON PD               ,,0,0,0,0,P,B,N,N,1,2,NJ 3                                              ,E,3,,00000003__      ,2.63,2,,2,1,6,1,1,1,50,FE,W,CR 622 / BLOOMFIELD AVE            ,,,,55,25,40.83976,74.1603,N,,7201,19:30,120-07443
2.02E+17,PASSAIC     ,CLIFTON CITY            ,12/3/2018,MO,1659,1,CLIFTON PD               ,,0,0,0,0,P,I,N,N,1,2,NJ 3                                              ,E,3,,00000003__      ,4.89,2,,2,1,6,1,5,1,,AT,,,T,NJ 21                    ,SB,55,,40.81555,74.13863,N,,7257,17:00,120-04738
2.02E+17,PASSAIC     ,CLIFTON CITY            ,12/3/2018,MO,1719,1,CLIFTON PD               ,,0,0,0,0,P,B,N,N,1,2,NJ 3                                              ,E,3,,00000003__      ,4.8,2,,2,1,6,1,4,1,500,FE,W,NJ 21                              ,,,,55,55,40.82517,74.12953,N,,7257,17:20,120-04738
2.02E+17,PASSAIC     ,CLIFTON CITY            ,12/4/2018,TU,1424,1,CLIFTON PD               ,,0,0,0,0,P,I,N,N,2,2,NJ 3                                              ,E,3,,00000003__      ,0.17,2,,2,1,1,1,2,1,,AT,,US 46                              ,,,,55,55,40.87083,74.18921,N,,7206,14:25,120-07448
2.02E+17,PASSAIC     ,CLIFTON CITY            ,12/5/2018,WE,911,1,CLIFTON PD               ,,0,0,0,0,P,B,N,N,1,2,NJ 3                                              ,E,3,,00000003__      ,4.85,2,,2,1,1,1,5,1,200,FE,W,NJ 21                              ,,,,55,55,40.85673,74.17909,N,,7118,9:10,120-04738
2.02E+17,PASSAIC     ,CLIFTON CITY            ,12/5/2018,WE,910,1,CLIFTON PD               ,,0,0,0,0,P,B,N,N,1,2,NJ 3                                              ,E,3,,00000003__      ,3.43,2,,2,1,1,1,1,1,50,FE,E,CR 603 / PASSAIC AVE               ,,,,55,25,40.83086,74.14225,N,,7206,9:10,120N07442
2.02E+17,PASSAIC     ,CLIFTON CITY            ,12/8/2018,SA,2121,1,CLIFTON PD               ,,0,1,0,0,I,B,N,N,6,2,NJ 3                                              ,E,3,,00000003__      ,1.39,2,,2,1,5,1,1,1,250,FE,W,GARDEN STATE PARKWAY               ,,,,55,55,40.85363,74.17701,N,,7256,21:20,120-07444
2.02E+17,PASSAIC     ,CLIFTON CITY            ,12/10/2018,MO,1040,1,CLIFTON PD               ,,0,0,0,0,P,B,N,N,3,2,NJ 3                                              ,E,3,,00000003__      ,3.32,2,,2,1,1,1,5,1,550,FE,W,CR 603 / PASSAIC AVE               ,,,,55,25,40.88008,74.1472,N,,7096,10:40,120-07442
2.02E+17,PASSAIC     ,CLIFTON CITY            ,12/11/2018,TU,1431,1,CLIFTON PD               ,,0,0,0,0,P,B,N,N,1,2,NJ 3                                              ,E,3,,00000003__      ,0.5,2,,2,1,1,1,1,1,,,,,F,GROVE ST                 ,SB,55,,40.86584,74.18294,N,,7226,14:30,120N07448
2.02E+17,PASSAIC     ,CLIFTON CITY            ,12/12/2018,WE,1851,1,CLIFTON PD               ,,0,1,0,0,I,B,N,N,1,2,NJ 3                                              ,E,3,,00000003__      ,0.52,2,,2,1,6,1,1,1,50,FE,N,CR 623 / GROVE ST                  ,,,,55,35,40.8656,74.18247,N,,7276,18:50,120N07448
2.02E+17,PASSAIC     ,CLIFTON CITY            ,12/15/2018,SA,345,1,CLIFTON PD               ,,0,0,0,0,P,B,N,N,5,2,NJ 3                                              ,E,3,,00000003__      ,2.7,2,,2,2,6,2,5,1,,,,,T,BLOOMFIELD AVENUE        ,WB,55,,40.83976,74.1603,N,,7077,3:45,120-07443
2.02E+17,PASSAIC     ,CLIFTON CITY            ,12/19/2018,WE,1715,1,CLIFTON PD               ,,0,0,0,0,P,B,N,N,1,2,NJ 3                                              ,E,3,,00000003__      ,2.63,2,,2,1,6,1,1,1,45,FE,W,CR 622 / BLOOMFIELD AVE            ,,,,55,35,40.8398,74.16093,N,,7251,17:15,120-07443
2.02E+17,PASSAIC     ,CLIFTON CITY            ,12/25/2018,TU,1334,1,CLIFTON PD               ,,0,0,0,0,P,B,N,N,1,2,NJ 3                                              ,E,3,,00000003__      ,0.5,2,,2,1,1,1,2,1,,,,,F,GROVE ST                 ,SB,50,,40.86494,74.18254,N,,7144,13:35,120N07448
2.02E+17,PASSAIC     ,CLIFTON CITY            ,12/28/2018,FR,1826,1,CLIFTON PD               ,,0,0,0,0,P,I,N,N,1,2,NJ 3                                              ,E,3,,00000003__      ,2.64,2,,2,2,6,5,5,1,,AT,,CR 622 / BLOOMFIELD AVE            ,,,,55,25,40.83976,74.1603,N,,7145,18:25,120-07443
2.02E+17,PASSAIC     ,CLIFTON CITY            ,12/29/2018,SA,1415,1,CLIFTON PD               ,,0,1,0,0,I,I,N,N,1,2,NJ 3                                              ,E,3,,00000003__      ,2.64,2,,2,1,1,1,1,1,,AT,,CR 622 / BLOOMFIELD AVE            ,,,,55,25,40.81837,74.11628,N,,7206,14:15,120-07443
2.02E+17,PASSAIC     ,CLIFTON CITY            ,12/31/2018,MO,1357,1,CLIFTON PD               ,,0,0,0,0,P,B,N,N,1,2,NJ 3                                              ,E,3,,00000003__      ,3.91,2,,2,2,1,2,5,1,500,FE,E,CR 601 / MAIN AVE                  ,,,,55,25,40.83086,74.14225,N,,7096,13:55,120-04740
20181602B060-2018-00347A       ,PASSAIC     ,CLIFTON CITY            ,1/29/2018,MO,155,2,NEW JERSEY STATE POLICE  ,TOTOWA-SUB - SQ,0,0,0,0,P,B,N,N,11,1,NJ 3                                              ,E,3,,00000003__      ,3,2,,2,1,1,1,1,1,,,,,,,,55,,40.83755,74.15542,N,,7440,1:55,120-07443
20130212ER-13-00757            ,BERGEN      ,EAST RUTHERFORD BORO    ,1/26/2013,SA,815,1,EAST RUTHERFORD PD       ,,0,0,0,0,P,B,N,N,11,1,NJ 3                                              ,W,3,,00000003__      ,6.86,2,5,2,4,1,1,5,1,,,,,,,,25,,,,N,OVER HEAD LIGHT POLE (DOT PROPERTY) (NO ID#)                                    ,139,8:15,120+04737
20160212ER-16-04508            ,BERGEN      ,EAST RUTHERFORD BORO    ,6/6/2016,M ,208,1,EAST RUTHERFORD PD       ,,0,0,0,0,P,B,N,N,1,2,NJ 3                                              ,W,3,,00000003__      ,6.86,2,1,2,1,6,1,4,1,300,FE,S,NJ 3 NORTH SERVICE RD              ,,,,35,55,,,N,NONE OBSERVED                                                                   ,154,2:10,120+04737
20160212ER-16-06892            ,BERGEN      ,EAST RUTHERFORD BORO    ,8/15/2016,M ,1228,1,EAST RUTHERFORD PD       ,,0,0,0,0,P,B,N,N,8,2,NJ 3                                              ,W,3,,00000003__      ,,2,1,2,1,1,1,5,1,,,,,,,,,,,,N,,144,12:30,120+07449
2016025616-08335               ,BERGEN      ,RUTHERFORD BORO         ,4/14/2016,TH,801,1,RUTHERFORD PD            ,,0,0,0,0,P,B,N,N,1,2,NJ 3                                              ,W,3,,00000003__      ,,2,5,2,1,1,1,1,1,,,N,,F,THOMAS E DUNN            ,EB,50,,,,N,,67,8:00,120+07449
2015025615-19943               ,BERGEN      ,RUTHERFORD BORO         ,9/1/2015,TU,853,1,RUTHERFORD PD            ,,0,0,0,0,P,B,N,N,1,2,NJ 3                                              ,W,3,,00000003__      ,6.4,2,4,2,1,1,1,5,1,,,,,F,T. DUNN HWY              ,,50,,,,N,,91,8:55,120+04737