CRASH_ID,CTY_NAME,MUN_NAME,DATE,DAY,TIME,POL_CODE,POL_DEPT,POL_STA,KILLED,INJURED,PED_KILL,PED_INJ,SEVERITY,INTERSEC,ALCOHOL,HAZMAT,CRASH_TYPE,VEH_COUNT,LOCATION,LOC_DIR,ROUTE,RT_SFX,SRI,MP,RD_SYS,RD_CHAR,RD_SURF,SURF_COND,LIGHT,WEATHER,RD_DIV,RD_WRKZN,X_DIST,DIST_UNT,X_DIR,X_NAME,IS_RAMP,RAMP_RT,RAMP_DIR,SPD_LMT,SPD_X,LAT,LONG,CELL_USE,PROP_DMG,BADGE,TIME_ROUND,TMC
2.02E+15,HUDSON      ,NORTH BERGEN TWP        ,2/24/2015,TU,756,1,NORTH BERGEN PD          ,15-015420      ,0,0,0,0,P,B,N,N,8,2,NJ 3                                              ,W,3,,00000003__      ,,2,4,,1,1,1,5,1,,,,,,,,40,,,,N,NONE                                                                            ,,7:55,120+07449
2014090814-007043              ,HUDSON      ,NORTH BERGEN TWP        ,1/27/2014,M ,1029,1,NORTH BERGEN PD          ,14-007043      ,0,0,0,0,P,B,N,N,2,2,NJ 3                                              ,W,3,,00000003__      ,,2,,,,,,,,,,,,,,,40,,,,N,,151,10:30,120+07449
2.02E+15,HUDSON      ,NORTH BERGEN TWP        ,6/18/2015,TH,810,1,NORTH BERGEN PD          ,,0,0,0,0,P,B,N,N,8,2,NJ 3                                              ,W,3,,00000003__      ,10.84,2,4,2,1,1,1,1,1,20,FE,E,US 1 / US 9                        ,,,,40,40,,,N,,,8:10,120P13767
2.01E+15,HUDSON      ,NORTH BERGEN TWP        ,1/27/2014,M ,1029,1,NORTH BERGEN PD          ,14007043,0,1,0,0,I,B,N,N,2,2,NJ 3                                              ,W,3,,00000003__      ,,2,1,2,2,1,5,4,1,,,,,,,,40,,,,N,,151,10:30,120+07449
2.01E+15,HUDSON      ,NORTH BERGEN TWP        ,5/7/2014,W ,2159,1,NORTH BERGEN PD          ,14-035241      ,0,1,0,0,I,B,N,N,1,3,NJ 3                                              ,W,3,,00000003__      ,,2,1,2,1,6,1,1,1,,,,,,,,40,,,,N,,,22:00,120+07449
2.02E+15,HUDSON      ,NORTH BERGEN TWP        ,10/29/2015,TH,210,1,NORTH BERGEN PD          ,,0,0,0,0,P,I,N,N,1,2,NJ 3                                              ,W,3,,00000003__      ,10.84,2,2,2,2,6,2,1,1,,AT,,,T,US 1                     ,NB,40,,,,N,NONE                                                                            ,,2:10,120P13767
2.01E+15,HUDSON      ,NORTH BERGEN TWP        ,7/24/2014,TH,1117,1,NORTH BERGEN PD          ,14-056898      ,0,0,0,0,P,B,N,N,1,2,NJ 3                                              ,W,3,,00000003__      ,,2,1,2,1,1,1,1,1,,,,,,,,45,,,,N,NONE                                                                            ,,11:15,120+07449
2.02E+15,HUDSON      ,NORTH BERGEN TWP        ,1/6/2016,W ,2237,1,NORTH BERGEN PD          ,NORTH BERGEN   ,0,2,0,0,I,B,N,N,1,2,NJ 3                                              ,W,3,,00000003__      ,10.84,2,1,2,1,6,1,3,1,,,N,US 1 / US 9                        ,,,,40,40,,,N,,393,22:35,120P13767
2.02E+15,HUDSON      ,NORTH BERGEN TWP        ,3/9/2016,W ,1809,1,NORTH BERGEN PD          ,NORTH BERGEN   ,0,0,0,0,P,B,N,N,1,2,NJ 3                                              ,W,3,,00000003__      ,,2,1,2,1,6,1,1,1,,,,,F,PENHORN AVE              ,NB,50,,,,N,NO                                                                              ,393,18:10,120+07449
2.02E+15,HUDSON      ,NORTH BERGEN TWP        ,1/21/2017,SA,1602,1,NORTH BERGEN PD          ,17-006506      ,0,0,0,0,P,B,N,N,2,2,NJ 3                                              ,W,3,,00000003__      ,10.84,2,,1,1,6,1,2,1,,,N,US 1 / US 9                        ,,,,40,40,,,N,,111,16:00,120P13767
2.02E+15,HUDSON      ,NORTH BERGEN TWP        ,3/26/2017,SU,2126,1,NORTH BERGEN PD          ,17-028640      ,0,0,0,0,P,B,N,N,1,2,NJ 3                                              ,W,3,,00000003__      ,10.84,2,,2,2,6,2,1,,,,,US 1 / US 9                        ,,,,40,,,,N,,488,21:25,120P13767
2.02E+15,HUDSON      ,NORTH BERGEN TWP        ,6/15/2016,W ,2039,1,NORTH BERGEN PD          ,NORTH BERGEN   ,0,0,0,0,P,B,N,N,1,2,NJ 3                                              ,W,3,,00000003__      ,,2,1,2,1,6,1,1,1,,,,,,,,50,,,,N,NO                                                                              ,393,20:40,120+07449
2.02E+15,HUDSON      ,NORTH BERGEN TWP        ,3/26/2017,SU,2126,1,NORTH BERGEN PD          ,,0,0,0,0,P,B,N,N,1,2,NJ 3                                              ,W,3,,00000003__      ,10.84,2,,2,2,6,2,1,,,,,US 1 / US 9                        ,,,,40,,,,N,,488,21:25,120P13767
2.01E+15,HUDSON      ,NORTH BERGEN TWP        ,7/14/2013,S ,41,1,NORTH BERGEN PD          ,13047069,0,0,0,0,P,B,N,N,1,2,NJ 3                                              ,W,3,,00000003__      ,10.84,2,1,2,2,6,2,5,1,,,,US 1 / US 9                        ,,,,45,,,,N,,150,4:40,120P13767
2.02E+15,HUDSON      ,NORTH BERGEN TWP        ,5/30/2017,TU,2313,1,NORTH BERGEN PD          ,,0,0,0,0,P,I,N,N,1,3,NJ 3                                              ,W,3,,00000003__      ,10.84,2,,2,2,7,2,1,,,AT,,US 1 / US 9                        ,,,,40,,,,N,,,23:15,120P13767
2.02E+15,HUDSON      ,NORTH BERGEN TWP        ,11/19/2017,SU,703,1,NORTH BERGEN PD          ,17-102350      ,0,0,0,0,P,B,N,N,1,2,NJ 3                                              ,W,3,,00000003__      ,10.84,2,,2,2,1,2,1,1,,,,US 1 / US 9                        ,,,,40,,,,N,,498,7:05,120P13767
2.02E+15,HUDSON      ,NORTH BERGEN TWP        ,12/6/2017,WE,1300,1,NORTH BERGEN PD          ,17-107391      ,0,0,0,0,P,I,N,N,1,2,NJ 3                                              ,W,3,,00000003__      ,10.84,2,,2,1,1,1,1,1,,AT,,US 1 / US 9                        ,,,,40,50,,,N,,87,13:00,120P13767
2015090915-012999              ,HUDSON      ,SECAUCUS TOWN           ,8/29/2015,SA,1250,1,SECAUCUS PD              ,HEADQUARTERS   ,0,0,0,0,P,B,N,N,1,2,NJ 3                                              ,W,3,,00000003__      ,9.12,2,5,2,1,1,1,2,1,10,FE,S,CR 681 / PATTERSON PLANK RD        ,,,,25,,,,N,NONE                                                                            ,155,12:50,120+04732
2018090818-078679              ,HUDSON      ,NORTH BERGEN TWP        ,8/29/2018,WE,1333,1,NORTH BERGEN PD          ,18-078679      ,0,0,0,0,P,I,N,N,1,2,NJ 3                                              ,W,3,,00000003__      ,10.5,2,,2,1,1,1,1,1,,AT,,NJ 495                             ,,,,,,,,N,,,13:35,120P13767
2014090914-017514              ,HUDSON      ,SECAUCUS TOWN           ,11/3/2014,M ,1612,1,SECAUCUS PD              ,HQTS           ,0,0,0,0,P,B,N,N,2,2,NJ 3                                              ,W,3,,00000003__      ,8.6,2,5,2,1,1,1,2,1,,,,,,,,40,,40.79649,74.0632,N,NONE                                                                            ,150,16:10,120+04733
2018090818-117415              ,HUDSON      ,NORTH BERGEN TWP        ,12/10/2018,MO,615,1,NORTH BERGEN PD          ,18-117415      ,0,0,0,0,P,I,N,N,1,2,NJ 3                                              ,W,3,,00000003__      ,10.84,2,,2,1,6,1,1,1,,AT,,US 1 / US 9                        ,,,,40,55,,,N,,,6:15,120P13767
2.02E+15,HUDSON      ,NORTH BERGEN TWP        ,3/3/2018,SA,2007,1,NORTH BERGEN PD          ,0118-018224    ,0,0,0,0,P,B,N,N,1,2,NJ 3                                              ,W,3,,00000003__      ,10.46,2,,2,1,6,1,3,1,,,,,T,NJ 495                   ,EB,40,,,,N,,236,20:05,120+04729
2015132215-4480                ,MONMOUTH    ,KEYPORT BORO            ,6/4/2015,TH,1134,1,KEYPORT PD               ,,0,0,0,0,P,I,N,N,2,2,MONMOUTH COUNTY 3                                 ,W,3,,13000003__      ,12.78,5,1,2,1,1,1,5,1,,AT,,CLARK ST                           ,,,,35,30,,,N,?                                                                               ,26,11:35,120P13767
2015132615MN00624              ,MONMOUTH    ,MANALAPAN TWP           ,1/9/2015,F ,724,1,MANALAPAN TWP PD         ,,0,0,0,0,P,B,N,N,1,2,MONMOUTH COUNTY 3                                 ,W,3,,13000003__      ,0.79,5,1,2,3,1,3,1,1,50,FE,S,ROUTE 522                          ,,,,35,45,,,N,NONE                                                                            ,26116,7:25,120+07448
2015132615MN02392              ,MONMOUTH    ,MANALAPAN TWP           ,1/30/2015,F ,1919,1,MANALAPAN TWP PD         ,,0,0,0,0,P,B,N,N,1,2,MONMOUTH COUNTY 3                                 ,W,3,,13000003__      ,1.19,5,1,2,1,7,1,5,1,100,FE,S,CRAIG RD                           ,,,,40,40,,,N,NONE                                                                            ,26146,19:20,120P07447
2015132615MN04127              ,MONMOUTH    ,MANALAPAN TWP           ,2/21/2015,SA,2119,1,MANALAPAN TWP PD         ,,0,0,0,0,P,B,N,N,11,1,MONMOUTH COUNTY 3                                 ,W,3,,13000003__      ,2.51,5,1,2,5,6,2,5,1,500,FE,S,SANDY BROOK                        ,,,,40,25,,,N,REFLECTOR POLE  UTILITY POLE: VZ1262                                            ,26139,21:20,120+07444
2015132615MN04144              ,MONMOUTH    ,MANALAPAN TWP           ,2/22/2015,S ,715,1,MANALAPAN TWP PD         ,,0,0,0,0,P,B,N,N,11,1,MONMOUTH COUNTY 3                                 ,W,3,,13000003__      ,4.14,5,3,2,4,1,2,5,1,1000,FE,N,,T,US 9                     ,NB,40,,,,N,MAILBOX AT 819 TENNENT ROAD                                                     ,26145,7:15,120+07442
2015132615MN04583              ,MONMOUTH    ,MANALAPAN TWP           ,2/27/2015,F ,837,1,MANALAPAN TWP PD         ,,0,1,0,0,I,B,N,N,1,4,MONMOUTH COUNTY 3                                 ,W,3,,13000003__      ,1.15,5,1,2,1,1,1,5,1,300,FE,S,CRAIG RD                           ,,,,40,40,,,N,NONE                                                                            ,26128,8:35,120P07447
2015132615MN04841              ,MONMOUTH    ,MANALAPAN TWP           ,3/1/2015,S ,1716,1,MANALAPAN TWP PD         ,,0,0,0,0,P,B,N,N,11,1,MONMOUTH COUNTY 3                                 ,W,3,,13000003__      ,1.87,5,1,2,4,1,2,5,1,1000,FE,N,DEVON DR N                         ,,,,40,25,,,N,GUARD RAIL  TREE AT 515 TENNENT                                                 ,26145,17:15,120+07445
2015132615MN04891              ,MONMOUTH    ,MANALAPAN TWP           ,3/2/2015,M ,1459,1,MANALAPAN TWP PD         ,,0,0,0,0,P,B,N,N,1,2,MONMOUTH COUNTY 3                                 ,W,3,,13000003__      ,0.8,5,1,2,1,1,1,5,1,25,FE,S,ROUTE 522                          ,,,,35,40,,,N,NONE                                                                            ,26087,15:00,120+07448
2015132615MN07287              ,MONMOUTH    ,MANALAPAN TWP           ,3/25/2015,W ,1933,1,MANALAPAN TWP PD         ,,0,0,0,0,P,B,N,N,12,1,MONMOUTH COUNTY 3                                 ,W,3,,13000003__      ,1.52,5,1,2,2,7,2,5,1,500,FE,N,CAITLIN WAY / DEVON DR S           ,,,,40,25,,,N,NONE                                                                            ,26146,19:35,120+07445
2015132615MN07518              ,MONMOUTH    ,MANALAPAN TWP           ,3/27/2015,F ,1717,1,MANALAPAN TWP PD         ,,0,0,0,0,P,I,N,N,3,2,MONMOUTH COUNTY 3                                 ,W,3,,13000003__      ,1.68,5,1,2,1,1,1,5,1,,AT,,DEVON DR N                         ,,,,35,25,,,N,NONE                                                                            ,26146,17:15,120+07445
2015132615MN07519              ,MONMOUTH    ,MANALAPAN TWP           ,3/27/2015,F ,1738,1,MANALAPAN TWP PD         ,,0,0,0,0,P,I,N,N,8,2,MONMOUTH COUNTY 3                                 ,W,3,,13000003__      ,2.1,5,1,2,1,1,5,5,1,,AT,,JORDYN PLACE                       ,,,,40,25,,,N,NONE                                                                            ,26140,17:40,120+07445
2015132615MN07672              ,MONMOUTH    ,MANALAPAN TWP           ,3/28/2015,SA,2316,1,MANALAPAN TWP PD         ,,0,1,0,0,I,B,N,N,11,1,MONMOUTH COUNTY 3                                 ,W,3,,13000003__      ,3.23,5,1,2,1,6,1,5,1,50,FE,S,TOWNE DR                           ,,,,40,25,,,N,NONE                                                                            ,26133,23:15,120P07443
2015132615MN07795              ,MONMOUTH    ,MANALAPAN TWP           ,3/30/2015,M ,718,1,MANALAPAN TWP PD         ,,0,3,0,0,I,I,N,N,3,2,MONMOUTH COUNTY 3                                 ,W,3,,13000003__      ,1.43,5,1,2,2,1,5,5,1,,AT,,CAITLIN WAY / DEVON DR S           ,,,,40,25,,,N,NONE                                                                            ,26087,7:20,120P07446
2015132615MN08177              ,MONMOUTH    ,MANALAPAN TWP           ,4/2/2015,TH,1714,1,MANALAPAN TWP PD         ,,0,0,0,0,P,I,N,N,3,2,MONMOUTH COUNTY 3                                 ,W,3,,13000003__      ,3.65,5,1,2,1,1,1,5,1,,AT,,US 9                               ,,,,40,55,,,N,NONE                                                                            ,26146,17:15,120+07442
2015132615MN08200              ,MONMOUTH    ,MANALAPAN TWP           ,4/2/2015,TH,2140,1,MANALAPAN TWP PD         ,,0,0,0,0,P,B,N,N,1,2,MONMOUTH COUNTY 3                                 ,W,3,,13000003__      ,0.71,5,1,2,1,7,1,5,1,500,FE,S,ROUTE 522                          ,,,,35,40,,,N,NONE                                                                            ,26146,21:40,120+07448
2015132615MN10264              ,MONMOUTH    ,MANALAPAN TWP           ,4/24/2015,F ,1007,1,MANALAPAN TWP PD         ,,0,0,0,0,P,I,N,N,1,2,MONMOUTH COUNTY 3                                 ,W,3,,13000003__      ,3.7,5,2,2,1,1,1,5,1,,AT,,,T,US 9                     ,NB,40,,,,N,,26119,10:05,120+07442
2015132615MN10555              ,MONMOUTH    ,MANALAPAN TWP           ,4/26/2015,S ,1200,1,MANALAPAN TWP PD         ,,0,0,0,0,P,B,N,N,1,2,MONMOUTH COUNTY 3                                 ,W,3,,13000003__      ,3.65,5,1,2,1,1,1,5,1,100,FE,S,GORDENS CORNER RD                  ,,,,40,40,,,N,NONE                                                                            ,26146,12:00,120+07442
2015132615MN10646              ,MONMOUTH    ,MANALAPAN TWP           ,4/27/2015,M ,703,1,MANALAPAN TWP PD         ,,0,0,0,0,P,B,N,N,12,1,MONMOUTH COUNTY 3                                 ,W,3,,13000003__      ,2.26,5,1,2,1,1,1,5,1,200,FE,N,TAYLORS MILLS RD                   ,,,,40,35,,,N,NONE                                                                            ,26087,7:05,120+07445
2015132615MN12134              ,MONMOUTH    ,MANALAPAN TWP           ,5/11/2015,M ,1507,1,MANALAPAN TWP PD         ,,0,0,0,0,P,B,N,N,1,2,MONMOUTH COUNTY 3                                 ,W,3,,13000003__      ,1.08,5,1,2,1,1,1,5,1,50,FE,N,CHURCH LN                          ,,,,35,25,,,N,,26141,15:05,120+07448
2015132615MN12370              ,MONMOUTH    ,MANALAPAN TWP           ,5/13/2015,W ,1845,1,MANALAPAN TWP PD         ,,0,0,0,0,P,B,N,N,1,3,MONMOUTH COUNTY 3                                 ,W,3,,13000003__      ,0.69,5,1,2,1,1,1,5,1,600,FE,S,ROUTE 522                          ,,,,35,45,,,N,NONE                                                                            ,26102,18:45,120P07448
2015132615MN12545              ,MONMOUTH    ,MANALAPAN TWP           ,5/15/2015,F ,1502,1,MANALAPAN TWP PD         ,,0,1,0,0,I,B,N,N,1,3,MONMOUTH COUNTY 3                                 ,W,3,,13000003__      ,0.38,5,1,2,1,1,1,5,1,2000,FE,N,ROUTE 527 / MILLHURST RD           ,,,,35,40,,,N,NONE                                                                            ,26087,15:00,120+07449
2015132615MN12755              ,MONMOUTH    ,MANALAPAN TWP           ,5/18/2015,M ,721,1,MANALAPAN TWP PD         ,,0,2,0,0,I,I,N,N,3,3,MONMOUTH COUNTY 3                                 ,W,3,,13000003__      ,1.43,5,1,2,1,1,1,5,1,,AT,,CAITLIN WAY / DEVON DR S           ,,,,40,25,,,N,NONE                                                                            ,26094,7:20,120P07446
2015132615MN13126              ,MONMOUTH    ,MANALAPAN TWP           ,5/21/2015,TH,1431,1,MANALAPAN TWP PD         ,,0,0,0,0,P,B,N,N,1,2,MONMOUTH COUNTY 3                                 ,W,3,,13000003__      ,1.21,5,1,2,2,1,2,4,1,20,FE,S,CRAIG RD                           ,,,,40,35,,,N,NONE                                                                            ,26097,14:30,120P07447
2015132615MN13327              ,MONMOUTH    ,MANALAPAN TWP           ,5/23/2015,SA,1555,1,MANALAPAN TWP PD         ,,0,0,0,0,P,I,N,N,1,2,MONMOUTH COUNTY 3                                 ,W,3,,13000003__      ,3.65,5,1,2,1,1,1,5,1,,AT,,US 9                               ,,,,40,55,,,N,NONE                                                                            ,26146,15:55,120+07442
2015132615MN14276              ,MONMOUTH    ,MANALAPAN TWP           ,6/2/2015,TU,2038,1,MANALAPAN TWP PD         ,,0,0,0,0,P,B,N,N,12,1,MONMOUTH COUNTY 3                                 ,W,3,,13000003__      ,2.7,5,1,2,2,4,2,5,1,528,FE,N,SANDY BROOK                        ,,,,40,25,,,N,NONE                                                                            ,26099,20:40,120+07444
2015132615MN15852              ,MONMOUTH    ,MANALAPAN TWP           ,6/17/2015,W ,1526,1,MANALAPAN TWP PD         ,,0,0,0,0,P,B,N,N,1,2,MONMOUTH COUNTY 3                                 ,W,3,,13000003__      ,2.6,5,1,2,1,1,1,5,1,10,FE,S,SANDY BROOK                        ,,,,40,25,,,N,NONE                                                                            ,26148,15:25,120+07444
2015132615MN16634              ,MONMOUTH    ,MANALAPAN TWP           ,6/24/2015,W ,1559,1,MANALAPAN TWP PD         ,MANALAPAN      ,0,0,0,0,P,I,N,N,1,2,MONMOUTH COUNTY 3                                 ,W,3,,13000003__      ,3.8,5,1,2,1,1,1,4,1,,AT,,,T,STATE ROUTE 9            ,NB,40,,,,N,NONE                                                                            ,26147,16:00,120+07442
2015132615MN17589              ,MONMOUTH    ,MANALAPAN TWP           ,7/3/2015,F ,1613,1,MANALAPAN TWP PD         ,,0,0,0,0,P,B,N,N,1,3,MONMOUTH COUNTY 3                                 ,W,3,,13000003__      ,1.2,5,1,2,1,1,1,5,1,50,FE,S,CRAIG RD                           ,,,,40,40,,,N,NONE                                                                            ,26S12,16:15,120P07447
2015132615MN18198              ,MONMOUTH    ,MANALAPAN TWP           ,7/9/2015,TH,842,1,MANALAPAN TWP PD         ,,0,0,0,0,P,B,N,N,1,2,MONMOUTH COUNTY 3                                 ,W,3,,13000003__      ,2.19,5,1,2,2,1,2,4,1,150,FE,S,TAYLORS MILLS RD                   ,,,,40,35,,,N,NONE                                                                            ,26149,8:40,120+07445
2015132615MN18788              ,MONMOUTH    ,MANALAPAN TWP           ,7/14/2015,TU,1659,1,MANALAPAN TWP PD         ,,0,0,0,0,P,B,N,N,1,2,MONMOUTH COUNTY 3                                 ,W,3,,13000003__      ,1.03,5,1,2,1,1,1,5,1,200,FE,S,CHURCH LN                          ,,,,40,25,,,N,NONE                                                                            ,26104,17:00,120+07448
2015132615MN19101              ,MONMOUTH    ,MANALAPAN TWP           ,7/17/2015,F ,1740,1,MANALAPAN TWP PD         ,,0,1,0,0,I,B,N,N,1,3,MONMOUTH COUNTY 3                                 ,W,3,,13000003__      ,3.65,5,1,2,1,1,1,5,1,100,FE,S,GORDENS CORNER RD                  ,,,,40,40,,,N,NONE                                                                            ,26104,17:40,120+07442
2015132615MN20676              ,MONMOUTH    ,MANALAPAN TWP           ,7/30/2015,TH,1825,1,MANALAPAN TWP PD         ,,0,1,0,0,I,B,N,N,4,2,MONMOUTH COUNTY 3                                 ,W,3,,13000003__      ,0.89,5,4,2,2,1,1,5,1,500,FE,N,ROUTE 522                          ,,,,40,40,,,N,NONE                                                                            ,26146,18:25,120+07448
2015132615MN21095              ,MONMOUTH    ,MANALAPAN TWP           ,8/3/2015,M ,1640,1,MANALAPAN TWP PD         ,,0,0,0,0,P,B,N,N,1,2,MONMOUTH COUNTY 3                                 ,W,3,,13000003__      ,0.5,5,1,2,1,1,1,5,1,1584,FE,S,ROUTE 522                          ,,,,35,35,,,N,ON 398 MAIN STREET THE DIRT NEXT TO DRIVE WAY HAD RUTS FROM V1'S TIRE.          ,26143,16:40,120+07449
2015132615MN21252              ,MONMOUTH    ,MANALAPAN TWP           ,8/5/2015,W ,1214,1,MANALAPAN TWP PD         ,,0,0,0,0,P,B,N,N,1,2,MONMOUTH COUNTY 3                                 ,W,3,,13000003__      ,1.2,5,1,2,1,1,1,5,1,50,FE,S,CRAIG RD                           ,,,,40,40,,,N,NONE                                                                            ,26143,12:15,120P07447
2015132615MN22190              ,MONMOUTH    ,MANALAPAN TWP           ,8/14/2015,F ,1742,1,MANALAPAN TWP PD         ,MANALAPAN      ,0,0,0,0,P,B,N,N,1,2,MONMOUTH COUNTY 3                                 ,W,3,,13000003__      ,1.26,5,1,2,1,1,1,5,1,20,FE,N,THOMAS DR                          ,,,,40,25,,,N,REFLECTIVE ROAD MARKER AND POST (COUNTY OF MONMOUTH  FREEHOLD  NJ)              ,26147,17:40,120P07447
2015132615MN23422              ,MONMOUTH    ,MANALAPAN TWP           ,8/25/2015,TU,1413,1,MANALAPAN TWP PD         ,,0,0,0,0,P,B,N,N,1,2,MONMOUTH COUNTY 3                                 ,W,3,,13000003__      ,3.5,5,1,2,1,1,1,5,1,300,FE,,WOODWARD RD                        ,,,,35,35,,,N,,26144,14:15,120+07443
2015132615MN23949              ,MONMOUTH    ,MANALAPAN TWP           ,8/29/2015,SA,1127,1,MANALAPAN TWP PD         ,,0,1,0,0,I,B,N,N,1,5,MONMOUTH COUNTY 3                                 ,W,3,,13000003__      ,0.61,5,1,2,1,1,1,4,1,1000,FE,S,ROUTE 522                          ,,,,40,45,,,N,NONE                                                                            ,26145,11:25,120P07448
2015132615MN24675              ,MONMOUTH    ,MANALAPAN TWP           ,9/5/2015,SA,1357,1,MANALAPAN TWP PD         ,,0,0,0,0,P,B,N,N,1,2,MONMOUTH COUNTY 3                                 ,W,3,,13000003__      ,1.08,5,1,2,1,1,1,4,1,50,FE,N,CHURCH LN                          ,,,,35,25,,,N,NONE                                                                            ,26137,13:55,120+07448
2015132615MN27834              ,MONMOUTH    ,MANALAPAN TWP           ,10/3/2015,SA,1211,1,MANALAPAN TWP PD         ,,0,0,0,0,P,B,N,N,11,1,MONMOUTH COUNTY 3                                 ,W,3,,13000003__      ,1.05,5,4,2,2,1,2,4,1,100,FE,S,CHURCH LN                          ,,,,40,25,,,N,NONE                                                                            ,26137,12:10,120+07448
2015132615MN28165              ,MONMOUTH    ,MANALAPAN TWP           ,10/6/2015,TU,1846,1,MANALAPAN TWP PD         ,MANALAPAN      ,0,0,0,0,P,B,N,N,1,2,MONMOUTH COUNTY 3                                 ,W,3,,13000003__      ,2.22,5,1,2,1,3,1,,,25,FE,S,TAYLORS MILLS RD                   ,,,,45,25,,,N,,26147,18:45,120+07445
2015132615MN28612              ,MONMOUTH    ,MANALAPAN TWP           ,10/10/2015,SA,1731,1,MANALAPAN TWP PD         ,,0,0,0,0,P,B,N,N,1,2,MONMOUTH COUNTY 3                                 ,W,3,,13000003__      ,3.43,5,1,2,1,1,1,5,1,1000,FE,N,TOWNE DR                           ,,,,35,25,,,N,,26144,17:30,120+07443
2015132615MN29086              ,MONMOUTH    ,MANALAPAN TWP           ,10/14/2015,W ,1506,1,MANALAPAN TWP PD         ,,0,1,0,0,I,I,N,N,7,2,MONMOUTH COUNTY 3                                 ,W,3,,13000003__      ,3.8,5,1,2,1,1,1,5,1,,AT,,WICKATUNK ROAD                     ,,,,40,35,,,N,NONE                                                                            ,26097,15:05,120+07442
2015132615MN29169              ,MONMOUTH    ,MANALAPAN TWP           ,10/15/2015,TH,715,1,MANALAPAN TWP PD         ,,0,0,0,0,P,B,N,N,1,2,MONMOUTH COUNTY 3                                 ,W,3,,13000003__      ,0.61,5,1,2,1,1,1,5,1,1000,FE,S,ROUTE 522                          ,,,,35,45,,,N,,26145,7:15,120P07448
2015132615MN29435              ,MONMOUTH    ,MANALAPAN TWP           ,10/17/2015,SA,1353,1,MANALAPAN TWP PD         ,,0,0,0,0,P,B,N,N,1,2,MONMOUTH COUNTY 3                                 ,W,3,,13000003__      ,1.03,5,1,2,1,1,1,5,1,200,FE,S,CHURCH LN                          ,,,,35,25,,,N,,26146,13:55,120+07448
2015132615MN30884              ,MONMOUTH    ,MANALAPAN TWP           ,10/28/2015,W ,1424,1,MANALAPAN TWP PD         ,,0,0,0,0,P,B,N,N,1,3,MONMOUTH COUNTY 3                                 ,W,3,,13000003__      ,0.76,5,1,2,2,1,2,5,1,200,FE,S,ROUTE 522                          ,,,,35,40,,,N,,26146,14:25,120+07448
2015132615MN32319              ,MONMOUTH    ,MANALAPAN TWP           ,11/10/2015,TU,1814,1,MANALAPAN TWP PD         ,,0,0,0,0,P,B,N,N,1,2,MONMOUTH COUNTY 3                                 ,W,3,,13000003__      ,3.8,5,1,2,2,6,2,5,1,300,FE,E,WICKATUNK RD                       ,,,,35,35,,,N,,26144,18:15,120+07442
2015132615MN35325              ,MONMOUTH    ,MANALAPAN TWP           ,12/6/2015,S ,1304,1,MANALAPAN TWP PD         ,,0,1,0,0,I,B,N,N,1,3,MONMOUTH COUNTY 3                                 ,W,3,,13000003__      ,0.61,5,1,2,1,1,1,5,1,1000,FE,S,ROUTE 522                          ,,,,35,45,,,N,,26145,13:05,120P07448
2015132615MN37091              ,MONMOUTH    ,MANALAPAN TWP           ,12/21/2015,M ,1605,1,MANALAPAN TWP PD         ,,0,0,0,0,P,B,N,N,11,1,MONMOUTH COUNTY 3                                 ,W,3,,13000003__      ,1.03,5,1,2,1,1,1,5,1,200,FE,S,CHURCH LN                          ,,,,35,25,,,N,COUNTY GUARDRAIL (444 TENNENT ROAD)                                             ,26148,16:05,120+07448
2015132615MN37317              ,MONMOUTH    ,MANALAPAN TWP           ,12/23/2015,W ,1447,1,MANALAPAN TWP PD         ,,0,0,0,0,P,B,N,N,2,2,MONMOUTH COUNTY 3                                 ,W,3,,13000003__      ,0.55,5,1,2,2,1,2,,,1320,FE,S,ROUTE 522                          ,,,,35,45,,,N,NONE                                                                            ,26129,14:45,120+07449
2013160213-10602               ,PASSAIC     ,CLIFTON CITY            ,9/22/2013,S ,1213,1,CLIFTON PD               ,PATROL         ,0,1,0,0,I,I,N,N,1,2,NJ 3                                              ,W,3,,00000003__      ,3.82,2,1,2,1,1,1,5,1,,AT,,CR 601 / MAIN AVE                  ,,,,35,,,,N,NONE                                                                            ,3020,12:15,120+07442
2015132815-004074              ,MONMOUTH    ,MARLBORO TWP            ,2/12/2015,TH,1535,1,MARLBORO TWP PD          ,,0,0,0,0,P,B,N,N,11,1,MONMOUTH COUNTY 3                                 ,W,3,,13000003__      ,6.99,5,1,2,1,1,1,5,1,5280,FE,N,ROUTE 520                          ,,,,40,,,,N,UTILITY POLE JC619MAR                                                           ,78,15:35,120P04736
2015132815-005807              ,MONMOUTH    ,MARLBORO TWP            ,3/1/2015,S ,1720,1,MARLBORO TWP PD          ,,0,0,0,0,P,B,N,N,4,2,MONMOUTH COUNTY 3                                 ,W,3,,13000003__      ,4.74,5,1,2,5,6,2,5,1,200,FE,S,DUNCAN DR                          ,,,,40,25,,,N,NONE                                                                            ,90,17:20,120P04739