CRASH_ID,CTY_NAME,MUN_NAME,DATE,DAY,TIME,POL_CODE,POL_DEPT,POL_STA,KILLED,INJURED,PED_KILL,PED_INJ,SEVERITY,INTERSEC,ALCOHOL,HAZMAT,CRASH_TYPE,VEH_COUNT,LOCATION,LOC_DIR,ROUTE,RT_SFX,SRI,MP,RD_SYS,RD_CHAR,RD_SURF,SURF_COND,LIGHT,WEATHER,RD_DIV,RD_WRKZN,X_DIST,DIST_UNT,X_DIR,X_NAME,IS_RAMP,RAMP_RT,RAMP_DIR,SPD_LMT,SPD_X,LAT,LONG,CELL_USE,PROP_DMG,BADGE,TIME_ROUND,TMC
2015132815-005848              ,MONMOUTH    ,MARLBORO TWP            ,3/2/2015,M ,1002,1,MARLBORO TWP PD          ,,0,0,0,0,P,B,N,N,1,2,MONMOUTH COUNTY 3                                 ,W,3,,13000003__      ,5.95,5,2,2,1,1,1,5,1,200,FE,S,ROUTE 520                          ,,,,45,45,,,N,,99,10:00,120P04737
2015132815-012867              ,MONMOUTH    ,MARLBORO TWP            ,5/4/2015,M ,1737,1,MARLBORO TWP PD          ,,0,0,0,0,P,I,N,N,3,2,MONMOUTH COUNTY 3                                 ,W,3,,13000003__      ,7.82,5,1,2,1,1,1,5,1,,AT,,HARBOR RD / SPRING VALLEY RD       ,,,,40,35,,,N,,121,17:35,120P04734
2015132815-013235              ,MONMOUTH    ,MARLBORO TWP            ,5/7/2015,TH,1902,1,MARLBORO TWP PD          ,,0,1,0,0,I,B,N,N,1,2,MONMOUTH COUNTY 3                                 ,W,3,,13000003__      ,7.82,5,1,2,1,1,1,5,1,5,FE,S,HARBOR RD / SPRING VALLEY RD       ,,,,40,35,,,N,,122,19:00,120P04734
2015132815-021862              ,MONMOUTH    ,MARLBORO TWP            ,7/21/2015,TU,1642,1,MARLBORO TWP PD          ,,0,0,0,0,P,I,N,N,1,2,MONMOUTH COUNTY 3                                 ,W,3,,13000003__      ,8.43,5,1,2,1,1,1,5,1,,AT,,WOOLEYTOWN RD                      ,,,,35,25,,,N,,83,16:40,120P04733
2015132815-022994              ,MONMOUTH    ,MARLBORO TWP            ,7/31/2015,F ,828,1,MARLBORO TWP PD          ,,0,2,0,0,I,B,N,N,3,2,MONMOUTH COUNTY 3                                 ,W,3,,13000003__      ,6.25,5,1,0,1,1,1,5,1,500,FE,S,AMBOY RD                           ,,,,40,35,,,N,FENCE AT #337 TENNENT RD                                                        ,81,8:30,120P04737
2015132815-027078              ,MONMOUTH    ,MARLBORO TWP            ,9/5/2015,SA,1239,1,MARLBORO TWP PD          ,,0,0,0,0,P,I,N,N,3,2,MONMOUTH COUNTY 3                                 ,W,3,,13000003__      ,7.82,5,1,2,1,1,1,5,1,,AT,,HARBOR RD / SPRING VALLEY RD       ,,,,40,35,,,N,NONE                                                                            ,81,12:40,120P04734
2015132815-027711              ,MONMOUTH    ,MARLBORO TWP            ,9/10/2015,TH,1746,1,MARLBORO TWP PD          ,,0,0,0,0,P,B,N,N,1,2,MONMOUTH COUNTY 3                                 ,W,3,,13000003__      ,5.86,5,2,2,2,1,2,5,1,50,FE,S,ANGELIQUE CT                       ,,,,40,25,,,N,NONE                                                                            ,81,17:45,120P04737
2015132815-028834              ,MONMOUTH    ,MARLBORO TWP            ,9/21/2015,M ,1119,1,MARLBORO TWP PD          ,,0,0,0,0,P,B,N,N,2,2,MONMOUTH COUNTY 3                                 ,W,3,,13000003__      ,5.1,5,1,2,1,1,1,5,1,200,FE,N,BAUERS LN                          ,,,,40,10,,,N,,126,11:20,120+04739
2015132815-030058              ,MONMOUTH    ,MARLBORO TWP            ,10/2/2015,F ,1853,1,MARLBORO TWP PD          ,,0,0,0,0,P,I,N,N,7,2,MONMOUTH COUNTY 3                                 ,W,3,,13000003__      ,5.99,5,1,2,2,7,2,5,1,,AT,,ROUTE 520                          ,,,,40,45,,,N,,124,18:55,120P04737
2015132815-031146              ,MONMOUTH    ,MARLBORO TWP            ,10/12/2015,M ,1533,1,MARLBORO TWP PD          ,,0,0,0,0,P,B,N,N,11,1,MONMOUTH COUNTY 3                                 ,W,3,,13000003__      ,5.56,5,1,2,1,1,1,5,1,2640,FE,N,BAUERS LN                          ,,,,40,15,,,N,,126,15:35,120+04738
2015132815-032096              ,MONMOUTH    ,MARLBORO TWP            ,10/20/2015,TU,1738,1,MARLBORO TWP PD          ,,0,0,0,0,P,B,N,N,1,3,MONMOUTH COUNTY 3                                 ,W,3,,13000003__      ,5.86,5,1,2,1,3,1,5,1,50,FE,S,ANGELIQUE CT                       ,,,,40,25,,,N,,83,17:40,120P04737
2015132815-032433              ,MONMOUTH    ,MARLBORO TWP            ,10/23/2015,F ,1800,1,MARLBORO TWP PD          ,,0,0,0,0,P,B,N,N,1,2,MONMOUTH COUNTY 3                                 ,W,3,,13000003__      ,9.39,5,1,1,1,1,1,5,1,150,FE,S,NJ 79                              ,,,,40,45,,,N,,122,18:00,120+04732
2015132815-033752              ,MONMOUTH    ,MARLBORO TWP            ,11/4/2015,W ,1053,1,MARLBORO TWP PD          ,,0,0,0,0,P,B,N,N,15,1,MONMOUTH COUNTY 3                                 ,W,3,,13000003__      ,7.22,5,1,2,1,1,1,5,1,400,FE,S,CRINE RD                           ,,,,40,35,,,N,NONE                                                                            ,81,10:55,120P04735
2015132815-034389              ,MONMOUTH    ,MARLBORO TWP            ,11/10/2015,TU,1902,1,MARLBORO TWP PD          ,,0,0,0,0,P,B,N,N,1,2,MONMOUTH COUNTY 3                                 ,W,3,,13000003__      ,9.42,5,1,2,2,5,2,5,1,20,FE,S,NJ 79                              ,,,,35,45,,,Y,,71,19:00,120+04732
2015132815-034481              ,MONMOUTH    ,MARLBORO TWP            ,11/11/2015,W ,2242,1,MARLBORO TWP PD          ,,0,0,0,0,P,B,N,N,12,1,MONMOUTH COUNTY 3                                 ,W,3,,13000003__      ,4.76,5,2,2,1,6,1,5,1,100,FE,S,DUNCAN DR                          ,,,,40,,,,N,,120,22:40,120P04739
2015132815-036010              ,MONMOUTH    ,MARLBORO TWP            ,11/25/2015,W ,1548,1,MARLBORO TWP PD          ,,0,2,0,0,I,I,N,N,4,2,MONMOUTH COUNTY 3                                 ,W,3,,13000003__      ,5.57,5,1,2,1,1,1,5,1,,AT,N,CHURCH RD                          ,,,,40,25,,,N,JCPL POLE #JC0577                                                               ,90,15:50,120+04738
2015132815-037252              ,MONMOUTH    ,MARLBORO TWP            ,12/7/2015,M ,1808,1,MARLBORO TWP PD          ,,0,0,0,0,P,B,N,N,1,3,MONMOUTH COUNTY 3                                 ,W,3,,13000003__      ,5.59,5,1,2,1,7,1,5,1,100,FE,N,CHURCH RD                          ,,,,45,25,,,N,NONE                                                                            ,124,18:10,120+04738
2015132815-038907              ,MONMOUTH    ,MARLBORO TWP            ,12/22/2015,TU,1612,1,MARLBORO TWP PD          ,,0,1,0,0,I,I,N,N,1,2,MONMOUTH COUNTY 3                                 ,W,3,,13000003__      ,8.43,5,1,2,2,1,5,5,1,,AT,,WOOLEYTOWN RD                      ,,,,40,35,,,N,,70,16:10,120P04733
2015132815-039357              ,MONMOUTH    ,MARLBORO TWP            ,12/27/2015,S ,1956,1,MARLBORO TWP PD          ,,0,0,0,0,P,B,N,N,99,1,MONMOUTH COUNTY 3                                 ,W,3,,13000003__      ,9.1,5,1,2,2,6,2,5,1,,,,,,,,40,,,,N,MAIL BOX AT 63 TENNENT RD                                                       ,111,19:55,120+04732
2015132815-05702               ,MONMOUTH    ,MARLBORO TWP            ,2/28/2015,SA,1433,1,MARLBORO TWP PD          ,,0,0,0,0,P,B,N,N,11,1,MONMOUTH COUNTY 3                                 ,W,3,,13000003__      ,9.42,5,1,2,1,1,1,5,1,25,FE,N,NJ 79                              ,,,,40,,,,N,NONE                                                                            ,72,14:35,120+04732
2015132815-11812               ,MONMOUTH    ,MARLBORO TWP            ,4/25/2015,SA,1832,1,MARLBORO TWP PD          ,,0,1,0,0,I,I,N,N,99,1,MONMOUTH COUNTY 3                                 ,W,3,,13000003__      ,7.82,5,1,2,1,1,1,5,1,,AT,,HARBOR RD / SPRING VALLEY RD       ,,,,40,35,,,N,NONE                                                                            ,72,18:30,120P04734
2015132815-17529               ,MONMOUTH    ,MARLBORO TWP            ,6/12/2015,F ,1119,1,MARLBORO TWP PD          ,,0,0,0,0,P,I,N,N,3,3,MONMOUTH COUNTY 3                                 ,W,3,,13000003__      ,7.82,5,1,2,1,1,1,5,1,,AT,,HARBOR RD / SPRING VALLEY RD       ,,,,40,,,,N,,78,11:20,120P04734
2015132815-22461               ,MONMOUTH    ,MARLBORO TWP            ,7/26/2015,S ,1150,1,MARLBORO TWP PD          ,,0,2,0,0,I,I,N,N,3,3,MONMOUTH COUNTY 3                                 ,W,3,,13000003__      ,7.82,5,1,2,1,1,1,5,1,,AT,,HARBOR RD / SPRING VALLEY RD       ,,,,40,,,,N,,78,11:50,120P04734
2015132815-26096               ,MONMOUTH    ,MARLBORO TWP            ,8/28/2015,F ,1032,1,MARLBORO TWP PD          ,,0,0,0,0,P,B,N,N,1,2,MONMOUTH COUNTY 3                                 ,W,3,,13000003__      ,5.93,5,1,2,1,1,1,5,1,300,FE,S,ROUTE 520                          ,,,,40,,,,N,NONE                                                                            ,72,10:30,120P04737
20170909SO-17-021322           ,HUDSON      ,SECAUCUS TOWN           ,7/5/2017,WE,1700,3,HUDSON CO SHERIFFS DEPT  ,PATROL         ,0,0,0,0,P,B,N,N,1,2,NJ 3                                              ,W,3,,00000003__      ,,2,,2,1,1,1,5,1,,,,,,,,25,,,,N,,,17:00,120+07449
2.02E+17,PASSAIC     ,CLIFTON CITY            ,1/29/2016,F ,2328,1,CLIFTON PD               ,,0,0,0,0,P,B,N,N,2,3,NJ 3                                              ,W,3,,00000003__      ,,2,4,1,1,6,1,1,1,500,FE,S,,,RT 3                     ,,55,,,,N,NONE                                                                            ,7175,23:30,120+07449
2015132815-32991               ,MONMOUTH    ,MARLBORO TWP            ,10/29/2015,TH,914,1,MARLBORO TWP PD          ,,0,0,0,0,P,B,N,N,1,2,MONMOUTH COUNTY 3                                 ,W,3,,13000003__      ,5.95,5,1,2,2,1,1,5,1,200,FE,S,ROUTE 520                          ,,,,40,45,,,N,NONE                                                                            ,72,9:15,120P04737
2015132815-38978               ,MONMOUTH    ,MARLBORO TWP            ,12/23/2015,W ,1153,1,MARLBORO TWP PD          ,,0,0,0,0,P,B,N,N,11,1,MONMOUTH COUNTY 3                                 ,W,3,,13000003__      ,8.65,5,5,2,2,1,2,5,1,2640,FE,S,GREENWOOD RD                       ,,,,40,,,,N,CULVERT (MONMOUTH COUNTY 8-3-2)                                                 ,72,11:55,120+04733
2015132816-16376               ,MONMOUTH    ,MARLBORO TWP            ,6/7/2015,S ,917,1,MARLBORO TWP PD          ,,0,0,0,0,P,B,N,N,1,2,MONMOUTH COUNTY 3                                 ,W,3,,13000003__      ,5.97,5,2,2,1,1,1,5,1,100,FE,S,ROUTE 520                          ,,,,40,,,,N,NONE                                                                            ,72,9:15,120P04737
20151328MT-15-027632           ,MONMOUTH    ,MARLBORO TWP            ,9/9/2015,W ,1746,1,MARLBORO TWP PD          ,,0,0,0,0,P,B,N,N,1,2,MONMOUTH COUNTY 3                                 ,W,3,,13000003__      ,5.87,5,1,2,2,1,5,5,1,10,FE,S,ANGELIQUE CT                       ,,,,40,25,,,N,NONE                                                                            ,125,17:45,120P04737
20151330I-2015-006579          ,MONMOUTH    ,ABERDEEN TWP            ,5/5/2015,TU,854,1,ABERDEEN TWP PD          ,,0,0,0,0,P,B,N,N,2,2,MONMOUTH COUNTY 3                                 ,W,3,,13000003__      ,10.52,5,2,2,1,1,1,5,1,25,FE,S,OVERLEA LN                         ,,,,35,25,,,N,,65,8:55,120P13767
20151330I-2015-007379          ,MONMOUTH    ,ABERDEEN TWP            ,5/20/2015,W ,1809,1,ABERDEEN TWP PD          ,,0,0,0,0,P,B,N,N,1,2,MONMOUTH COUNTY 3                                 ,W,3,,13000003__      ,11.14,5,1,2,1,1,1,5,1,10,FE,S,CAMBRIDGE DR                       ,,,,35,35,,,N,,67,18:10,120P13767
2014160214-2080                ,PASSAIC     ,CLIFTON CITY            ,2/20/2014,TH,2147,1,CLIFTON PD               ,PATROL         ,0,0,0,0,P,I,N,N,3,2,NJ 3                                              ,W,3,,00000003__      ,0,2,1,2,2,6,2,5,1,,AT,,BARKLIY AVE                        ,,,,,25,40.87102,74.18962,N,NONE                                                                            ,8036,21:45,120+07449
20151330I-2015-008655          ,MONMOUTH    ,ABERDEEN TWP            ,6/12/2015,F ,2003,1,ABERDEEN TWP PD          ,,0,1,0,0,I,B,N,N,6,2,MONMOUTH COUNTY 3                                 ,W,3,,13000003__      ,11.87,5,4,2,1,1,1,4,1,30,FE,S,DAWN WAY                           ,,,,40,,,,N,,60,20:05,120P13767
2.02E+17,PASSAIC     ,CLIFTON CITY            ,3/2/2016,W ,1659,1,CLIFTON PD               ,,0,0,0,0,P,I,N,N,1,2,NJ 3                                              ,W,3,,00000003__      ,1.26,2,1,2,1,1,1,1,1,,AT,,ALLWOOD RD                         ,,,,,25,,,N,NONE                                                                            ,7206,17:00,120P07447
20151330I-2015-011957          ,MONMOUTH    ,ABERDEEN TWP            ,8/22/2015,SA,1359,1,ABERDEEN TWP PD          ,,0,0,0,0,P,B,N,N,1,2,MONMOUTH COUNTY 3                                 ,W,3,,13000003__      ,11.94,5,1,2,1,1,1,4,1,10,FE,N,ANDOVER LN                         ,,,,40,,,,N,,60,14:00,120P13767
20151330I-2015-014472          ,MONMOUTH    ,ABERDEEN TWP            ,10/14/2015,W ,1804,1,ABERDEEN TWP PD          ,,0,0,0,0,P,I,N,N,2,2,MONMOUTH COUNTY 3                                 ,W,3,,13000003__      ,10.73,5,1,2,1,1,1,4,1,,AT,S,NJ 34                              ,,,,35,,,,N,,78,18:05,120P13767
20151330I-2015-014914          ,MONMOUTH    ,ABERDEEN TWP            ,10/25/2015,S ,408,1,ABERDEEN TWP PD          ,,0,0,0,0,P,B,Y,N,11,1,MONMOUTH COUNTY 3                                 ,W,3,,13000003__      ,,5,4,2,1,6,1,4,1,,,,,,,,,,,,N,DAMAGE TO A TREE IN THE FRONT YARD OF 506 LLOYD ROAD                            ,82,4:10,120+07449
2014160214-2921                ,PASSAIC     ,CLIFTON CITY            ,3/13/2014,TH,2238,1,CLIFTON PD               ,,0,0,0,0,P,B,N,N,1,2,NJ 3                                              ,W,3,,00000003__      ,,2,5,2,1,6,1,2,1,,,,,T,RT 3 WEST                ,WB,10,,,,N,NONE                                                                            ,519,22:40,120+07449
20180909SO-18-016117           ,HUDSON      ,SECAUCUS TOWN           ,5/14/2018,MO,1341,5,HUDSON CO SHERIFFS DEPT  ,PATROL         ,0,0,0,0,P,I,N,N,1,2,NJ 3                                              ,W,3,,00000003__      ,10.04,2,,2,1,1,1,5,1,,AT,,CR 681 / PATERSON PLANK RD         ,,,,25,25,,,N,,12,13:40,120P04729
2013160213-1789                ,PASSAIC     ,CLIFTON CITY            ,2/14/2013,TH,546,1,CLIFTON PD               ,CLIFTON P.D.   ,0,0,0,0,P,I,N,N,11,1,NJ 3                                              ,W,3,,00000003__      ,0,2,2,2,4,6,1,2,1,,AT,N,CR 621                             ,,,,35,50,,,N,?                                                                               ,284,5:45,120+07449
2.02E+17,PASSAIC     ,CLIFTON CITY            ,6/4/2016,SA,2053,1,CLIFTON PD               ,,0,1,0,0,I,B,N,N,11,1,NJ 3                                              ,W,3,,00000003__      ,,2,1,2,2,7,2,4,1,,,,,T,NJ 21                    ,SB,30,,,,N,NONE                                                                            ,7206,20:55,120+07449
2013160213-2898                ,PASSAIC     ,CLIFTON CITY            ,3/12/2013,TU,1620,1,CLIFTON PD               ,,0,0,0,0,P,I,N,N,1,2,NJ 3                                              ,W,3,,00000003__      ,2.64,2,1,2,2,1,2,5,1,,AT,,CR 622 / BLOOMFIELD AVE            ,,,,30,25,,,N,NONE                                                                            ,239,16:20,120+07444
2015160215-30550               ,PASSAIC     ,CLIFTON CITY            ,7/6/2015,M ,2217,1,CLIFTON PD               ,PATROL         ,0,1,0,1,I,I,N,N,13,1,NJ 3                                              ,W,3,,00000003__      ,3.82,2,1,2,1,6,1,5,1,,AT,,CR 601 / MAIN AVE                  ,,,,25,25,,,N,NONE                                                                            ,500,22:15,120+07442
2.02E+17,PASSAIC     ,CLIFTON CITY            ,8/15/2016,M ,1511,1,CLIFTON PD               ,,0,0,0,0,P,I,N,N,3,2,NJ 3                                              ,W,3,,00000003__      ,0.51,2,1,2,1,1,1,5,1,,AT,,CR 623 / GROVE ST                  ,,,,35,20,,,N,NONE                                                                            ,7166,15:10,120+07449
2.02E+17,PASSAIC     ,CLIFTON CITY            ,6/2/2017,FR,1328,1,CLIFTON PD               ,,0,0,0,0,P,B,N,N,2,2,NJ 3                                              ,W,3,,00000003__      ,,2,,2,1,1,1,1,1,,,,,T,NJ 21                    ,EB,55,,40.8239,74.12667,N,,7152,13:30,120+07449
2.02E+17,PASSAIC     ,CLIFTON CITY            ,9/19/2016,M ,1033,1,CLIFTON PD               ,,0,1,0,0,I,I,N,N,3,2,NJ 3                                              ,W,3,,00000003__      ,3.42,2,1,2,2,1,2,5,1,,AT,,CR 603 / PASSAIC AVE               ,,,,35,55,,,N,NONE                                                                            ,7152,10:35,120+07443
2015160215-9410                ,PASSAIC     ,CLIFTON CITY            ,3/2/2015,M ,1227,1,CLIFTON PD               ,CLIFTON        ,0,1,0,0,I,B,N,N,11,1,NJ 3                                              ,W,3,,00000003__      ,,2,5,2,2,1,1,1,1,200,FE,,,F,ROUTE 21                 ,NB,15,,,,N,NONE.                                                                           ,269,12:25,120+07449
2014160214-8430                ,PASSAIC     ,CLIFTON CITY            ,8/5/2014,TU,2140,1,CLIFTON PD               ,,0,1,0,0,I,I,N,N,1,3,NJ 3                                              ,W,3,,00000003__      ,2.64,2,1,2,1,6,1,5,1,,AT,,CR 622 / BLOOMFIELD AVE            ,,,,35,55,40.84038,74.16117,N,NONE                                                                            ,239,21:40,120+07444
2.02E+17,PASSAIC     ,CLIFTON CITY            ,7/27/2015,M ,1748,1,CLIFTON PD               ,,0,0,0,0,P,B,N,N,1,2,NJ 3                                              ,W,3,,00000003__      ,,2,5,2,1,1,1,2,1,20,FE,S,,F,RT 3                     ,WB,20,,,,N,NONE                                                                            ,7166,17:50,120+07449
201415132014-004045            ,OCEAN       ,LAKEHURST BORO          ,5/14/2014,W ,931,1,LAKEHURST BORO PD        ,,0,0,0,0,P,B,N,N,2,2,OCEAN COUNTY 3                                    ,W,3,,15000003__      ,0.17,5,1,2,1,1,1,4,,50,FE,S,NJ 70                              ,,,,25,45,40.01453,74.31176,N,,322,9:30,120+07449
201415132014-010523            ,OCEAN       ,LAKEHURST BORO          ,11/20/2014,TH,1436,1,LAKEHURST BORO PD        ,PATROL         ,1,2,0,0,F,I,N,N,3,2,OCEAN COUNTY 3                                    ,W,3,,15000003__      ,0.06,5,1,2,1,1,1,5,1,,AT,,CR 6 / PINE ST                     ,,,,25,25,40.01312,74.31231,N,,,14:35,120+07449
2.02E+17,PASSAIC     ,CLIFTON CITY            ,7/25/2018,WE,627,1,CLIFTON PD               ,,0,0,0,0,P,B,N,N,2,2,NJ 3                                              ,W,3,,00000003__      ,,2,,2,2,3,2,4,1,,,,,T,PASSAIC COUNTY 621       ,EB,50,,40.86924,74.18575,N,,7250,6:25,120+07449
2.02E+17,PASSAIC     ,CLIFTON CITY            ,9/7/2018,FR,1508,1,CLIFTON PD               ,,0,0,0,0,P,B,N,N,5,2,NJ 3                                              ,W,3,,00000003__      ,,2,,2,1,1,1,4,1,,,,,F,PASSAIC COUNTY 603       ,WB,30,,40.8348,74.14806,N,,7079,15:10,120+07449
2.02E+17,PASSAIC     ,CLIFTON CITY            ,10/29/2017,SU,2101,1,CLIFTON PD               ,,0,0,0,0,P,B,N,N,2,2,NJ 3                                              ,W,3,,00000003__      ,4.89,2,,2,2,5,2,1,1,,,,,T,ROUTE 21                 ,NB,55,,40.82592,74.12383,N,,550,21:00,120P04739
2.02E+17,PASSAIC     ,CLIFTON CITY            ,11/21/2017,TU,842,1,CLIFTON PD               ,,0,0,0,0,P,B,N,N,2,2,NJ 3                                              ,W,3,,00000003__      ,3.42,2,,2,1,1,1,5,1,5,FE,N,CR 603 / PASSAIC AVE               ,,,,35,,40.83385,74.14788,N,,7131,8:40,120+07443
20160212ER-16-03803            ,BERGEN      ,EAST RUTHERFORD BORO    ,5/12/2016,TH,901,1,EAST RUTHERFORD PD       ,,0,0,0,0,P,I,N,N,2,2,NJ 3                                              ,E,3,,00000003__      ,7.96,2,1,2,1,1,1,5,1,,AT,,NJ 120                             ,,,,55,50,,,N,,142,9:00,120-04733
20130212ER-13-04260            ,BERGEN      ,EAST RUTHERFORD BORO    ,5/14/2013,TU,833,1,EAST RUTHERFORD PD       ,,0,0,0,0,P,B,N,N,2,2,NJ 3                                              ,E,3,,00000003__      ,7.9,2,1,2,1,1,1,1,1,,,,,T,ROUTE 120                ,NB,45,,,,N,,148,8:35,120-04733
20180212ER-18-04899            ,BERGEN      ,EAST RUTHERFORD BORO    ,6/23/2018,SA,1733,1,EAST RUTHERFORD PD       ,,0,0,0,0,P,I,N,N,3,2,NJ 3                                              ,E,3,,00000003__      ,7.27,2,,2,1,1,5,5,1,,AT,,N SERVICE RD                       ,,,,35,25,,,N,,155,17:35,120-04734
20180212ER-18-05979            ,BERGEN      ,EAST RUTHERFORD BORO    ,8/3/2018,FR,252,1,EAST RUTHERFORD PD       ,E.R.P.D.       ,0,0,0,0,P,B,N,N,2,2,NJ 3                                              ,E,3,,00000003__      ,,2,,2,2,6,1,2,1,,,,,,,,40,,,,N,,153,2:50,120-07448
20160212ER-16-09147            ,BERGEN      ,EAST RUTHERFORD BORO    ,10/27/2016,TH,2108,1,EAST RUTHERFORD PD       ,,0,0,0,0,P,B,N,N,2,2,NJ 3                                              ,E,3,,00000003__      ,7.8,2,1,2,2,6,2,2,1,,,,,,,,40,,,,N,NONE OBSERVED                                                                   ,154,21:10,120-04733
2016025616-09453               ,BERGEN      ,RUTHERFORD BORO         ,4/28/2016,TH,1425,1,RUTHERFORD PD            ,,0,1,0,0,I,B,N,N,1,3,NJ 3                                              ,E,3,,00000003__      ,4.95,2,1,2,1,1,1,1,1,,,S,,,,,50,,,,N,240 MEADOW RD: DAMAGE TO THE FRONT RETAINING WALL AND STAIRS                    ,66,14:25,120-04738
2015025615-22514               ,BERGEN      ,RUTHERFORD BORO         ,10/4/2015,S ,2242,1,RUTHERFORD PD            ,,0,1,0,0,I,B,N,N,12,1,NJ 3                                              ,E,3,,00000003__      ,4.95,2,3,2,1,6,1,1,1,,,S,,,,,50,,,,N,,56,22:40,120-04738
201302562013-008101            ,BERGEN      ,RUTHERFORD BORO         ,7/6/2013,SA,1411,1,RUTHERFORD PD            ,,0,0,0,0,P,B,N,N,1,2,NJ 3                                              ,E,3,,00000003__      ,5,2,1,2,1,1,1,1,1,,,,,,,,50,,,,N,,60,14:10,120N04738
201302562013-009298            ,BERGEN      ,RUTHERFORD BORO         ,8/1/2013,TH,1223,1,RUTHERFORD PD            ,,0,0,0,0,P,B,N,N,11,1,NJ 3                                              ,E,3,,00000003__      ,6.5,2,5,2,2,1,2,5,1,,,,,F,ROUTE 17                 ,SB,45,,,,N,CURB/GUARDRAIL                                                                  ,67,12:25,120-04736
2.02E+15,HUDSON      ,NORTH BERGEN TWP        ,6/24/2015,W ,1843,1,NORTH BERGEN PD          ,15-051545      ,0,0,0,0,P,B,N,N,1,4,NJ 3                                              ,E,3,,00000003__      ,,2,1,2,1,1,1,4,1,,,,,,,,40,,,,N,,,18:45,120-07448
2.01E+15,HUDSON      ,NORTH BERGEN TWP        ,4/24/2014,TH,1331,1,NORTH BERGEN PD          ,14-031807      ,0,0,0,0,P,B,N,N,,3,NJ 3                                              ,E,3,,00000003__      ,,2,1,2,1,1,1,,,,,,,,,,40,,,,N,,,13:30,120-07448
2.01E+15,HUDSON      ,NORTH BERGEN TWP        ,4/24/2014,TH,1538,1,NORTH BERGEN PD          ,14-031833      ,0,0,0,0,P,B,N,N,1,2,NJ 3                                              ,E,3,,00000003__      ,,2,1,2,1,1,1,4,1,,,,,,,,45,,,,N,NONE                                                                            ,,15:40,120-07448
2.01E+15,HUDSON      ,NORTH BERGEN TWP        ,8/20/2014,W ,1707,1,NORTH BERGEN PD          ,14-064762      ,0,0,0,0,P,I,N,N,1,2,NJ 3                                              ,E,3,,00000003__      ,10.9,2,1,2,1,1,1,5,1,,AT,,TONNELLE AVE                       ,,,,50,,,,N,NONE                                                                            ,,17:05,120N13767
2.01E+15,HUDSON      ,NORTH BERGEN TWP        ,11/21/2014,F ,1238,1,NORTH BERGEN PD          ,14-091801      ,0,0,0,0,P,B,N,N,1,2,NJ 3                                              ,E,3,,00000003__      ,0,2,4,2,1,1,1,5,1,,,,CIRCLE                             ,,,,40,,,,N,NONE                                                                            ,,12:40,120-07448
2.02E+15,HUDSON      ,NORTH BERGEN TWP        ,3/2/2016,W ,1036,1,NORTH BERGEN PD          ,NORTH BERGEN   ,0,0,0,0,P,B,N,N,6,2,NJ 3                                              ,E,3,,00000003__      ,,2,1,2,1,1,1,1,1,,,,,,,,50,,,,N,NO                                                                              ,393,10:35,120-07448
2.02E+15,HUDSON      ,NORTH BERGEN TWP        ,3/16/2016,W ,2201,1,NORTH BERGEN PD          ,,0,0,0,0,P,B,N,N,1,2,NJ 3                                              ,E,3,,00000003__      ,10.84,2,1,2,1,6,1,4,1,,,,US 1 / US 9                        ,,,,40,,,,N,,276,22:00,120N13767
2.01E+15,HUDSON      ,NORTH BERGEN TWP        ,3/19/2013,TU,1324,1,NORTH BERGEN PD          ,13-018854      ,0,0,0,0,P,I,N,N,8,2,NJ 3                                              ,E,3,,00000003__      ,10.84,2,1,2,2,1,2,1,1,,AT,,US 1 / US 9                        ,,,,40,40,,,N,NONE                                                                            ,117,13:25,120N13767
2.02E+15,HUDSON      ,NORTH BERGEN TWP        ,5/29/2016,S ,2359,1,NORTH BERGEN PD          ,,0,0,0,0,P,B,N,N,1,2,NJ 3                                              ,E,3,,00000003__      ,,2,1,2,2,6,2,4,1,,,,,,,,35,,,,N,,485,0:00,120-07448
2018025618-24045               ,BERGEN      ,RUTHERFORD BORO         ,11/23/2018,FR,1930,1,RUTHERFORD PD            ,,0,0,0,0,P,B,N,N,2,2,NJ 3                                              ,E,3,,00000003__      ,4.95,2,,2,1,6,1,1,1,,,,,,,,50,,,,N,,,19:30,120-04738
2.02E+15,HUDSON      ,NORTH BERGEN TWP        ,5/6/2017,SA,1036,1,NORTH BERGEN PD          ,,0,0,0,0,P,B,N,N,8,2,NJ 3                                              ,E,3,,00000003__      ,10.48,2,,2,1,1,1,2,,,,,,,,,40,,,,N,,461,10:35,120N13767
2.01E+15,HUDSON      ,NORTH BERGEN TWP        ,5/8/2013,W ,213,1,NORTH BERGEN PD          ,13-031218      ,0,0,0,0,P,B,N,N,2,2,NJ 3                                              ,E,3,,00000003__      ,,2,1,2,2,6,2,4,1,,,,,,,,40,,,,N,NONE                                                                            ,160,2:15,120-07448
2.02E+15,HUDSON      ,NORTH BERGEN TWP        ,9/26/2016,M ,2330,1,NORTH BERGEN PD          ,NORTH BERGEN   ,0,0,0,0,P,B,N,N,2,2,NJ 3                                              ,E,3,,00000003__      ,,2,1,2,1,6,1,4,1,,,,,,,,40,,,,N,NONE                                                                            ,499,23:30,120-07448
2.02E+15,HUDSON      ,NORTH BERGEN TWP        ,5/30/2017,TU,453,1,NORTH BERGEN PD          ,,0,1,0,0,I,B,N,N,2,2,NJ 3                                              ,E,3,,00000003__      ,10.84,2,,2,1,1,1,4,1,,,,US 1 / US 9                        ,,,,40,,,,N,,350,4:55,120N13767