CRASH_ID,CTY_NAME,MUN_NAME,DATE,DAY,TIME,POL_CODE,POL_DEPT,POL_STA,KILLED,INJURED,PED_KILL,PED_INJ,SEVERITY,INTERSEC,ALCOHOL,HAZMAT,CRASH_TYPE,VEH_COUNT,LOCATION,LOC_DIR,ROUTE,RT_SFX,SRI,MP,RD_SYS,RD_CHAR,RD_SURF,SURF_COND,LIGHT,WEATHER,RD_DIV,RD_WRKZN,X_DIST,DIST_UNT,X_DIR,X_NAME,IS_RAMP,RAMP_RT,RAMP_DIR,SPD_LMT,SPD_X,LAT,LONG,CELL_USE,PROP_DMG,BADGE,TIME_ROUND,TMC
2.02E+15,HUDSON      ,NORTH BERGEN TWP        ,11/7/2016,M ,740,1,NORTH BERGEN PD          ,16-095420      ,0,0,0,0,P,B,N,N,1,2,NJ 3                                              ,E,3,,00000003__      ,,2,1,2,1,1,1,1,1,,,,,,,,40,,,,N,,,7:40,120-07448
2.02E+15,HUDSON      ,NORTH BERGEN TWP        ,6/27/2017,TU,1858,1,NORTH BERGEN PD          ,,0,0,0,0,P,B,N,N,2,2,NJ 3                                              ,E,3,,00000003__      ,10.84,2,,2,1,1,1,3,1,,,,US 1 / US 9                        ,,,,40,,,,N,,463,19:00,120N13767
2.02E+15,HUDSON      ,NORTH BERGEN TWP        ,7/15/2017,SA,8,1,NORTH BERGEN PD          ,,0,0,0,0,P,B,N,N,1,2,NJ 3                                              ,E,3,,00000003__      ,10.84,2,,2,2,5,2,5,,,,,US 1 / US 9                        ,,,,25,,,,N,,461,8:10,120N13767
2.02E+15,HUDSON      ,NORTH BERGEN TWP        ,12/22/2016,TH,820,1,NORTH BERGEN PD          ,,0,0,0,0,P,B,N,N,1,2,NJ 3                                              ,E,3,,00000003__      ,10.84,2,1,2,1,1,1,1,1,,,,US 1 / US 9                        ,,,,40,,,,N,,485,8:20,120N13767
2.02E+15,HUDSON      ,NORTH BERGEN TWP        ,10/21/2017,SA,1507,1,NORTH BERGEN PD          ,,0,0,0,0,P,B,N,N,2,2,NJ 3                                              ,E,3,,00000003__      ,10.84,2,,2,1,1,1,1,,,,,US 1 / US 9                        ,,,,40,,,,N,,484,15:05,120N13767
2018090818-057635              ,HUDSON      ,NORTH BERGEN TWP        ,7/2/2018,MO,832,1,NORTH BERGEN PD          ,18-057635      ,0,0,0,0,P,I,N,N,1,2,NJ 3                                              ,E,3,,00000003__      ,10.84,2,,2,1,1,1,1,1,,AT,S,US 1 / US 9                        ,,,,40,,,,N,,46,8:30,120N13767
2018090818-105330              ,HUDSON      ,NORTH BERGEN TWP        ,11/8/2018,TH,1609,1,NORTH BERGEN PD          ,18-105330      ,0,0,0,0,P,B,N,N,2,2,NJ 3                                              ,E,3,,00000003__      ,10.84,2,,2,1,1,1,4,1,,,,,T,US 1&9                   ,,25,,,,N,,127,16:10,120N13767
2015090915-015764              ,HUDSON      ,SECAUCUS TOWN           ,10/22/2015,TH,1755,1,SECAUCUS PD              ,HQTS           ,0,1,0,0,I,I,N,N,1,2,NJ 3                                              ,E,3,,00000003__      ,9.89,2,1,2,1,3,1,2,1,,AT,S,HARMON MEADOW BLVD                 ,,,,25,40,,,N,NONE                                                                            ,169,17:55,120N04729
2018090818-119308              ,HUDSON      ,NORTH BERGEN TWP        ,12/14/2018,FR,1451,1,NORTH BERGEN PD          ,18-119308      ,0,0,0,0,P,B,N,N,1,2,NJ 3                                              ,E,3,,00000003__      ,10.84,2,,2,2,1,5,1,1,10,FE,W,US 1 / US 9                        ,,,,40,40,,,N,,16,14:50,120N13767
2018090818-123142              ,HUDSON      ,NORTH BERGEN TWP        ,12/23/2018,SU,1214,1,NORTH BERGEN PD          ,18-123142      ,0,0,0,0,P,B,N,N,2,2,NJ 3                                              ,E,3,,00000003__      ,10.84,2,,2,1,1,1,4,1,,,,US 1 / US 9                        ,,,,40,,,,N,,68,12:15,120N13767
20140909SO-14-019843           ,HUDSON      ,SECAUCUS TOWN           ,12/4/2014,TH,1132,3,HUDSON CO SHERIFFS DEPT  ,PATR?L         ,0,0,0,0,P,I,N,N,1,2,NJ 3                                              ,E,3,,00000003__      ,8.8,2,4,2,1,1,1,5,1,,AT,,MILL CREEK DR                      ,,,,25,65,,,N,,389,11:30,120-04731
2.02E+15,HUDSON      ,NORTH BERGEN TWP        ,4/22/2018,SU,1423,1,NORTH BERGEN PD          ,NORTH BERGEN PD,0,1,0,0,I,B,N,N,1,2,NJ 3                                              ,E,3,,00000003__      ,10.84,2,,2,1,1,1,1,1,,,,US 1 / US 9                        ,,,,40,,,,N,,393,14:25,120N13767
2015132215-1437                ,MONMOUTH    ,KEYPORT BORO            ,2/23/2015,M ,825,1,KEYPORT PD               ,,0,0,0,0,P,B,N,N,1,2,MONMOUTH COUNTY 3                                 ,E,3,,13000003__      ,13.21,5,4,2,1,1,5,4,1,5,FE,N,NJ 35                              ,,,,35,50,,,N,,26,8:25,120N13767
2013090913-010301              ,HUDSON      ,SECAUCUS TOWN           ,6/15/2013,SA,1633,1,SECAUCUS PD              ,HQ             ,0,0,0,0,P,B,N,N,11,1,NJ 3                                              ,E,3,,00000003__      ,10.03,2,4,2,1,1,1,2,1,50,FE,S,CR 681 / PATERSON PLANK RD         ,,,,,25,,,N,HARTZ MOUNTAIN FENCE                                                            ,142,16:35,120N04729
2015132615MN02202              ,MONMOUTH    ,MANALAPAN TWP           ,1/29/2015,TH,725,1,MANALAPAN TWP PD         ,,0,0,0,0,P,B,N,N,1,2,MONMOUTH COUNTY 3                                 ,E,3,,13000003__      ,1.11,5,1,2,1,1,1,4,1,200,FE,N,CHURCH LN                          ,,,,40,25,,,N,NONE                                                                            ,26097,7:25,120-07447
2015132615MN05914              ,MONMOUTH    ,MANALAPAN TWP           ,3/12/2015,TH,1553,1,MANALAPAN TWP PD         ,,0,1,0,0,I,B,N,N,1,3,MONMOUTH COUNTY 3                                 ,E,3,,13000003__      ,1.22,5,1,2,1,1,1,5,1,50,FE,N,CRAIG RD                           ,,,,35,35,,,N,NONE                                                                            ,26126,15:55,120N07447
2015132615MN06046              ,MONMOUTH    ,MANALAPAN TWP           ,3/13/2015,F ,1820,1,MANALAPAN TWP PD         ,,0,1,0,0,I,B,N,N,1,3,MONMOUTH COUNTY 3                                 ,E,3,,13000003__      ,0.8,5,1,2,1,1,1,5,1,20,FE,S,ROUTE 522                          ,,,,35,45,,,N,NONE                                                                            ,26136,18:20,120-07447
2015132615MN06628              ,MONMOUTH    ,MANALAPAN TWP           ,3/19/2015,TH,1254,1,MANALAPAN TWP PD         ,,0,0,0,0,P,B,N,N,1,2,MONMOUTH COUNTY 3                                 ,E,3,,13000003__      ,3.2,5,1,2,1,1,1,5,1,500,FE,N,WINDING WOODS WAY                  ,,,,40,25,,,N,NONE                                                                            ,26139,12:55,120-07442
2015132615MN09637              ,MONMOUTH    ,MANALAPAN TWP           ,4/18/2015,SA,956,1,MANALAPAN TWP PD         ,,0,0,0,0,P,B,N,N,2,2,MONMOUTH COUNTY 3                                 ,E,3,,13000003__      ,2.21,5,1,2,1,1,1,5,1,50,FE,S,TAYLORS MILLS RD                   ,,,,40,40,,,N,NONE                                                                            ,26146,9:55,120N07444
2014160214-102004              ,PASSAIC     ,CLIFTON CITY            ,2/23/2014,S ,1310,1,CLIFTON PD               ,CLIFTON        ,0,0,0,0,P,I,N,N,3,2,NJ 3                                              ,E,3,,00000003__      ,3.42,2,1,2,2,1,2,5,1,,AT,,CR 603 / PASSAIC AVE               ,,,,25,25,40.83439,74.1486,N,NONE                                                                            ,500,13:10,120-07442
2013090913-016022              ,HUDSON      ,SECAUCUS TOWN           ,8/27/2013,TU,903,3,HUDSON CO SHERIFFS DEPT  ,PATROL         ,0,0,0,0,P,B,N,N,1,2,NJ 3                                              ,E,3,,00000003__      ,,2,5,2,1,1,1,5,1,,,,,,,,25,,,,N,NONE                                                                            ,330,9:05,120-07448
2015132615MN12550              ,MONMOUTH    ,MANALAPAN TWP           ,5/15/2015,F ,1606,1,MANALAPAN TWP PD         ,,0,2,0,0,I,B,N,N,1,3,MONMOUTH COUNTY 3                                 ,E,3,,13000003__      ,1.43,5,2,2,1,1,1,5,1,1320,FE,S,DEVON DR N                         ,,,,40,25,,,N,NONE                                                                            ,26131,16:05,120-07444
2015132615MN13132              ,MONMOUTH    ,MANALAPAN TWP           ,5/21/2015,TH,1538,1,MANALAPAN TWP PD         ,,0,0,0,0,P,B,N,N,1,2,MONMOUTH COUNTY 3                                 ,E,3,,13000003__      ,0.8,5,1,2,1,1,1,5,1,8,FE,S,ROUTE 522                          ,,,,35,,,,N,NONE                                                                            ,26102,15:40,120-07447
2015132615MN16052              ,MONMOUTH    ,MANALAPAN TWP           ,6/19/2015,F ,1248,1,MANALAPAN TWP PD         ,,0,0,0,0,P,B,N,N,1,3,MONMOUTH COUNTY 3                                 ,E,3,,13000003__      ,1.09,5,1,2,1,1,1,5,1,100,FE,N,CHURCH LN                          ,,,,40,25,,,N,NONE                                                                            ,26146,12:50,120-07447
2015132615MN16060              ,MONMOUTH    ,MANALAPAN TWP           ,6/19/2015,F ,1453,1,MANALAPAN TWP PD         ,,0,0,0,0,P,B,N,N,1,2,MONMOUTH COUNTY 3                                 ,E,3,,13000003__      ,1.17,5,1,2,2,1,2,5,1,200,FE,S,CRAIG RD                           ,,,,35,40,,,N,,26144,14:55,120N07447
2015132615MN16499              ,MONMOUTH    ,MANALAPAN TWP           ,6/23/2015,TU,1342,1,MANALAPAN TWP PD         ,,0,0,0,0,P,B,N,N,1,2,MONMOUTH COUNTY 3                                 ,E,3,,13000003__      ,2.31,5,1,2,1,1,1,5,1,500,FE,N,TAYLORS MILLS RD                   ,,,,40,35,,,N,NONE                                                                            ,26145,13:40,120N07444
2015132615MN18040              ,MONMOUTH    ,MANALAPAN TWP           ,7/7/2015,TU,1619,1,MANALAPAN TWP PD         ,,0,2,0,0,I,B,N,N,1,3,MONMOUTH COUNTY 3                                 ,E,3,,13000003__      ,1.06,5,1,2,1,1,1,5,1,75,FE,S,CHURCH LN                          ,,,,40,25,,,N,NONE                                                                            ,26104,16:20,120-07447
2015132615MN21885              ,MONMOUTH    ,MANALAPAN TWP           ,8/11/2015,TU,2035,1,MANALAPAN TWP PD         ,,0,0,0,0,P,B,N,N,2,2,MONMOUTH COUNTY 3                                 ,E,3,,13000003__      ,0,5,1,2,1,6,1,5,1,10,FE,N,ROUTE 527 / MILLHURST RD           ,,,,40,35,,,N,NONE                                                                            ,26114,20:35,120-07448
2015132615MN24456              ,MONMOUTH    ,MANALAPAN TWP           ,9/3/2015,TH,1024,1,MANALAPAN TWP PD         ,,0,0,0,0,P,I,N,N,3,2,MONMOUTH COUNTY 3                                 ,E,3,,13000003__      ,1.07,5,4,2,1,1,1,5,1,,AT,,CHURCH LN                          ,,,,35,25,,,N,NONE                                                                            ,26137,10:25,120-07447
2015132615MN24899              ,MONMOUTH    ,MANALAPAN TWP           ,9/7/2015,M ,2003,1,MANALAPAN TWP PD         ,,0,0,0,0,P,B,N,N,1,2,MONMOUTH COUNTY 3                                 ,E,3,,13000003__      ,3.7,5,5,2,1,6,1,5,1,25,FE,,WICKATUNK ROAD                     ,,,,40,35,,,N,NONE                                                                            ,26150,20:05,120-04740
2015132615MN25417              ,MONMOUTH    ,MANALAPAN TWP           ,9/12/2015,SA,1231,1,MANALAPAN TWP PD         ,,0,1,0,0,I,I,N,N,3,2,MONMOUTH COUNTY 3                                 ,E,3,,13000003__      ,1.43,5,2,2,1,1,1,5,1,,AT,,CAITLIN WAY / DEVON DR S           ,,,,40,25,,,N,NONE                                                                            ,26140,12:30,120-07444
2015132615MN25838              ,MONMOUTH    ,MANALAPAN TWP           ,9/15/2015,TU,1841,1,MANALAPAN TWP PD         ,,0,0,0,0,P,B,N,N,2,2,MONMOUTH COUNTY 3                                 ,E,3,,13000003__      ,2.22,5,1,2,1,1,1,5,1,20,FE,S,TAYLORS MILLS RD                   ,,,,40,35,,,N,,26150,18:40,120N07444
2015132615MN32394              ,MONMOUTH    ,MANALAPAN TWP           ,11/11/2015,W ,1055,1,MANALAPAN TWP PD         ,,0,0,0,0,P,B,N,N,8,2,MONMOUTH COUNTY 3                                 ,E,3,,13000003__      ,3.94,5,1,2,2,1,2,5,1,1320,FE,N,WICKATUNK ROAD                     ,,,,40,35,,,N,,26128,10:55,120-04740
2015132615MN32732              ,MONMOUTH    ,MANALAPAN TWP           ,11/13/2015,F ,2318,1,MANALAPAN TWP PD         ,,0,0,0,0,P,B,N,N,12,1,MONMOUTH COUNTY 3                                 ,E,3,,13000003__      ,2.73,5,1,2,1,5,1,5,,500,FE,S,KENSINGTON DR / WOODLAND CIR       ,,,,40,25,,,N,,26091,23:20,120-07443
2015132615MN33439              ,MONMOUTH    ,MANALAPAN TWP           ,11/19/2015,TH,1015,1,MANALAPAN TWP PD         ,,0,0,0,0,P,B,N,N,1,2,MONMOUTH COUNTY 3                                 ,E,3,,13000003__      ,0.8,5,1,2,1,1,1,5,1,25,FE,N,ROUTE 522                          ,,,,35,45,,,N,,26145,10:15,120-07447
2015132615MN34142              ,MONMOUTH    ,MANALAPAN TWP           ,11/25/2015,W ,939,1,MANALAPAN TWP PD         ,,0,0,0,0,P,I,N,N,3,2,MONMOUTH COUNTY 3                                 ,E,3,,13000003__      ,1.43,5,1,2,1,1,1,5,,,AT,,CAITLIN WAY / DEVON DR S           ,,,,40,,,,N,,26105,9:40,120-07444
2015132615MN34751              ,MONMOUTH    ,MANALAPAN TWP           ,12/1/2015,TU,1648,1,MANALAPAN TWP PD         ,,0,1,0,0,I,B,N,N,4,2,MONMOUTH COUNTY 3                                 ,E,3,,13000003__      ,3.8,5,3,2,2,7,2,5,1,150,FE,S,,T,US 9                     ,NB,40,,,,N,,26148,16:50,120-04740
2015132615MN35599              ,MONMOUTH    ,MANALAPAN TWP           ,12/8/2015,TU,1414,1,MANALAPAN TWP PD         ,,0,0,0,0,P,B,N,N,1,2,MONMOUTH COUNTY 3                                 ,E,3,,13000003__      ,0.9,5,1,2,1,1,1,,,50,FE,,,,,,45,,,,N,,26116,14:15,120-07447
2015132615MN36430              ,MONMOUTH    ,MANALAPAN TWP           ,12/15/2015,TU,1609,1,MANALAPAN TWP PD         ,,0,0,0,0,P,B,N,N,11,1,MONMOUTH COUNTY 3                                 ,E,3,,13000003__      ,0.2,5,1,2,1,1,1,5,,1056,FE,N,ROUTE 527 / MILLHURST RD           ,,,,40,40,,,N,FIRE HYDRANT STRUCK BUT NO VISIBLE DAMAGE; GUARDRAIL DAMAGED                    ,26132,16:10,120-07448
2015132615NN27037              ,MONMOUTH    ,MANALAPAN TWP           ,9/26/2015,SA,732,1,MANALAPAN TWP PD         ,,0,1,0,0,I,B,N,N,3,2,MONMOUTH COUNTY 3                                 ,E,3,,13000003__      ,2.22,5,1,2,1,7,1,4,,15,FE,S,TAYLORS MILLS RD                   ,,,,40,35,,,N,,26134,7:30,120N07444
2015132815-004996              ,MONMOUTH    ,MARLBORO TWP            ,2/21/2015,SA,2113,1,MARLBORO TWP PD          ,,0,0,0,0,P,B,N,N,15,1,MONMOUTH COUNTY 3                                 ,E,3,,13000003__      ,8.54,5,4,2,5,6,6,5,1,600,FE,N,WOOLEYTOWN RD                      ,,,,45,35,,,N,,111,21:15,120-04732
2015132815-006340              ,MONMOUTH    ,MARLBORO TWP            ,3/8/2015,S ,1512,1,MARLBORO TWP PD          ,,0,0,0,0,P,B,N,N,1,3,MONMOUTH COUNTY 3                                 ,E,3,,13000003__      ,7.31,5,2,2,1,1,1,5,1,30,FE,N,CRINE RD                           ,,,,40,35,,,N,,123,15:10,120-04734
2015132815-006612              ,MONMOUTH    ,MARLBORO TWP            ,3/10/2015,TU,2043,1,MARLBORO TWP PD          ,,0,0,0,0,P,B,N,N,12,1,MONMOUTH COUNTY 3                                 ,E,3,,13000003__      ,9.33,5,2,2,2,6,2,5,1,500,FE,N,CHURCH LN                          ,,,,40,25,,,N,,92,20:45,120-04730
2015132815-011157              ,MONMOUTH    ,MARLBORO TWP            ,4/19/2015,S ,1504,1,MARLBORO TWP PD          ,,0,0,0,0,P,B,N,N,2,2,MONMOUTH COUNTY 3                                 ,E,3,,13000003__      ,8.43,5,3,2,1,1,1,4,1,5,FE,S,WOOLEYTOWN RD                      ,,,,40,40,,,N,NONE                                                                            ,123,15:05,120-04732
2015132815-012793              ,MONMOUTH    ,MARLBORO TWP            ,5/4/2015,M ,913,1,MARLBORO TWP PD          ,,0,0,0,0,P,I,N,N,1,2,MONMOUTH COUNTY 3                                 ,E,3,,13000003__      ,9.65,5,1,2,1,1,1,5,1,,AT,,UNION AVE                          ,,,,35,25,,,N,,121,9:15,120-04729
2015132815-013130              ,MONMOUTH    ,MARLBORO TWP            ,5/6/2015,W ,1902,1,MARLBORO TWP PD          ,,0,0,0,0,P,I,N,N,11,1,MONMOUTH COUNTY 3                                 ,E,3,,13000003__      ,6.11,5,1,2,1,1,1,5,1,,AT,,NJ 18                              ,,,,45,65,,,N,,124,19:00,120N04737
2015132815-013150              ,MONMOUTH    ,MARLBORO TWP            ,5/7/2015,TH,522,1,MARLBORO TWP PD          ,,0,0,0,0,P,B,N,N,11,1,MONMOUTH COUNTY 3                                 ,E,3,,13000003__      ,6.01,5,2,2,1,2,1,5,2,100,FE,N,ROUTE 520                          ,,,,40,45,,,N,NONE                                                                            ,104,5:20,120N04737
2015132815-013228              ,MONMOUTH    ,MARLBORO TWP            ,5/7/2015,TH,1811,1,MARLBORO TWP PD          ,,0,0,0,0,P,B,N,N,1,2,MONMOUTH COUNTY 3                                 ,E,3,,13000003__      ,6,5,1,2,1,1,1,5,1,50,FE,N,ROUTE 520                          ,,,,40,45,,,N,NONE                                                                            ,124,18:10,120N04737
2015132815-013559              ,MONMOUTH    ,MARLBORO TWP            ,5/11/2015,M ,1456,1,MARLBORO TWP PD          ,,0,0,0,0,P,B,N,N,5,3,MONMOUTH COUNTY 3                                 ,E,3,,13000003__      ,7.83,5,1,2,2,1,5,5,1,75,FE,N,HARBOR RD / SPRING VALLEY RD       ,,,,40,25,,,N,,83,14:55,120-04733
2015132815-014049              ,MONMOUTH    ,MARLBORO TWP            ,5/15/2015,F ,1820,1,MARLBORO TWP PD          ,,0,0,0,0,P,B,N,N,1,2,MONMOUTH COUNTY 3                                 ,E,3,,13000003__      ,7.31,5,1,2,1,1,1,5,1,50,FE,N,CRINE RD                           ,,,,40,35,,,N,NONE                                                                            ,124,18:20,120-04734
2015132815-014171              ,MONMOUTH    ,MARLBORO TWP            ,5/16/2015,SA,1906,1,MARLBORO TWP PD          ,,0,0,0,0,P,I,N,N,2,2,MONMOUTH COUNTY 3                                 ,E,3,,13000003__      ,7.3,5,1,2,1,3,1,5,1,,AT,,CRINE RD                           ,,,,40,40,,,N,,123,19:05,120-04734
2015132815-018839              ,MONMOUTH    ,MARLBORO TWP            ,6/25/2015,TH,1258,1,MARLBORO TWP PD          ,,0,0,0,0,P,I,N,N,2,2,MONMOUTH COUNTY 3                                 ,E,3,,13000003__      ,5.99,5,1,2,1,1,5,5,1,,AT,N,ROUTE 520                          ,,,,40,45,,,N,,122,13:00,120N04737
2015132815-019272              ,MONMOUTH    ,MARLBORO TWP            ,6/29/2015,M ,111,1,MARLBORO TWP PD          ,,0,0,0,0,P,B,N,N,99,1,MONMOUTH COUNTY 3                                 ,E,3,,13000003__      ,7.76,5,1,2,1,7,1,5,1,300,FE,S,HARBOR RD / SPRING VALLEY RD       ,,,,40,40,,,N,TWO METAL POLES WITH REFLECTORS                                                 ,124,1:10,120-04733
2015132815-019728              ,MONMOUTH    ,MARLBORO TWP            ,7/2/2015,TH,1643,1,MARLBORO TWP PD          ,,0,1,0,0,I,B,N,N,11,1,MONMOUTH COUNTY 3                                 ,E,3,,13000003__      ,4.69,5,1,2,1,1,1,5,1,500,FE,S,DUNCAN DR                          ,,,,40,25,,,N,,70,16:45,120N04739
2015132815-028895              ,MONMOUTH    ,MARLBORO TWP            ,9/22/2015,TU,704,1,MARLBORO TWP PD          ,,0,0,0,0,P,I,N,N,3,2,MONMOUTH COUNTY 3                                 ,E,3,,13000003__      ,8.43,5,5,2,1,1,1,5,1,,AT,,WOOLEYTOWN RD                      ,,,,40,35,,,N,,65,7:05,120-04732
2015132815-030360              ,MONMOUTH    ,MARLBORO TWP            ,10/6/2015,TU,555,1,MARLBORO TWP PD          ,,0,0,0,0,P,B,N,N,12,1,MONMOUTH COUNTY 3                                 ,E,3,,13000003__      ,7.3,5,1,2,1,7,1,5,1,25,FE,N,PEREGRINE DR                       ,,,,40,25,,,N,,114,5:55,120-04734
2.02E+17,PASSAIC     ,CLIFTON CITY            ,1/13/2016,W ,1135,1,CLIFTON PD               ,,0,0,0,0,P,I,N,N,2,3,NJ 3                                              ,E,3,,00000003__      ,0,2,1,2,1,1,1,1,1,,AT,,US 46                              ,,,,45,50,,,N,NONE                                                                            ,7167,11:35,120-07448
2015132815-033932              ,MONMOUTH    ,MARLBORO TWP            ,11/6/2015,F ,409,1,MARLBORO TWP PD          ,,0,1,0,0,I,B,N,N,11,1,MONMOUTH COUNTY 3                                 ,E,3,,13000003__      ,7.73,5,1,2,1,7,1,5,1,500,FE,S,HARBOR RD / SPRING VALLEY RD       ,,,,40,,,,N,TWO REFLECTIVE TRAFFIC POSTS THAT LINED THE DITCH ON TENNENT RD                 ,104,4:10,120-04733
2015132815-034360              ,MONMOUTH    ,MARLBORO TWP            ,11/10/2015,TU,1405,1,MARLBORO TWP PD          ,,0,0,0,0,P,B,N,N,1,2,MONMOUTH COUNTY 3                                 ,E,3,,13000003__      ,4.8,5,2,2,2,1,2,5,1,100,FE,N,DUNCAN DR                          ,,,,40,25,,,N,NONE                                                                            ,81,14:05,120-04738
2015132815-034382              ,MONMOUTH    ,MARLBORO TWP            ,11/10/2015,TU,1834,1,MARLBORO TWP PD          ,,0,0,0,0,P,B,N,N,1,2,MONMOUTH COUNTY 3                                 ,E,3,,13000003__      ,9.65,5,1,2,2,6,2,5,1,10,FE,S,UNION AVE                          ,,,,35,25,,,N,,83,18:35,120-04729
2015132815-034386              ,MONMOUTH    ,MARLBORO TWP            ,11/10/2015,TU,1900,1,MARLBORO TWP PD          ,,0,0,0,0,P,B,N,N,11,2,MONMOUTH COUNTY 3                                 ,E,3,,13000003__      ,7.8,5,1,2,2,5,2,5,1,2640,FE,N,CRINE RD                           ,,,,40,35,,,N,,126,19:00,120-04733
2015132815-037499              ,MONMOUTH    ,MARLBORO TWP            ,12/10/2015,TH,148,1,MARLBORO TWP PD          ,,0,0,0,0,P,B,N,N,99,1,MONMOUTH COUNTY 3                                 ,E,3,,13000003__      ,6.7,5,1,2,2,4,1,5,1,3000,FE,N,COMMERCIAL CT                      ,,,,40,25,,,N,,121,1:50,120N04736
2015132815-039144              ,MONMOUTH    ,MARLBORO TWP            ,12/25/2015,F ,1950,1,MARLBORO TWP PD          ,,0,1,0,0,I,B,N,N,7,2,MONMOUTH COUNTY 3                                 ,E,3,,13000003__      ,8.15,5,1,2,2,7,2,4,1,50,FE,N,BROWN RD                           ,,,,40,,,,N,NONE                                                                            ,123,19:50,120-04733
2015132815-08743               ,MONMOUTH    ,MARLBORO TWP            ,3/28/2015,SA,1750,1,MARLBORO TWP PD          ,,0,0,0,0,P,B,N,N,11,1,MONMOUTH COUNTY 3                                 ,E,3,,13000003__      ,4.48,5,1,2,1,1,1,5,1,528,FE,N,DARLENE CT                         ,,,,40,,,,N,UTILITY POLE FOR A GUIDE WIRE NEAR POLE JC1916MO                                ,72,17:50,120-04739
2015132815-11462               ,MONMOUTH    ,MARLBORO TWP            ,4/22/2015,W ,1832,1,MARLBORO TWP PD          ,,0,2,0,0,I,B,N,N,1,2,MONMOUTH COUNTY 3                                 ,E,3,,13000003__      ,7.3,5,1,2,2,1,2,5,1,25,FE,N,CRINE RD                           ,,,,40,,,,N,,78,18:30,120-04734
2015132815-15738               ,MONMOUTH    ,MARLBORO TWP            ,5/28/2015,TH,1740,1,MARLBORO TWP PD          ,,0,0,0,0,P,B,N,N,99,2,MONMOUTH COUNTY 3                                 ,E,3,,13000003__      ,5.57,5,1,2,1,1,1,5,1,20,FE,S,CHURCH RD                          ,,,,40,,,,N,GUIDE WIRE ON UTILITY POLE # JC863MO                                            ,72,17:40,120-04737
2015132815-19105               ,MONMOUTH    ,MARLBORO TWP            ,6/27/2015,SA,1156,1,MARLBORO TWP PD          ,,0,0,0,0,P,B,N,N,1,2,MONMOUTH COUNTY 3                                 ,E,3,,13000003__      ,7.82,5,1,2,2,1,2,5,1,5,FE,N,HARBOR RD / SPRING VALLEY RD       ,,,,45,35,,,N,,87,11:55,120-04733
2015132815-23861               ,MONMOUTH    ,MARLBORO TWP            ,8/7/2015,F ,1421,1,MARLBORO TWP PD          ,,0,0,0,0,P,B,N,N,2,2,MONMOUTH COUNTY 3                                 ,E,3,,13000003__      ,6.01,5,1,2,1,1,1,5,1,100,FE,N,ROUTE 520                          ,,,,40,,,,N,,78,14:20,120N04737
2015132815-24389               ,MONMOUTH    ,MARLBORO TWP            ,8/12/2015,W ,1441,1,MARLBORO TWP PD          ,,0,0,0,0,P,B,N,N,1,2,MONMOUTH COUNTY 3                                 ,E,3,,13000003__      ,6.01,5,2,2,1,1,1,5,1,100,FE,N,ROUTE 520                          ,,,,40,,,,N,,78,14:40,120N04737
2015132815-24653               ,MONMOUTH    ,MARLBORO TWP            ,8/14/2015,F ,1640,1,MARLBORO TWP PD          ,,0,2,0,0,I,B,N,N,1,4,MONMOUTH COUNTY 3                                 ,E,3,,13000003__      ,6.05,5,2,2,1,1,1,5,1,300,FE,N,ROUTE 520                          ,,,,40,,,,N,NONE                                                                            ,72,16:40,120N04737
2015132815-25094               ,MONMOUTH    ,MARLBORO TWP            ,8/19/2015,W ,834,1,MARLBORO TWP PD          ,,0,0,0,0,P,B,N,N,2,2,MONMOUTH COUNTY 3                                 ,E,3,,13000003__      ,6,5,2,2,1,1,1,5,1,50,FE,N,ROUTE 520                          ,,,,40,,,,N,NONE                                                                            ,72,8:35,120N04737
2015132815-33954               ,MONMOUTH    ,MARLBORO TWP            ,11/6/2015,F ,1056,1,MARLBORO TWP PD          ,,0,0,0,0,P,B,N,N,1,2,MONMOUTH COUNTY 3                                 ,E,3,,13000003__      ,9.6,5,1,2,1,1,1,5,1,100,FE,N,NJ 79                              ,,,,35,,,,N,NONE                                                                            ,72,10:55,120-04729
2015132815-34358               ,MONMOUTH    ,MARLBORO TWP            ,11/10/2015,TU,1349,1,MARLBORO TWP PD          ,,0,1,0,0,I,B,N,N,11,1,MONMOUTH COUNTY 3                                 ,E,3,,13000003__      ,5.78,5,1,2,2,1,2,5,1,5280,FE,S,DUNCAN DR                          ,,,,40,,,,N,,78,13:50,120N04737
2015132815-36459               ,MONMOUTH    ,MARLBORO TWP            ,11/30/2015,M ,1052,1,MARLBORO TWP PD          ,,0,0,0,0,P,B,N,N,2,2,MONMOUTH COUNTY 3                                 ,E,3,,13000003__      ,6.01,5,2,2,1,1,1,5,1,100,FE,N,ROUTE 520                          ,,,,40,,,,N,NONE                                                                            ,72,10:50,120N04737
2015132815-4942                ,MONMOUTH    ,MARLBORO TWP            ,2/22/2015,S ,937,1,MARLBORO TWP PD          ,,0,0,0,0,P,B,N,N,1,2,MONMOUTH COUNTY 3                                 ,E,3,,13000003__      ,9.14,5,1,2,1,1,1,5,1,50,FE,S,GREENWOOD RD                       ,,,,35,,,,N,,78,9:35,120-04731
2015132815-6636                ,MONMOUTH    ,MARLBORO TWP            ,3/11/2015,W ,923,1,MARLBORO TWP PD          ,,0,2,0,0,I,B,N,N,4,2,MONMOUTH COUNTY 3                                 ,E,3,,13000003__      ,4.78,5,1,2,1,1,1,5,1,20,FE,S,DUNCAN DR                          ,,,,40,,,,N,,78,9:25,120-04738
2015132815-7187                ,MONMOUTH    ,MARLBORO TWP            ,3/16/2015,M ,802,1,MARLBORO TWP PD          ,,0,0,0,0,P,B,N,N,11,1,MONMOUTH COUNTY 3                                 ,E,3,,13000003__      ,8.05,5,1,2,1,6,1,5,1,500,FE,S,BROWN RD                           ,,,,40,,,,N,MAILBOX #145  #147 NO STOPPING AND STANDING SIGN                                ,78,8:00,120-04733