CRASH_ID,CTY_NAME,MUN_NAME,DATE,DAY,TIME,POL_CODE,POL_DEPT,POL_STA,KILLED,INJURED,PED_KILL,PED_INJ,SEVERITY,INTERSEC,ALCOHOL,HAZMAT,CRASH_TYPE,VEH_COUNT,LOCATION,LOC_DIR,ROUTE,RT_SFX,SRI,MP,RD_SYS,RD_CHAR,RD_SURF,SURF_COND,LIGHT,WEATHER,RD_DIV,RD_WRKZN,X_DIST,DIST_UNT,X_DIR,X_NAME,IS_RAMP,RAMP_RT,RAMP_DIR,SPD_LMT,SPD_X,LAT,LONG,CELL_USE,PROP_DMG,BADGE,TIME_ROUND,TMC
20151328MT-15-025819           ,MONMOUTH    ,MARLBORO TWP            ,8/26/2015,W ,2023,1,MARLBORO TWP PD          ,,0,1,0,0,I,B,N,N,12,1,MONMOUTH COUNTY 3                                 ,E,3,,13000003__      ,0,5,1,2,1,6,1,4,1,200,FE,N,PEREGRINE DR                       ,,,,20,25,,,N,,120,20:25,120-07448
20151330I-2015-007466          ,MONMOUTH    ,ABERDEEN TWP            ,5/22/2015,F ,907,1,ABERDEEN TWP PD          ,,0,0,0,0,P,I,N,N,1,2,MONMOUTH COUNTY 3                                 ,E,3,,13000003__      ,11.26,5,1,2,1,1,1,5,1,,AT,,IVYHILL DR                         ,,,,35,25,,,N,,65,9:05,120N13767
20151330I-2015-009193          ,MONMOUTH    ,ABERDEEN TWP            ,6/24/2015,W ,2135,1,ABERDEEN TWP PD          ,,0,0,0,0,P,I,N,N,1,2,MONMOUTH COUNTY 3                                 ,E,3,,13000003__      ,11.26,5,1,2,1,7,1,4,1,,AT,,IVYHILL DR                         ,,,,35,25,,,N,,78,21:35,120N13767
20151330I-2015-010686          ,MONMOUTH    ,ABERDEEN TWP            ,7/27/2015,M ,516,1,ABERDEEN TWP PD          ,,0,0,0,0,P,B,N,N,2,2,MONMOUTH COUNTY 3                                 ,E,3,,13000003__      ,12.31,5,3,2,2,2,2,5,1,200,FE,S,LINE RD / NUTMEG RD                ,,,,40,25,,,N,,66,5:15,120N13767
20151330I-2015-011271          ,MONMOUTH    ,ABERDEEN TWP            ,8/8/2015,SA,1256,1,ABERDEEN TWP PD          ,,0,0,0,0,P,B,N,N,6,2,MONMOUTH COUNTY 3                                 ,E,3,,13000003__      ,10.51,5,2,2,1,1,1,4,1,50,FE,S,OVERLEA LN                         ,,,,35,25,,,N,NONE                                                                            ,50,12:55,120N13767
2.02E+17,PASSAIC     ,CLIFTON CITY            ,1/24/2017,TU,1238,1,CLIFTON PD               ,,0,0,0,0,P,B,N,N,1,2,NJ 3                                              ,E,3,,00000003__      ,,2,,2,2,1,2,5,1,,,,,F,PASSAIC AVE              ,,55,,40.83448,74.14752,N,,7118,12:40,120-07448
20151330I-2015-017351          ,MONMOUTH    ,ABERDEEN TWP            ,12/23/2015,W ,1332,1,ABERDEEN TWP PD          ,,0,1,0,0,I,I,N,N,1,2,MONMOUTH COUNTY 3                                 ,E,3,,13000003__      ,11.94,5,1,2,2,1,5,5,1,,AT,,ANDOVER LN                         ,,,,40,25,,,N,,65,13:30,120N13767
2.02E+17,PASSAIC     ,CLIFTON CITY            ,2/28/2017,TU,1024,1,CLIFTON PD               ,,0,0,0,0,P,B,N,N,2,2,NJ 3                                              ,E,3,,00000003__      ,0.47,2,,2,1,1,1,5,1,200,FE,W,CR 623 / GROVE ST                  ,,,,50,35,,,N,,7131,10:25,120N07448
2.02E+17,PASSAIC     ,CLIFTON CITY            ,1/12/2018,FR,1320,1,CLIFTON PD               ,,0,0,0,0,P,I,N,N,3,2,NJ 3                                              ,E,3,,00000003__      ,3.82,2,,2,2,1,2,5,1,,AT,,CR 601 / MAIN AVE                  ,,,,25,55,40.83099,74.14249,N,,7180,13:20,120-04740
2.02E+17,PASSAIC     ,CLIFTON CITY            ,4/5/2017,WE,1612,1,CLIFTON PD               ,,0,0,0,0,P,B,N,N,3,2,NJ 3                                              ,E,3,,00000003__      ,0.51,2,,2,1,1,1,4,1,,,,,T,GROVE ST                 ,,55,,40.86589,74.18155,N,,542,16:10,120N07448
2.02E+17,PASSAIC     ,CLIFTON CITY            ,4/7/2017,FR,1508,1,CLIFTON PD               ,,0,0,0,0,P,B,N,N,1,2,NJ 3                                              ,E,3,,00000003__      ,1.26,2,,2,1,1,1,4,1,25,FE,W,,T,BROAD ST                 ,SB,55,,40.85466,74.17878,N,,543,15:10,120N07447
2.02E+17,PASSAIC     ,CLIFTON CITY            ,5/24/2017,WE,1712,1,CLIFTON PD               ,,0,3,0,0,I,B,N,N,1,2,NJ 3                                              ,E,3,,00000003__      ,,2,,2,1,1,1,1,1,,,,,T,ROUTE 21                 ,,55,,40.82688,74.12338,N,,7201,17:10,120-07448
2.02E+17,PASSAIC     ,CLIFTON CITY            ,9/28/2016,W ,1143,1,CLIFTON PD               ,,0,0,0,0,P,I,N,N,1,2,NJ 3                                              ,E,3,,00000003__      ,3.42,2,1,2,1,1,1,5,1,,AT,,CR 603 / PASSAIC AVE               ,,,,35,55,,,N,NONE                                                                            ,7180,11:45,120-07442
2013160213-6962                ,PASSAIC     ,CLIFTON CITY            ,6/20/2013,TH,744,1,CLIFTON PD               ,,0,0,0,0,P,B,N,N,2,2,NJ 3                                              ,E,3,,00000003__      ,4.8,2,4,2,1,1,1,1,2,,,,,T,NJ 21                    ,EB,55,,,,N,,260,7:45,120-04738
2.02E+17,PASSAIC     ,CLIFTON CITY            ,7/20/2017,TH,1153,1,CLIFTON PD               ,,0,0,0,0,P,B,N,N,1,2,NJ 3                                              ,E,3,,00000003__      ,,2,,2,1,1,1,2,1,,,,,F,CR 601                   ,SB,55,,40.83181,74.14107,N,,7157,11:55,120-07448
2.02E+17,PASSAIC     ,CLIFTON CITY            ,11/15/2016,TU,628,1,CLIFTON PD               ,,0,0,0,0,P,B,N,N,1,2,NJ 3                                              ,E,3,,00000003__      ,4.42,2,1,2,2,2,2,5,1,,,,,F,PASSAIC COUNTY 624 II    ,SB,25,,,,N,NONE                                                                            ,7229,6:30,120-04739
2.02E+17,PASSAIC     ,CLIFTON CITY            ,10/15/2015,TH,2211,1,CLIFTON PD               ,,0,0,0,0,P,B,N,N,11,1,NJ 3                                              ,E,3,,00000003__      ,,2,2,1,1,6,1,1,1,,,,,T,NJ 21                    ,SB,55,,,,N,NONE                                                                            ,7105,22:10,120-07448
2.02E+17,PASSAIC     ,CLIFTON CITY            ,11/1/2015,S ,918,1,CLIFTON PD               ,,0,0,0,0,P,B,N,N,11,1,NJ 3                                              ,E,3,,00000003__      ,,2,4,2,1,1,5,2,1,,,,,T,RT 21 S                  ,SB,25,,,,N,NONE                                                                            ,7167,9:20,120-07448
2.02E+17,PASSAIC     ,CLIFTON CITY            ,10/7/2017,SA,1910,1,CLIFTON PD               ,,0,0,0,0,P,B,N,N,1,2,NJ 3                                              ,E,3,,00000003__      ,4.8,2,,2,1,6,1,1,1,,,,,T,NJ 21                    ,SB,55,,,,N,,547,19:10,120-04738
2.02E+17,PASSAIC     ,CLIFTON CITY            ,10/24/2017,TU,1603,1,CLIFTON PD               ,,0,0,0,0,P,B,N,N,1,2,NJ 3                                              ,E,3,,00000003__      ,3.43,2,,2,2,1,1,4,1,50,FE,E,CR 603 / PASSAIC AVE               ,,,,55,25,40.83448,74.14752,N,,7201,16:05,120N07442
2.02E+17,PASSAIC     ,CLIFTON CITY            ,12/4/2017,MO,806,1,CLIFTON PD               ,,0,0,0,0,P,B,N,N,1,2,NJ 3                                              ,E,3,,00000003__      ,,2,,2,1,1,4,1,1,,,,,T,RT 46 W                  ,WB,55,,40.87067,74.18836,N,,,8:05,120-07448
20140212B250-2014-00163A       ,BERGEN      ,EAST RUTHERFORD BORO    ,12/28/2014,S ,1708,2,NEW JERSEY STATE POLICE  ,MEADOWLANDS - S,0,0,0,0,P,B,N,N,2,2,NJ 3                                              ,W,3,,00000003__      ,7.7,2,1,2,1,6,1,1,1,,,,,,,,55,,,,N,,5655,17:10,120P04734
2013021213-012146              ,BERGEN      ,EAST RUTHERFORD BORO    ,7/16/2013,TU,845,1,SECAUCUS PD              ,HQTS           ,0,2,0,0,I,B,N,N,1,3,NJ 3                                              ,W,3,,00000003__      ,8.35,2,2,1,1,1,1,1,1,1320,FE,W,MEADOWLANDS PKWY                   ,,,,55,,,,N,,150,8:45,120+04734
201802122018-09920             ,BERGEN      ,EAST RUTHERFORD BORO    ,12/13/2018,TH,838,1,EAST RUTHERFORD PD       ,,0,0,0,0,P,B,N,N,1,2,NJ 3                                              ,W,3,,00000003__      ,6.9,2,,2,1,1,1,1,1,,,,,,,,55,,,,N,,144,8:40,120+04737
20140212BC-14-051421           ,BERGEN      ,EAST RUTHERFORD BORO    ,11/24/2014,M ,128,3,BERGEN CO PD             ,PARAMUS        ,0,2,0,0,I,B,N,N,1,3,NJ 3                                              ,W,3,,00000003__      ,8.14,2,1,2,2,6,2,1,1,5,FE,E,TURNPIKE OVERPASS                  ,,,,55,15,40.79832,74.06815,N,,307,1:30,120+04734
20170212B250-2017-00028A       ,BERGEN      ,EAST RUTHERFORD BORO    ,6/11/2017,SU,2345,2,NEW JERSEY STATE POLICE  ,MEADOWLANDS - S,0,0,0,0,P,B,N,N,2,2,NJ 3                                              ,W,3,,00000003__      ,,2,,2,1,6,1,2,1,,,,,,,,15,,,,N,,6842,23:45,120+07449
2013021213-21410               ,BERGEN      ,EAST RUTHERFORD BORO    ,12/13/2013,F ,1033,1,SECAUCUS PD              ,HEADQUARTERS   ,0,0,0,0,P,B,N,N,1,2,NJ 3                                              ,W,3,,00000003__      ,8.41,2,2,1,1,1,1,1,1,1000,FE,W,MEADOWLANDS PKWY                   ,,,,55,25,,,N,NONE                                                                            ,134,10:35,120P04733
20170212ER-17-00071            ,BERGEN      ,EAST RUTHERFORD BORO    ,1/3/2017,TU,1859,1,EAST RUTHERFORD PD       ,,0,0,0,0,P,B,N,N,1,3,NJ 3                                              ,W,3,,00000003__      ,6.86,2,,1,2,6,2,1,1,,,,,,,,55,,,,N,,,19:00,120+04737
2013021213-5758                ,BERGEN      ,EAST RUTHERFORD BORO    ,7/1/2013,M ,1404,1,EAST RUTHERFORD PD       ,,0,0,0,0,P,B,N,N,2,2,NJ 3                                              ,W,3,,00000003__      ,7.4,2,1,2,2,1,2,3,1,,,,,,,,50,,,,N,NO                                                                              ,117,14:05,120+04735
20140212ER-14-00625            ,BERGEN      ,EAST RUTHERFORD BORO    ,1/21/2014,TU,1007,1,EAST RUTHERFORD PD       ,EAST RUTHERFORD,0,0,0,0,P,I,N,N,1,2,NJ 3                                              ,W,3,,00000003__      ,7.5,2,1,2,3,1,3,1,1,,AT,N,,,,,55,,40.80615,74.07542,N,,146,10:05,120+04735
20170212ER-17-00072            ,BERGEN      ,EAST RUTHERFORD BORO    ,1/3/2017,TU,1906,1,EAST RUTHERFORD PD       ,,0,0,0,0,P,B,N,N,99,1,NJ 3                                              ,W,3,,00000003__      ,7.56,2,,2,2,6,2,1,1,,,,,F,NJ TURNPIKE              ,NB,55,,,,N,,146,19:05,120+04735
20160212ER-16-00499            ,BERGEN      ,EAST RUTHERFORD BORO    ,1/16/2016,SA,212,1,EAST RUTHERFORD PD       ,,0,3,0,0,I,B,N,N,99,4,NJ 3                                              ,W,3,,00000003__      ,7.6,2,1,2,2,7,2,5,1,,,W,,,,,55,,,,N,,144,2:10,120+04735
20130212ER-12-00041            ,BERGEN      ,EAST RUTHERFORD BORO    ,1/2/2013,W ,1852,1,EAST RUTHERFORD PD       ,,0,0,0,0,P,B,N,N,1,3,NJ 3                                              ,W,3,,00000003__      ,6.86,2,2,1,1,6,1,1,1,,,,,,,,55,,,,N,,148,18:50,120+04737
201802122018-10079             ,BERGEN      ,EAST RUTHERFORD BORO    ,12/18/2018,TU,1020,1,EAST RUTHERFORD PD       ,,0,0,0,0,P,I,N,N,2,2,NJ 3                                              ,W,3,,00000003__      ,8.14,2,,2,1,1,1,1,1,,AT,,,F,NJ TURNPIKE              ,NB,45,,,,N,,140,10:20,120+04734
2015021215-018863              ,BERGEN      ,EAST RUTHERFORD BORO    ,12/17/2015,TH,1737,1,SECAUCUS PD              ,HQ'S           ,0,0,0,0,P,B,N,N,1,2,NJ 3                                              ,W,3,,00000003__      ,8.3,2,4,2,2,6,2,5,1,,,W,,,,,45,,,,N,NONE.                                                                           ,165,17:35,120+04734
20170212ER-17-00145            ,BERGEN      ,EAST RUTHERFORD BORO    ,1/5/2017,TH,1725,1,EAST RUTHERFORD PD       ,,0,0,0,0,P,B,N,N,1,2,NJ 3                                              ,W,3,,00000003__      ,8.3,2,,2,1,3,1,1,1,,,,,,,,55,,,,N,,131,17:25,120+04734
20160212ER-16-00540            ,BERGEN      ,EAST RUTHERFORD BORO    ,1/17/2016,S ,1923,1,EAST RUTHERFORD PD       ,,0,5,0,0,I,B,N,N,0,4,NJ 3                                              ,W,3,,00000003__      ,8.4,2,2,1,4,6,3,4,1,,,W,,,,,55,,,,Y,,145,19:25,120P04733
20170212ER-17-00222            ,BERGEN      ,EAST RUTHERFORD BORO    ,1/8/2017,SU,949,1,EAST RUTHERFORD PD       ,,0,1,0,0,I,B,N,N,1,3,NJ 3                                              ,W,3,,00000003__      ,7.5,2,,2,1,1,1,1,1,,,,,,,,55,,,,N,,139,9:50,120+04735
201802122018-10119             ,BERGEN      ,EAST RUTHERFORD BORO    ,12/19/2018,WE,1727,1,EAST RUTHERFORD PD       ,,0,0,0,0,P,I,N,N,1,2,NJ 3                                              ,W,3,,00000003__      ,7.95,2,,2,1,6,1,1,1,,AT,,NJ 120                             ,,,,55,50,,,N,,131,17:25,120+04734
20140212ER-14-00726            ,BERGEN      ,EAST RUTHERFORD BORO    ,1/24/2014,F ,1704,1,EAST RUTHERFORD PD       ,,0,0,0,0,P,I,N,N,1,2,NJ 3                                              ,W,3,,00000003__      ,8.1,2,1,2,1,3,1,1,1,,AT,W,,,,,55,,40.79855,74.06853,N,,141,17:05,120+04734
20130212ER-13-00240            ,BERGEN      ,EAST RUTHERFORD BORO    ,1/8/2013,TU,930,1,EAST RUTHERFORD PD       ,,0,0,0,0,P,B,N,N,2,2,NJ 3                                              ,W,3,,00000003__      ,7.7,2,4,2,1,1,1,3,1,,,,,F,NJ 120                   ,SB,50,,,,N,,141,9:30,120P04734
20140212ER-14-00868            ,BERGEN      ,EAST RUTHERFORD BORO    ,1/29/2014,W ,1821,1,EAST RUTHERFORD PD       ,ERPD           ,0,0,0,0,P,I,N,N,1,2,NJ 3                                              ,W,3,,00000003__      ,7.8,2,1,2,1,6,1,1,1,,AT,N,,,,,55,,40.80148,74.07217,N,,148,18:20,120P04734
20170212ER-17-00319            ,BERGEN      ,EAST RUTHERFORD BORO    ,1/11/2017,WE,1825,1,EAST RUTHERFORD PD       ,,0,0,0,0,P,B,N,N,1,2,NJ 3                                              ,W,3,,00000003__      ,,2,,2,2,6,2,1,1,,,,,,,,55,,,,N,,147,18:25,120+07449
20160212ER-16-02164            ,BERGEN      ,EAST RUTHERFORD BORO    ,3/13/2016,S ,2136,1,EAST RUTHERFORD PD       ,,0,0,0,0,P,B,N,N,1,2,NJ 3                                              ,W,3,,00000003__      ,6.86,2,1,2,2,6,1,5,1,,,W,W SERVICE RD N                     ,,,,25,,,,N,NONE                                                                            ,149,21:35,120+04737
20150212B250-2015-00074A       ,BERGEN      ,EAST RUTHERFORD BORO    ,8/21/2015,F ,2230,2,NEW JERSEY STATE POLICE  ,MEADOWLANDS - S,0,0,0,0,P,B,N,N,1,2,NJ 3                                              ,W,3,,00000003__      ,7.3,2,1,2,1,6,1,1,1,,,W,,,,,55,,,,N,,5655,22:30,120P04735
20140212ER-14-00870            ,BERGEN      ,EAST RUTHERFORD BORO    ,1/29/2014,W ,0,1,EAST RUTHERFORD PD       ,,0,0,0,0,P,B,N,N,2,2,NJ 3                                              ,W,3,,00000003__      ,7.4,2,1,2,1,6,1,1,1,15,FE,N,,F,NJTP                     ,WB,55,,40.80731,74.07715,N,,150,0:00,120+04735
20170212ER-17-00624            ,BERGEN      ,EAST RUTHERFORD BORO    ,1/20/2017,FR,2232,1,EAST RUTHERFORD PD       ,,0,1,0,0,I,B,N,N,2,2,NJ 3                                              ,W,3,,00000003__      ,7.96,2,,2,2,6,2,1,1,,,,,T,NJ 120                   ,NB,55,,,,N,,153,22:30,120+04734
20130212ER-13-00253            ,BERGEN      ,EAST RUTHERFORD BORO    ,1/8/2013,TU,1906,1,EAST RUTHERFORD PD       ,,0,0,0,0,P,B,N,N,1,2,NJ 3                                              ,W,3,,00000003__      ,8.49,2,2,1,1,6,1,1,1,,,,,,,,55,,,,N,NONE                                                                            ,151,19:05,120P04733
20130212ER-13-00434            ,BERGEN      ,EAST RUTHERFORD BORO    ,1/14/2013,M ,1803,1,EAST RUTHERFORD PD       ,,0,0,0,0,P,B,N,N,1,2,NJ 3                                              ,W,3,,00000003__      ,7.2,2,2,1,1,6,1,1,2,,,,,,,,55,,,,N,NONE                                                                            ,131,18:05,120P04735
20170212ER-17-00726            ,BERGEN      ,EAST RUTHERFORD BORO    ,1/24/2017,TU,1223,1,EAST RUTHERFORD PD       ,,0,2,0,0,I,I,N,N,11,2,NJ 3                                              ,W,3,,00000003__      ,7.5,2,,1,2,1,2,1,1,,AT,W,NEW JERSEY TURNPIKE                ,,,,55,20,,,N,,142,12:25,120+04735
20140212ER-14-00889            ,BERGEN      ,EAST RUTHERFORD BORO    ,1/30/2014,TH,621,1,EAST RUTHERFORD PD       ,,0,0,0,0,P,B,N,N,2,2,NJ 3                                              ,W,3,,00000003__      ,7.98,2,2,2,1,6,1,3,1,100,FE,E,NJ 120                             ,,,,55,50,40.79921,74.06968,N,,139,6:20,120+04734
201802122018-10203             ,BERGEN      ,EAST RUTHERFORD BORO    ,12/21/2018,FR,2336,1,EAST RUTHERFORD PD       ,,1,0,1,0,F,B,N,N,11,1,NJ 3                                              ,W,3,,00000003__      ,8.05,2,,5,9,6,1,2,1,75,FE,W,NJ 120                             ,,,,55,50,,,N,,146,23:35,120+04734
20150212BC-15-032211           ,BERGEN      ,EAST RUTHERFORD BORO    ,8/4/2015,TU,1059,3,BERGEN CO PD             ,PARAMUS        ,0,0,0,0,P,B,N,N,2,2,NJ 3                                              ,W,3,,00000003__      ,6.96,2,1,2,1,1,1,1,1,100,FE,W,SERVICE RD                         ,,,,55,80,,,N,NONE                                                                            ,270,11:00,120P04736
20130212ER-13-00478            ,BERGEN      ,EAST RUTHERFORD BORO    ,1/16/2013,W ,452,1,EAST RUTHERFORD PD       ,,0,1,0,0,I,B,N,N,3,2,NJ 3                                              ,W,3,,00000003__      ,7.5,2,1,2,5,6,6,1,1,,,,,,,,55,,,,N,,145,4:50,120+04735
201802122018-10271             ,BERGEN      ,EAST RUTHERFORD BORO    ,12/24/2018,MO,1726,1,EAST RUTHERFORD PD       ,,0,0,0,0,P,B,N,N,2,2,NJ 3                                              ,W,3,,00000003__      ,7.9,2,,2,1,3,1,5,1,,,,,,,,55,,,,N,,158,17:25,120+04734
20140212ER-14-00938            ,BERGEN      ,EAST RUTHERFORD BORO    ,2/1/2014,SA,1619,1,EAST RUTHERFORD PD       ,,0,0,0,0,P,B,N,N,2,2,NJ 3                                              ,W,3,,00000003__      ,8.4,2,2,2,1,1,1,1,1,,,,,,,,55,,40.79713,74.06546,N,,144,16:20,120P04733
20170212ER-17-00789            ,BERGEN      ,EAST RUTHERFORD BORO    ,1/26/2017,TH,1740,1,EAST RUTHERFORD PD       ,,0,0,0,0,P,B,N,N,1,2,NJ 3                                              ,W,3,,00000003__      ,,2,,2,1,6,1,1,1,,,,,,,,55,,,,N,,151,17:40,120+07449
20150212BC-15-041756           ,BERGEN      ,EAST RUTHERFORD BORO    ,10/18/2015,S ,1627,3,BERGEN CO PD             ,PARAMUS        ,0,0,0,0,P,B,N,N,2,4,NJ 3                                              ,W,3,,00000003__      ,6.92,2,2,2,1,1,1,1,1,10,FE,E,BERRY'S CREEK BRIDGE               ,,,,55,55,,,N,,307,16:25,120+04737
20140212ER-14-01035            ,BERGEN      ,EAST RUTHERFORD BORO    ,2/2/2014,S ,620,1,EAST RUTHERFORD PD       ,,0,0,0,0,P,I,N,N,11,2,NJ 3                                              ,W,3,,00000003__      ,7.4,2,1,2,2,7,1,1,1,,AT,N,,,,,55,,40.80731,74.07715,N,,144,6:20,120+04735
20130212ER-13-00479            ,BERGEN      ,EAST RUTHERFORD BORO    ,1/16/2013,W ,452,1,EAST RUTHERFORD PD       ,,0,1,0,0,I,B,N,N,2,2,NJ 3                                              ,W,3,,00000003__      ,7.5,2,1,2,5,6,6,1,1,,,,,,,,55,,,,N,,145,4:50,120+04735
20160212ER-16-02750            ,BERGEN      ,EAST RUTHERFORD BORO    ,4/4/2016,M ,1432,1,EAST RUTHERFORD PD       ,ERPD           ,0,0,0,0,P,B,N,N,2,2,NJ 3                                              ,W,3,,00000003__      ,7.9,2,1,2,2,1,2,1,1,,,,,,,,55,,,,N,FENCE  POLE                                                                     ,143,14:30,120+04734
20140212ER-14-01036            ,BERGEN      ,EAST RUTHERFORD BORO    ,2/2/2014,S ,635,1,EAST RUTHERFORD PD       ,,0,0,0,0,P,I,N,N,11,1,NJ 3                                              ,W,3,,00000003__      ,7.4,2,1,2,2,7,1,1,1,,AT,N,,,,,55,,40.80731,74.07715,N,,144,6:35,120+04735
20160212ER-16-03048            ,BERGEN      ,EAST RUTHERFORD BORO    ,4/14/2016,TH,558,1,EAST RUTHERFORD PD       ,,0,0,0,0,P,B,N,N,2,2,NJ 3                                              ,W,3,,00000003__      ,8.2,2,1,2,1,6,1,1,1,,,N,,,,,55,,,,N,,125,6:00,120+04734
201802122018-10403             ,BERGEN      ,EAST RUTHERFORD BORO    ,12/30/2018,SU,1346,1,EAST RUTHERFORD PD       ,,0,5,0,0,I,I,N,N,1,4,NJ 3                                              ,W,3,,00000003__      ,8.49,2,,2,1,1,1,,,,AT,,,,,,55,,,,N,,158,13:45,120P04733
20170212ER-17-01188            ,BERGEN      ,EAST RUTHERFORD BORO    ,2/9/2017,TH,944,1,EAST RUTHERFORD PD       ,,0,0,0,0,P,B,N,N,2,2,NJ 3                                              ,W,3,,00000003__      ,8.49,2,,2,3,1,3,1,1,,,,,,,,55,,,,N,,140,9:45,120P04733
20150212ER-15-00498            ,BERGEN      ,EAST RUTHERFORD BORO    ,1/16/2015,F ,1736,1,EAST RUTHERFORD PD       ,,0,0,0,0,P,B,N,N,1,2,NJ 3                                              ,W,3,,00000003__      ,7,2,1,2,1,5,1,1,1,,,,,,,,55,,,,N,,142,17:35,120P04736
20170212ER-17-01190            ,BERGEN      ,EAST RUTHERFORD BORO    ,2/9/2017,TH,1108,1,EAST RUTHERFORD PD       ,,0,0,0,0,P,B,N,N,2,2,NJ 3                                              ,W,3,,00000003__      ,8,2,,2,3,1,3,1,1,,,,,,,,55,,,,N,,144,11:10,120+04734
20140212ER-14-01390            ,BERGEN      ,EAST RUTHERFORD BORO    ,2/13/2014,TH,1242,1,EAST RUTHERFORD PD       ,,0,0,0,0,P,I,N,N,3,2,NJ 3                                              ,W,3,,00000003__      ,7.2,2,2,2,3,1,3,1,1,,AT,N,,,,,55,,40.8092,74.08109,N,,141,12:40,120P04735
20150212ER-15-00727            ,BERGEN      ,EAST RUTHERFORD BORO    ,1/24/2015,SA,2116,1,EAST RUTHERFORD PD       ,,0,1,0,0,I,B,N,N,2,2,NJ 3                                              ,W,3,,00000003__      ,7.6,2,1,2,5,6,1,1,1,,,,,,,,55,,,,N,NONE                                                                            ,151,21:15,120+04735
20160212ER-16-03504            ,BERGEN      ,EAST RUTHERFORD BORO    ,4/30/2016,SA,2354,1,EAST RUTHERFORD PD       ,,0,0,0,0,P,B,Y,N,11,1,NJ 3                                              ,W,3,,00000003__      ,6.96,2,2,1,1,6,1,1,1,,,W,,,,,55,,,,N,NONE                                                                            ,,23:55,120P04736
20140212ER-14-01415            ,BERGEN      ,EAST RUTHERFORD BORO    ,2/14/2014,F ,1121,1,EAST RUTHERFORD PD       ,117 STANLEY ST ,0,0,0,0,P,B,N,N,99,2,NJ 3                                              ,W,3,,00000003__      ,7.7,2,1,2,2,1,1,1,1,,,,,,,,55,,40.80315,74.07302,N,,129,11:20,120P04734
20150212ER-15-00838            ,BERGEN      ,EAST RUTHERFORD BORO    ,1/28/2015,W ,2001,1,EAST RUTHERFORD PD       ,,0,0,0,0,P,B,N,N,2,2,NJ 3                                              ,W,3,,00000003__      ,7.9,2,1,2,1,6,1,1,1,,,,,F,SOUTH SERVICE RD.        ,,55,,,,N,NONE.                                                                           ,151,20:00,120+04734
20130212ER-13-00865            ,BERGEN      ,EAST RUTHERFORD BORO    ,1/30/2013,W ,2027,1,EAST RUTHERFORD PD       ,,0,0,0,0,P,B,N,N,6,2,NJ 3                                              ,W,3,,00000003__      ,8.49,2,1,2,2,6,2,1,5,,,,,,,,55,,,,N,,146,20:25,120P04733
20180212ER-18-00001            ,BERGEN      ,EAST RUTHERFORD BORO    ,1/1/2018,MO,13,1,EAST RUTHERFORD PD       ,,0,0,0,0,P,B,N,N,2,2,NJ 3                                              ,W,3,,00000003__      ,7.27,2,,2,1,6,1,1,1,,,,,,NJ 3                     ,WB,55,,,,N,,146,1:15,120P04735
20140212ER-14-01422            ,BERGEN      ,EAST RUTHERFORD BORO    ,2/14/2014,F ,1606,1,EAST RUTHERFORD PD       ,EAST RUTHERFORD,0,2,0,0,I,I,N,N,1,2,NJ 3                                              ,W,3,,00000003__      ,7.4,2,1,2,1,3,1,1,1,,AT,N,,,,,55,,40.80731,74.07715,N,,143,16:05,120+04735
20160212ER-16-03526            ,BERGEN      ,EAST RUTHERFORD BORO    ,5/2/2016,M ,748,1,EAST RUTHERFORD PD       ,ERPD           ,0,0,0,0,P,B,N,N,2,2,NJ 3                                              ,W,3,,00000003__      ,8.1,2,1,2,1,2,1,1,1,,,,,,,,55,,,,N,,143,7:50,120+04734
20170212ER-17-01613            ,BERGEN      ,EAST RUTHERFORD BORO    ,2/25/2017,SA,1238,1,EAST RUTHERFORD PD       ,,0,0,0,0,P,B,N,N,2,2,NJ 3                                              ,W,3,,00000003__      ,7,2,,2,1,1,1,1,1,,,,,,,,55,,,,N,,141,12:40,120P04736
20130212ER-13-00978            ,BERGEN      ,EAST RUTHERFORD BORO    ,2/4/2013,M ,1443,1,EAST RUTHERFORD PD       ,,0,0,0,0,P,B,N,N,2,2,NJ 3                                              ,W,3,,00000003__      ,7.96,2,2,1,1,1,1,5,1,,,,,T,NJ 120                   ,NB,50,,,,N,,139,14:45,120+04734
20150212ER-15-01665            ,BERGEN      ,EAST RUTHERFORD BORO    ,2/22/2015,S ,1557,1,EAST RUTHERFORD PD       ,,0,2,0,0,I,B,N,N,1,2,NJ 3                                              ,W,3,,00000003__      ,6.9,2,2,2,1,1,1,5,1,,,,,,,,55,,,,N,,144,15:55,120+04737
20140212ER-14-01508            ,BERGEN      ,EAST RUTHERFORD BORO    ,2/17/2014,M ,2208,1,EAST RUTHERFORD PD       ,,0,0,0,0,P,B,N,N,2,2,NJ 3                                              ,W,3,,00000003__      ,7.4,2,2,2,1,6,1,4,1,,FE,,,T,SERVICE RD               ,SB,55,,40.80731,74.07715,N,NONE                                                                            ,150,22:10,120+04735
20130212ER-13-01068            ,BERGEN      ,EAST RUTHERFORD BORO    ,2/7/2013,TH,2000,1,EAST RUTHERFORD PD       ,ERPD           ,0,2,0,0,I,I,N,N,1,6,NJ 3                                              ,W,3,,00000003__      ,7.96,2,1,2,1,6,1,4,1,,AT,,NJ 120                             ,,,,55,50,,,N,,143,20:00,120+04734
20180212ER-18-00361            ,BERGEN      ,EAST RUTHERFORD BORO    ,1/12/2018,FR,1222,1,EAST RUTHERFORD PD       ,,0,0,0,0,P,B,N,N,11,1,NJ 3                                              ,W,3,,00000003__      ,7,2,,2,2,1,2,1,1,,,,,,,,50,,,,N,,131,12:20,120P04736
20140212ER-14-01613            ,BERGEN      ,EAST RUTHERFORD BORO    ,2/21/2014,F ,1659,1,EAST RUTHERFORD PD       ,,0,1,0,0,I,I,N,N,1,4,NJ 3                                              ,W,3,,00000003__      ,7.1,2,1,2,2,3,2,1,1,,AT,N,,,,,55,,40.81005,74.08313,N,,141,17:00,120P04735
20160212ER-16-03643            ,BERGEN      ,EAST RUTHERFORD BORO    ,5/6/2016,F ,1655,1,EAST RUTHERFORD PD       ,,0,1,0,0,I,B,N,N,2,2,NJ 3                                              ,W,3,,00000003__      ,7.6,2,1,1,1,1,1,1,1,,,W,,,,,55,,,,N,,138,16:55,120+04735
20180212ER-18-00370            ,BERGEN      ,EAST RUTHERFORD BORO    ,1/12/2018,FR,1612,1,EAST RUTHERFORD PD       ,,0,0,0,0,P,B,N,N,1,2,NJ 3                                              ,W,3,,00000003__      ,7.6,2,,2,2,1,2,1,1,,,,,,,,55,,,,N,,145,16:10,120+04735
20170212ER-17-02481            ,BERGEN      ,EAST RUTHERFORD BORO    ,3/28/2017,TU,1733,1,EAST RUTHERFORD PD       ,,0,0,0,0,P,B,N,N,2,2,NJ 3                                              ,W,3,,00000003__      ,8.49,2,,1,1,1,1,1,1,,,W,,,,,55,,,,N,,140,17:35,120P04733
20170212ER-17-04148            ,BERGEN      ,EAST RUTHERFORD BORO    ,9/29/2017,FR,1837,1,EAST RUTHERFORD PD       ,,0,0,0,0,P,B,N,N,1,4,NJ 3                                              ,W,3,,00000003__      ,8.2,2,,2,1,1,1,1,1,,,,,,,,55,,,,N,,146,18:35,120+04734