CRASH_ID,CTY_NAME,MUN_NAME,DATE,DAY,TIME,POL_CODE,POL_DEPT,POL_STA,KILLED,INJURED,PED_KILL,PED_INJ,SEVERITY,INTERSEC,ALCOHOL,HAZMAT,CRASH_TYPE,VEH_COUNT,LOCATION,LOC_DIR,ROUTE,RT_SFX,SRI,MP,RD_SYS,RD_CHAR,RD_SURF,SURF_COND,LIGHT,WEATHER,RD_DIV,RD_WRKZN,X_DIST,DIST_UNT,X_DIR,X_NAME,IS_RAMP,RAMP_RT,RAMP_DIR,SPD_LMT,SPD_X,LAT,LONG,CELL_USE,PROP_DMG,BADGE,TIME_ROUND,TMC
20150212ER-15-02042            ,BERGEN      ,EAST RUTHERFORD BORO    ,3/5/2015,TH,928,1,EAST RUTHERFORD PD       ,1,0,0,0,0,P,B,N,N,99,2,NJ 3                                              ,W,3,,00000003__      ,7.5,2,1,2,3,1,3,1,1,,,,,,,,55,,,,N,NONE                                                                            ,131,9:30,120+04735
20130212ER-13-01110            ,BERGEN      ,EAST RUTHERFORD BORO    ,2/9/2013,SA,745,1,EAST RUTHERFORD PD       ,,0,0,0,0,P,B,N,N,11,1,NJ 3                                              ,W,3,,00000003__      ,7.8,2,1,2,2,1,1,1,,,,,,,,,55,,,,N,,148,7:45,120P04734
20140212ER-14-05811            ,BERGEN      ,EAST RUTHERFORD BORO    ,7/3/2014,TH,1615,1,EAST RUTHERFORD PD       ,,0,0,0,0,P,B,N,N,1,2,NJ 3                                              ,W,3,,00000003__      ,8.1,2,1,2,1,1,1,1,1,,,,,,,,55,,40.79855,74.06853,N,,141,16:15,120+04734
20130212ER-13-01297            ,BERGEN      ,EAST RUTHERFORD BORO    ,2/14/2013,TH,2112,1,EAST RUTHERFORD PD       ,,0,5,0,0,I,B,Y,N,2,2,NJ 3                                              ,W,3,,00000003__      ,6.9,2,3,1,1,6,1,1,1,,,,,,,,55,,,,N,NONE                                                                            ,151,21:10,120+04737
20180212ER-18-00882            ,BERGEN      ,EAST RUTHERFORD BORO    ,1/29/2018,MO,1735,1,EAST RUTHERFORD PD       ,,0,0,0,0,P,B,N,N,2,2,NJ 3                                              ,W,3,,00000003__      ,7.1,2,,2,1,7,1,1,1,,,,,,,,55,,,,N,,140,17:35,120P04735
20160212ER-16-04004            ,BERGEN      ,EAST RUTHERFORD BORO    ,5/19/2016,TH,2246,1,EAST RUTHERFORD PD       ,,0,0,0,0,P,B,N,N,1,2,NJ 3                                              ,W,3,,00000003__      ,7.58,2,1,2,1,6,1,1,1,,,W,,,,,55,,,,N,,149,22:45,120+04735
20160212ER-16-04006            ,BERGEN      ,EAST RUTHERFORD BORO    ,5/19/2016,TH,2312,1,EAST RUTHERFORD PD       ,,0,0,0,0,P,B,N,N,2,2,NJ 3                                              ,W,3,,00000003__      ,7.27,2,1,2,1,6,1,1,1,,,W,,,,,55,,,,N,,149,23:10,120P04735
20140212ER-14-06054            ,BERGEN      ,EAST RUTHERFORD BORO    ,7/11/2014,F ,16,1,EAST RUTHERFORD PD       ,,0,0,0,0,P,B,N,N,11,1,NJ 3                                              ,W,3,,00000003__      ,7.5,2,1,2,1,7,1,1,1,,,,,,,,55,,40.80615,74.07542,N,,145,1:15,120+04735
20130212ER-13-01503            ,BERGEN      ,EAST RUTHERFORD BORO    ,2/21/2013,TH,1846,1,EAST RUTHERFORD PD       ,,0,0,0,0,P,B,N,N,1,3,NJ 3                                              ,W,3,,00000003__      ,6.95,2,1,1,1,6,1,1,1,,,,,,,,55,,,,N,,152,18:45,120+04737
20140212ER-14-06082            ,BERGEN      ,EAST RUTHERFORD BORO    ,7/12/2014,SA,58,1,EAST RUTHERFORD PD       ,,0,0,0,0,P,B,N,N,1,2,NJ 3                                              ,W,3,,00000003__      ,7.1,2,1,2,1,6,1,5,1,,,,,,,,25,,40.81005,74.08313,N,NONE                                                                            ,151,6:00,120P04735
20180212ER-18-01077            ,BERGEN      ,EAST RUTHERFORD BORO    ,2/4/2018,SU,1511,1,EAST RUTHERFORD PD       ,,0,0,0,0,P,B,N,N,2,2,NJ 3                                              ,W,3,,00000003__      ,7.2,2,,2,2,1,2,1,1,,,,,,,,55,,,,N,,139,15:10,120P04735
20130212ER-13-01731            ,BERGEN      ,EAST RUTHERFORD BORO    ,2/28/2013,TH,1729,1,EAST RUTHERFORD PD       ,,0,0,0,0,P,B,N,N,1,2,NJ 3                                              ,W,3,,00000003__      ,6.86,2,1,2,1,3,1,1,1,,,,,,,,55,,,,N,,148,17:30,120+04737
20150212ER-15-02651            ,BERGEN      ,EAST RUTHERFORD BORO    ,3/19/2015,TH,1758,1,EAST RUTHERFORD PD       ,,0,0,0,0,P,B,N,N,1,2,NJ 3                                              ,W,3,,00000003__      ,7.5,2,1,2,1,1,1,1,1,,,,,,,,55,,,,N,NO TURNS SIGN AND YELLOW ARROW WARNING SIGN                                     ,149,18:00,120+04735
20180212ER-18-01163            ,BERGEN      ,EAST RUTHERFORD BORO    ,2/7/2018,WE,1106,1,EAST RUTHERFORD PD       ,,0,0,0,0,P,B,N,N,2,2,NJ 3                                              ,W,3,,00000003__      ,7.5,2,,2,3,1,3,1,1,,,,,,,,55,,,,N,,140,11:05,120+04735
20140212ER-14-06253            ,BERGEN      ,EAST RUTHERFORD BORO    ,7/17/2014,TH,1753,1,EAST RUTHERFORD PD       ,,0,0,0,0,P,B,N,N,1,3,NJ 3                                              ,W,3,,00000003__      ,8.4,2,2,2,1,1,1,1,1,,,,,,,,55,,40.79713,74.06546,N,,139,17:55,120P04733
20170212ER-17-06117            ,BERGEN      ,EAST RUTHERFORD BORO    ,7/10/2017,MO,1655,1,EAST RUTHERFORD PD       ,1,0,0,0,0,P,B,N,N,1,2,NJ 3                                              ,W,3,,00000003__      ,8.4,2,,1,1,1,1,1,1,,,,,,,,55,,,,N,,131,16:55,120P04733
20130212ER-13-01761            ,BERGEN      ,EAST RUTHERFORD BORO    ,3/1/2013,F ,1639,1,EAST RUTHERFORD PD       ,,0,0,0,0,P,B,N,N,11,1,NJ 3                                              ,W,3,,00000003__      ,7.4,2,1,2,1,1,5,1,1,,,,,,,,55,,,,N,DOT SPAN INDICATING A LANE MERGER AHEAD.                                        ,142,16:40,120+04735
20160212ER-16-04379            ,BERGEN      ,EAST RUTHERFORD BORO    ,6/2/2016,TH,1734,1,EAST RUTHERFORD PD       ,,0,0,0,0,P,B,N,N,1,2,NJ 3                                              ,W,3,,00000003__      ,7.5,2,1,2,1,1,1,1,1,,,,,,,,55,,,,N,,139,17:35,120+04735
20180212ER-18-01410            ,BERGEN      ,EAST RUTHERFORD BORO    ,2/14/2018,WE,1500,1,EAST RUTHERFORD PD       ,,0,0,0,0,P,B,N,N,2,2,NJ 3                                              ,W,3,,00000003__      ,8.08,2,,2,1,1,1,1,1,,,,,,,,55,,,,N,,145,15:00,120+04734
20150212ER-15-02950            ,BERGEN      ,EAST RUTHERFORD BORO    ,3/28/2015,SA,417,1,EAST RUTHERFORD PD       ,,0,0,0,0,P,I,N,N,11,1,NJ 3                                              ,W,3,,00000003__      ,7.27,2,4,2,1,6,1,4,1,,AT,S,N SERVICE RD                       ,,,,35,55,,,N,GUARDRAIL FACE                                                                  ,152,4:15,120P04735
20180212ER-18-01534            ,BERGEN      ,EAST RUTHERFORD BORO    ,2/18/2018,SU,1117,1,EAST RUTHERFORD PD       ,,0,0,0,0,P,B,N,N,1,2,NJ 3                                              ,W,3,,00000003__      ,7.7,2,,2,2,1,1,1,1,,,,,,,,55,,,,N,,149,11:15,120P04734
20160212ER-16-04425            ,BERGEN      ,EAST RUTHERFORD BORO    ,6/3/2016,F ,1758,1,EAST RUTHERFORD PD       ,ERPD           ,0,0,0,0,P,B,N,N,2,2,NJ 3                                              ,W,3,,00000003__      ,7.96,2,1,2,1,1,1,1,1,25,FE,E,NJ 120                             ,,,,25,50,,,N,,1443,18:00,120+04734
20140212ER-14-06398            ,BERGEN      ,EAST RUTHERFORD BORO    ,7/23/2014,W ,458,1,EAST RUTHERFORD PD       ,,0,1,0,0,I,B,N,N,2,2,NJ 3                                              ,W,3,,00000003__      ,8.1,2,2,2,1,2,1,1,1,,,,,,,,55,,40.79855,74.06853,N,THE GUIDE RAIL ON ROUTE 3 WEST  NJDOT NOTIFIED.                                 ,150,5:00,120+04734
20140212ER-14-06454            ,BERGEN      ,EAST RUTHERFORD BORO    ,7/24/2014,TH,1721,1,EAST RUTHERFORD PD       ,,0,0,0,0,P,B,N,N,1,2,NJ 3                                              ,W,3,,00000003__      ,7.5,2,5,2,1,1,1,1,1,,,,,,,,55,,40.80615,74.07542,N,,144,17:20,120+04735
20160212ER-16-04478            ,BERGEN      ,EAST RUTHERFORD BORO    ,6/3/2016,F ,1115,1,EAST RUTHERFORD PD       ,ERPD           ,0,0,0,0,P,I,N,N,11,1,NJ 3                                              ,W,3,,00000003__      ,7.5,2,1,2,2,1,2,1,1,,AT,N,,,,,55,,,,N,,143,11:15,120+04735
20130212ER-13-02470            ,BERGEN      ,EAST RUTHERFORD BORO    ,3/20/2013,W ,1625,1,EAST RUTHERFORD PD       ,,0,1,0,0,I,B,N,N,2,2,NJ 3                                              ,W,3,,00000003__      ,8.2,2,2,1,1,1,1,1,1,,,,,,,,55,,,,N,,127,16:25,120+04734
20180212ER-18-01663            ,BERGEN      ,EAST RUTHERFORD BORO    ,2/23/2018,FR,1718,1,EAST RUTHERFORD PD       ,,0,0,0,0,P,B,N,N,1,3,NJ 3                                              ,W,3,,00000003__      ,8.2,2,,1,2,6,2,1,1,,,,,,,,55,,,,N,,,17:20,120+04734
20180212ER-18-01695            ,BERGEN      ,EAST RUTHERFORD BORO    ,2/24/2018,SA,1137,1,EAST RUTHERFORD PD       ,1,0,0,0,0,P,B,N,N,2,2,NJ 3                                              ,W,3,,00000003__      ,6.86,2,,1,1,1,5,1,1,,,,,,,,55,,,,N,,131,11:35,120+04737
20170212ER-17-06537            ,BERGEN      ,EAST RUTHERFORD BORO    ,7/26/2017,WE,1805,1,EAST RUTHERFORD PD       ,E.R.P.D.       ,0,0,0,0,P,B,N,N,1,2,NJ 3                                              ,W,3,,00000003__      ,7.5,2,,2,1,1,1,1,1,,,,,,,,55,,,,N,,153,18:05,120+04735
20150212ER-15-03786            ,BERGEN      ,EAST RUTHERFORD BORO    ,4/20/2015,M ,852,1,EAST RUTHERFORD PD       ,,0,1,0,0,I,B,N,N,11,1,NJ 3                                              ,W,3,,00000003__      ,8,2,1,2,2,1,2,1,1,,,W,,,,,55,,,,N,,144,8:50,120+04734
20140212ER-14-06485            ,BERGEN      ,EAST RUTHERFORD BORO    ,7/25/2014,F ,1032,1,EAST RUTHERFORD PD       ,,0,0,0,0,P,B,N,N,2,2,NJ 3                                              ,W,3,,00000003__      ,8.08,2,5,2,1,1,1,1,1,100,FE,,,T,NJ 120                   ,NB,55,,40.79866,74.06872,N,,141,10:30,120+04734
20180212ER-18-02245            ,BERGEN      ,EAST RUTHERFORD BORO    ,3/14/2018,WE,2226,1,EAST RUTHERFORD PD       ,,0,0,0,0,P,B,N,N,11,1,NJ 3                                              ,W,3,,00000003__      ,,2,,2,2,6,3,2,1,,,,,F,NJ 120                   ,SB,55,,,,N,,149,22:25,120+07449
20140212ER-14-06575            ,BERGEN      ,EAST RUTHERFORD BORO    ,7/28/2014,M ,126,1,EAST RUTHERFORD PD       ,,0,0,0,0,P,B,Y,N,11,1,NJ 3                                              ,W,3,,00000003__      ,7.3,2,1,2,2,6,2,1,1,,,,,,,,55,,40.80827,74.07912,N,,150,1:25,120P04735
20150212ER-15-03830            ,BERGEN      ,EAST RUTHERFORD BORO    ,4/21/2015,TU,749,1,EAST RUTHERFORD PD       ,1,0,1,0,0,I,B,N,N,99,2,NJ 3                                              ,W,3,,00000003__      ,7.5,2,5,2,2,1,5,2,1,,,,,,,,55,,,,N,,131,7:50,120+04735
20160212ER-16-04546            ,BERGEN      ,EAST RUTHERFORD BORO    ,6/7/2016,TU,1108,1,EAST RUTHERFORD PD       ,,0,0,0,0,P,I,N,N,2,2,NJ 3                                              ,W,3,,00000003__      ,7.56,2,1,2,1,1,1,5,1,,AT,,,,,,55,,,,N,,,11:10,120+04735
20180212ER-18-02273            ,BERGEN      ,EAST RUTHERFORD BORO    ,3/15/2018,TH,2020,1,EAST RUTHERFORD PD       ,,0,0,0,0,P,B,N,N,2,2,NJ 3                                              ,W,3,,00000003__      ,7.7,2,,2,2,6,1,1,1,,,,,,,,55,,,,N,,147,20:20,120P04734
20180212ER-18-02598            ,BERGEN      ,EAST RUTHERFORD BORO    ,3/28/2018,WE,1531,1,EAST RUTHERFORD PD       ,1,0,0,0,0,P,B,N,N,1,2,NJ 3                                              ,W,3,,00000003__      ,7.1,2,,2,1,1,1,1,1,,,,,,,,55,,,,N,,131,15:30,120P04735
20130212ER-13-02777            ,BERGEN      ,EAST RUTHERFORD BORO    ,3/30/2013,SA,1547,1,EAST RUTHERFORD PD       ,,0,0,0,0,P,I,N,N,2,2,NJ 3                                              ,W,3,,00000003__      ,7.2,2,1,2,1,1,1,1,1,,AT,,,,,,55,,,,N,,142,15:45,120P04735
20140212ER-14-06705            ,BERGEN      ,EAST RUTHERFORD BORO    ,7/31/2014,TH,1709,1,EAST RUTHERFORD PD       ,,0,0,0,0,P,B,N,N,1,2,NJ 3                                              ,W,3,,00000003__      ,7.2,2,1,2,1,1,1,1,1,,,,,,,,55,,40.8092,74.08109,N,,141,17:10,120P04735
20160212ER-16-04685            ,BERGEN      ,EAST RUTHERFORD BORO    ,6/10/2016,F ,1545,1,EAST RUTHERFORD PD       ,,0,0,0,0,P,B,N,N,11,1,NJ 3                                              ,W,3,,00000003__      ,6.86,2,1,2,1,1,1,1,1,,,W,,,,,55,,,,N,,140,15:45,120+04737
20170212ER-17-06847            ,BERGEN      ,EAST RUTHERFORD BORO    ,8/6/2017,SU,2309,1,EAST RUTHERFORD PD       ,,0,0,0,0,P,B,N,N,2,2,NJ 3                                              ,W,3,,00000003__      ,7,2,,2,1,6,1,1,1,,,,,,,,55,,,,N,,139,23:10,120P04736
20140212ER-14-06719            ,BERGEN      ,EAST RUTHERFORD BORO    ,8/1/2014,F ,20,1,EAST RUTHERFORD PD       ,,0,1,0,0,I,B,Y,N,2,2,NJ 3                                              ,W,3,,00000003__      ,7.5,2,1,2,1,6,1,1,1,,,,,,,,55,,40.80615,74.07542,N,,147,2:20,120+04735
20180212ER-18-02600            ,BERGEN      ,EAST RUTHERFORD BORO    ,3/28/2018,WE,1611,1,EAST RUTHERFORD PD       ,,0,0,0,0,P,B,N,N,2,2,NJ 3                                              ,W,3,,00000003__      ,8,2,,2,1,1,5,1,1,,,,,,,,55,,,,N,,142,16:10,120+04734
20150212ER-15-04155            ,BERGEN      ,EAST RUTHERFORD BORO    ,4/29/2015,W ,2022,1,EAST RUTHERFORD PD       ,,0,0,0,0,P,B,N,N,1,2,NJ 3                                              ,W,3,,00000003__      ,8.2,2,1,2,1,1,1,1,1,,,,,,,,55,,,,N,NONE                                                                            ,149,20:20,120+04734
20140212ER-14-06899            ,BERGEN      ,EAST RUTHERFORD BORO    ,8/6/2014,W ,2213,1,EAST RUTHERFORD PD       ,,0,1,0,0,I,B,N,N,1,3,NJ 3                                              ,W,3,,00000003__      ,7.7,2,1,2,1,6,1,1,2,,,,,,,,55,,40.80315,74.07302,N,,147,22:15,120P04734
20160212ER-16-05200            ,BERGEN      ,EAST RUTHERFORD BORO    ,6/24/2016,F ,2221,1,EAST RUTHERFORD PD       ,,0,0,0,0,P,B,N,N,2,2,NJ 3                                              ,W,3,,00000003__      ,8.1,2,1,2,1,6,1,1,1,,,,,,,,55,,,,N,,146,22:20,120+04734
20180212ER-18-02801            ,BERGEN      ,EAST RUTHERFORD BORO    ,4/5/2018,TH,1509,1,EAST RUTHERFORD PD       ,,0,0,0,0,P,B,N,N,2,2,NJ 3                                              ,W,3,,00000003__      ,8.48,2,,2,1,1,1,1,1,,,,,,,,55,,,,N,,144,15:10,120P04733
20150212ER-15-04438            ,BERGEN      ,EAST RUTHERFORD BORO    ,5/7/2015,TH,2301,1,EAST RUTHERFORD PD       ,,0,0,0,0,P,B,N,N,2,2,NJ 3                                              ,W,3,,00000003__      ,7.5,2,1,2,1,6,1,1,1,,,,,,,,55,,,,N,,147,23:00,120+04735
20180212ER-18-02865            ,BERGEN      ,EAST RUTHERFORD BORO    ,4/8/2018,SU,147,1,EAST RUTHERFORD PD       ,,0,1,0,0,I,B,Y,N,1,2,NJ 3                                              ,W,3,,00000003__      ,7.8,2,,2,1,6,1,1,1,,,,,,,,55,,,,N,,151,1:45,120P04734
20130212ER-13-03190            ,BERGEN      ,EAST RUTHERFORD BORO    ,4/12/2013,F ,1553,1,EAST RUTHERFORD PD       ,,0,0,0,0,P,B,N,N,1,2,NJ 3                                              ,W,3,,00000003__      ,7,2,2,2,2,1,5,1,1,,,,,,,,55,,,,N,,142,15:55,120P04736
20140212ER-14-07314            ,BERGEN      ,EAST RUTHERFORD BORO    ,8/19/2014,TU,1723,1,EAST RUTHERFORD PD       ,,0,0,0,0,P,B,N,N,2,2,NJ 3                                              ,W,3,,00000003__      ,8.4,2,2,1,1,1,1,5,1,,,,,,,,55,,40.79713,74.06546,N,,139,17:25,120P04733
20180212ER-18-03378            ,BERGEN      ,EAST RUTHERFORD BORO    ,4/26/2018,TH,1659,1,EAST RUTHERFORD PD       ,,0,0,0,0,P,B,N,N,1,2,NJ 3                                              ,W,3,,00000003__      ,6.86,2,,2,1,1,1,1,1,,,,,,,,55,,,,N,,141,17:00,120+04737
20130212ER-13-03191            ,BERGEN      ,EAST RUTHERFORD BORO    ,4/12/2013,F ,1627,1,EAST RUTHERFORD PD       ,,0,0,0,0,P,B,N,N,2,2,NJ 3                                              ,W,3,,00000003__      ,7.5,2,1,2,2,1,5,1,1,,,,,,,,55,,,,N,,142,16:25,120+04735
20160212ER-16-05539            ,BERGEN      ,EAST RUTHERFORD BORO    ,7/6/2016,W ,802,1,EAST RUTHERFORD PD       ,ERPD           ,0,1,0,0,I,B,N,N,1,5,NJ 3                                              ,W,3,,00000003__      ,8.14,2,1,2,1,1,1,1,1,,,W,,,,,55,,,,N,,143,8:00,120+04734
20170212ER-17-07206            ,BERGEN      ,EAST RUTHERFORD BORO    ,8/18/2017,FR,1630,1,EAST RUTHERFORD PD       ,,0,1,0,0,I,B,N,N,2,2,NJ 3                                              ,W,3,,00000003__      ,8.3,2,,2,1,1,5,1,1,,,,,,,,55,,,,N,,144,16:30,120+04734
20160212ER-16-05559            ,BERGEN      ,EAST RUTHERFORD BORO    ,7/6/2016,W ,1910,1,EAST RUTHERFORD PD       ,,0,0,0,0,P,B,N,N,2,2,NJ 3                                              ,W,3,,00000003__      ,7.4,2,4,2,1,1,1,1,1,,,W,,,,,55,,,,N,,126,19:10,120+04735
20170212ER-17-07332            ,BERGEN      ,EAST RUTHERFORD BORO    ,8/23/2017,WE,13,1,EAST RUTHERFORD PD       ,,0,0,0,0,P,B,N,N,11,1,NJ 3                                              ,W,3,,00000003__      ,7.5,2,,2,2,6,2,1,1,,,,,,,,55,,,,N,,149,1:15,120+04735
20140212ER-14-07518            ,BERGEN      ,EAST RUTHERFORD BORO    ,8/26/2014,TU,919,1,EAST RUTHERFORD PD       ,,0,0,0,0,P,B,N,N,11,1,NJ 3                                              ,W,3,,00000003__      ,7.54,2,4,2,1,1,1,1,1,,,,,,,,55,,40.80561,74.07482,N,,142,9:20,120+04735
20130212ER-13-03376            ,BERGEN      ,EAST RUTHERFORD BORO    ,4/17/2013,W ,1133,1,EAST RUTHERFORD PD       ,,0,0,0,0,P,B,N,N,10,1,NJ 3                                              ,W,3,,00000003__      ,7.5,2,5,2,1,1,1,5,1,,,,,,,,55,,,,N,,144,11:35,120+04735
20150212ER-15-05496            ,BERGEN      ,EAST RUTHERFORD BORO    ,6/5/2015,F ,1918,1,EAST RUTHERFORD PD       ,,0,0,0,0,P,B,Y,N,2,2,NJ 3                                              ,W,3,,00000003__      ,6.86,2,1,1,1,1,1,1,1,,,W,,,,,55,,,,N,,145,19:20,120+04737
20140212ER-14-08080            ,BERGEN      ,EAST RUTHERFORD BORO    ,9/10/2014,W ,2337,1,EAST RUTHERFORD PD       ,,0,0,0,0,P,B,N,N,1,2,NJ 3                                              ,W,3,,00000003__      ,7,2,1,2,1,6,1,1,2,,,,,,,,55,,40.81064,74.08532,N,NONE                                                                            ,151,23:35,120P04736
20160212ER-16-05663            ,BERGEN      ,EAST RUTHERFORD BORO    ,7/10/2016,S ,59,1,EAST RUTHERFORD PD       ,E.R.P.D.       ,0,7,0,0,I,B,N,N,3,3,NJ 3                                              ,W,3,,00000003__      ,7.4,2,1,2,2,6,1,1,1,,,,,,,,55,,,,N,,153,6:00,120+04735
20170212ER-17-07633            ,BERGEN      ,EAST RUTHERFORD BORO    ,9/3/2017,SU,1602,1,EAST RUTHERFORD PD       ,,0,0,0,0,P,B,N,N,11,1,NJ 3                                              ,W,3,,00000003__      ,7.5,2,,2,1,1,1,2,1,,,,,F,NJ TURNPIKE              ,NB,40,,,,N,,132,16:00,120+04735
20180212ER-18-03833            ,BERGEN      ,EAST RUTHERFORD BORO    ,5/12/2018,SA,2147,1,EAST RUTHERFORD PD       ,,0,0,0,0,P,B,N,N,1,2,NJ 3                                              ,W,3,,00000003__      ,6.9,2,,2,2,6,1,1,1,,,,,,,,55,,,,N,,146,21:45,120+04737
20160212ER-16-05869            ,BERGEN      ,EAST RUTHERFORD BORO    ,7/15/2016,F ,2020,1,EAST RUTHERFORD PD       ,,0,1,0,0,I,B,N,N,2,2,NJ 3                                              ,W,3,,00000003__      ,7.3,2,2,2,1,3,1,1,1,,,,,,,,55,,,,N,NONE OBSERVED                                                                   ,154,20:20,120P04735
20150212ER-15-05588            ,BERGEN      ,EAST RUTHERFORD BORO    ,6/8/2015,M ,1653,1,EAST RUTHERFORD PD       ,,0,0,0,0,P,B,N,N,1,2,NJ 3                                              ,W,3,,00000003__      ,7.3,2,2,2,1,1,1,1,1,,,,,,,,55,,,,N,,141,16:55,120P04735
20170212ER-17-08100            ,BERGEN      ,EAST RUTHERFORD BORO    ,9/19/2017,TU,1839,1,EAST RUTHERFORD PD       ,,0,0,0,0,P,B,N,N,1,2,NJ 3                                              ,W,3,,00000003__      ,7.5,2,,2,2,1,5,1,1,,,,,,,,55,,,,N,,145,18:40,120+04735
20140212ER-14-08185            ,BERGEN      ,EAST RUTHERFORD BORO    ,9/13/2014,SA,1602,1,EAST RUTHERFORD PD       ,,0,0,0,0,P,B,N,N,11,1,NJ 3                                              ,W,3,,00000003__      ,7.6,2,5,2,2,1,2,5,1,,,,,,,,55,,40.80473,74.07402,N,,114,16:00,120+04735
20160212ER-16-06056            ,BERGEN      ,EAST RUTHERFORD BORO    ,7/21/2016,TH,1824,1,EAST RUTHERFORD PD       ,,0,0,0,0,P,B,N,N,1,2,NJ 3                                              ,W,3,,00000003__      ,6.96,2,1,2,1,1,1,1,1,,,,,,,,55,,,,N,,145,18:25,120P04736
20130212ER-13-04089            ,BERGEN      ,EAST RUTHERFORD BORO    ,5/9/2013,TH,214,1,EAST RUTHERFORD PD       ,,0,0,0,0,P,B,N,N,15,2,NJ 3                                              ,W,3,,00000003__      ,8.1,2,2,2,1,1,1,1,1,,,,,,,,55,,,,N,,148,2:15,120+04734
20170212ER-17-08176            ,BERGEN      ,EAST RUTHERFORD BORO    ,9/22/2017,FR,724,1,EAST RUTHERFORD PD       ,,0,0,0,0,P,B,N,N,2,2,NJ 3                                              ,W,3,,00000003__      ,8.4,2,,2,1,1,1,1,1,,,,,,,,55,,,,N,,141,7:25,120P04733
20140212ER-14-08292            ,BERGEN      ,EAST RUTHERFORD BORO    ,9/16/2014,TU,1637,1,EAST RUTHERFORD PD       ,,0,2,0,0,I,B,N,N,1,2,NJ 3                                              ,W,3,,00000003__      ,6.86,2,2,2,1,1,1,1,1,,,,,,,,55,,40.81098,74.08852,N,,141,16:35,120+04737
20130212ER-13-04122            ,BERGEN      ,EAST RUTHERFORD BORO    ,5/10/2013,F ,1224,1,EAST RUTHERFORD PD       ,,0,0,0,0,P,B,N,N,2,2,NJ 3                                              ,W,3,,00000003__      ,7.1,2,2,2,1,1,1,1,1,,,,,,,,55,,,,N,,127,12:25,120P04735
20180212ER-18-03906            ,BERGEN      ,EAST RUTHERFORD BORO    ,5/15/2018,TU,1233,1,EAST RUTHERFORD PD       ,,0,0,0,0,P,B,N,N,2,2,NJ 3                                              ,W,3,,00000003__      ,7.4,2,,2,1,1,1,1,1,,,,,,,,55,,,,N,,141,12:35,120+04735
20160212ER-16-06058            ,BERGEN      ,EAST RUTHERFORD BORO    ,7/21/2016,TH,2103,1,EAST RUTHERFORD PD       ,,0,0,0,0,P,B,N,N,1,4,NJ 3                                              ,W,3,,00000003__      ,8.3,2,1,1,1,6,1,1,1,,,,,,,,55,,,,N,NONE OBSERVED                                                                   ,154,21:05,120+04734
20170212ER-17-08177            ,BERGEN      ,EAST RUTHERFORD BORO    ,9/22/2017,FR,732,1,EAST RUTHERFORD PD       ,,0,0,0,0,P,B,N,N,1,3,NJ 3                                              ,W,3,,00000003__      ,8.4,2,,2,1,1,1,1,1,,,,,,,,55,,,,N,,141,7:30,120P04733
20150212ER-15-05913            ,BERGEN      ,EAST RUTHERFORD BORO    ,6/18/2015,TH,506,1,EAST RUTHERFORD PD       ,,0,0,0,0,P,B,N,N,2,2,NJ 3                                              ,W,3,,00000003__      ,7.4,2,1,2,1,1,1,1,1,,,W,,,,,55,,,,N,NONE.                                                                           ,151,5:05,120+04735
20180212ER-18-03907            ,BERGEN      ,EAST RUTHERFORD BORO    ,5/15/2018,TU,1254,1,EAST RUTHERFORD PD       ,,0,0,0,0,P,B,N,N,2,2,NJ 3                                              ,W,3,,00000003__      ,7.4,2,,2,1,1,1,1,1,,,,,,,,55,,,,N,,141,12:55,120+04735
20170212ER-17-08183            ,BERGEN      ,EAST RUTHERFORD BORO    ,9/22/2017,FR,1550,1,EAST RUTHERFORD PD       ,,0,0,0,0,P,B,N,N,2,2,NJ 3                                              ,W,3,,00000003__      ,7.6,2,,2,1,1,1,1,1,,,,,,,,55,,,,N,,141,15:50,120+04735
20140212ER-14-08483            ,BERGEN      ,EAST RUTHERFORD BORO    ,9/28/2014,S ,1657,1,EAST RUTHERFORD PD       ,,0,0,0,0,P,B,N,N,1,2,NJ 3                                              ,W,3,,00000003__      ,7.7,2,1,2,1,1,1,1,1,,,,,,,,55,,40.80315,74.07302,N,,142,16:55,120P04734
20130212ER-13-04306            ,BERGEN      ,EAST RUTHERFORD BORO    ,5/15/2013,W ,1736,1,EAST RUTHERFORD PD       ,,0,0,0,0,P,B,N,N,2,2,NJ 3                                              ,W,3,,00000003__      ,7.1,2,2,2,1,1,1,1,1,,,,,,,,55,,,,N,,142,17:35,120P04735
20140212ER-14-08513            ,BERGEN      ,EAST RUTHERFORD BORO    ,9/22/2014,M ,1953,1,EAST RUTHERFORD PD       ,EAST RUTHERFORD,0,0,0,0,P,B,N,N,3,2,NJ 3                                              ,W,3,,00000003__      ,7.3,2,2,2,1,6,1,5,1,,,,,T,NJ  3 SERVICE ROAD       ,SB,25,,40.80827,74.07912,N,,143,19:55,120P04735
20180212ER-18-03919            ,BERGEN      ,EAST RUTHERFORD BORO    ,5/15/2018,TU,2035,1,EAST RUTHERFORD PD       ,E.R.P.D.       ,0,0,0,0,P,B,N,N,11,1,NJ 3                                              ,W,3,,00000003__      ,7.5,2,,2,2,6,2,2,1,,,,,F,N.J. TPK                 ,,55,,,,N,ROAD SIGN                                                                       ,153,20:35,120+04735
20140212ER-14-08680            ,BERGEN      ,EAST RUTHERFORD BORO    ,9/28/2014,S ,1541,1,EAST RUTHERFORD PD       ,,0,0,0,0,P,B,N,N,2,2,NJ 3                                              ,W,3,,00000003__      ,6.9,2,2,1,1,1,1,1,1,,,,,,,,55,,40.81094,74.08759,N,,142,15:40,120+04737
20160212ER-16-06310            ,BERGEN      ,EAST RUTHERFORD BORO    ,7/28/2016,TH,1935,1,EAST RUTHERFORD PD       ,,0,0,0,0,P,B,N,N,1,2,NJ 3                                              ,W,3,,00000003__      ,6.9,2,1,2,1,1,1,1,1,,,,,,,,55,,,,N,NONE OBSERVED                                                                   ,154,19:35,120+04737
20170212ER-17-08387            ,BERGEN      ,EAST RUTHERFORD BORO    ,9/28/2017,TH,1844,1,EAST RUTHERFORD PD       ,E.R.P.D.       ,0,0,0,0,P,B,N,N,2,2,NJ 3                                              ,W,3,,00000003__      ,7.5,2,,2,1,1,1,1,1,,,,,,,,55,,,,N,,153,18:45,120+04735
20130212ER-13-04311            ,BERGEN      ,EAST RUTHERFORD BORO    ,5/15/2013,W ,1901,1,EAST RUTHERFORD PD       ,,0,0,0,0,P,B,N,N,1,2,NJ 3                                              ,W,3,,00000003__      ,7.8,2,1,2,1,1,1,1,1,,,,,,,,55,,,,N,,152,19:00,120P04734
20150212ER-15-06256            ,BERGEN      ,EAST RUTHERFORD BORO    ,6/29/2015,M ,1613,1,EAST RUTHERFORD PD       ,,0,2,0,0,I,B,N,N,2,2,NJ 3                                              ,W,3,,00000003__      ,8,2,2,2,1,1,1,5,1,,,W,,,,,55,,,,N,,144,16:15,120+04734
20160212ER-16-06316            ,BERGEN      ,EAST RUTHERFORD BORO    ,7/29/2016,F ,747,1,EAST RUTHERFORD PD       ,,0,1,0,0,I,B,N,N,11,2,NJ 3                                              ,W,3,,00000003__      ,7.5,2,4,2,2,1,2,1,1,,,,,F,NJ TURNPIKE              ,,50,,,,N,,142,7:45,120+04735
20170212ER-17-08417            ,BERGEN      ,EAST RUTHERFORD BORO    ,9/29/2017,FR,1740,1,EAST RUTHERFORD PD       ,,0,0,0,0,P,B,N,N,1,2,NJ 3                                              ,W,3,,00000003__      ,7.5,2,,2,1,1,1,1,1,,,,,,,,55,,,,N,,140,17:40,120+04735
20180212ER-18-03938            ,BERGEN      ,EAST RUTHERFORD BORO    ,5/16/2018,WE,1558,1,EAST RUTHERFORD PD       ,,0,0,0,0,P,B,N,N,1,2,NJ 3                                              ,W,3,,00000003__      ,7.5,2,,2,2,1,2,1,1,,,,,,,,55,,,,N,,140,16:00,120+04735
20180212ER-18-03950            ,BERGEN      ,EAST RUTHERFORD BORO    ,5/17/2018,TH,242,1,EAST RUTHERFORD PD       ,,0,0,0,0,P,B,N,N,2,2,NJ 3                                              ,W,3,,00000003__      ,6.96,2,,1,1,7,1,1,5,,,,,,,,55,,,,N,,126,2:40,120P04736