CRASH_ID,CTY_NAME,MUN_NAME,DATE,DAY,TIME,POL_CODE,POL_DEPT,POL_STA,KILLED,INJURED,PED_KILL,PED_INJ,SEVERITY,INTERSEC,ALCOHOL,HAZMAT,CRASH_TYPE,VEH_COUNT,LOCATION,LOC_DIR,ROUTE,RT_SFX,SRI,MP,RD_SYS,RD_CHAR,RD_SURF,SURF_COND,LIGHT,WEATHER,RD_DIV,RD_WRKZN,X_DIST,DIST_UNT,X_DIR,X_NAME,IS_RAMP,RAMP_RT,RAMP_DIR,SPD_LMT,SPD_X,LAT,LONG,CELL_USE,PROP_DMG,BADGE,TIME_ROUND,TMC
20150212ER-15-06741            ,BERGEN      ,EAST RUTHERFORD BORO    ,7/14/2015,TU,633,1,EAST RUTHERFORD PD       ,,0,1,0,0,I,B,N,N,11,5,NJ 3                                              ,W,3,,00000003__      ,7.4,2,1,2,1,1,1,1,1,,,,,,,,55,,,,N,,#144 ,6:35,120+04735
20140212ER-14-08746            ,BERGEN      ,EAST RUTHERFORD BORO    ,10/1/2014,W ,722,1,EAST RUTHERFORD PD       ,1,0,0,0,0,P,B,N,N,1,2,NJ 3                                              ,W,3,,00000003__      ,7.5,2,2,2,1,1,5,1,1,,,,,,,,55,,40.80615,74.07542,N,NONE                                                                            ,131,7:20,120+04735
20130212ER-13-04428            ,BERGEN      ,EAST RUTHERFORD BORO    ,5/19/2013,S ,357,1,EAST RUTHERFORD PD       ,,0,0,0,0,P,B,Y,N,11,1,NJ 3                                              ,W,3,,00000003__      ,7.7,2,1,2,1,6,1,1,1,,,,,,,,55,,,,N,CONCRETE BARRIER                                                                ,1147,3:55,120P04734
20140212ER-14-08748            ,BERGEN      ,EAST RUTHERFORD BORO    ,10/1/2014,W ,753,1,EAST RUTHERFORD PD       ,,0,0,0,0,P,I,N,N,1,3,NJ 3                                              ,W,3,,00000003__      ,7.96,2,2,2,1,1,5,1,1,,AT,,NJ 120                             ,,,,55,50,40.79932,74.06986,N,,142,7:55,120+04734
20160212ER-16-06386            ,BERGEN      ,EAST RUTHERFORD BORO    ,7/30/2016,SA,2326,1,EAST RUTHERFORD PD       ,,0,0,0,0,P,B,N,N,11,1,NJ 3                                              ,W,3,,00000003__      ,8.08,2,1,2,2,6,2,4,1,,,,,F,NJ TURNPIKE              ,NB,55,,,,N,NONE OBSERVED                                                                   ,154,23:25,120+04734
20140212ER-14-08804            ,BERGEN      ,EAST RUTHERFORD BORO    ,10/2/2014,TH,1726,1,EAST RUTHERFORD PD       ,,0,0,0,0,P,B,N,N,1,3,NJ 3                                              ,W,3,,00000003__      ,6.86,2,1,1,1,1,1,1,1,,,,,,,,55,,40.81098,74.08852,N,,142,17:25,120+04737
20160212ER-16-06392            ,BERGEN      ,EAST RUTHERFORD BORO    ,7/31/2016,S ,406,1,EAST RUTHERFORD PD       ,,0,0,0,0,P,B,N,N,1,2,NJ 3                                              ,W,3,,00000003__      ,6.9,2,4,2,2,6,1,1,1,,,,,,,,55,,,,N,,149,4:05,120+04737
20150212ER-15-07436            ,BERGEN      ,EAST RUTHERFORD BORO    ,8/4/2015,TU,1838,1,EAST RUTHERFORD PD       ,,0,0,0,0,P,B,N,N,1,2,NJ 3                                              ,W,3,,00000003__      ,7.5,2,1,2,1,1,1,1,1,,,W,,,,,55,,,,N,,148,18:40,120+04735
20130212ER-13-04579            ,BERGEN      ,EAST RUTHERFORD BORO    ,5/21/2013,TU,1807,1,EAST RUTHERFORD PD       ,,0,0,0,0,P,B,N,N,1,2,NJ 3                                              ,W,3,,00000003__      ,7.7,2,1,2,1,1,1,1,1,,,,,,,,55,,,,N,,127,18:05,120P04734
20140212ER-14-08856            ,BERGEN      ,EAST RUTHERFORD BORO    ,10/4/2014,SA,1059,1,EAST RUTHERFORD PD       ,EAST RUTHERFORD,0,0,0,0,P,I,N,N,11,1,NJ 3                                              ,W,3,,00000003__      ,7.96,2,5,2,2,1,2,1,1,,AT,,NJ 120                             ,,,,55,50,40.79932,74.06986,N,YELLOW SANDFIELLED CRASHGUARD AT ROUTE 3 WEST / ROUTE 120 NORTH INTERSECTION    ,146,11:00,120+04734
20180212ER-18-04328            ,BERGEN      ,EAST RUTHERFORD BORO    ,6/1/2018,FR,2128,1,EAST RUTHERFORD PD       ,,0,1,0,0,I,B,N,N,2,2,NJ 3                                              ,W,3,,00000003__      ,8.2,2,,2,1,6,1,1,1,,,,,,,,55,,,,N,GUARDRAIL                                                                       ,149,21:30,120+04734
20170212ER-17-08799            ,BERGEN      ,EAST RUTHERFORD BORO    ,10/11/2017,WE,1551,1,EAST RUTHERFORD PD       ,,0,2,0,0,I,B,N,N,1,2,NJ 3                                              ,W,3,,00000003__      ,8.49,2,,1,1,1,1,1,1,,,,,,,,55,,,,N,,141,15:50,120P04733
20150212ER-15-07964            ,BERGEN      ,EAST RUTHERFORD BORO    ,8/20/2015,TH,1303,1,EAST RUTHERFORD PD       ,1,0,2,0,0,I,B,N,N,1,2,NJ 3                                              ,W,3,,00000003__      ,6.9,2,2,1,1,1,1,1,1,,,,,,,,55,,,,N,NONE                                                                            ,131,13:05,120+04737
20130212ER-13-04616            ,BERGEN      ,EAST RUTHERFORD BORO    ,5/24/2013,F ,1343,1,EAST RUTHERFORD PD       ,,0,0,0,0,P,B,N,N,1,2,NJ 3                                              ,W,3,,00000003__      ,7.6,2,1,2,2,1,2,1,1,,,,,,,,55,,,,N,,129,13:45,120+04735
20180212ER-18-04398            ,BERGEN      ,EAST RUTHERFORD BORO    ,6/4/2018,MO,1821,1,EAST RUTHERFORD PD       ,,0,0,0,0,P,B,N,N,2,2,NJ 3                                              ,W,3,,00000003__      ,8.1,2,,2,1,1,1,1,1,,,,,,,,55,,,,N,,154,18:20,120+04734
20150212ER-15-08305            ,BERGEN      ,EAST RUTHERFORD BORO    ,8/29/2015,SA,2255,1,EAST RUTHERFORD PD       ,,0,0,0,0,P,B,N,N,1,2,NJ 3                                              ,W,3,,00000003__      ,7.1,2,1,2,1,7,1,1,1,,,W,,,,,55,,,,N,,145,22:55,120P04735
20160212ER-16-06679            ,BERGEN      ,EAST RUTHERFORD BORO    ,8/8/2016,M ,2012,1,EAST RUTHERFORD PD       ,,0,0,0,0,P,B,N,N,2,2,NJ 3                                              ,W,3,,00000003__      ,8.2,2,2,2,1,3,1,1,1,,,,,,,,55,,,,N,NONE OBSERVED                                                                   ,154,20:10,120+04734
20150212ER-15-08428            ,BERGEN      ,EAST RUTHERFORD BORO    ,9/2/2015,W ,1321,1,EAST RUTHERFORD PD       ,,0,2,0,0,I,B,N,N,6,2,NJ 3                                              ,W,3,,00000003__      ,7,2,2,2,1,1,1,1,1,,,W,,,,,55,,,,Y,,142,13:20,120P04736
20180212ER-18-04409            ,BERGEN      ,EAST RUTHERFORD BORO    ,6/5/2018,TU,1414,1,EAST RUTHERFORD PD       ,,0,1,0,0,I,B,N,N,1,2,NJ 3                                              ,W,3,,00000003__      ,8.08,2,,2,1,1,1,1,1,,,,,,,,55,,,,N,,138,14:15,120+04734
20160212ER-16-07058            ,BERGEN      ,EAST RUTHERFORD BORO    ,8/20/2016,SA,2331,1,EAST RUTHERFORD PD       ,EAST RUTHERFORD,0,0,0,0,P,B,N,N,1,2,NJ 3                                              ,W,3,,00000003__      ,6.96,2,3,1,1,7,1,1,1,,,,,,,,55,,,,N,,152,23:30,120P04736
20150212ER-15-08429            ,BERGEN      ,EAST RUTHERFORD BORO    ,9/2/2015,W ,1325,1,EAST RUTHERFORD PD       ,E.R.P.D.       ,0,0,0,0,P,B,N,N,2,2,NJ 3                                              ,W,3,,00000003__      ,7.4,2,1,2,1,1,1,1,1,,,,,,,,55,,,,N,NONE                                                                            ,125,13:25,120+04735
20180212ER-18-04464            ,BERGEN      ,EAST RUTHERFORD BORO    ,6/7/2018,TH,1638,1,EAST RUTHERFORD PD       ,,0,0,0,0,P,B,N,N,2,2,NJ 3                                              ,W,3,,00000003__      ,8.1,2,,2,1,1,1,3,1,,,,,,,,55,,,,N,,142,16:40,120+04734
20150212ER-15-08431            ,BERGEN      ,EAST RUTHERFORD BORO    ,9/2/2015,W ,1357,1,EAST RUTHERFORD PD       ,E.R.P.D.       ,0,0,0,0,P,B,N,N,2,2,NJ 3                                              ,W,3,,00000003__      ,7.7,2,1,2,1,1,1,1,1,,,,,,,,55,,,,N,NONE                                                                            ,125,13:55,120P04734
20140212ER-14-09444            ,BERGEN      ,EAST RUTHERFORD BORO    ,10/20/2014,M ,604,1,EAST RUTHERFORD PD       ,,0,1,0,0,I,I,N,N,10,1,NJ 3                                              ,W,3,,00000003__      ,8.14,2,5,2,1,6,1,1,1,,AT,,NEW JERSEY TURNPIKE                ,,,,55,45,40.79832,74.06815,N,"BROKEN """"NO TURNS"""" SIGN                                                        ",148,6:05,120+04734
20180212ER-18-04489            ,BERGEN      ,EAST RUTHERFORD BORO    ,6/9/2018,SA,1607,1,EAST RUTHERFORD PD       ,,0,0,0,0,P,B,N,N,2,2,NJ 3                                              ,W,3,,00000003__      ,8.4,2,,2,1,1,1,1,1,,,,,,,,55,,,,N,,139,16:05,120P04733
20130212ER-13-05446            ,BERGEN      ,EAST RUTHERFORD BORO    ,6/22/2013,SA,18,1,EAST RUTHERFORD PD       ,,0,0,0,0,P,B,N,N,1,2,NJ 3                                              ,W,3,,00000003__      ,7.2,2,1,2,1,6,1,1,2,,,,,,,,55,,,,N,,145,1:20,120P04735
20180212ER-18-04625            ,BERGEN      ,EAST RUTHERFORD BORO    ,6/13/2018,WE,1735,1,EAST RUTHERFORD PD       ,,0,0,0,0,P,B,N,N,2,2,NJ 3                                              ,W,3,,00000003__      ,7.2,2,,2,1,1,1,1,1,,,,,,,,55,,,,N,,154,17:35,120P04735
20160212ER-16-07299            ,BERGEN      ,EAST RUTHERFORD BORO    ,8/28/2016,S ,400,1,EAST RUTHERFORD PD       ,,0,3,0,0,I,B,N,N,2,4,NJ 3                                              ,W,3,,00000003__      ,6.9,2,2,2,1,6,1,1,1,,,,,,,,55,,,,N,NONE OBSERVED                                                                   ,154,4:00,120+04737
20180212ER-18-04654            ,BERGEN      ,EAST RUTHERFORD BORO    ,6/14/2018,TH,1758,1,EAST RUTHERFORD PD       ,,0,2,0,0,I,B,N,N,1,4,NJ 3                                              ,W,3,,00000003__      ,6.96,2,,1,1,1,1,1,1,,,,,,,,55,,,,N,,139,18:00,120P04736
20140212ER-14-09574            ,BERGEN      ,EAST RUTHERFORD BORO    ,10/23/2014,TH,956,1,EAST RUTHERFORD PD       ,,0,0,0,0,P,B,N,N,2,2,NJ 3                                              ,W,3,,00000003__      ,7.5,2,5,2,2,1,2,1,1,,,,,,,,55,,40.80615,74.07542,N,,139,9:55,120+04735
20150212ER-15-08696            ,BERGEN      ,EAST RUTHERFORD BORO    ,9/9/2015,W ,2140,1,EAST RUTHERFORD PD       ,,0,0,0,0,P,B,N,N,15,1,NJ 3                                              ,W,3,,00000003__      ,7.7,2,1,2,1,6,1,1,1,,,N,,,,,55,,,,N,NONE                                                                            ,150,21:40,120P04734
20130212ER-13-05466            ,BERGEN      ,EAST RUTHERFORD BORO    ,6/22/2013,SA,1522,1,EAST RUTHERFORD PD       ,,0,0,0,0,P,B,N,N,2,2,NJ 3                                              ,W,3,,00000003__      ,8.1,2,2,2,1,1,1,2,1,,,,,,,,55,,,,N,NONE                                                                            ,131,15:20,120+04734
20170212ER-17-09297            ,BERGEN      ,EAST RUTHERFORD BORO    ,10/28/2017,SA,2156,1,EAST RUTHERFORD PD       ,E.R.P.D.       ,0,0,0,0,P,B,N,N,2,2,NJ 3                                              ,W,3,,00000003__      ,8.3,2,,2,1,6,1,1,1,,,,,,,,55,,,,N,,153,21:55,120+04734
20170212ER-17-09306            ,BERGEN      ,EAST RUTHERFORD BORO    ,10/29/2017,SU,509,1,EAST RUTHERFORD PD       ,,0,0,0,0,P,B,N,N,11,1,NJ 3                                              ,W,3,,00000003__      ,6.9,2,,1,2,6,2,1,1,,,,,,,,55,,,,N,,137,5:10,120+04737
20150212ER-15-08912            ,BERGEN      ,EAST RUTHERFORD BORO    ,9/16/2015,W ,838,1,EAST RUTHERFORD PD       ,1,0,0,0,0,P,B,N,N,99,2,NJ 3                                              ,W,3,,00000003__      ,7,2,2,2,1,1,1,1,1,,,N,,,,,55,,,,N,NONE                                                                            ,131,8:40,120P04736
20180212ER-18-04657            ,BERGEN      ,EAST RUTHERFORD BORO    ,6/14/2018,TH,1940,1,EAST RUTHERFORD PD       ,,0,0,0,0,P,B,N,N,1,2,NJ 3                                              ,W,3,,00000003__      ,7.4,2,,2,1,1,1,1,1,,,,,,,,55,,,,N,,154,19:40,120+04735
20160212ER-16-07363            ,BERGEN      ,EAST RUTHERFORD BORO    ,8/29/2016,M ,1815,1,EAST RUTHERFORD PD       ,E.R.P.D.       ,0,0,0,0,P,B,N,N,2,2,NJ 3                                              ,W,3,,00000003__      ,7.96,2,1,2,1,1,1,1,1,,,,,,,,55,,,,N,,153,18:15,120+04734
20180212ER-18-04671            ,BERGEN      ,EAST RUTHERFORD BORO    ,6/15/2018,FR,1551,1,EAST RUTHERFORD PD       ,E.R.P.D.       ,0,0,0,0,P,B,N,N,1,2,NJ 3                                              ,W,3,,00000003__      ,7.4,2,,2,1,1,1,1,1,,,,,,,,55,,,,N,,153,15:50,120+04735
20140212ER-14-09897            ,BERGEN      ,EAST RUTHERFORD BORO    ,11/1/2014,SA,808,1,EAST RUTHERFORD PD       ,,0,0,0,0,P,B,N,N,2,2,NJ 3                                              ,W,3,,00000003__      ,7.55,2,4,2,2,1,2,1,1,75,FE,,,F,NJTPK 16W                ,WB,55,,40.80547,74.07467,N,,126,8:10,120+04735
20170212ER-17-09343            ,BERGEN      ,EAST RUTHERFORD BORO    ,10/30/2017,MO,1537,1,EAST RUTHERFORD PD       ,1,0,0,0,0,P,B,N,N,2,2,NJ 3                                              ,W,3,,00000003__      ,8.49,2,,1,1,1,1,1,1,,,,,,,,55,,,,N,,131,15:35,120P04733
20150212ER-15-09195            ,BERGEN      ,EAST RUTHERFORD BORO    ,9/24/2015,TH,2357,1,EAST RUTHERFORD PD       ,,0,2,0,0,I,B,N,N,1,2,NJ 3                                              ,W,3,,00000003__      ,6.9,2,5,2,1,6,1,1,1,,,N,,,,,55,,,,N,,147,23:55,120+04737
20140212ER-14-09943            ,BERGEN      ,EAST RUTHERFORD BORO    ,11/3/2014,M ,140,1,EAST RUTHERFORD PD       ,,0,0,0,0,P,I,N,N,11,1,NJ 3                                              ,W,3,,00000003__      ,7.27,2,2,2,1,6,1,1,1,,AT,,NJ 3 SERVICE RD NORTH              ,,,,55,35,40.80855,74.0797,N,GUARDRAIL ON ROUTE 3 WEST & UTILITY LIGHT POLE                                  ,148,1:40,120P04735
20170212ER-17-09453            ,BERGEN      ,EAST RUTHERFORD BORO    ,11/2/2017,TH,1405,1,EAST RUTHERFORD PD       ,,0,0,0,0,P,B,N,N,1,2,NJ 3                                              ,W,3,,00000003__      ,8.4,2,,2,1,1,1,1,1,,,,,,,,55,,,,N,,144,14:05,120P04733
20170212ER-17-09575            ,BERGEN      ,EAST RUTHERFORD BORO    ,11/5/2017,SU,1529,1,EAST RUTHERFORD PD       ,ERPD           ,0,0,0,0,P,B,N,N,11,1,NJ 3                                              ,W,3,,00000003__      ,7.5,2,,2,2,3,2,1,1,,,,,F,NJ TURNPIKE              ,,55,,,,N,,143,15:30,120+04735
20130212ER-13-05647            ,BERGEN      ,EAST RUTHERFORD BORO    ,6/27/2013,TH,1742,1,EAST RUTHERFORD PD       ,,0,0,0,0,P,B,N,N,2,2,NJ 3                                              ,W,3,,00000003__      ,7.7,2,1,2,1,1,1,1,1,,,,,,,,55,,,,N,,142,17:40,120P04734
20140212ER-14-10037            ,BERGEN      ,EAST RUTHERFORD BORO    ,11/4/2014,TU,1634,1,EAST RUTHERFORD PD       ,,0,0,0,0,P,B,N,N,2,2,NJ 3                                              ,W,3,,00000003__      ,7.8,2,1,2,1,3,1,5,1,,,,,,,,55,,40.80148,74.07217,N,,144,16:35,120P04734
20180212ER-18-04932            ,BERGEN      ,EAST RUTHERFORD BORO    ,6/24/2018,SU,2049,1,EAST RUTHERFORD PD       ,,0,0,0,0,P,B,N,N,99,4,NJ 3                                              ,W,3,,00000003__      ,8.14,2,,2,2,7,2,3,1,,,,,,,,55,,,,N,,,20:50,120+04734
20160212ER-16-07801            ,BERGEN      ,EAST RUTHERFORD BORO    ,9/13/2016,TU,1501,1,EAST RUTHERFORD PD       ,,0,0,0,0,P,B,N,N,11,1,NJ 3                                              ,W,3,,00000003__      ,7.1,2,1,2,1,1,1,1,1,,,,,,,,55,,,,N,,140,15:00,120P04735
20140212ER-14-10056            ,BERGEN      ,EAST RUTHERFORD BORO    ,11/5/2014,W ,35,1,EAST RUTHERFORD PD       ,EAST RUTHERFORD,0,0,0,0,P,B,N,N,2,2,NJ 3                                              ,W,3,,00000003__      ,7.4,2,1,2,1,6,1,1,1,,,,,,,,55,,40.80731,74.07715,N,,152,3:35,120+04735
20170212ER-17-09577            ,BERGEN      ,EAST RUTHERFORD BORO    ,11/5/2017,SU,1625,1,EAST RUTHERFORD PD       ,,0,0,0,0,P,I,N,N,2,2,NJ 3                                              ,W,3,,00000003__      ,7.5,2,,2,2,1,2,2,,,AT,W,,T,NJ 3                     ,WB,35,,,,N,,131,16:25,120+04735
20130212ER-13-05837            ,BERGEN      ,EAST RUTHERFORD BORO    ,7/4/2013,TH,1352,1,EAST RUTHERFORD PD       ,,0,0,0,0,P,I,N,N,6,2,NJ 3                                              ,W,3,,00000003__      ,7.96,2,2,2,1,1,1,5,1,,AT,,NJ 120                             ,,,,55,50,,,N,,139,13:50,120+04734
20160212ER-16-07816            ,BERGEN      ,EAST RUTHERFORD BORO    ,9/14/2016,W ,1209,1,EAST RUTHERFORD PD       ,1,0,0,0,0,P,B,N,N,2,2,NJ 3                                              ,W,3,,00000003__      ,7.96,2,5,2,1,1,1,5,,,,,,T,NJ 120                   ,,45,,,,N,NONE                                                                            ,131,12:10,120+04734
20140212ER-14-10063            ,BERGEN      ,EAST RUTHERFORD BORO    ,11/5/2014,W ,726,1,EAST RUTHERFORD PD       ,EAST RUTHERFORD,0,0,0,0,P,B,N,N,2,2,NJ 3                                              ,W,3,,00000003__      ,8,2,1,2,1,1,1,1,1,,,,,,,,55,,40.7991,74.06948,N,,146,7:25,120+04734
20130212ER-13-05838            ,BERGEN      ,EAST RUTHERFORD BORO    ,7/4/2013,TH,1338,1,EAST RUTHERFORD PD       ,,0,1,0,0,I,B,N,N,10,1,NJ 3                                              ,W,3,,00000003__      ,8.3,2,2,2,1,1,1,1,1,,,,,,,,35,,,,N,,126,13:40,120+04734
20170212ER-17-09630            ,BERGEN      ,EAST RUTHERFORD BORO    ,11/7/2017,TU,1853,1,EAST RUTHERFORD PD       ,E.R.P.D.       ,0,1,0,0,I,B,N,N,1,2,NJ 3                                              ,W,3,,00000003__      ,8.4,2,,1,2,6,2,1,1,,,,,,,,55,,,,N,,153,18:55,120P04733
20180212ER-18-05131            ,BERGEN      ,EAST RUTHERFORD BORO    ,7/2/2018,MO,1727,1,EAST RUTHERFORD PD       ,,0,0,0,0,P,B,N,N,1,2,NJ 3                                              ,W,3,,00000003__      ,,2,,2,1,1,1,1,1,,,,,,,,55,,,,N,,144,17:25,120+07449
20140212ER-14-10095            ,BERGEN      ,EAST RUTHERFORD BORO    ,11/6/2014,TH,1636,1,EAST RUTHERFORD PD       ,EAST RUTHERFORD,0,0,0,0,P,B,N,N,5,2,NJ 3                                              ,W,3,,00000003__      ,7.56,2,1,2,2,3,2,1,1,,FE,,,F,NJ TURNPIKE 16W          ,NB,55,,40.80533,74.07454,N,,146,16:35,120+04735
20150212ER-15-09440            ,BERGEN      ,EAST RUTHERFORD BORO    ,10/2/2015,F ,1855,1,EAST RUTHERFORD PD       ,,0,3,0,0,I,B,N,N,1,2,NJ 3                                              ,W,3,,00000003__      ,7.8,2,1,2,2,6,2,1,1,,,,,,,,55,,,,N,,,18:55,120P04734
20130212ER-13-05943            ,BERGEN      ,EAST RUTHERFORD BORO    ,7/7/2013,S ,1945,1,EAST RUTHERFORD PD       ,ERPD           ,0,0,0,0,P,I,N,N,2,2,NJ 3                                              ,W,3,,00000003__      ,7.96,2,1,2,1,3,1,1,1,,AT,,NJ 120                             ,,,,55,30,,,N,,143,19:45,120+04734
20130212ER-13-06115            ,BERGEN      ,EAST RUTHERFORD BORO    ,7/14/2013,S ,9,1,EAST RUTHERFORD PD       ,,0,0,0,0,P,B,N,N,1,2,NJ 3                                              ,W,3,,00000003__      ,7.2,2,1,2,2,6,1,1,1,,,,,,,,55,,,,N,NONE                                                                            ,157,9:10,120P04735
20150212ER-15-09745            ,BERGEN      ,EAST RUTHERFORD BORO    ,10/11/2015,S ,1955,1,EAST RUTHERFORD PD       ,,0,0,0,0,P,B,N,N,2,2,NJ 3                                              ,W,3,,00000003__      ,7.4,2,1,2,1,6,1,1,1,,,W,,,,,55,,,,N,,152,19:55,120+04735
20130212ER-13-06119            ,BERGEN      ,EAST RUTHERFORD BORO    ,7/14/2013,S ,122,1,EAST RUTHERFORD PD       ,,0,0,0,0,P,I,N,N,1,2,NJ 3                                              ,W,3,,00000003__      ,7.6,2,1,2,2,6,1,1,1,,AT,,,T,NJ TURNPIKE              ,,55,,,,N,NONE.                                                                           ,151,1:20,120+04735
20140212ER-14-10253            ,BERGEN      ,EAST RUTHERFORD BORO    ,11/10/2014,M ,0,1,EAST RUTHERFORD PD       ,,0,0,0,0,P,B,N,N,1,2,NJ 3                                              ,W,3,,00000003__      ,7.4,2,1,2,1,6,1,1,1,,,W,,,,,55,,40.80731,74.07715,N,,148,0:00,120+04735
20150212ER-15-09785            ,BERGEN      ,EAST RUTHERFORD BORO    ,10/13/2015,TU,920,1,EAST RUTHERFORD PD       ,,0,1,0,0,I,B,N,N,1,2,NJ 3                                              ,W,3,,00000003__      ,7.5,2,1,2,1,1,1,1,1,,,,,,,,55,,,,N,,141,9:20,120+04735
20180212ER-18-05397            ,BERGEN      ,EAST RUTHERFORD BORO    ,7/13/2018,FR,749,1,EAST RUTHERFORD PD       ,,0,2,0,0,I,B,N,N,1,2,NJ 3                                              ,W,3,,00000003__      ,7.6,2,,2,1,1,1,1,1,,,,,,,,55,,,,N,,131,7:50,120+04735
20160212ER-16-08253            ,BERGEN      ,EAST RUTHERFORD BORO    ,9/27/2016,TU,1838,1,EAST RUTHERFORD PD       ,E.R.P.D.       ,0,0,0,0,P,B,N,N,1,2,NJ 3                                              ,W,3,,00000003__      ,8.08,2,1,2,1,1,1,3,,,,,,,,,55,,,,N,,153,18:40,120+04734
20170212ER-17-09784            ,BERGEN      ,EAST RUTHERFORD BORO    ,11/12/2017,SU,443,1,EAST RUTHERFORD PD       ,E.R.P.D.       ,0,0,0,0,P,B,N,N,11,1,NJ 3                                              ,W,3,,00000003__      ,7.5,2,,2,1,6,1,2,1,,,,,F,NEW JERSEY TURNPIKE      ,,55,,,,N,,153,4:45,120+04735
20130212ER-13-06153            ,BERGEN      ,EAST RUTHERFORD BORO    ,7/15/2013,M ,1220,1,EAST RUTHERFORD PD       ,,0,1,0,0,I,B,N,N,1,2,NJ 3                                              ,W,3,,00000003__      ,7.8,2,1,2,1,1,1,1,1,,,,,,,,55,,,,N,,142,12:20,120P04734
20180212ER-18-05401            ,BERGEN      ,EAST RUTHERFORD BORO    ,7/13/2018,FR,1617,1,EAST RUTHERFORD PD       ,,0,1,0,0,I,B,N,N,1,2,NJ 3                                              ,W,3,,00000003__      ,8,2,,2,1,1,1,1,1,,,,,,,,55,,,,N,,142,16:15,120+04734
20160212ER-16-08265            ,BERGEN      ,EAST RUTHERFORD BORO    ,9/28/2016,W ,1201,1,EAST RUTHERFORD PD       ,,0,1,0,0,I,B,N,N,99,2,NJ 3                                              ,W,3,,00000003__      ,6.96,2,1,2,1,1,5,2,1,,,,,,,,55,,,,N,NONE                                                                            ,131,12:00,120P04736
20180212ER-18-05402            ,BERGEN      ,EAST RUTHERFORD BORO    ,7/13/2018,FR,1657,1,EAST RUTHERFORD PD       ,,0,0,0,0,P,B,N,N,1,2,NJ 3                                              ,W,3,,00000003__      ,7.1,2,,2,1,1,1,1,1,,,,,,,,55,,,,N,,127,16:55,120P04735
20140212ER-14-10704            ,BERGEN      ,EAST RUTHERFORD BORO    ,11/24/2014,M ,44,1,EAST RUTHERFORD PD       ,EAST RUTHERFORD,0,0,0,0,P,B,N,N,1,3,NJ 3                                              ,W,3,,00000003__      ,7.27,2,1,2,2,6,2,1,,100,FE,E,SERVICE ROAD                       ,,,,55,25,40.80855,74.0797,N,,143,4:45,120P04735
20130212ER-13-06154            ,BERGEN      ,EAST RUTHERFORD BORO    ,7/15/2013,M ,1233,1,EAST RUTHERFORD PD       ,,0,0,0,0,P,B,N,N,1,3,NJ 3                                              ,W,3,,00000003__      ,8.49,2,1,2,1,1,1,1,1,,,,,,,,,,,,N,NO                                                                              ,117,12:35,120P04733
20140212ER-14-10718            ,BERGEN      ,EAST RUTHERFORD BORO    ,11/24/2014,M ,1446,1,EAST RUTHERFORD PD       ,,0,0,0,0,P,B,N,N,11,1,NJ 3                                              ,W,3,,00000003__      ,7.56,2,4,2,1,1,1,1,1,,,,,,,,55,,40.80533,74.07454,N,NJ DOT TRAFFIC SIGN (NO TURNS)                                                  ,126,14:45,120+04735
20180212ER-18-05596            ,BERGEN      ,EAST RUTHERFORD BORO    ,7/20/2018,FR,1652,1,EAST RUTHERFORD PD       ,,0,0,0,0,P,B,N,N,1,2,NJ 3                                              ,W,3,,00000003__      ,8.2,2,,2,1,1,1,1,1,,,,,,,,55,,,,N,,139,16:50,120+04734
20150212ER-15-10169            ,BERGEN      ,EAST RUTHERFORD BORO    ,10/24/2015,SA,1545,1,EAST RUTHERFORD PD       ,,0,1,0,0,I,I,N,N,1,2,NJ 3                                              ,W,3,,00000003__      ,8.2,2,1,2,1,1,1,1,1,,AT,E,ROUTE 120 NORTH                    ,,,,55,50,,,N,,142,15:45,120+04734
20160212ER-16-08514            ,BERGEN      ,EAST RUTHERFORD BORO    ,10/6/2016,TH,1800,1,EAST RUTHERFORD PD       ,,0,0,0,0,P,B,N,N,1,3,NJ 3                                              ,W,3,,00000003__      ,7,2,2,2,1,1,1,1,1,,,,,,,,55,,,,N,,140,18:00,120P04736
20130212ER-13-06354            ,BERGEN      ,EAST RUTHERFORD BORO    ,7/20/2013,SA,938,1,EAST RUTHERFORD PD       ,,0,2,0,0,I,B,N,N,2,3,NJ 3                                              ,W,3,,00000003__      ,7.5,2,1,2,1,1,1,5,1,,,,,,,,55,,,,N,WEAVING IN ADN OUT OF TRAFFIC. (VEHICLE #3 DISCRIBED BY ALL AS A BALCK AUDI.    ,144,9:40,120+04735
20180212ER-18-05801            ,BERGEN      ,EAST RUTHERFORD BORO    ,7/27/2018,FR,1724,1,EAST RUTHERFORD PD       ,,0,0,0,0,P,B,N,N,1,2,NJ 3                                              ,W,3,,00000003__      ,8.3,2,,1,2,1,2,1,1,,,,,,,,55,,,,N,,131,17:25,120+04734
20130212ER-13-06433            ,BERGEN      ,EAST RUTHERFORD BORO    ,7/22/2013,M ,2009,1,EAST RUTHERFORD PD       ,,0,0,0,0,P,B,N,N,11,1,NJ 3                                              ,W,3,,00000003__      ,7.5,2,6,2,2,6,2,1,1,,,,,F,NJTP (RT 95)             ,,55,,,,N,GUARDRAIL END ON RT 3 WEST/ TPKE EXIT                                           ,146,20:10,120+04735
20140212ER-14-10955            ,BERGEN      ,EAST RUTHERFORD BORO    ,12/2/2014,TU,1556,1,EAST RUTHERFORD PD       ,,0,0,0,0,P,B,N,N,10,1,NJ 3                                              ,W,3,,00000003__      ,7.6,2,5,2,2,3,2,5,1,,,,,,,,55,,40.80473,74.07402,N,,144,15:55,120+04735
20130212ER-13-06446            ,BERGEN      ,EAST RUTHERFORD BORO    ,7/23/2013,TU,1259,1,EAST RUTHERFORD PD       ,,0,0,0,0,P,B,N,N,2,2,NJ 3                                              ,W,3,,00000003__      ,7.3,2,1,2,1,1,1,1,1,,,,,,,,65,,,,N,,1?   ,13:00,120P04735
20170212ER-17-10231            ,BERGEN      ,EAST RUTHERFORD BORO    ,11/27/2017,MO,1717,1,EAST RUTHERFORD PD       ,,0,0,0,0,P,B,N,N,2,2,NJ 3                                              ,W,3,,00000003__      ,8,2,,2,1,5,1,1,1,,,,,T,NJ 120                   ,NB,55,,,,N,,142,17:15,120+04734
20150212ER-15-10280            ,BERGEN      ,EAST RUTHERFORD BORO    ,10/28/2015,W ,1819,1,EAST RUTHERFORD PD       ,,0,0,0,0,P,B,N,N,1,2,NJ 3                                              ,W,3,,00000003__      ,7.1,2,1,2,2,6,2,1,1,,,N,,,,,55,,,,N,,152,18:20,120P04735
20170212ER-17-10244            ,BERGEN      ,EAST RUTHERFORD BORO    ,11/28/2017,TU,224,1,EAST RUTHERFORD PD       ,,0,0,0,0,P,B,N,N,1,2,NJ 3                                              ,W,3,,00000003__      ,7.3,2,,2,1,6,1,1,1,,,,,,,,55,,,,N,NONE OBSERVED                                                                   ,154,2:25,120P04735
20130212ER-13-06474            ,BERGEN      ,EAST RUTHERFORD BORO    ,7/24/2013,W ,1247,1,EAST RUTHERFORD PD       ,,0,0,0,0,P,B,N,N,1,2,NJ 3                                              ,W,3,,00000003__      ,7.5,2,1,2,1,1,1,5,1,,,,,,,,55,,,,N,,144,12:45,120+04735
20140212ER-14-11042            ,BERGEN      ,EAST RUTHERFORD BORO    ,12/5/2014,F ,1647,1,EAST RUTHERFORD PD       ,,0,1,0,0,I,B,N,N,1,2,NJ 3                                              ,W,3,,00000003__      ,7.7,2,1,2,2,6,2,1,1,,,,,,,,55,,40.80315,74.07302,N,,127,16:45,120P04734