CRASH_ID,CTY_NAME,MUN_NAME,DATE,DAY,TIME,POL_CODE,POL_DEPT,POL_STA,KILLED,INJURED,PED_KILL,PED_INJ,SEVERITY,INTERSEC,ALCOHOL,HAZMAT,CRASH_TYPE,VEH_COUNT,LOCATION,LOC_DIR,ROUTE,RT_SFX,SRI,MP,RD_SYS,RD_CHAR,RD_SURF,SURF_COND,LIGHT,WEATHER,RD_DIV,RD_WRKZN,X_DIST,DIST_UNT,X_DIR,X_NAME,IS_RAMP,RAMP_RT,RAMP_DIR,SPD_LMT,SPD_X,LAT,LONG,CELL_USE,PROP_DMG,BADGE,TIME_ROUND,TMC
20150212ER-15-10281            ,BERGEN      ,EAST RUTHERFORD BORO    ,10/28/2015,W ,1848,1,EAST RUTHERFORD PD       ,,0,0,0,0,P,B,N,N,2,2,NJ 3                                              ,W,3,,00000003__      ,7.3,2,1,2,2,6,2,1,1,,,,,,,,55,,,,N,NONE                                                                            ,*****,18:50,120P04735
20130212ER-13-06766            ,BERGEN      ,EAST RUTHERFORD BORO    ,8/3/2013,SA,1135,1,EAST RUTHERFORD PD       ,,0,0,0,0,P,B,N,N,11,1,NJ 3                                              ,W,3,,00000003__      ,7.6,2,1,2,2,1,2,1,1,,,,,,,,55,,,,N,,142,11:35,120+04735
20140212ER-14-11043            ,BERGEN      ,EAST RUTHERFORD BORO    ,12/5/2014,F ,1723,1,EAST RUTHERFORD PD       ,,0,0,0,0,P,B,N,N,1,2,NJ 3                                              ,W,3,,00000003__      ,7.9,2,1,2,2,6,2,1,1,,,,,,,,55,,40.80003,74.07087,N,,127,17:25,120+04734
20170212ER-17-10253            ,BERGEN      ,EAST RUTHERFORD BORO    ,11/28/2017,TU,1153,1,EAST RUTHERFORD PD       ,,0,1,0,0,I,B,N,N,1,2,NJ 3                                              ,W,3,,00000003__      ,8.1,2,,2,1,1,1,1,1,,,,,,,,55,,,,N,,145,11:55,120+04734
20140212ER-14-11197            ,BERGEN      ,EAST RUTHERFORD BORO    ,12/11/2014,TH,143,1,EAST RUTHERFORD PD       ,,0,0,0,0,P,B,Y,N,11,1,NJ 3                                              ,W,3,,00000003__      ,7.9,2,1,2,2,7,3,3,1,,,,,,,,55,,40.80003,74.07087,N,,145,1:45,120+04734
20160212ER-16-08960            ,BERGEN      ,EAST RUTHERFORD BORO    ,10/21/2016,F ,650,1,EAST RUTHERFORD PD       ,ERPD           ,0,1,0,0,I,B,N,N,2,2,NJ 3                                              ,W,3,,00000003__      ,8,2,1,2,1,2,1,1,,,,,,,,,55,,,,N,,143,6:50,120+04734
20130212ER-13-06849            ,BERGEN      ,EAST RUTHERFORD BORO    ,8/5/2013,M ,720,1,EAST RUTHERFORD PD       ,,0,0,0,0,P,B,N,N,2,2,NJ 3                                              ,W,3,,00000003__      ,8.3,2,2,2,1,1,1,1,1,,,,,,,,55,,,,N,,141,7:20,120+04734
20170212ER-17-10488            ,BERGEN      ,EAST RUTHERFORD BORO    ,12/6/2017,WE,1749,1,EAST RUTHERFORD PD       ,,0,0,0,0,P,B,N,N,2,2,NJ 3                                              ,W,3,,00000003__      ,6.96,2,,2,1,6,1,1,1,,,,,,,,55,,,,N,,142,17:50,120P04736
20160212ER-16-08961            ,BERGEN      ,EAST RUTHERFORD BORO    ,10/21/2016,F ,657,1,EAST RUTHERFORD PD       ,,0,2,0,0,I,B,N,N,1,4,NJ 3                                              ,W,3,,00000003__      ,8.08,2,1,2,1,1,1,1,1,,,,,,,,55,,,,N,,141,6:55,120+04734
20130212ER-13-06851            ,BERGEN      ,EAST RUTHERFORD BORO    ,8/5/2013,M ,720,1,EAST RUTHERFORD PD       ,,0,0,0,0,P,B,N,N,2,2,NJ 3                                              ,W,3,,00000003__      ,8.3,2,2,2,1,1,1,1,1,,,,,,,,55,,,,N,,141,7:20,120+04734
20140212ER-14-11390            ,BERGEN      ,EAST RUTHERFORD BORO    ,12/17/2014,W ,1732,1,EAST RUTHERFORD PD       ,EAST RUTHERFORD,0,0,0,0,P,B,N,N,1,2,NJ 3                                              ,W,3,,00000003__      ,6.96,2,4,2,1,3,1,1,1,,,,,,,,50,,40.8108,74.08621,N,,146,17:30,120P04736
20180212ER-18-06649            ,BERGEN      ,EAST RUTHERFORD BORO    ,8/28/2018,TU,1736,1,EAST RUTHERFORD PD       ,,0,0,0,0,P,B,N,N,1,2,NJ 3                                              ,W,3,,00000003__      ,6.96,2,,1,1,1,1,1,1,,,,,,,,55,,,,N,,126,17:35,120P04736
20170212ER-17-10578            ,BERGEN      ,EAST RUTHERFORD BORO    ,12/9/2017,SA,958,1,EAST RUTHERFORD PD       ,,0,0,0,0,P,B,N,N,1,2,NJ 3                                              ,W,3,,00000003__      ,7.2,2,,2,2,1,3,1,1,,,,,,,,55,,,,N,,139,10:00,120P04735
20130212ER-13-06986            ,BERGEN      ,EAST RUTHERFORD BORO    ,8/9/2013,F ,758,1,EAST RUTHERFORD PD       ,,0,2,0,0,I,B,N,N,2,2,NJ 3                                              ,W,3,,00000003__      ,7.5,2,1,2,2,1,1,1,1,,,,,F,NJTP                     ,,55,,,,N,,139,8:00,120+04735
20150212ER-15-10509            ,BERGEN      ,EAST RUTHERFORD BORO    ,11/6/2015,F ,123,1,EAST RUTHERFORD PD       ,EAST RUTHERFORD,0,0,0,0,P,I,N,N,1,2,NJ 3                                              ,W,3,,00000003__      ,7.96,2,1,2,1,6,1,2,1,,AT,,NJ 120                             ,,,,55,35,,,N,,143,1:25,120+04734
20180212ER-18-06680            ,BERGEN      ,EAST RUTHERFORD BORO    ,8/29/2018,WE,1611,1,EAST RUTHERFORD PD       ,,0,0,0,0,P,B,N,N,2,2,NJ 3                                              ,W,3,,00000003__      ,6.87,2,,2,1,1,1,1,1,,,W,,,,,55,,,,N,,141,16:10,120+04737
20170212ER-17-10832            ,BERGEN      ,EAST RUTHERFORD BORO    ,12/17/2017,SU,1743,1,EAST RUTHERFORD PD       ,,0,0,0,0,P,B,N,N,1,2,NJ 3                                              ,W,3,,00000003__      ,7.1,2,,2,1,4,1,1,1,,,,,,,,55,,,,N,,139,17:45,120P04735
20130212ER-13-07177            ,BERGEN      ,EAST RUTHERFORD BORO    ,8/15/2013,TH,855,1,EAST RUTHERFORD PD       ,,0,2,0,1,I,I,N,N,13,1,NJ 3                                              ,W,3,,00000003__      ,8,2,1,2,1,1,1,2,1,,AT,W,,,,,55,,,,N,,139,8:55,120+04734
20160212ER-16-09040            ,BERGEN      ,EAST RUTHERFORD BORO    ,10/23/2016,S ,2017,1,EAST RUTHERFORD PD       ,,0,0,0,0,P,B,N,N,1,2,NJ 3                                              ,W,3,,00000003__      ,8,2,1,2,1,6,1,1,1,,,,,,,,55,,,,N,,149,20:15,120+04734
20180212ER-18-06826            ,BERGEN      ,EAST RUTHERFORD BORO    ,9/4/2018,TU,914,1,EAST RUTHERFORD PD       ,,0,0,0,0,P,I,N,N,1,2,NJ 3                                              ,W,3,,00000003__      ,6.86,2,,2,1,1,1,1,1,,AT,W,,,,,55,,,,N,,141,9:15,120+04737
20160212ER-16-09134            ,BERGEN      ,EAST RUTHERFORD BORO    ,10/27/2016,TH,1133,1,EAST RUTHERFORD PD       ,,0,1,0,0,I,B,N,N,11,1,NJ 3                                              ,W,3,,00000003__      ,7.5,2,1,2,2,1,2,1,1,,,,,,,,55,,,,N,,141,11:35,120+04735
20170212ER-17-10866            ,BERGEN      ,EAST RUTHERFORD BORO    ,12/18/2017,MO,1758,1,EAST RUTHERFORD PD       ,,0,0,0,0,P,B,N,N,1,2,NJ 3                                              ,W,3,,00000003__      ,7.8,2,,2,1,6,1,1,1,,,,,,,,55,,,,N,,154,18:00,120P04734
20130212ER-13-07239            ,BERGEN      ,EAST RUTHERFORD BORO    ,8/16/2013,F ,2311,1,EAST RUTHERFORD PD       ,,0,0,0,0,P,B,N,N,1,2,NJ 3                                              ,W,3,,00000003__      ,8.1,2,1,2,1,7,1,1,2,,,,,,,,55,,,,N,,145,23:10,120+04734
20170212ER-17-10902            ,BERGEN      ,EAST RUTHERFORD BORO    ,12/20/2017,WE,1838,1,EAST RUTHERFORD PD       ,,0,0,0,0,P,B,N,N,2,2,NJ 3                                              ,W,3,,00000003__      ,7.05,2,,2,1,6,1,1,1,,,,,,,,55,,,,N,,152,18:40,120+04736
20180212ER-18-06848            ,BERGEN      ,EAST RUTHERFORD BORO    ,9/4/2018,TU,1734,1,EAST RUTHERFORD PD       ,,0,0,0,0,P,B,N,N,2,2,NJ 3                                              ,W,3,,00000003__      ,7.6,2,,2,1,1,1,1,1,,,,,,,,55,,,,N,,141,17:35,120+04735
20140212ER-14-11527            ,BERGEN      ,EAST RUTHERFORD BORO    ,12/24/2014,W ,0,1,EAST RUTHERFORD PD       ,,0,0,0,0,P,B,N,N,1,3,NJ 3                                              ,W,3,,00000003__      ,7.8,2,1,2,1,6,1,1,1,,,,,,,,55,,40.80148,74.07217,N,NONE                                                                            ,151,0:00,120P04734
20150212ER-15-10700            ,BERGEN      ,EAST RUTHERFORD BORO    ,11/11/2015,W ,1807,1,EAST RUTHERFORD PD       ,,0,0,0,0,P,B,N,N,1,2,NJ 3                                              ,W,3,,00000003__      ,6.86,2,1,2,1,6,1,1,1,,,N,,,,,55,,,,N,NONE                                                                            ,,18:05,120+04737
20140212ER-14-11608            ,BERGEN      ,EAST RUTHERFORD BORO    ,12/24/2014,W ,1025,1,EAST RUTHERFORD PD       ,,0,0,0,0,P,B,N,N,11,1,NJ 3                                              ,W,3,,00000003__      ,7.5,2,1,2,2,1,2,1,1,,,,,,,,55,,40.80615,74.07542,N,,127,10:25,120+04735
20130212ER-13-07416            ,BERGEN      ,EAST RUTHERFORD BORO    ,8/22/2013,TH,1413,1,EAST RUTHERFORD PD       ,,0,0,0,0,P,B,N,N,11,1,NJ 3                                              ,W,3,,00000003__      ,7.9,2,5,2,2,1,2,2,1,,,,,F,NJ TURNPIKE              ,NB,35,,,,N,NONE                                                                            ,131,14:15,120+04734
20160212ER-16-09206            ,BERGEN      ,EAST RUTHERFORD BORO    ,10/30/2016,S ,305,1,EAST RUTHERFORD PD       ,,0,0,0,0,P,B,N,N,1,2,NJ 3                                              ,W,3,,00000003__      ,8.1,2,5,2,1,6,1,1,1,,,,,,,,55,,,,N,,146,3:05,120+04734
20170212ER-17-10992            ,BERGEN      ,EAST RUTHERFORD BORO    ,12/24/2017,SU,407,1,EAST RUTHERFORD PD       ,E.R.P.D.       ,0,1,0,0,I,B,N,N,99,2,NJ 3                                              ,W,3,,00000003__      ,8.14,2,,2,2,6,1,1,1,,,,,,,,55,,,,N,PAINT TRANSFER ON GUARDRAIL FACE.                                               ,153,4:05,120+04734
20180212ER-18-06900            ,BERGEN      ,EAST RUTHERFORD BORO    ,9/6/2018,TH,2241,1,EAST RUTHERFORD PD       ,,0,0,0,0,P,B,N,N,2,2,NJ 3                                              ,W,3,,00000003__      ,6.96,2,,2,2,6,1,1,1,,,,,,,,55,,,,N,,154,22:40,120P04736
20140212ER-14-11610            ,BERGEN      ,EAST RUTHERFORD BORO    ,12/24/2014,W ,1059,1,EAST RUTHERFORD PD       ,,0,0,0,0,P,B,N,N,11,1,NJ 3                                              ,W,3,,00000003__      ,7.5,2,1,2,2,1,2,1,1,,,,,,,,55,,40.80615,74.07542,N,,127,11:00,120+04735
20130212ER-13-07456            ,BERGEN      ,EAST RUTHERFORD BORO    ,8/24/2013,SA,349,1,EAST RUTHERFORD PD       ,,0,1,0,0,I,B,Y,N,11,1,NJ 3                                              ,W,3,,00000003__      ,7.6,2,1,2,1,6,1,1,1,,,,,F,TURNPIKE                 ,,55,,,,N,,146,3:50,120+04735
20160212ER-16-09379            ,BERGEN      ,EAST RUTHERFORD BORO    ,11/4/2016,F ,1843,1,EAST RUTHERFORD PD       ,,0,0,0,0,P,B,N,N,2,2,NJ 3                                              ,W,3,,00000003__      ,8.1,2,2,1,1,6,1,1,1,,,,,,,,55,,,,N,NONE OBSERVED                                                                   ,154,18:45,120+04734
20160212ER-16-09418            ,BERGEN      ,EAST RUTHERFORD BORO    ,11/5/2016,SA,2202,1,EAST RUTHERFORD PD       ,,0,0,0,0,P,B,N,N,2,2,NJ 3                                              ,W,3,,00000003__      ,8.1,2,1,2,1,6,1,1,1,,,,,T,NJ 120                   ,NB,55,,,,N,,152,22:00,120+04734
2014025614-00892               ,BERGEN      ,RUTHERFORD BORO         ,1/10/2014,F ,1732,1,RUTHERFORD PD            ,,0,1,0,0,I,I,N,N,1,3,NJ 3                                              ,W,3,,00000003__      ,5.2,2,2,2,2,6,2,1,2,,AT,N,,,,,45,,40.82063,74.11999,N,,,17:30,120P04738
20150212ER-15-10819            ,BERGEN      ,EAST RUTHERFORD BORO    ,11/15/2015,S ,2049,1,EAST RUTHERFORD PD       ,,0,0,0,0,P,B,N,N,1,2,NJ 3                                              ,W,3,,00000003__      ,6.96,2,4,2,1,6,1,2,1,,,,,,,,55,,,,N,NONE                                                                            ,150,20:50,120P04736
20130212ER-13-07761            ,BERGEN      ,EAST RUTHERFORD BORO    ,9/3/2013,TU,1514,1,EAST RUTHERFORD PD       ,,0,3,0,0,I,B,N,N,1,2,NJ 3                                              ,W,3,,00000003__      ,8,2,2,2,1,1,1,1,1,,,,,,,,55,,,,N,,148,15:15,120+04734
20170212ER17-01190             ,BERGEN      ,EAST RUTHERFORD BORO    ,2/9/2017,TH,1108,1,EAST RUTHERFORD PD       ,,0,0,0,0,P,B,N,N,3,2,NJ 3                                              ,W,3,,00000003__      ,8,2,,2,3,1,3,1,1,,,,,,,,55,,,,N,,144,11:10,120+04734
2014025614-00902               ,BERGEN      ,RUTHERFORD BORO         ,1/10/2014,F ,1859,1,RUTHERFORD PD            ,,0,0,0,0,P,I,N,N,1,2,NJ 3                                              ,W,3,,00000003__      ,5,2,5,2,2,6,2,1,2,,AT,N,,F,RIVERSIDE AVE            ,WB,45,,40.82242,74.12299,N,,85,19:00,120+04739
20150212ER-15-10820            ,BERGEN      ,EAST RUTHERFORD BORO    ,11/15/2015,S ,2101,1,EAST RUTHERFORD PD       ,,0,0,0,0,P,B,N,N,1,2,NJ 3                                              ,W,3,,00000003__      ,7,2,2,2,1,6,1,1,1,,,N,,,,,55,,,,N,,*****,21:00,120P04736
2014025614-00921               ,BERGEN      ,RUTHERFORD BORO         ,1/10/2014,F ,2343,1,RUTHERFORD PD            ,,0,0,0,0,P,B,N,N,1,3,NJ 3                                              ,W,3,,00000003__      ,5,2,2,2,2,6,2,1,2,,,,,,,,45,,40.82242,74.12299,N,,85,23:45,120+04739
20180212ER-18-07079            ,BERGEN      ,EAST RUTHERFORD BORO    ,9/12/2018,WE,1742,1,EAST RUTHERFORD PD       ,,0,0,0,0,P,B,N,N,1,2,NJ 3                                              ,W,3,,00000003__      ,6.9,2,,2,2,7,2,1,1,,,,,,,,50,,,,N,,155,17:40,120+04737
20150212ER-15-10928            ,BERGEN      ,EAST RUTHERFORD BORO    ,11/18/2015,W ,1701,1,EAST RUTHERFORD PD       ,,0,1,0,0,I,B,N,N,1,2,NJ 3                                              ,W,3,,00000003__      ,7.2,2,1,2,1,6,1,1,1,,,,,,,,55,,,,N,,141,17:00,120P04735
20160212ER-16-09496            ,BERGEN      ,EAST RUTHERFORD BORO    ,11/7/2016,M ,1359,1,EAST RUTHERFORD PD       ,,0,0,0,0,P,B,N,N,2,2,NJ 3                                              ,W,3,,00000003__      ,7.5,2,1,2,1,1,1,1,1,,,,,,,,55,,,,N,,144,14:00,120+04735
2014025614-01022               ,BERGEN      ,RUTHERFORD BORO         ,1/12/2014,S ,1053,1,RUTHERFORD PD            ,,0,0,0,0,P,I,N,N,1,2,NJ 3                                              ,W,3,,00000003__      ,5,2,2,2,1,1,1,1,2,,AT,N,,F,RIVERSIDE AVE 507        ,,45,,40.82242,74.12299,N,,,10:55,120+04739
20130212ER-13-07985            ,BERGEN      ,EAST RUTHERFORD BORO    ,9/9/2013,M ,1833,1,EAST RUTHERFORD PD       ,,0,0,0,0,P,B,N,N,2,2,NJ 3                                              ,W,3,,00000003__      ,7,2,1,2,1,1,1,1,1,,,,,,,,55,,,,N,,149,18:35,120P04736
20160212ER-16-09511            ,BERGEN      ,EAST RUTHERFORD BORO    ,11/7/2016,M ,1828,1,EAST RUTHERFORD PD       ,E.R.P.D.       ,0,1,0,0,I,B,N,N,1,3,NJ 3                                              ,W,3,,00000003__      ,7.45,2,1,2,1,6,1,1,1,,,,,,,,55,,,,N,,153,18:30,120+04735
20180212ER-18-07132            ,BERGEN      ,EAST RUTHERFORD BORO    ,9/14/2018,FR,1926,1,EAST RUTHERFORD PD       ,,0,0,0,0,P,B,N,N,2,2,NJ 3                                              ,W,3,,00000003__      ,8.4,2,,2,1,6,1,1,1,,,,,,,,55,,,,N,,146,19:25,120P04733
2014025614-01345               ,BERGEN      ,RUTHERFORD BORO         ,1/16/2014,TH,1800,1,RUTHERFORD PD            ,,0,1,0,0,I,I,N,N,1,2,NJ 3                                              ,W,3,,00000003__      ,6.3,2,2,2,1,6,1,1,1,,AT,N,,,,,55,,40.81095,74.10137,N,,84,18:00,120P04737
20130212ER-13-08116            ,BERGEN      ,EAST RUTHERFORD BORO    ,9/13/2013,F ,1700,1,EAST RUTHERFORD PD       ,ERPD           ,0,0,0,0,P,B,N,N,6,2,NJ 3                                              ,W,3,,00000003__      ,7.2,2,1,2,1,3,1,1,1,,,,,,,,55,,,,N,,143,17:00,120P04735
20180212ER-18-07186            ,BERGEN      ,EAST RUTHERFORD BORO    ,9/17/2018,MO,2122,1,EAST RUTHERFORD PD       ,,0,0,0,0,P,B,N,N,1,3,NJ 3                                              ,W,3,,00000003__      ,7.27,2,,2,1,6,1,1,5,,,,,,,,55,,,,N,,146,21:20,120P04735
20150212ER-15-112710           ,BERGEN      ,EAST RUTHERFORD BORO    ,11/29/2015,S ,1712,1,EAST RUTHERFORD PD       ,,0,0,0,0,P,B,N,N,1,2,NJ 3                                              ,W,3,,00000003__      ,7.4,2,2,2,1,6,1,1,1,,,N,,,,,55,,,,N,,139,17:10,120+04735
2014025614-01353               ,BERGEN      ,RUTHERFORD BORO         ,1/16/2014,TH,1921,1,RUTHERFORD PD            ,,0,0,0,0,P,I,N,N,1,2,NJ 3                                              ,W,3,,00000003__      ,5.5,2,1,2,1,6,1,1,2,,AT,N,,,,,45,,40.81781,74.11557,N,,84,19:20,120P04738
20150212ER-15-11303            ,BERGEN      ,EAST RUTHERFORD BORO    ,11/30/2015,M ,1811,1,EAST RUTHERFORD PD       ,ERPD           ,0,0,0,0,P,B,N,N,1,2,NJ 3                                              ,W,3,,00000003__      ,7.9,2,1,2,1,6,1,1,1,,,N,,,,,55,,,,N,,143,18:10,120+04734
20180212ER-18-07196            ,BERGEN      ,EAST RUTHERFORD BORO    ,9/17/2018,MO,714,1,EAST RUTHERFORD PD       ,,0,0,0,0,P,B,N,N,2,2,NJ 3                                              ,W,3,,00000003__      ,7.9,2,,2,1,1,1,1,1,,,,,,,,55,,,,N,,142,7:15,120+04734
20160212ER-16-09643            ,BERGEN      ,EAST RUTHERFORD BORO    ,11/12/2016,SA,435,1,EAST RUTHERFORD PD       ,,0,1,0,0,I,B,Y,N,11,1,NJ 3                                              ,W,3,,00000003__      ,8.49,2,2,2,1,6,1,1,1,,,,,,,,55,,,,N,,146,4:35,120P04733
20160212ER-16-09713            ,BERGEN      ,EAST RUTHERFORD BORO    ,11/15/2016,TU,52,1,EAST RUTHERFORD PD       ,,0,0,0,0,P,B,N,N,13,1,NJ 3                                              ,W,3,,00000003__      ,7.9,2,1,2,1,6,1,1,1,,,,,,,,55,,,,N,NONE OBSERVED                                                                   ,154,5:50,120+04734
20170212ER17-02278             ,BERGEN      ,EAST RUTHERFORD BORO    ,3/23/2017,TH,713,1,EAST RUTHERFORD PD       ,,0,0,0,0,P,B,N,N,2,2,NJ 3                                              ,W,3,,00000003__      ,7.9,2,,2,1,1,1,3,1,,,,,,,,55,,,,N,,140,7:15,120+04734
20150212ER-15-11370            ,BERGEN      ,EAST RUTHERFORD BORO    ,12/3/2015,TH,915,1,EAST RUTHERFORD PD       ,,0,0,0,0,P,B,N,N,2,2,NJ 3                                              ,W,3,,00000003__      ,8.2,2,1,2,1,1,1,1,1,,,,,,,,55,,,,N,,146,9:15,120+04734
20130212ER-13-08519            ,BERGEN      ,EAST RUTHERFORD BORO    ,9/23/2013,M ,1357,1,EAST RUTHERFORD PD       ,117 STANLEY ST ,0,0,0,0,P,B,N,N,1,2,NJ 3                                              ,W,3,,00000003__      ,8.49,2,3,2,1,1,1,5,1,,,,,,,,55,,,,N,NO                                                                              ,117,13:55,120P04733
2014025614-01376               ,BERGEN      ,RUTHERFORD BORO         ,1/17/2014,F ,522,1,RUTHERFORD PD            ,,0,0,0,0,P,I,N,N,11,1,NJ 3                                              ,W,3,,00000003__      ,6.4,2,4,2,1,6,1,5,1,,AT,N,,T,NJ 17                    ,NB,55,,40.81044,74.09915,N,,84,5:20,120+04737
20180212ER-18-07236            ,BERGEN      ,EAST RUTHERFORD BORO    ,9/18/2018,TU,1405,1,EAST RUTHERFORD PD       ,,0,0,0,0,P,B,N,N,11,2,NJ 3                                              ,W,3,,00000003__      ,7.2,2,,2,2,1,2,1,1,,,,,,,,55,,,,N,,141,14:05,120P04735
20150212ER-15-11714            ,BERGEN      ,EAST RUTHERFORD BORO    ,12/12/2015,SA,1606,1,EAST RUTHERFORD PD       ,,0,0,0,0,P,I,N,N,2,2,NJ 3                                              ,W,3,,00000003__      ,7.27,2,1,2,1,1,1,1,1,,AT,N,N SERVICE RD                       ,,,,55,35,,,N,,146,16:05,120P04735
20170212ER17-02408             ,BERGEN      ,EAST RUTHERFORD BORO    ,3/26/2017,SU,626,1,EAST RUTHERFORD PD       ,1,0,0,0,0,P,I,N,N,3,2,NJ 3                                              ,W,3,,00000003__      ,7.5,2,,2,2,5,5,2,1,,AT,W,NEW JERSEY TURNPIKE                ,,,,55,,,,N,,131,6:25,120+04735
20130212ER-13-08520            ,BERGEN      ,EAST RUTHERFORD BORO    ,9/23/2013,M ,1413,1,EAST RUTHERFORD PD       ,,0,0,0,0,P,B,N,N,1,2,NJ 3                                              ,W,3,,00000003__      ,8,2,2,2,1,1,1,1,1,,,,,,,,55,,,,N,,121,14:15,120+04734
2014025614-01443               ,BERGEN      ,RUTHERFORD BORO         ,1/17/2014,F ,1613,1,RUTHERFORD PD            ,,0,2,0,0,I,I,N,N,1,3,NJ 3                                              ,W,3,,00000003__      ,6.3,2,2,2,1,1,1,1,1,,AT,N,,,,,55,,40.81095,74.10137,N,,,16:15,120P04737
20170212ER17-02504             ,BERGEN      ,EAST RUTHERFORD BORO    ,3/28/2017,TU,921,1,EAST RUTHERFORD PD       ,,0,0,0,0,P,B,N,N,2,2,NJ 3                                              ,W,3,,00000003__      ,7.3,2,,2,1,1,5,1,1,,,,,,,,55,,,,N,,139,9:20,120P04735
20150212ER-15-11768            ,BERGEN      ,EAST RUTHERFORD BORO    ,12/14/2015,M ,1442,1,EAST RUTHERFORD PD       ,,0,0,0,0,P,B,N,N,1,2,NJ 3                                              ,W,3,,00000003__      ,7.4,2,1,2,1,1,5,5,1,,,,,,,,55,,,,N,,144,14:40,120+04735
20160212ER-16-09757            ,BERGEN      ,EAST RUTHERFORD BORO    ,11/16/2016,W ,920,1,EAST RUTHERFORD PD       ,,0,0,0,0,P,B,N,N,1,2,NJ 3                                              ,W,3,,00000003__      ,8.4,2,2,2,1,1,1,1,1,,,,,,,,55,,,,N,,144,9:20,120P04733
20180212ER-18-07411            ,BERGEN      ,EAST RUTHERFORD BORO    ,9/24/2018,MO,1502,1,EAST RUTHERFORD PD       ,,0,1,0,0,I,B,N,N,2,2,NJ 3                                              ,W,3,,00000003__      ,8.4,2,,2,1,1,1,5,1,,,W,,,,,50,,,,N,,139,15:00,120P04733
20130212ER-13-08524            ,BERGEN      ,EAST RUTHERFORD BORO    ,9/23/2013,M ,1801,1,EAST RUTHERFORD PD       ,,0,0,0,0,P,B,N,N,1,3,NJ 3                                              ,W,3,,00000003__      ,8.49,2,2,2,1,1,1,1,1,,,,,,,,55,,,,N,,142,18:00,120P04733
2014025614-01674               ,BERGEN      ,RUTHERFORD BORO         ,1/20/2014,M ,1611,1,RUTHERFORD PD            ,,0,1,0,0,I,I,N,N,1,2,NJ 3                                              ,W,3,,00000003__      ,5.1,2,1,2,1,3,1,4,2,,AT,,,,,,45,,40.82154,74.12145,N,,88,16:10,120+04739
20170212ER17-02748             ,BERGEN      ,EAST RUTHERFORD BORO    ,4/4/2017,TU,312,1,EAST RUTHERFORD PD       ,,0,0,0,0,P,B,N,N,11,1,NJ 3                                              ,W,3,,00000003__      ,7.1,2,,2,2,7,2,1,1,,,,,,,,55,,,,N,,152,3:10,120P04735
20160212ER-16-09761            ,BERGEN      ,EAST RUTHERFORD BORO    ,11/16/2016,W ,1146,1,EAST RUTHERFORD PD       ,,0,0,0,0,P,B,N,N,2,3,NJ 3                                              ,W,3,,00000003__      ,7.5,2,1,2,1,1,1,1,1,,,,,,,,55,,,,N,,144,11:45,120+04735
20150212ER-15-11803            ,BERGEN      ,EAST RUTHERFORD BORO    ,12/15/2015,TU,1752,1,EAST RUTHERFORD PD       ,,0,1,0,0,I,B,N,N,1,3,NJ 3                                              ,W,3,,00000003__      ,7.8,2,1,2,1,6,1,1,1,,,W,,,,,55,,,,N,NONE                                                                            ,*****,17:50,120P04734
20130212ER-13-08579            ,BERGEN      ,EAST RUTHERFORD BORO    ,9/25/2013,W ,1537,1,EAST RUTHERFORD PD       ,,0,0,0,0,P,I,N,N,1,2,NJ 3                                              ,W,3,,00000003__      ,8.1,2,2,2,1,1,1,1,1,,AT,W,,,,,55,,,,N,,148,15:35,120+04734
20130212ER-13-08634            ,BERGEN      ,EAST RUTHERFORD BORO    ,9/26/2013,TH,1928,1,EAST RUTHERFORD PD       ,,0,0,0,0,P,I,Y,N,11,1,NJ 3                                              ,W,3,,00000003__      ,8,2,6,2,1,6,1,1,1,,AT,S,NJ 120                             ,,,,55,,,,N,NONE                                                                            ,151,19:30,120+04734
20150212ER-15-11825            ,BERGEN      ,EAST RUTHERFORD BORO    ,12/16/2015,W ,1833,1,EAST RUTHERFORD PD       ,,0,0,0,0,P,B,N,N,1,2,NJ 3                                              ,W,3,,00000003__      ,8,2,1,2,1,6,1,1,1,,,W,,,,,55,,,,N,,*****,18:35,120+04734
20170212ER17-03547             ,BERGEN      ,EAST RUTHERFORD BORO    ,4/24/2017,MO,1856,1,EAST RUTHERFORD PD       ,,0,0,0,0,P,B,N,N,2,2,NJ 3                                              ,W,3,,00000003__      ,8.1,2,,2,1,1,1,1,1,,,,,,,,55,,,,N,,147,18:55,120+04734
20160212ER-16-09768            ,BERGEN      ,EAST RUTHERFORD BORO    ,11/16/2016,W ,1807,1,EAST RUTHERFORD PD       ,E.R.P.D.       ,0,0,0,0,P,B,N,N,1,2,NJ 3                                              ,W,3,,00000003__      ,8.2,2,2,2,1,6,1,1,1,,,,,,,,55,,,,N,,153,18:05,120+04734
20170212ER17-04216             ,BERGEN      ,EAST RUTHERFORD BORO    ,5/13/2017,SA,511,1,EAST RUTHERFORD PD       ,ER.PD          ,0,0,0,0,P,B,N,N,11,1,NJ 3                                              ,W,3,,00000003__      ,6.9,2,,2,2,2,2,1,1,,,,,,,,55,,,,N,,153,5:10,120+04737
20160212ER-16-09798            ,BERGEN      ,EAST RUTHERFORD BORO    ,11/17/2016,TH,1840,1,EAST RUTHERFORD PD       ,E.R.P.D.       ,0,0,0,0,P,B,N,N,2,2,NJ 3                                              ,W,3,,00000003__      ,7,2,5,2,1,6,1,1,1,,,,,,,,55,,,,N,,153,18:40,120P04736
20130212ER-13-08639            ,BERGEN      ,EAST RUTHERFORD BORO    ,9/27/2013,F ,26,1,EAST RUTHERFORD PD       ,,0,0,0,0,P,I,N,N,2,2,NJ 3                                              ,W,3,,00000003__      ,8.4,2,1,2,1,6,1,1,1,,AT,W,,,,,55,,,,N,,146,2:25,120P04733
2014025614-01889               ,BERGEN      ,RUTHERFORD BORO         ,1/22/2014,W ,1711,1,RUTHERFORD PD            ,,0,0,0,0,P,I,N,N,2,2,NJ 3                                              ,W,3,,00000003__      ,5,2,2,2,3,3,1,1,2,,AT,N,,,,,50,,40.82242,74.12299,N,,83,17:10,120+04739
20170212ER17-04239             ,BERGEN      ,EAST RUTHERFORD BORO    ,5/14/2017,SU,707,1,EAST RUTHERFORD PD       ,,0,0,0,0,P,I,N,N,3,2,NJ 3                                              ,W,3,,00000003__      ,6.96,2,,2,1,1,1,1,1,,AT,,NORTH SERVICE RD                   ,,,,55,40,,,N,,144,7:05,120P04736
20180212ER-18-07529            ,BERGEN      ,EAST RUTHERFORD BORO    ,9/28/2018,FR,1704,1,EAST RUTHERFORD PD       ,,0,0,0,0,P,B,N,N,2,2,NJ 3                                              ,W,3,,00000003__      ,7.5,2,,2,1,1,1,1,1,,,,,,,,55,,,,N,,140,17:05,120+04735
20130212ER-13-08681            ,BERGEN      ,EAST RUTHERFORD BORO    ,9/28/2013,SA,2341,1,EAST RUTHERFORD PD       ,,0,0,0,0,P,I,N,N,2,2,NJ 3                                              ,W,3,,00000003__      ,8.2,2,1,2,1,6,1,1,1,,AT,W,NEW JERSEY TURNPIKE                ,,,,55,,,,N,,152,23:40,120+04734
20160212ER-16-09995            ,BERGEN      ,EAST RUTHERFORD BORO    ,11/23/2016,W ,2128,1,EAST RUTHERFORD PD       ,,0,0,0,0,P,B,N,N,2,2,NJ 3                                              ,W,3,,00000003__      ,6.86,2,1,2,1,6,1,1,1,,,,,,,,55,,,,N,,149,21:30,120+04737
20170212ER17-04412             ,BERGEN      ,EAST RUTHERFORD BORO    ,5/18/2017,TH,1858,1,EAST RUTHERFORD PD       ,ERPD           ,0,0,0,0,P,B,N,N,2,2,NJ 3                                              ,W,3,,00000003__      ,7.3,2,,2,1,1,1,1,1,,,,,,,,55,,,,N,,153,19:00,120P04735
20130212ER-13-10081            ,BERGEN      ,EAST RUTHERFORD BORO    ,11/7/2013,TH,1727,1,EAST RUTHERFORD PD       ,ERPD           ,0,0,0,0,P,I,N,N,1,3,NJ 3                                              ,W,3,,00000003__      ,7.8,2,1,2,2,6,1,1,2,,AT,N,,,,,55,,,,N,,148,17:25,120P04734