CRASH_ID,CTY_NAME,MUN_NAME,DATE,DAY,TIME,POL_CODE,POL_DEPT,POL_STA,KILLED,INJURED,PED_KILL,PED_INJ,SEVERITY,INTERSEC,ALCOHOL,HAZMAT,CRASH_TYPE,VEH_COUNT,LOCATION,LOC_DIR,ROUTE,RT_SFX,SRI,MP,RD_SYS,RD_CHAR,RD_SURF,SURF_COND,LIGHT,WEATHER,RD_DIV,RD_WRKZN,X_DIST,DIST_UNT,X_DIR,X_NAME,IS_RAMP,RAMP_RT,RAMP_DIR,SPD_LMT,SPD_X,LAT,LONG,CELL_USE,PROP_DMG,BADGE,TIME_ROUND,TMC
20160212ER-16-10124            ,BERGEN      ,EAST RUTHERFORD BORO    ,11/27/2016,S ,2034,1,EAST RUTHERFORD PD       ,,0,1,0,0,I,B,N,N,1,2,NJ 3                                              ,W,3,,00000003__      ,6.9,2,2,2,1,6,1,1,1,,,,,,,,55,,,,N,,147,20:35,120+04737
20150212ER-15-12064            ,BERGEN      ,EAST RUTHERFORD BORO    ,12/23/2015,W ,1203,1,EAST RUTHERFORD PD       ,,0,0,0,0,P,B,N,N,11,1,NJ 3                                              ,W,3,,00000003__      ,7.56,2,5,2,2,1,2,5,1,,,W,,,,,55,,,,N,,144,12:05,120+04735
20130212ER-13-10279            ,BERGEN      ,EAST RUTHERFORD BORO    ,11/13/2013,W ,1830,1,EAST RUTHERFORD PD       ,EAST RUTHERFORD,0,0,0,0,P,B,N,N,2,2,NJ 3                                              ,W,3,,00000003__      ,8,2,1,2,,6,1,4,,,,,,F,NJ 120                   ,SB,55,,,,N,,143,18:30,120+04734
20180212ER-18-07560            ,BERGEN      ,EAST RUTHERFORD BORO    ,9/29/2018,SA,2001,1,EAST RUTHERFORD PD       ,,0,0,0,0,P,B,N,N,11,1,NJ 3                                              ,W,3,,00000003__      ,8.49,2,,1,1,6,1,1,1,,,,,,,,55,,,,N,,152,20:00,120P04733
2014025614-01977               ,BERGEN      ,RUTHERFORD BORO         ,1/23/2014,TH,1505,1,RUTHERFORD PD            ,,0,0,0,0,P,I,N,N,1,2,NJ 3                                              ,W,3,,00000003__      ,5,2,6,2,2,1,1,1,2,,AT,N,,F,RIVERSIDE AVENUE         ,NB,45,,40.82242,74.12299,N,,56,15:05,120+04739
20160212ER-16-10176            ,BERGEN      ,EAST RUTHERFORD BORO    ,11/29/2016,TU,1023,1,EAST RUTHERFORD PD       ,,0,1,0,0,I,B,N,N,11,1,NJ 3                                              ,W,3,,00000003__      ,6.86,2,4,2,2,1,2,1,1,,,,,,,,55,,,,N,,142,10:25,120+04737
20170212ER17-05215             ,BERGEN      ,EAST RUTHERFORD BORO    ,6/11/2017,SU,558,1,EAST RUTHERFORD PD       ,,0,0,0,0,P,B,N,N,1,2,NJ 3                                              ,W,3,,00000003__      ,7.1,2,,2,1,1,1,1,1,,,,,,,,55,,,,N,,140,6:00,120P04735
20180212ER-18-07575            ,BERGEN      ,EAST RUTHERFORD BORO    ,9/30/2018,SU,1157,1,EAST RUTHERFORD PD       ,,0,0,0,0,P,B,N,N,1,2,NJ 3                                              ,W,3,,00000003__      ,7.5,2,,2,1,1,1,5,1,,,,,,,,35,,,,N,,138,11:55,120+04735
20130212ER-13-10441            ,BERGEN      ,EAST RUTHERFORD BORO    ,11/18/2013,M ,533,1,EAST RUTHERFORD PD       ,,0,0,0,0,P,B,N,N,11,1,NJ 3                                              ,W,3,,00000003__      ,8.14,2,5,2,2,2,2,2,1,5,FE,N,NEW JERSEY TURNPIKE                ,,,,55,,,,N,NONE                                                                            ,150,5:35,120+04734
2014025614-02061               ,BERGEN      ,RUTHERFORD BORO         ,1/24/2014,F ,1756,1,RUTHERFORD PD            ,,0,0,0,0,P,B,N,N,1,2,NJ 3                                              ,W,3,,00000003__      ,5.7,2,1,2,1,6,1,1,2,,,,,,,,45,,40.81606,74.1125,N,,85,17:55,120+04738
20130212ER-13-1576             ,BERGEN      ,EAST RUTHERFORD BORO    ,2/23/2013,SA,1939,1,EAST RUTHERFORD PD       ,,0,2,0,0,I,B,N,N,11,1,NJ 3                                              ,W,3,,00000003__      ,7.5,2,1,2,2,6,2,1,1,,,,,,,,55,,,,N,CONCRETE BARRIER                                                                ,147,19:40,120+04735
20160212ER-16-10239            ,BERGEN      ,EAST RUTHERFORD BORO    ,12/1/2016,TH,1651,1,EAST RUTHERFORD PD       ,,0,0,0,0,P,B,N,N,1,2,NJ 3                                              ,W,3,,00000003__      ,7.5,2,1,2,1,6,1,1,1,,,,,,,,55,,,,N,,138,16:50,120+04735
2014025614-02163               ,BERGEN      ,RUTHERFORD BORO         ,1/26/2014,S ,909,1,RUTHERFORD PD            ,,0,0,0,0,P,I,N,N,6,2,NJ 3                                              ,W,3,,00000003__      ,5.2,2,1,2,1,1,1,1,2,,AT,N,,,,,45,,40.82063,74.11999,N,,60,9:10,120P04738
20180212ER-18-07602            ,BERGEN      ,EAST RUTHERFORD BORO    ,9/30/2018,SU,2013,1,EAST RUTHERFORD PD       ,,0,0,0,0,P,B,N,N,2,2,NJ 3                                              ,W,3,,00000003__      ,7.7,2,,2,1,6,1,1,1,,,,,,,,55,,,,N,4325439620,152,20:15,120P04734
20150212ER-15-15-10268         ,BERGEN      ,EAST RUTHERFORD BORO    ,10/28/2015,W ,1155,1,EAST RUTHERFORD PD       ,,0,0,0,0,P,I,N,N,11,1,NJ 3                                              ,W,3,,00000003__      ,8.14,2,5,2,1,1,2,2,1,,AT,W,NEW JERSEY TURNPIKE                ,,,,55,,,,N,,142,11:55,120+04734
20160212ER-16-10280            ,BERGEN      ,EAST RUTHERFORD BORO    ,12/2/2016,F ,1950,1,EAST RUTHERFORD PD       ,,0,0,0,0,P,B,N,N,12,1,NJ 3                                              ,W,3,,00000003__      ,8.4,2,2,2,1,6,1,1,1,,,,,T,NJ 3                     ,NB,55,,,,N,,149,19:50,120P04733
20160212ER-16-10379            ,BERGEN      ,EAST RUTHERFORD BORO    ,12/6/2016,TU,502,1,EAST RUTHERFORD PD       ,E.R.P.D.       ,0,0,0,0,P,B,N,N,11,1,NJ 3                                              ,W,3,,00000003__      ,8.1,2,2,2,1,6,1,1,1,,,,,,,,55,,,,N,,153,5:00,120+04734
20130212ER-13-5320             ,BERGEN      ,EAST RUTHERFORD BORO    ,6/18/2013,TU,1913,1,EAST RUTHERFORD PD       ,,0,1,0,0,I,B,N,N,1,2,NJ 3                                              ,W,3,,00000003__      ,8.3,2,1,2,2,3,2,1,1,,,,,,,,55,,,,N,,149,19:15,120+04734
20170212ER1701188              ,BERGEN      ,EAST RUTHERFORD BORO    ,2/9/2017,TH,944,1,EAST RUTHERFORD PD       ,,0,0,0,0,P,B,N,N,2,2,NJ 3                                              ,W,3,,00000003__      ,8.48,2,,2,3,1,3,1,1,,,,,,,,55,,,,N,,140,9:45,120P04733
2014025614-02291               ,BERGEN      ,RUTHERFORD BORO         ,1/27/2014,M ,1828,1,RUTHERFORD PD            ,,0,0,0,0,P,I,N,N,1,2,NJ 3                                              ,W,3,,00000003__      ,5.5,2,2,2,1,6,1,1,2,,AT,N,,,,,45,,40.81781,74.11557,N,,,18:30,120P04738
20180212ER-18-07640            ,BERGEN      ,EAST RUTHERFORD BORO    ,10/2/2018,TU,214,1,EAST RUTHERFORD PD       ,,0,0,0,0,P,B,N,N,11,1,NJ 3                                              ,W,3,,00000003__      ,7.8,2,,2,1,6,1,3,1,,,,,,,,55,,,,N,GUIDE FACE AND GUIDE RAIL                                                       ,149,2:15,120P04734
20170212ER1701190              ,BERGEN      ,EAST RUTHERFORD BORO    ,2/9/2017,TH,1108,1,EAST RUTHERFORD PD       ,,0,0,0,0,P,B,N,N,1,2,NJ 3                                              ,W,3,,00000003__      ,8,2,,2,3,1,3,1,1,,,,,,,,55,,,,N,,144,11:10,120+04734
20160212ER-16-10381            ,BERGEN      ,EAST RUTHERFORD BORO    ,12/6/2016,TU,525,1,EAST RUTHERFORD PD       ,E.R.P.D.       ,0,1,0,0,I,B,N,N,1,2,NJ 3                                              ,W,3,,00000003__      ,8.08,2,2,2,1,6,1,1,1,,,,,,,,55,,,,N,NONE                                                                            ,150,5:25,120+04734
2014025614-02374               ,BERGEN      ,RUTHERFORD BORO         ,1/28/2014,TU,1936,1,RUTHERFORD PD            ,,0,0,0,0,P,I,N,N,1,2,NJ 3                                              ,W,3,,00000003__      ,5,2,2,2,1,6,1,1,2,,AT,N,,F,RIVERSIDE AVE CR 507     ,,45,,40.82242,74.12299,N,NONE                                                                            ,,19:35,120+04739
20180212ER-18-07740            ,BERGEN      ,EAST RUTHERFORD BORO    ,10/5/2018,FR,1537,1,EAST RUTHERFORD PD       ,,0,0,0,0,P,B,N,N,1,2,NJ 3                                              ,W,3,,00000003__      ,6.9,2,,1,1,1,1,1,1,,,,,,,,55,,,,N,,131,15:35,120+04737
20130212ER-13-7114             ,BERGEN      ,EAST RUTHERFORD BORO    ,8/13/2013,TU,32,1,EAST RUTHERFORD PD       ,,0,0,0,0,P,B,N,N,11,1,NJ 3                                              ,W,3,,00000003__      ,7.3,2,1,2,1,6,1,1,1,,,,,,,,55,,,,N,TRAFFIC SIGN                                                                    ,149,3:30,120P04735
2014025614-02643               ,BERGEN      ,RUTHERFORD BORO         ,1/31/2014,F ,2351,1,RUTHERFORD PD            ,,0,0,0,0,P,B,N,N,2,2,NJ 3                                              ,W,3,,00000003__      ,5.4,2,5,2,1,6,1,5,2,,,,,,,,45,,40.81872,74.1171,N,NONE                                                                            ,78,23:50,120P04738
20170212ER1701613              ,BERGEN      ,EAST RUTHERFORD BORO    ,2/25/2017,SA,1238,1,EAST RUTHERFORD PD       ,,0,0,0,0,P,B,N,N,2,2,NJ 3                                              ,W,3,,00000003__      ,7,2,,2,1,1,1,1,1,,,,,,,,55,,,,N,,141,12:40,120P04736
20180212ER-18-07908            ,BERGEN      ,EAST RUTHERFORD BORO    ,10/10/2018,WE,1729,1,EAST RUTHERFORD PD       ,,0,1,0,0,I,B,N,N,2,3,NJ 3                                              ,W,3,,00000003__      ,7.5,2,,2,1,1,5,1,1,300,FE,W,,F,NJ TURNPIKE              ,,55,,,,N,,,17:30,120+04735
20160212ER-16-10455            ,BERGEN      ,EAST RUTHERFORD BORO    ,12/8/2016,TH,1520,1,EAST RUTHERFORD PD       ,,0,0,0,0,P,I,N,N,1,2,NJ 3                                              ,W,3,,00000003__      ,7.96,2,2,2,1,1,1,5,1,,AT,E,NJ 120                             ,,,,55,50,,,N,,142,15:20,120+04734
20130212ER-15-1572             ,BERGEN      ,EAST RUTHERFORD BORO    ,2/23/2013,SA,1547,1,EAST RUTHERFORD PD       ,,0,3,0,0,I,B,N,N,3,2,NJ 3                                              ,W,3,,00000003__      ,7.6,2,5,2,2,1,2,4,1,,,,,F,NJTP TO RT 3NB           ,WB,55,,,,N,,150,15:45,120+04735
20170212ER1702010              ,BERGEN      ,EAST RUTHERFORD BORO    ,3/13/2017,MO,1506,1,EAST RUTHERFORD PD       ,,0,0,0,0,P,B,N,N,2,2,NJ 3                                              ,W,3,,00000003__      ,7.6,2,,2,1,1,1,1,1,,,N,,,,,55,,,,N,,144,15:05,120+04735
20180212ER-18-07939            ,BERGEN      ,EAST RUTHERFORD BORO    ,10/11/2018,TH,1800,1,EAST RUTHERFORD PD       ,,0,3,0,0,I,B,N,N,1,2,NJ 3                                              ,W,3,,00000003__      ,8.49,2,,1,2,3,2,1,1,,,,,,,,55,,,,N,,141,18:00,120P04733
2014025614-02645               ,BERGEN      ,RUTHERFORD BORO         ,2/1/2014,SA,17,1,RUTHERFORD PD            ,,0,2,0,0,I,I,N,N,1,2,NJ 3                                              ,W,3,,00000003__      ,,2,3,2,1,6,1,1,2,,AT,N,,,,,45,,,,N,,50,1:15,120+07449
2013025613-14820               ,BERGEN      ,RUTHERFORD BORO         ,12/3/2013,TU,1434,1,RUTHERFORD PD            ,,0,0,0,0,P,I,N,N,1,2,NJ 3                                              ,W,3,,00000003__      ,5,2,2,2,1,1,1,5,2,,AT,N,,F,RIVERSIDE AVENUE         ,,45,,,,N,,,14:35,120+04739
2014025614-02681               ,BERGEN      ,RUTHERFORD BORO         ,2/1/2014,SA,1149,1,RUTHERFORD PD            ,,0,0,0,0,P,I,N,N,1,2,NJ 3                                              ,W,3,,00000003__      ,5,2,5,2,1,1,1,2,2,,AT,N,,F,RIVERSIDE AVE CR 507     ,,45,,40.82242,74.12299,N,,89,11:50,120+04739
2015025615-00887               ,BERGEN      ,RUTHERFORD BORO         ,1/9/2015,F ,2109,1,RUTHERFORD PD            ,,0,1,0,0,I,B,N,N,11,1,NJ 3                                              ,W,3,,00000003__      ,6.4,2,5,2,4,6,1,1,1,,,,,,,,55,,,,N,,,21:10,120+04737
20180212ER-18-08067            ,BERGEN      ,EAST RUTHERFORD BORO    ,10/16/2018,TU,946,1,EAST RUTHERFORD PD       ,,0,0,0,0,P,B,N,N,1,2,NJ 3                                              ,W,3,,00000003__      ,6.96,2,,1,1,1,1,1,1,,,,,,,,55,,,,N,,131,9:45,120P04736
20170212ER1702023              ,BERGEN      ,EAST RUTHERFORD BORO    ,3/14/2017,TU,419,1,EAST RUTHERFORD PD       ,E.R.P.D.       ,0,1,0,0,I,B,N,N,11,1,NJ 3                                              ,W,3,,00000003__      ,8.14,2,,2,3,6,3,1,1,,,,,,,,55,,,,N,,153,4:20,120+04734
20180212ER-18-08108            ,BERGEN      ,EAST RUTHERFORD BORO    ,10/17/2018,WE,1743,1,EAST RUTHERFORD PD       ,,0,0,0,0,P,I,N,N,2,2,NJ 3                                              ,W,3,,00000003__      ,7,2,,2,1,1,1,1,1,,AT,,,,,,55,,,,N,,146,17:45,120P04736
20170212ER1702609              ,BERGEN      ,EAST RUTHERFORD BORO    ,3/30/2017,TH,1726,1,EAST RUTHERFORD PD       ,ERPD           ,0,1,0,0,I,B,N,N,1,2,NJ 3                                              ,W,3,,00000003__      ,7.2,2,,2,1,3,1,1,1,,,,,,,,55,,,,N,,143,17:25,120P04735
2013025613-14958               ,BERGEN      ,RUTHERFORD BORO         ,12/5/2013,TH,1226,1,RUTHERFORD PD            ,,0,0,0,0,P,I,N,N,1,2,NJ 3                                              ,W,3,,00000003__      ,5,2,2,2,1,1,1,1,2,,AT,N,,F,RIVERSIDE AVENUE         ,WB,45,,,,N,,87,12:25,120+04739
20170212ER1702640              ,BERGEN      ,EAST RUTHERFORD BORO    ,3/31/2017,FR,1626,1,EAST RUTHERFORD PD       ,,0,0,0,0,P,B,N,N,1,2,NJ 3                                              ,W,3,,00000003__      ,6.9,2,,2,2,1,2,1,1,,,,,,,,55,,,,N,,140,16:25,120+04737
20180212ER-18-08145            ,BERGEN      ,EAST RUTHERFORD BORO    ,10/18/2018,TH,1716,1,EAST RUTHERFORD PD       ,,0,0,0,0,P,B,N,N,1,2,NJ 3                                              ,W,3,,00000003__      ,7,2,,2,1,1,1,1,1,,,,,,,,55,,,,N,,144,17:15,120P04736
20160212ER-16-10721            ,BERGEN      ,EAST RUTHERFORD BORO    ,12/18/2016,S ,1336,1,EAST RUTHERFORD PD       ,,0,2,0,0,I,B,N,N,3,2,NJ 3                                              ,W,3,,00000003__      ,7.4,2,1,2,2,1,2,1,1,,,,,,,,55,,,,N,,150,13:35,120+04735
20180212ER-18-08147            ,BERGEN      ,EAST RUTHERFORD BORO    ,10/18/2018,TH,1801,1,EAST RUTHERFORD PD       ,,0,0,0,0,P,B,N,N,1,2,NJ 3                                              ,W,3,,00000003__      ,7.58,2,,2,1,1,1,1,1,,,,,,,,55,,,,N,,154,18:00,120+04735
2013025613-15391               ,BERGEN      ,RUTHERFORD BORO         ,12/12/2013,TH,845,1,RUTHERFORD PD            ,,0,0,0,0,P,I,N,N,1,2,NJ 3                                              ,W,3,,00000003__      ,5,2,2,2,1,1,1,1,2,,AT,N,,F,RIVERSIDE AVE CR 507     ,,45,,,,N,,52,8:45,120+04739
2015025615-01837               ,BERGEN      ,RUTHERFORD BORO         ,1/19/2015,M ,125,1,RUTHERFORD PD            ,,0,0,0,0,P,I,N,N,11,1,NJ 3                                              ,W,3,,00000003__      ,6.1,2,5,2,4,6,5,1,1,,AT,N,,F,NJ 17                    ,SB,55,,,,N,,77,1:25,120P04737
2014025614-03323               ,BERGEN      ,RUTHERFORD BORO         ,2/7/2014,F ,1717,1,RUTHERFORD PD            ,,0,1,0,0,I,I,N,N,1,2,NJ 3                                              ,W,3,,00000003__      ,6.2,2,1,2,1,1,1,1,2,,AT,N,,,,,45,,40.81178,74.10341,N,,84,17:15,120P04737
20180212ER-18-08239            ,BERGEN      ,EAST RUTHERFORD BORO    ,10/21/2018,SU,1654,1,EAST RUTHERFORD PD       ,,0,0,0,0,P,I,N,N,1,2,NJ 3                                              ,W,3,,00000003__      ,7.5,2,,2,1,1,1,1,,,AT,N,,,,,55,,,,N,,142,16:55,120+04735
2014025614-03329               ,BERGEN      ,RUTHERFORD BORO         ,2/7/2014,F ,1758,1,RUTHERFORD PD            ,,0,0,0,0,P,I,N,N,2,2,NJ 3                                              ,W,3,,00000003__      ,6,2,2,2,1,6,1,1,2,,AT,,,,,,45,,40.81357,74.10742,N,,,18:00,120P04737
20180212ER-18-08243            ,BERGEN      ,EAST RUTHERFORD BORO    ,10/21/2018,SU,1833,1,EAST RUTHERFORD PD       ,E.R.P.D.       ,0,0,0,0,P,B,N,N,2,2,NJ 3                                              ,W,3,,00000003__      ,7.4,2,,2,1,1,1,1,1,,,,,,,,55,,,,N,,153,18:35,120+04735
20160212ER-16-10780            ,BERGEN      ,EAST RUTHERFORD BORO    ,12/20/2016,TU,1832,1,EAST RUTHERFORD PD       ,,0,1,0,0,I,B,N,N,1,2,NJ 3                                              ,W,3,,00000003__      ,8.2,2,2,2,1,6,1,1,1,,,,,,,,55,,,,N,,147,18:30,120+04734
2014025614-03583               ,BERGEN      ,RUTHERFORD BORO         ,2/11/2014,TU,856,1,RUTHERFORD PD            ,,0,0,0,0,P,I,N,N,1,2,NJ 3                                              ,W,3,,00000003__      ,5,2,2,2,1,1,1,1,2,,AT,N,,,,,45,,40.82242,74.12299,N,NONE                                                                            ,,8:55,120+04739
2015025615-02042               ,BERGEN      ,RUTHERFORD BORO         ,1/21/2015,W ,1327,1,RUTHERFORD PD            ,,0,1,0,0,I,B,N,N,1,2,NJ 3                                              ,W,3,,00000003__      ,5,2,2,2,1,1,1,1,1,,,,,,,,55,,,,N,,,13:25,120+04739
2013025613-15422               ,BERGEN      ,RUTHERFORD BORO         ,12/12/2013,TH,1851,1,RUTHERFORD PD            ,,0,0,0,0,P,I,N,N,1,2,NJ 3                                              ,W,3,,00000003__      ,6.8,2,2,2,1,6,1,1,1,,AT,N,,,,,55,,,,N,,84,18:50,120+04737
20180212ER-18-08386            ,BERGEN      ,EAST RUTHERFORD BORO    ,10/25/2018,TH,1853,1,EAST RUTHERFORD PD       ,,0,0,0,0,P,I,N,N,2,2,NJ 3                                              ,W,3,,00000003__      ,7.1,2,,2,1,6,1,1,1,,AT,,,,,,55,,,,N,,147,18:55,120P04735
20160212ER-16-10810            ,BERGEN      ,EAST RUTHERFORD BORO    ,12/21/2016,W ,1734,1,EAST RUTHERFORD PD       ,,0,0,0,0,P,B,N,N,1,3,NJ 3                                              ,W,3,,00000003__      ,8.03,2,2,1,1,6,1,1,1,,,,,,,,55,,,,N,,141,17:35,120+04734
2013025613-15462               ,BERGEN      ,RUTHERFORD BORO         ,12/13/2013,F ,849,1,RUTHERFORD PD            ,,0,0,0,0,P,B,N,N,2,2,NJ 3                                              ,W,3,,00000003__      ,5.6,2,2,2,1,1,1,1,2,,,,,,,,45,,,,N,,50,8:50,120+04738
20160212ER-16-10815            ,BERGEN      ,EAST RUTHERFORD BORO    ,12/21/2016,W ,1923,1,EAST RUTHERFORD PD       ,,0,0,0,0,P,B,N,N,2,2,NJ 3                                              ,W,3,,00000003__      ,8,2,1,2,1,6,1,1,1,,,,,,,,55,,,,N,,149,19:25,120+04734
2014025614-03732               ,BERGEN      ,RUTHERFORD BORO         ,2/12/2014,W ,1721,1,RUTHERFORD PD            ,,0,0,0,0,P,I,N,N,1,2,NJ 3                                              ,W,3,,00000003__      ,6.8,2,2,1,1,6,1,1,2,,AT,N,,,,,45,,40.81095,74.08986,N,,,17:20,120+04737
20160212ER-16-10830            ,BERGEN      ,EAST RUTHERFORD BORO    ,12/22/2016,TH,744,1,EAST RUTHERFORD PD       ,,0,0,0,0,P,I,N,N,11,1,NJ 3                                              ,W,3,,00000003__      ,8.14,2,4,2,1,1,5,2,1,,AT,W,NEW JERSEY TURNPIKE                ,,,,20,,,,N,,142,7:45,120+04734
2013025613-15487               ,BERGEN      ,RUTHERFORD BORO         ,12/13/2013,F ,1605,1,RUTHERFORD PD            ,,0,0,0,0,P,I,N,N,1,2,NJ 3                                              ,W,3,,00000003__      ,5.3,2,2,2,1,1,1,1,2,,AT,W,,,,,45,,,,N,,65,16:05,120P04738
2016025616-00051               ,BERGEN      ,RUTHERFORD BORO         ,1/1/2016,F ,1746,1,RUTHERFORD PD            ,,0,1,0,0,I,B,N,N,11,1,NJ 3                                              ,W,3,,00000003__      ,6,2,1,2,1,6,1,1,1,,,W,,,,,55,,,,N,ROUTE 3 WEST GUARDRAIL.                                                         ,94,17:45,120P04737
2015025615-02530               ,BERGEN      ,RUTHERFORD BORO         ,1/26/2015,M ,1201,1,RUTHERFORD PD            ,,0,0,0,0,P,I,N,N,1,2,NJ 3                                              ,W,3,,00000003__      ,6.39,2,1,2,2,1,5,1,1,,AT,W,NJ 17                              ,,,,55,,,,N,,,12:00,120+04737
20170212ER1703393              ,BERGEN      ,EAST RUTHERFORD BORO    ,4/20/2017,TH,1836,1,EAST RUTHERFORD PD       ,E R.P D        ,0,4,0,0,I,B,N,N,2,3,NJ 3                                              ,W,3,,00000003__      ,6.9,2,,2,1,1,1,1,1,,,,,,,,55,,,,N,DAMAGE TO GUARDRAIL                                                             ,,18:35,120+04737
20180212ER-18-08716            ,BERGEN      ,EAST RUTHERFORD BORO    ,11/5/2018,MO,1746,1,EAST RUTHERFORD PD       ,,0,1,0,0,I,I,N,N,1,2,NJ 3                                              ,W,3,,00000003__      ,6.96,2,,2,2,6,2,1,1,,AT,,,,,,55,,,,N,,154,17:45,120P04736
2014025614-04250               ,BERGEN      ,RUTHERFORD BORO         ,2/18/2014,TU,1900,1,RUTHERFORD PD            ,,0,0,0,0,P,I,N,N,11,1,NJ 3                                              ,W,3,,00000003__      ,5.7,2,2,2,2,6,1,1,2,,AT,N,,,,,45,,40.81606,74.1125,N,,,19:00,120+04738
2013025613-15489               ,BERGEN      ,RUTHERFORD BORO         ,12/13/2013,F ,1623,1,RUTHERFORD PD            ,,0,0,0,0,P,I,N,N,1,2,NJ 3                                              ,W,3,,00000003__      ,6,2,1,2,1,1,1,1,2,,AT,N,,,,,45,,,,N,,85,16:25,120P04737
20180212ER-18-08719            ,BERGEN      ,EAST RUTHERFORD BORO    ,11/5/2018,MO,1830,1,EAST RUTHERFORD PD       ,,0,0,0,0,P,B,N,N,2,2,NJ 3                                              ,W,3,,00000003__      ,7.5,2,,2,2,6,2,1,1,,,,,,,,55,,,,N,,140,18:30,120+04735
2015025615-02763               ,BERGEN      ,RUTHERFORD BORO         ,1/28/2015,W ,1900,1,RUTHERFORD PD            ,,0,0,0,0,P,B,N,N,1,2,NJ 3                                              ,W,3,,00000003__      ,5,2,2,2,1,6,1,1,1,,,,,,,,55,,,,N,,93,19:00,120+04739
2016025616-000828              ,BERGEN      ,RUTHERFORD BORO         ,1/11/2016,M ,1735,1,RUTHERFORD PD            ,,0,0,0,0,P,B,N,N,1,2,NJ 3                                              ,W,3,,00000003__      ,6.2,2,2,2,1,6,1,1,1,,,W,,,,,55,,,,N,NONE                                                                            ,53,17:35,120P04737
2014025614-04279               ,BERGEN      ,RUTHERFORD BORO         ,2/19/2014,W ,1004,1,RUTHERFORD PD            ,,0,3,0,0,I,B,N,N,1,2,NJ 3                                              ,W,3,,00000003__      ,6.7,2,3,1,1,1,5,1,1,,,,,,,,55,,40.81074,74.09222,N,,87,10:05,120+04737
2013025613-15559               ,BERGEN      ,RUTHERFORD BORO         ,12/14/2013,SA,1614,1,RUTHERFORD PD            ,,0,0,0,0,P,I,N,N,2,2,NJ 3                                              ,W,3,,00000003__      ,,2,2,2,4,6,3,1,2,,AT,N,,,,,45,,,,N,,40,16:15,120+07449
2016025616-00194               ,BERGEN      ,RUTHERFORD BORO         ,1/3/2016,S ,1715,1,RUTHERFORD PD            ,,0,0,0,0,P,B,N,N,1,3,NJ 3                                              ,W,3,,00000003__      ,5.5,2,2,2,1,6,1,1,1,,,N,,,,,55,,,,N,,,17:15,120P04738
2014025614-04340               ,BERGEN      ,RUTHERFORD BORO         ,2/20/2014,TH,729,1,RUTHERFORD PD            ,,0,0,0,0,P,I,N,N,1,2,NJ 3                                              ,W,3,,00000003__      ,6.1,2,1,2,1,1,1,1,2,,AT,N,,,,,45,,40.81268,74.10541,N,NONE                                                                            ,78,7:30,120P04737
2015025615-02943               ,BERGEN      ,RUTHERFORD BORO         ,1/30/2015,F ,1631,1,RUTHERFORD PD            ,,0,0,0,0,P,B,N,N,2,2,NJ 3                                              ,W,3,,00000003__      ,6.4,2,1,2,1,1,1,1,1,,,W,,,,,55,,,,N,,,16:30,120+04737
20170212ER1704117              ,BERGEN      ,EAST RUTHERFORD BORO    ,5/10/2017,WE,1729,1,EAST RUTHERFORD PD       ,ERPD           ,0,0,0,0,P,B,N,N,1,2,NJ 3                                              ,W,3,,00000003__      ,7.9,2,,2,1,3,1,1,1,,,,,,,,55,,,,N,,143,17:30,120+04734
20180212ER-18-08771            ,BERGEN      ,EAST RUTHERFORD BORO    ,11/7/2018,WE,1537,1,EAST RUTHERFORD PD       ,,0,0,0,0,P,B,N,N,2,2,NJ 3                                              ,W,3,,00000003__      ,8.4,2,,1,1,1,1,1,1,,,,,,,,55,,,,N,,141,15:35,120P04733
2013025613-15697               ,BERGEN      ,RUTHERFORD BORO         ,12/16/2013,M ,1604,1,RUTHERFORD PD            ,,0,0,0,0,P,I,N,N,1,2,NJ 3                                              ,W,3,,00000003__      ,5.8,2,1,2,1,1,1,1,2,,AT,N,,,,,45,,,,N,,85,16:05,120+04738
2014025614-04342               ,BERGEN      ,RUTHERFORD BORO         ,2/20/2014,TH,745,1,RUTHERFORD PD            ,,0,0,0,0,P,I,N,N,1,2,NJ 3                                              ,W,3,,00000003__      ,6.1,2,1,2,1,1,1,1,2,,AT,N,,,,,45,,40.81268,74.10541,N,NONE                                                                            ,78,7:45,120P04737
20180212ER-18-08873            ,BERGEN      ,EAST RUTHERFORD BORO    ,11/10/2018,SA,1143,1,EAST RUTHERFORD PD       ,,0,0,0,0,P,B,N,N,2,2,NJ 3                                              ,W,3,,00000003__      ,8.2,2,,2,1,1,1,1,1,,,,,,,,55,,,,N,,140,11:45,120+04734
2014025614-04409               ,BERGEN      ,RUTHERFORD BORO         ,2/20/2014,TH,2323,1,RUTHERFORD PD            ,,0,1,0,0,I,I,N,N,1,2,NJ 3                                              ,W,3,,00000003__      ,5,2,4,2,2,6,2,1,2,,AT,N,,F,RIVERSIDE AVE CR 507     ,NB,45,,40.82242,74.12299,N,,53,23:25,120+04739
2015025615-03497               ,BERGEN      ,RUTHERFORD BORO         ,2/4/2015,W ,1804,1,RUTHERFORD PD            ,,0,0,0,0,P,B,N,N,1,3,NJ 3                                              ,W,3,,00000003__      ,5.7,2,1,2,1,6,1,1,1,,,W,,,,,55,,,,N,,94,18:05,120+04738
2013025613-15842               ,BERGEN      ,RUTHERFORD BORO         ,12/19/2013,TH,819,1,RUTHERFORD PD            ,,0,1,0,0,I,I,N,N,1,2,NJ 3                                              ,W,3,,00000003__      ,,2,3,2,1,1,1,1,2,,AT,N,,,,,45,,,,N,,,8:20,120+07449
20170212ER1704557              ,BERGEN      ,EAST RUTHERFORD BORO    ,5/22/2017,MO,1734,1,EAST RUTHERFORD PD       ,,0,0,0,0,P,B,N,N,1,2,NJ 3                                              ,W,3,,00000003__      ,,2,,2,2,1,5,1,1,,,,,,,,55,,,,N,,144,17:35,120+07449
2016025616-00482               ,BERGEN      ,RUTHERFORD BORO         ,1/6/2016,W ,1745,1,RUTHERFORD PD            ,,0,1,0,0,I,B,N,N,1,2,NJ 3                                              ,W,3,,00000003__      ,5,2,2,2,1,6,1,1,1,,,,,,,,55,,,,N,,56,17:45,120+04739
2014025614-04514               ,BERGEN      ,RUTHERFORD BORO         ,2/22/2014,SA,529,1,RUTHERFORD PD            ,,0,0,0,0,P,I,N,N,11,1,NJ 3                                              ,W,3,,00000003__      ,6.2,2,1,2,4,6,1,1,2,,AT,N,,T,NJ 17                    ,SB,45,,40.81178,74.10341,N,,,5:30,120P04737
20170212ER1704674              ,BERGEN      ,EAST RUTHERFORD BORO    ,5/26/2017,FR,16,1,EAST RUTHERFORD PD       ,,0,1,0,0,I,B,N,N,1,2,NJ 3                                              ,W,3,,00000003__      ,7.4,2,,2,2,6,2,1,1,,,,,,,,55,,,,N,,154,1:15,120+04735
2013025613-15846               ,BERGEN      ,RUTHERFORD BORO         ,12/19/2013,TH,833,1,RUTHERFORD PD            ,,0,0,0,0,P,I,N,N,1,3,NJ 3                                              ,W,3,,00000003__      ,,2,1,2,1,1,1,1,2,,AT,N,,,,,45,,,,N,,87,8:35,120+07449
2014025614-04712               ,BERGEN      ,RUTHERFORD BORO         ,2/25/2014,TU,828,1,RUTHERFORD PD            ,,0,0,0,0,P,I,N,N,1,2,NJ 3                                              ,W,3,,00000003__      ,5,2,5,2,1,1,1,1,2,,AT,N,,F,RIVERSIDE AVE            ,,45,,40.82242,74.12299,N,NONE                                                                            ,,8:30,120+04739