CRASH_ID,CTY_NAME,MUN_NAME,DATE,DAY,TIME,POL_CODE,POL_DEPT,POL_STA,KILLED,INJURED,PED_KILL,PED_INJ,SEVERITY,INTERSEC,ALCOHOL,HAZMAT,CRASH_TYPE,VEH_COUNT,LOCATION,LOC_DIR,ROUTE,RT_SFX,SRI,MP,RD_SYS,RD_CHAR,RD_SURF,SURF_COND,LIGHT,WEATHER,RD_DIV,RD_WRKZN,X_DIST,DIST_UNT,X_DIR,X_NAME,IS_RAMP,RAMP_RT,RAMP_DIR,SPD_LMT,SPD_X,LAT,LONG,CELL_USE,PROP_DMG,BADGE,TIME_ROUND,TMC
2016025616-00487               ,BERGEN      ,RUTHERFORD BORO         ,1/6/2016,W ,1807,1,RUTHERFORD PD            ,,0,0,0,0,P,B,N,N,2,2,NJ 3                                              ,W,3,,00000003__      ,5.1,2,2,2,1,6,1,1,1,,,W,,,,,55,,,,N,,85,18:05,120+04739
2013025613-15848               ,BERGEN      ,RUTHERFORD BORO         ,12/19/2013,TH,852,1,RUTHERFORD PD            ,,0,1,0,0,I,I,N,N,1,2,NJ 3                                              ,W,3,,00000003__      ,,2,1,2,1,1,1,1,2,,AT,N,,,,,45,,,,N,,,8:50,120+07449
2013025613-15874               ,BERGEN      ,RUTHERFORD BORO         ,12/19/2013,TH,1552,1,RUTHERFORD PD            ,,0,0,0,0,P,I,N,N,1,2,NJ 3                                              ,W,3,,00000003__      ,5,2,1,2,1,3,1,1,2,,AT,N,,,,,45,,,,N,,53,15:50,120+04739
2014025614-04843               ,BERGEN      ,RUTHERFORD BORO         ,2/26/2014,W ,1537,1,RUTHERFORD PD            ,,0,0,0,0,P,I,N,N,1,2,NJ 3                                              ,W,3,,00000003__      ,5,2,5,2,1,1,1,1,2,,AT,N,,F,RIVERSIDE AVE            ,NB,45,,40.82242,74.12299,N,,,15:35,120+04739
2016025616-00645               ,BERGEN      ,RUTHERFORD BORO         ,1/8/2016,F ,1457,1,RUTHERFORD PD            ,,0,2,0,0,I,B,N,N,1,2,NJ 3                                              ,W,3,,00000003__      ,5,2,2,1,1,1,1,1,1,,,W,,,,,55,,,,N,,92,14:55,120+04739
2015025615-03855               ,BERGEN      ,RUTHERFORD BORO         ,2/9/2015,M ,1038,1,RUTHERFORD PD            ,,0,1,0,0,I,B,N,N,2,2,NJ 3                                              ,W,3,,00000003__      ,6.3,2,1,2,4,1,6,1,1,,,,,,,,55,,,,N,,95,10:40,120P04737
2015025615-04158               ,BERGEN      ,RUTHERFORD BORO         ,2/12/2015,TH,1750,1,RUTHERFORD PD            ,,0,1,0,0,I,I,N,N,1,3,NJ 3                                              ,W,3,,00000003__      ,5,2,2,2,1,6,1,1,1,,AT,,,,,,55,,,,N,,,17:50,120+04739
2016025616-00657               ,BERGEN      ,RUTHERFORD BORO         ,1/8/2016,F ,1704,1,RUTHERFORD PD            ,,0,0,0,0,P,B,N,N,1,2,NJ 3                                              ,W,3,,00000003__      ,5,2,2,1,1,6,1,1,1,,,W,,,,,55,,,,N,,88,17:05,120+04739
2013025613-15985               ,BERGEN      ,RUTHERFORD BORO         ,12/20/2013,F ,1710,1,RUTHERFORD PD            ,,0,0,0,0,P,I,N,N,1,2,NJ 3                                              ,W,3,,00000003__      ,5.5,2,1,2,1,6,1,1,2,,AT,N,,,,,45,,,,N,,84,17:10,120P04738
2014025614-04925               ,BERGEN      ,RUTHERFORD BORO         ,2/27/2014,TH,2020,1,RUTHERFORD PD            ,,0,1,0,0,I,I,N,N,15,1,NJ 3                                              ,W,3,,00000003__      ,6.4,2,1,2,1,6,1,1,2,,AT,N,,T,NJ 17                    ,NB,45,,40.81044,74.09915,N,,,20:20,120+04737
2013025613-16000               ,BERGEN      ,RUTHERFORD BORO         ,12/20/2013,F ,1955,1,RUTHERFORD PD            ,,0,0,0,0,P,I,N,N,2,2,NJ 3                                              ,W,3,,00000003__      ,5,2,5,2,1,6,1,1,2,,AT,N,,F,RIVERSIDE AVE            ,WB,45,,,,N,,85,19:55,120+04739
2014025614-04977               ,BERGEN      ,RUTHERFORD BORO         ,2/28/2014,F ,1315,1,RUTHERFORD PD            ,,0,0,0,0,P,I,N,N,1,2,NJ 3                                              ,W,3,,00000003__      ,5,2,5,2,1,1,1,5,2,,AT,N,,T,RIVERSIDE AVENUE         ,,45,,40.82242,74.12299,N,NONE                                                                            ,78,13:15,120+04739
2016025616-00663               ,BERGEN      ,RUTHERFORD BORO         ,1/8/2016,F ,1729,1,RUTHERFORD PD            ,,0,0,0,0,P,B,N,N,2,2,NJ 3                                              ,W,3,,00000003__      ,5.8,2,2,2,1,6,1,1,1,,,W,,,,,55,,,,N,,62,17:30,120+04738
20170212ER1705099              ,BERGEN      ,EAST RUTHERFORD BORO    ,6/7/2017,WE,1718,1,EAST RUTHERFORD PD       ,,0,0,0,0,P,B,N,N,1,2,NJ 3                                              ,W,3,,00000003__      ,7.6,2,,2,1,1,1,1,1,,,,,,,,55,,,,N,,141,17:20,120+04735
2014025614-04991               ,BERGEN      ,RUTHERFORD BORO         ,2/28/2014,F ,1812,1,RUTHERFORD PD            ,,0,0,0,0,P,I,N,N,1,2,NJ 3                                              ,W,3,,00000003__      ,6.8,2,2,2,1,6,1,1,1,,AT,N,,,,,55,,40.81095,74.08986,N,,89,18:10,120+04737
20180212ER-18-09021            ,BERGEN      ,EAST RUTHERFORD BORO    ,11/16/2018,FR,1419,1,EAST RUTHERFORD PD       ,,0,0,0,0,P,B,N,N,11,2,NJ 3                                              ,W,3,,00000003__      ,8.49,2,,2,3,1,3,1,1,,,W,,,,,55,,,,N,,574,14:20,120P04733
2013025613-16021               ,BERGEN      ,RUTHERFORD BORO         ,12/21/2013,SA,331,1,RUTHERFORD PD            ,,0,1,0,0,I,I,N,N,2,4,NJ 3                                              ,W,3,,00000003__      ,,2,1,2,1,6,1,1,2,,AT,N,,,,,45,,,,N,NONE                                                                            ,78,3:30,120+07449
2013025613-16124               ,BERGEN      ,RUTHERFORD BORO         ,12/22/2013,S ,1732,1,RUTHERFORD PD            ,,0,0,0,0,P,I,N,N,2,2,NJ 3                                              ,W,3,,00000003__      ,6.2,2,2,2,2,6,2,1,2,,AT,N,,,,,45,,,,N,,,17:30,120P04737
2015025615-04461               ,BERGEN      ,RUTHERFORD BORO         ,2/15/2015,S ,2337,1,RUTHERFORD PD            ,,0,1,0,0,I,B,N,N,11,1,NJ 3                                              ,W,3,,00000003__      ,6.2,2,1,2,1,6,1,1,1,,,,,,,,55,,,,N,,,23:35,120P04737
20170212ER1705185              ,BERGEN      ,EAST RUTHERFORD BORO    ,6/10/2017,SA,1730,1,EAST RUTHERFORD PD       ,,0,0,0,0,P,B,N,N,1,2,NJ 3                                              ,W,3,,00000003__      ,7.1,2,,2,1,1,1,1,1,,,,,,,,55,,,,N,,140,17:30,120P04735
2014025614-05090               ,BERGEN      ,RUTHERFORD BORO         ,3/2/2014,S ,1255,1,RUTHERFORD PD            ,,0,0,0,0,P,I,N,N,11,1,NJ 3                                              ,W,3,,00000003__      ,5.4,2,5,2,1,6,1,2,1,,AT,N,,T,NJ 17                    ,NB,35,,40.81872,74.1171,N,,40,12:55,120P04738
2016025616-01054               ,BERGEN      ,RUTHERFORD BORO         ,1/13/2016,W ,1759,1,RUTHERFORD PD            ,,0,1,0,0,I,B,N,N,1,2,NJ 3                                              ,W,3,,00000003__      ,5.4,2,1,2,1,6,1,1,1,,,,,,,,55,,,,N,,67,18:00,120P04738
2013025613-16428               ,BERGEN      ,RUTHERFORD BORO         ,12/27/2013,F ,2108,1,RUTHERFORD PD            ,,0,0,0,0,P,I,Y,N,1,2,NJ 3                                              ,W,3,,00000003__      ,5.7,2,2,2,1,6,1,1,2,,AT,N,,T,RIDGE ROAD               ,WB,45,,,,N,,89,21:10,120+04738
20170212ER1705189              ,BERGEN      ,EAST RUTHERFORD BORO    ,6/9/2017,FR,1939,1,EAST RUTHERFORD PD       ,ERPD           ,0,2,0,0,I,B,N,N,2,2,NJ 3                                              ,W,3,,00000003__      ,7.5,2,,2,1,1,1,1,1,,,,,,,,55,,,,N,,153,19:40,120+04735
2016025616-01133               ,BERGEN      ,RUTHERFORD BORO         ,1/14/2016,TH,1613,1,RUTHERFORD PD            ,,0,0,0,0,P,B,N,N,1,2,NJ 3                                              ,W,3,,00000003__      ,5,2,2,2,1,3,1,1,1,,,W,,,,,55,,,,N,,92,16:15,120+04739
2013025613-16431               ,BERGEN      ,RUTHERFORD BORO         ,12/27/2013,F ,2123,1,RUTHERFORD PD            ,,0,0,0,0,P,I,Y,N,8,2,NJ 3                                              ,W,3,,00000003__      ,5.7,2,2,2,1,6,1,1,1,,AT,N,,T,RIDGE ROAD               ,WB,45,,,,N,,89,21:25,120+04738
2014025614-05228               ,BERGEN      ,RUTHERFORD BORO         ,3/4/2014,TU,1804,1,RUTHERFORD PD            ,,0,0,0,0,P,I,N,N,1,2,NJ 3                                              ,W,3,,00000003__      ,6.8,2,3,2,1,6,1,1,1,,AT,N,,,,,55,,40.81095,74.08986,N,,65,18:05,120+04737
20180212ER-18-09035            ,BERGEN      ,EAST RUTHERFORD BORO    ,11/15/2018,TH,1734,1,EAST RUTHERFORD PD       ,,0,0,0,0,P,B,N,N,1,2,NJ 3                                              ,W,3,,00000003__      ,7,2,,2,4,4,3,5,1,,,,,,,,55,,,,N,,139,17:35,120P04736
2014025614-05231               ,BERGEN      ,RUTHERFORD BORO         ,3/4/2014,TU,1850,1,RUTHERFORD PD            ,,0,1,0,0,I,I,N,N,1,2,NJ 3                                              ,W,3,,00000003__      ,6.2,2,3,2,1,6,1,1,2,,AT,N,,,,,45,,40.81178,74.10341,N,,65,18:50,120P04737
20180212ER-18-09175            ,BERGEN      ,EAST RUTHERFORD BORO    ,11/19/2018,MO,1803,1,EAST RUTHERFORD PD       ,,0,0,0,0,P,B,N,N,2,2,NJ 3                                              ,W,3,,00000003__      ,7.5,2,,2,1,6,1,1,1,,,,,,,,55,,,,N,,154,18:05,120+04735
2015025615-04989               ,BERGEN      ,RUTHERFORD BORO         ,2/21/2015,SA,422,1,RUTHERFORD PD            ,,0,0,0,0,P,B,N,N,2,2,NJ 3                                              ,W,3,,00000003__      ,5.5,2,1,2,1,6,1,1,1,,,,,,,,55,,,,N,,91,4:20,120P04738
20180212ER-18-09208            ,BERGEN      ,EAST RUTHERFORD BORO    ,11/20/2018,TU,1831,1,EAST RUTHERFORD PD       ,,0,0,0,0,P,B,N,N,1,3,NJ 3                                              ,W,3,,00000003__      ,7.4,2,,2,1,6,1,1,1,,,,,,,,55,,,,N,,,18:30,120+04735
20170212ER1705498              ,BERGEN      ,EAST RUTHERFORD BORO    ,6/18/2017,SU,2028,1,EAST RUTHERFORD PD       ,,0,1,0,0,I,B,Y,N,11,1,NJ 3                                              ,W,3,,00000003__      ,7.94,2,,2,1,1,1,3,1,,,,,T,ROUTE 120                ,NB,40,,,,N,METAL STREET LIGHT POLE                                                         ,152,20:30,120+04734
2015025615-05061               ,BERGEN      ,RUTHERFORD BORO         ,2/22/2015,S ,15,1,RUTHERFORD PD            ,,0,0,0,0,P,B,N,N,11,1,NJ 3                                              ,W,3,,00000003__      ,6.4,2,1,2,5,6,2,1,1,,,,,,,,55,,,,N,,85,1:15,120+04737
20170212ER1705661              ,BERGEN      ,EAST RUTHERFORD BORO    ,6/24/2017,SA,1740,1,EAST RUTHERFORD PD       ,,0,0,0,0,P,B,N,N,2,2,NJ 3                                              ,W,3,,00000003__      ,8.08,2,,2,1,1,1,1,1,,,,,T,NJ 120                   ,NB,55,,,,N,,147,17:40,120+04734
2015025615-05219               ,BERGEN      ,RUTHERFORD BORO         ,2/23/2015,M ,1758,1,RUTHERFORD PD            ,,0,2,0,0,I,B,N,N,1,3,NJ 3                                              ,W,3,,00000003__      ,5,2,1,2,1,6,1,1,1,,,,,,,,55,,,,N,,87,18:00,120+04739
201302562013-000160            ,BERGEN      ,RUTHERFORD BORO         ,1/4/2013,F ,1847,1,RUTHERFORD PD            ,,0,0,0,0,P,I,N,N,1,2,NJ 3                                              ,W,3,,00000003__      ,6.7,2,3,2,1,6,1,1,1,,AT,W,,,,,55,,,,N,,56,18:45,120+04737
20180212ER-18-09366            ,BERGEN      ,EAST RUTHERFORD BORO    ,11/26/2018,MO,1602,1,EAST RUTHERFORD PD       ,,0,0,0,0,P,B,N,N,1,2,NJ 3                                              ,W,3,,00000003__      ,7.2,2,,2,2,3,2,1,1,,,,,,,,55,,,,N,,131,16:00,120P04735
201302562013-000231            ,BERGEN      ,RUTHERFORD BORO         ,1/6/2013,S ,1830,1,RUTHERFORD PD            ,,0,1,0,0,I,I,N,N,1,2,NJ 3                                              ,W,3,,00000003__      ,5,2,5,2,1,6,1,2,2,,AT,W,,F,RIVERSIDE AVE CR507      ,SB,45,,,,N,,76,18:30,120+04739
2015025615-05224               ,BERGEN      ,RUTHERFORD BORO         ,2/23/2015,M ,1830,1,RUTHERFORD PD            ,,0,0,0,0,P,B,N,N,2,2,NJ 3                                              ,W,3,,00000003__      ,5.4,2,1,2,1,6,1,1,1,,,,,,,,55,,,,N,,94,18:30,120P04738
2016025616-01457               ,BERGEN      ,RUTHERFORD BORO         ,1/18/2016,M ,2218,1,RUTHERFORD PD            ,,0,0,0,0,P,B,N,N,2,2,NJ 3                                              ,W,3,,00000003__      ,6.3,2,1,2,1,6,1,1,1,,,W,,,,,55,,,,N,MINOR DAMAGE TO GUARD RAIL FACE. ROUTE 3 WEST 6.3. DOT NOTIFIED.                ,90,22:20,120P04737
2017025617-00162               ,BERGEN      ,RUTHERFORD BORO         ,1/3/2017,TU,1401,1,RUTHERFORD PD            ,,0,1,0,0,I,B,N,N,2,2,NJ 3                                              ,W,3,,00000003__      ,6.4,2,,2,2,1,2,1,1,,,,,,,,55,,,,N,GRASS EMBANKMENT ON ROUTE 3 WEST AT THE ROUTE 17 NORTH EXIT                     ,65,14:00,120+04737
20180212ER-18-09368            ,BERGEN      ,EAST RUTHERFORD BORO    ,11/27/2018,TU,1739,1,EAST RUTHERFORD PD       ,ERPD           ,0,0,0,0,P,I,N,N,2,2,NJ 3                                              ,W,3,,00000003__      ,8.08,2,,2,1,6,1,1,1,,AT,,,T,ROUTE 120                ,NB,55,,,,N,,143,17:40,120+04734
2016025616-014655              ,BERGEN      ,RUTHERFORD BORO         ,7/5/2016,TU,2003,1,RUTHERFORD PD            ,,0,0,0,0,P,B,N,N,2,2,NJ 3                                              ,W,3,,00000003__      ,5.9,2,2,2,1,1,1,1,1,,,W,,,,,55,,,,N,,87,20:05,120P04737
2014025614-05725               ,BERGEN      ,RUTHERFORD BORO         ,3/11/2014,TU,1604,1,RUTHERFORD PD            ,,0,0,0,0,P,I,N,N,11,1,NJ 3                                              ,W,3,,00000003__      ,6.3,2,5,2,1,1,1,1,2,,AT,N,,F,NJ  17 NORTH             ,NB,45,,40.81095,74.10137,N,,56,16:05,120P04737
2016025616-01821               ,BERGEN      ,RUTHERFORD BORO         ,1/22/2016,F ,1743,1,RUTHERFORD PD            ,,0,0,0,0,P,B,N,N,1,2,NJ 3                                              ,W,3,,00000003__      ,5,2,2,2,1,6,1,1,1,,,,,,,,55,,,,N,,,17:45,120+04739
201302562013-000261            ,BERGEN      ,RUTHERFORD BORO         ,1/7/2013,M ,1704,1,RUTHERFORD PD            ,,0,2,0,0,I,I,N,N,1,4,NJ 3                                              ,W,3,,00000003__      ,5.1,2,6,2,1,6,1,1,2,,AT,N,,,,,45,,,,N,,56,17:05,120+04739
2017025617-00178               ,BERGEN      ,RUTHERFORD BORO         ,1/3/2017,TU,1824,1,RUTHERFORD PD            ,,0,1,0,0,I,B,N,N,1,2,NJ 3                                              ,W,3,,00000003__      ,5.2,2,,2,2,6,2,1,1,,,,,,,,55,,,,N,,86,18:25,120P04738
2015025615-05708               ,BERGEN      ,RUTHERFORD BORO         ,3/1/2015,S ,1529,1,RUTHERFORD PD            ,,0,0,0,0,P,I,N,N,11,1,NJ 3                                              ,W,3,,00000003__      ,6.1,2,1,2,3,1,3,5,1,,AT,N,,F,THOMAS E DUNN            ,SB,40,,,,N,,95,15:30,120P04737
2014025614-05757               ,BERGEN      ,RUTHERFORD BORO         ,3/12/2014,W ,39,1,RUTHERFORD PD            ,,0,0,0,0,P,B,N,N,6,2,NJ 3                                              ,W,3,,00000003__      ,,2,1,2,1,6,1,2,2,,,W,,T,NJ 17                    ,NB,55,,,,N,,87,3:40,120+07449
201302562013-000306            ,BERGEN      ,RUTHERFORD BORO         ,1/8/2013,TU,1803,1,RUTHERFORD PD            ,,0,0,0,0,P,I,N,N,1,3,NJ 3                                              ,W,3,,00000003__      ,5.1,2,2,2,1,6,1,1,2,,AT,N,,,,,45,,,,N,NONE                                                                            ,43,18:05,120+04739
2015025615-05822               ,BERGEN      ,RUTHERFORD BORO         ,3/2/2015,M ,1833,1,RUTHERFORD PD            ,,0,1,0,0,I,B,N,N,1,3,NJ 3                                              ,W,3,,00000003__      ,5.3,2,2,2,1,6,1,1,1,,,,,,,,55,,,,N,,,18:35,120P04738
2016025616-02328               ,BERGEN      ,RUTHERFORD BORO         ,1/27/2016,W ,1905,1,RUTHERFORD PD            ,,0,0,0,0,P,B,N,N,1,3,NJ 3                                              ,W,3,,00000003__      ,5.3,2,2,2,1,6,1,1,1,,,W,,,,,55,,,,N,,69,19:05,120P04738
2014025614-05866               ,BERGEN      ,RUTHERFORD BORO         ,3/13/2014,TH,1434,1,RUTHERFORD PD            ,,0,0,0,0,P,I,N,N,1,2,NJ 3                                              ,W,3,,00000003__      ,5.4,2,2,2,1,1,1,1,2,,AT,N,,,,,45,,40.81872,74.1171,N,,,14:35,120P04738
201302562013-000417            ,BERGEN      ,RUTHERFORD BORO         ,1/11/2013,F ,647,1,RUTHERFORD PD            ,,0,0,0,0,P,B,N,N,1,2,NJ 3                                              ,W,3,,00000003__      ,6.2,2,2,2,1,1,5,1,2,,,,,,,,45,,,,N,,62,6:45,120P04737
20180212ER-18-09414            ,BERGEN      ,EAST RUTHERFORD BORO    ,11/28/2018,WE,652,1,EAST RUTHERFORD PD       ,,0,0,0,0,P,B,N,N,2,2,NJ 3                                              ,W,3,,00000003__      ,8.4,2,,2,1,1,1,5,1,,,,,,,,55,,,,N,,139,6:50,120P04733
2014025614-05869               ,BERGEN      ,RUTHERFORD BORO         ,3/13/2014,TH,1454,1,RUTHERFORD PD            ,,0,0,0,0,P,B,N,N,2,2,NJ 3                                              ,W,3,,00000003__      ,5.1,2,2,2,1,1,1,1,2,,,,,,,,45,,40.82154,74.12145,N,,,14:55,120+04739
2017025617-00791               ,BERGEN      ,RUTHERFORD BORO         ,1/11/2017,WE,1727,1,RUTHERFORD PD            ,,0,4,0,0,I,B,N,N,1,3,NJ 3                                              ,W,3,,00000003__      ,5.2,2,,2,1,3,1,1,1,,,,,,,,55,,,,N,,88,17:25,120P04738
201302562013-000497            ,BERGEN      ,RUTHERFORD BORO         ,1/13/2013,S ,900,1,RUTHERFORD PD            ,,0,0,0,0,P,B,N,N,11,1,NJ 3                                              ,W,3,,00000003__      ,6.1,2,5,2,2,2,4,1,2,,,,,F,ROUTE 17 SOUTH           ,SB,45,,,,N,,56,9:00,120P04737
2015025615-05892               ,BERGEN      ,RUTHERFORD BORO         ,3/3/2015,TU,1711,1,RUTHERFORD PD            ,,0,0,0,0,P,B,N,N,2,3,NJ 3                                              ,W,3,,00000003__      ,6.4,2,1,2,5,6,3,1,1,,,,,,,,55,,,,N,,85,17:10,120+04737
2014025614-05890               ,BERGEN      ,RUTHERFORD BORO         ,3/13/2014,TH,1803,1,RUTHERFORD PD            ,,0,1,0,0,I,I,N,N,1,2,NJ 3                                              ,W,3,,00000003__      ,5.3,2,1,2,1,1,1,1,1,,AT,N,,,,,45,,40.81967,74.11856,N,,84,18:05,120P04738
2015025615-05904               ,BERGEN      ,RUTHERFORD BORO         ,3/3/2015,TU,1856,1,RUTHERFORD PD            ,,0,0,0,0,P,B,N,N,2,2,NJ 3                                              ,W,3,,00000003__      ,6.1,2,1,2,3,6,3,1,1,,,,,,,,55,,,,N,,93,18:55,120P04737
2016025616-02479               ,BERGEN      ,RUTHERFORD BORO         ,1/29/2016,F ,1621,1,RUTHERFORD PD            ,,0,0,0,0,P,B,N,N,2,2,NJ 3                                              ,W,3,,00000003__      ,5,2,1,1,1,1,1,1,1,,,W,,,,,55,,,,N,,76,16:20,120+04739
2014025614-06035               ,BERGEN      ,RUTHERFORD BORO         ,3/15/2014,SA,1334,1,RUTHERFORD PD            ,,0,1,0,0,I,I,N,N,1,2,NJ 3                                              ,W,3,,00000003__      ,5.5,2,2,2,1,1,1,1,2,,AT,N,,F,MARGINAL ROAD            ,WB,45,,40.81781,74.11557,N,,76,13:35,120P04738
2015025615-06040               ,BERGEN      ,RUTHERFORD BORO         ,3/5/2015,TH,901,1,RUTHERFORD PD            ,,0,0,0,0,P,B,N,N,1,2,NJ 3                                              ,W,3,,00000003__      ,5.7,2,1,2,3,1,3,1,1,,,,,,,,55,,,,N,,94,9:00,120+04738
20180212ER-18-09447            ,BERGEN      ,EAST RUTHERFORD BORO    ,11/28/2018,WE,1719,1,EAST RUTHERFORD PD       ,,0,0,0,0,P,B,N,N,1,2,NJ 3                                              ,W,3,,00000003__      ,7.7,2,,2,1,6,1,5,1,,,,,,,,55,,,,N,,139,17:20,120P04734
201302562013-000636            ,BERGEN      ,RUTHERFORD BORO         ,1/16/2013,W ,1623,1,RUTHERFORD PD            ,,0,0,0,0,P,B,N,N,2,2,NJ 3                                              ,W,3,,00000003__      ,5.3,2,2,2,2,1,1,1,2,,,,,,,,45,,,,N,,53,16:25,120P04738
2015025615-06111               ,BERGEN      ,RUTHERFORD BORO         ,3/5/2015,TH,1438,1,RUTHERFORD PD            ,,0,1,0,0,I,I,N,N,11,1,NJ 3                                              ,W,3,,00000003__      ,6,2,2,2,5,1,3,1,1,,AT,,,,,,55,,,,N,,,14:40,120P04737
20180212ER-18-09451            ,BERGEN      ,EAST RUTHERFORD BORO    ,11/28/2018,WE,1958,1,EAST RUTHERFORD PD       ,,0,0,0,0,P,B,N,N,2,2,NJ 3                                              ,W,3,,00000003__      ,7.6,2,,1,1,6,1,1,1,,,,,,,,55,,,,N,,154,20:00,120+04735
2014025614-06288               ,BERGEN      ,RUTHERFORD BORO         ,3/19/2014,W ,1702,1,RUTHERFORD PD            ,,0,0,0,0,P,I,N,N,1,2,NJ 3                                              ,W,3,,00000003__      ,5,2,6,2,2,3,2,1,2,,AT,N,,F,RIVERSIDE AVENUE         ,,45,,40.82242,74.12299,N,,56,17:00,120+04739
2016025616-02768               ,BERGEN      ,RUTHERFORD BORO         ,2/2/2016,TU,835,1,RUTHERFORD PD            ,,0,1,0,0,I,B,N,N,1,2,NJ 3                                              ,W,3,,00000003__      ,5.3,2,1,2,2,1,1,1,1,,,W,,,,,55,,,,N,,91,8:35,120P04738
2014025614-06638               ,BERGEN      ,RUTHERFORD BORO         ,3/24/2014,M ,734,1,RUTHERFORD PD            ,,0,0,0,0,P,I,N,N,2,2,NJ 3                                              ,W,3,,00000003__      ,5,2,2,2,1,1,1,1,2,,AT,N,,,,,45,,40.82242,74.12299,N,,89,7:35,120+04739
2016025616-03224               ,BERGEN      ,RUTHERFORD BORO         ,2/8/2016,M ,1739,1,RUTHERFORD PD            ,,0,0,0,0,P,B,N,N,1,2,NJ 3                                              ,W,3,,00000003__      ,5,2,2,2,1,7,5,1,1,,,W,,,,,55,,,,N,,86,17:40,120+04739
201302562013-000673            ,BERGEN      ,RUTHERFORD BORO         ,1/17/2013,TH,1657,1,RUTHERFORD PD            ,,0,0,0,0,P,B,N,N,2,2,NJ 3                                              ,W,3,,00000003__      ,5.6,2,1,2,1,1,1,1,2,,,,,,,,45,,,,N,,53,16:55,120+04738
2015025615-06144               ,BERGEN      ,RUTHERFORD BORO         ,3/5/2015,TH,1800,1,RUTHERFORD PD            ,,0,0,0,0,P,I,N,N,15,1,NJ 3                                              ,W,3,,00000003__      ,5.7,2,1,2,3,6,3,1,1,,AT,,,,,,55,,,,N,,56,18:00,120+04738
2017025617-01109               ,BERGEN      ,RUTHERFORD BORO         ,1/16/2017,MO,755,1,RUTHERFORD PD            ,,0,0,0,0,P,B,N,N,1,2,NJ 3                                              ,W,3,,00000003__      ,5.9,2,,2,1,1,1,1,1,,,,,,,,55,,,,N,,91,7:55,120P04737
20180212ER-18-09566            ,BERGEN      ,EAST RUTHERFORD BORO    ,12/2/2018,SU,1734,1,EAST RUTHERFORD PD       ,,0,0,0,0,P,B,N,N,1,3,NJ 3                                              ,W,3,,00000003__      ,7.56,2,,2,2,5,2,1,1,,,,,,,,55,,,,N,,131,17:35,120+04735
2016025616-03406               ,BERGEN      ,RUTHERFORD BORO         ,2/10/2016,W ,1750,1,RUTHERFORD PD            ,,0,0,0,0,P,B,N,N,1,2,NJ 3                                              ,W,3,,00000003__      ,5.3,2,3,2,1,6,1,1,1,,FE,,,,,,55,,,,N,,93,17:50,120P04738
2017025617-01110               ,BERGEN      ,RUTHERFORD BORO         ,1/16/2017,MO,756,1,RUTHERFORD PD            ,,0,0,0,0,P,B,N,N,11,1,NJ 3                                              ,W,3,,00000003__      ,5.7,2,,2,1,1,1,1,1,,,,,,,,55,,,,N,NJDOT DIVIDER (MINOR)                                                           ,67,7:55,120+04738
2014025614-06794               ,BERGEN      ,RUTHERFORD BORO         ,3/25/2014,TU,1649,1,RUTHERFORD PD            ,,0,0,0,0,P,I,N,N,1,3,NJ 3                                              ,W,3,,00000003__      ,6,2,3,2,1,1,1,1,2,,AT,N,,,,,45,,40.81357,74.10742,N,,56,16:50,120P04737
201302562013-000682            ,BERGEN      ,RUTHERFORD BORO         ,1/17/2013,TH,1953,1,RUTHERFORD PD            ,,0,1,0,0,I,B,N,N,2,2,NJ 3                                              ,W,3,,00000003__      ,6.1,2,2,2,1,6,1,1,2,,,,,,,,45,,,,N,,55,19:55,120P04737
20180212ER-18-09568            ,BERGEN      ,EAST RUTHERFORD BORO    ,12/2/2018,SU,1748,1,EAST RUTHERFORD PD       ,,0,0,0,0,P,B,N,N,2,2,NJ 3                                              ,W,3,,00000003__      ,7.7,2,,2,2,6,2,1,1,,,,,,,,55,,,,N,,141,17:50,120P04734
2015025615-06227               ,BERGEN      ,RUTHERFORD BORO         ,3/6/2015,F ,1417,1,RUTHERFORD PD            ,,0,0,0,0,P,B,N,N,2,2,NJ 3                                              ,W,3,,00000003__      ,5,2,1,2,1,1,1,5,1,,,,,,,,55,,,,N,,90,14:15,120+04739
2017025617-01111               ,BERGEN      ,RUTHERFORD BORO         ,1/16/2017,MO,756,1,RUTHERFORD PD            ,,0,0,0,0,P,B,N,N,1,3,NJ 3                                              ,W,3,,00000003__      ,5.7,2,,2,1,1,1,1,1,,,,,,,,55,,,,N,,,7:55,120+04738
2014025614-06798               ,BERGEN      ,RUTHERFORD BORO         ,3/25/2014,TU,1722,1,RUTHERFORD PD            ,,0,1,0,0,I,I,N,N,1,3,NJ 3                                              ,W,3,,00000003__      ,6.8,2,2,1,1,1,1,1,1,,AT,N,,,,,55,,40.81095,74.08986,N,,76,17:20,120+04737
20180212ER-18-09571            ,BERGEN      ,EAST RUTHERFORD BORO    ,12/2/2018,SU,2002,1,EAST RUTHERFORD PD       ,,0,0,0,0,P,B,N,N,1,2,NJ 3                                              ,W,3,,00000003__      ,7.5,2,,2,2,6,2,1,1,,,,,,,,55,,,,N,,150,20:00,120+04735
2014025614-07149               ,BERGEN      ,RUTHERFORD BORO         ,3/30/2014,S ,1310,1,RUTHERFORD PD            ,,0,0,0,0,P,I,N,N,1,2,NJ 3                                              ,W,3,,00000003__      ,5,2,5,2,1,1,5,2,2,,AT,N,,F,RIVERSIDE AVE            ,,45,,40.82242,74.12299,N,,89,13:10,120+04739
201302562013-000785            ,BERGEN      ,RUTHERFORD BORO         ,1/19/2013,SA,2250,1,RUTHERFORD PD            ,,0,0,0,0,P,B,N,N,15,3,NJ 3                                              ,W,3,,00000003__      ,5.2,2,2,2,1,6,1,1,2,,,,,,,,45,,,,N,,77,22:50,120P04738
2015025615-06229               ,BERGEN      ,RUTHERFORD BORO         ,3/6/2015,F ,1435,1,RUTHERFORD PD            ,,0,0,0,0,P,B,N,N,15,2,NJ 3                                              ,W,3,,00000003__      ,6.4,2,1,2,1,1,1,1,1,,,,,,,,55,,,,N,,90,14:35,120+04737
2017025617-01395               ,BERGEN      ,RUTHERFORD BORO         ,1/20/2017,FR,1548,1,RUTHERFORD PD            ,,0,0,0,0,P,B,N,N,2,2,NJ 3                                              ,W,3,,00000003__      ,6.4,2,,2,2,1,2,1,1,,,,,,,,55,,,,N,,91,15:50,120+04737
20180212ER-18-09644            ,BERGEN      ,EAST RUTHERFORD BORO    ,12/4/2018,TU,1845,1,EAST RUTHERFORD PD       ,,0,0,0,0,P,B,N,N,1,2,NJ 3                                              ,W,3,,00000003__      ,7.1,2,,2,1,6,1,1,1,25,FE,S,NORTH SERVICE ROAD                 ,,,,55,35,,,N,,152,18:45,120P04735
2015025615-06269               ,BERGEN      ,RUTHERFORD BORO         ,3/7/2015,SA,14,1,RUTHERFORD PD            ,,0,1,0,0,I,B,Y,N,1,2,NJ 3                                              ,W,3,,00000003__      ,6.2,2,4,2,2,6,1,1,1,,,,,,,,55,,,,N,,92,1:15,120P04737
2017025617-01404               ,BERGEN      ,RUTHERFORD BORO         ,1/20/2017,FR,1830,1,RUTHERFORD PD            ,,0,0,0,0,P,B,N,N,1,2,NJ 3                                              ,W,3,,00000003__      ,6.2,2,,2,2,6,2,1,1,,,,,,,,55,,,,N,,62,18:30,120P04737