CRASH_ID,CTY_NAME,MUN_NAME,DATE,DAY,TIME,POL_CODE,POL_DEPT,POL_STA,KILLED,INJURED,PED_KILL,PED_INJ,SEVERITY,INTERSEC,ALCOHOL,HAZMAT,CRASH_TYPE,VEH_COUNT,LOCATION,LOC_DIR,ROUTE,RT_SFX,SRI,MP,RD_SYS,RD_CHAR,RD_SURF,SURF_COND,LIGHT,WEATHER,RD_DIV,RD_WRKZN,X_DIST,DIST_UNT,X_DIR,X_NAME,IS_RAMP,RAMP_RT,RAMP_DIR,SPD_LMT,SPD_X,LAT,LONG,CELL_USE,PROP_DMG,BADGE,TIME_ROUND,TMC
20180212ER-18-09719            ,BERGEN      ,EAST RUTHERFORD BORO    ,12/7/2018,FR,1503,1,EAST RUTHERFORD PD       ,,0,0,0,0,P,B,N,N,2,2,NJ 3                                              ,W,3,,00000003__      ,7.56,2,,2,1,1,1,2,1,,,,,F,NEW JERSEY TURNPIKE      ,,55,,,,N,,139,15:05,120+04735
201302562013-000857            ,BERGEN      ,RUTHERFORD BORO         ,1/21/2013,M ,2026,1,RUTHERFORD PD            ,,0,1,0,0,I,B,N,N,2,2,NJ 3                                              ,W,3,,00000003__      ,5,2,5,2,1,6,1,1,1,,,,,F,RIVERSIDE AVE            ,SB,45,,,,N,,53,20:25,120+04739
2015025615-06594               ,BERGEN      ,RUTHERFORD BORO         ,3/11/2015,W ,1614,1,RUTHERFORD PD            ,,0,1,0,0,I,B,N,N,1,3,NJ 3                                              ,W,3,,00000003__      ,5.7,2,1,2,1,1,1,1,1,,,,,,,,55,,,,N,,91,16:15,120+04738
2018025618-00303               ,BERGEN      ,RUTHERFORD BORO         ,1/4/2018,TH,936,1,RUTHERFORD PD            ,,0,0,0,0,P,B,N,N,11,1,NJ 3                                              ,W,3,,00000003__      ,5.9,2,,2,3,1,3,1,1,,,,,,,,55,,,,N,,97,9:35,120P04737
2017025617-01426               ,BERGEN      ,RUTHERFORD BORO         ,1/21/2017,SA,904,1,RUTHERFORD PD            ,,0,0,0,0,P,I,N,N,2,2,NJ 3                                              ,W,3,,00000003__      ,6.39,2,,2,1,1,1,1,1,,AT,,NJ 17                              ,,,,55,,,,N,,69,9:05,120+04737
2016025616-04412               ,BERGEN      ,RUTHERFORD BORO         ,2/24/2016,W ,1224,1,RUTHERFORD PD            ,,0,0,0,0,P,B,N,N,11,2,NJ 3                                              ,W,3,,00000003__      ,6.4,2,5,2,2,1,2,1,1,,,W,,,,,55,,,,N,,65,12:25,120+04737
2015025615-06794               ,BERGEN      ,RUTHERFORD BORO         ,3/13/2015,F ,1735,1,RUTHERFORD PD            ,,0,0,0,0,P,B,N,N,1,2,NJ 3                                              ,W,3,,00000003__      ,5,2,1,2,1,1,1,1,1,,,,,,,,55,,,,N,,94,17:35,120+04739
2014025614-07460               ,BERGEN      ,RUTHERFORD BORO         ,4/3/2014,TH,1743,1,RUTHERFORD PD            ,,0,0,0,0,P,B,N,N,1,2,NJ 3                                              ,W,3,,00000003__      ,5.5,2,2,2,1,1,1,1,2,,,,,,,,45,,40.81781,74.11557,N,,,17:45,120P04738
201302562013-000864            ,BERGEN      ,RUTHERFORD BORO         ,1/22/2013,TU,655,1,RUTHERFORD PD            ,,0,0,0,0,P,B,N,N,99,2,NJ 3                                              ,W,3,,00000003__      ,6.2,2,1,2,1,1,1,1,2,,,,,,,,45,,,,N,,52,6:55,120P04737
2017025617-01442               ,BERGEN      ,RUTHERFORD BORO         ,1/21/2017,SA,1742,1,RUTHERFORD PD            ,,0,0,0,0,P,B,N,N,8,2,NJ 3                                              ,W,3,,00000003__      ,6.3,2,,2,1,1,1,2,1,,,,,T,NJ 17                    ,NB,55,,,,N,,67,17:40,120P04737
2016025616-04413               ,BERGEN      ,RUTHERFORD BORO         ,2/24/2016,W ,1229,1,RUTHERFORD PD            ,,0,1,0,0,I,B,N,N,2,3,NJ 3                                              ,W,3,,00000003__      ,6.6,2,1,2,2,1,2,1,1,,,W,,,,,55,,,,N,,90,12:30,120+04737
2015025615-06921               ,BERGEN      ,RUTHERFORD BORO         ,3/15/2015,S ,1923,1,RUTHERFORD PD            ,,0,1,0,0,I,B,N,N,2,2,NJ 3                                              ,W,3,,00000003__      ,5,2,1,2,1,6,1,1,1,,,,,,,,55,,,,N,,94,19:25,120+04739
201302562013-000867            ,BERGEN      ,RUTHERFORD BORO         ,1/22/2013,TU,709,1,RUTHERFORD PD            ,,0,2,0,0,I,B,N,N,1,3,NJ 3                                              ,W,3,,00000003__      ,6.2,2,1,2,1,1,1,1,2,,,,,,,,45,,,,N,,52,7:10,120P04737
2016025616-04414               ,BERGEN      ,RUTHERFORD BORO         ,2/24/2016,W ,1229,1,RUTHERFORD PD            ,,0,1,0,0,I,B,N,N,1,3,NJ 3                                              ,W,3,,00000003__      ,6.2,2,1,2,2,1,2,1,1,,,W,,,,,55,,,,N,,90,12:30,120P04737
2017025617-01526               ,BERGEN      ,RUTHERFORD BORO         ,1/23/2017,MO,904,1,RUTHERFORD PD            ,,0,0,0,0,P,B,N,N,15,1,NJ 3                                              ,W,3,,00000003__      ,6.8,2,,1,1,1,5,1,1,,,,,,,,55,,,,N,,94,9:05,120+04737
2014025614-07506               ,BERGEN      ,RUTHERFORD BORO         ,4/4/2014,F ,1227,1,RUTHERFORD PD            ,,0,0,0,0,P,B,N,N,1,2,NJ 3                                              ,W,3,,00000003__      ,5,2,5,2,1,1,5,1,2,,,,,F,RIVERSIDE AVE            ,,45,,40.82242,74.12299,N,,85,12:25,120+04739
2017025617-01572               ,BERGEN      ,RUTHERFORD BORO         ,1/23/2017,MO,1841,1,RUTHERFORD PD            ,,0,0,0,0,P,I,N,N,1,3,NJ 3                                              ,W,3,,00000003__      ,5,2,,1,2,6,2,1,1,,AT,,,,,,55,,,,N,,53,18:40,120+04739
2015025615-06927               ,BERGEN      ,RUTHERFORD BORO         ,3/15/2015,S ,2000,1,RUTHERFORD PD            ,,0,0,0,0,P,B,N,N,2,2,NJ 3                                              ,W,3,,00000003__      ,5.4,2,1,2,1,7,1,1,1,,,,,,,,55,,,,N,NONE                                                                            ,83,20:00,120P04738
2016025616-04793               ,BERGEN      ,RUTHERFORD BORO         ,2/29/2016,M ,2238,1,RUTHERFORD PD            ,,0,0,0,0,P,B,N,N,2,2,NJ 3                                              ,W,3,,00000003__      ,6.1,2,1,2,1,6,1,1,1,,,,,,,,55,,,,N,,90,22:40,120P04737
2017025617-01637               ,BERGEN      ,RUTHERFORD BORO         ,1/24/2017,TU,1855,1,RUTHERFORD PD            ,,0,0,0,0,P,B,N,N,1,3,NJ 3                                              ,W,3,,00000003__      ,5.1,2,,2,2,6,2,1,1,,,W,,,,,55,,,,N,,83,18:55,120+04739
2014025614-07590               ,BERGEN      ,RUTHERFORD BORO         ,4/5/2014,SA,1710,1,RUTHERFORD PD            ,,0,0,0,0,P,B,N,N,1,2,NJ 3                                              ,W,3,,00000003__      ,5.5,2,5,2,1,1,1,1,2,,,,,F,RIVERSIDE AVE            ,,45,,40.81781,74.11557,N,,65,17:10,120P04738
201302562013-000874            ,BERGEN      ,RUTHERFORD BORO         ,1/22/2013,TU,937,1,RUTHERFORD PD            ,,0,0,0,0,P,I,N,N,3,2,NJ 3                                              ,W,3,,00000003__      ,5.9,2,1,2,1,1,1,5,1,,AT,,THOMAS E DUNN MEMORIAL             ,,,,25,40,,,N,,52,9:35,120P04737
201302562013-000878            ,BERGEN      ,RUTHERFORD BORO         ,1/22/2013,TU,1134,1,RUTHERFORD PD            ,,0,0,0,0,P,B,N,N,1,2,NJ 3                                              ,W,3,,00000003__      ,5,2,2,2,1,1,1,2,2,,,,,F,RIVERSIDE AVE 507        ,,45,,,,N,,52,11:35,120+04739
2016025616-05086               ,BERGEN      ,RUTHERFORD BORO         ,3/4/2016,F ,1630,1,RUTHERFORD PD            ,,0,0,0,0,P,B,N,N,2,2,NJ 3                                              ,W,3,,00000003__      ,5,2,1,1,1,1,1,1,1,,,,,,,,55,,,,N,,93,16:30,120+04739
2014025614-07593               ,BERGEN      ,RUTHERFORD BORO         ,4/5/2014,SA,1734,1,RUTHERFORD PD            ,,0,5,0,0,I,B,N,N,1,2,NJ 3                                              ,W,3,,00000003__      ,5.7,2,2,2,1,1,1,2,2,,,,,T,RIDGE ROAD               ,,40,,40.81606,74.1125,N,,,17:35,120+04738
2015025615-07047               ,BERGEN      ,RUTHERFORD BORO         ,3/17/2015,TU,1344,1,RUTHERFORD PD            ,,0,0,0,0,P,B,N,N,2,2,NJ 3                                              ,W,3,,00000003__      ,6.2,2,1,2,1,1,1,1,1,,,,,,,,55,,,,N,,91,13:45,120P04737
2017025617-01788               ,BERGEN      ,RUTHERFORD BORO         ,1/26/2017,TH,1748,1,RUTHERFORD PD            ,,0,0,0,0,P,B,N,N,2,2,NJ 3                                              ,W,3,,00000003__      ,5.7,2,,2,1,6,1,1,1,,,,,,,,55,,,,N,,88,17:50,120+04738
2018025618-00891               ,BERGEN      ,RUTHERFORD BORO         ,1/10/2018,WE,1510,1,RUTHERFORD PD            ,,0,0,0,0,P,B,N,N,3,2,NJ 3                                              ,W,3,,00000003__      ,5.7,2,,2,1,1,1,5,1,,,,,T,RIDGE ROAD               ,NB,55,,,,N,,98,15:10,120+04738
2014025614-07795               ,BERGEN      ,RUTHERFORD BORO         ,4/8/2014,TU,1640,1,RUTHERFORD PD            ,,0,0,0,0,P,B,N,N,2,2,NJ 3                                              ,W,3,,00000003__      ,6.2,2,2,2,1,1,1,1,1,,,,,,,,55,,40.81178,74.10341,N,NONE                                                                            ,78,16:40,120P04737
2017025617-01836               ,BERGEN      ,RUTHERFORD BORO         ,1/27/2017,FR,1115,1,RUTHERFORD PD            ,,0,1,0,0,I,B,N,N,2,2,NJ 3                                              ,W,3,,00000003__      ,6.5,2,,2,1,1,1,1,1,,,,,,,,55,,,,N,,89,11:15,120+04737
201302562013-000918            ,BERGEN      ,RUTHERFORD BORO         ,1/23/2013,W ,820,1,RUTHERFORD PD            ,,0,0,0,0,P,B,N,N,2,2,NJ 3                                              ,W,3,,00000003__      ,6.8,2,2,2,1,1,1,1,1,,,,,,,,55,,,,N,NONE                                                                            ,43,8:20,120+04737
2014025614-08052               ,BERGEN      ,RUTHERFORD BORO         ,4/12/2014,SA,1107,1,RUTHERFORD PD            ,,0,0,0,0,P,B,N,N,1,2,NJ 3                                              ,W,3,,00000003__      ,5,2,6,2,1,1,1,2,2,,,,,F,RIVERSIDE AVE            ,SB,45,,40.82242,74.12299,N,,87,11:05,120+04739
201302562013-001009            ,BERGEN      ,RUTHERFORD BORO         ,1/25/2013,F ,755,1,RUTHERFORD PD            ,,0,0,0,0,P,B,N,N,2,2,NJ 3                                              ,W,3,,00000003__      ,5.7,2,1,2,1,1,1,1,2,,,,,,,,45,,,,N,NONE                                                                            ,43,7:55,120+04738
2018025618-01191               ,BERGEN      ,RUTHERFORD BORO         ,1/15/2018,MO,627,1,RUTHERFORD PD            ,,0,2,0,0,I,B,N,N,1,2,NJ 3                                              ,W,3,,00000003__      ,5.7,2,,2,1,6,1,1,1,,,,,,,,55,,,,N,,86,6:25,120+04738
2016025616-05577               ,BERGEN      ,RUTHERFORD BORO         ,3/11/2016,F ,1531,1,RUTHERFORD PD            ,,0,0,0,0,P,B,N,N,1,2,NJ 3                                              ,W,3,,00000003__      ,6.3,2,5,2,1,1,1,1,1,,,,,T,NJ 17                    ,NB,55,,,,N,,76,15:30,120P04737
201302562013-001029            ,BERGEN      ,RUTHERFORD BORO         ,1/25/2013,F ,1454,1,RUTHERFORD PD            ,,0,0,0,0,P,B,N,N,1,2,NJ 3                                              ,W,3,,00000003__      ,5.1,2,2,2,1,1,1,1,2,,,,,,,,45,,,,N,,80,14:55,120+04739
2014025614-08059               ,BERGEN      ,RUTHERFORD BORO         ,4/12/2014,SA,1452,1,RUTHERFORD PD            ,,0,0,0,0,P,B,N,N,2,2,NJ 3                                              ,W,3,,00000003__      ,5.3,2,1,2,1,1,1,1,2,,,,,,,,45,,40.81967,74.11856,N,,87,14:50,120P04738
2018025618-01196               ,BERGEN      ,RUTHERFORD BORO         ,1/15/2018,MO,626,1,RUTHERFORD PD            ,,0,0,0,0,P,B,N,N,2,2,NJ 3                                              ,W,3,,00000003__      ,5.7,2,,2,1,6,1,1,1,,,,,,,,55,,,,N,,86,6:25,120+04738
2018025618-01198               ,BERGEN      ,RUTHERFORD BORO         ,1/15/2018,MO,628,1,RUTHERFORD PD            ,,0,0,0,0,P,B,N,N,1,2,NJ 3                                              ,W,3,,00000003__      ,5.7,2,,2,1,6,1,1,1,,,,,,,,55,,,,N,,86,6:30,120+04738
2014025614-08335               ,BERGEN      ,RUTHERFORD BORO         ,4/16/2014,W ,1752,1,RUTHERFORD PD            ,,0,0,0,0,P,I,N,N,1,2,NJ 3                                              ,W,3,,00000003__      ,6.4,2,2,2,1,1,1,1,1,,AT,N,,,,,55,,40.81044,74.09915,N,,89,17:50,120+04737
2015025615-08795               ,BERGEN      ,RUTHERFORD BORO         ,4/8/2015,W ,929,1,RUTHERFORD PD            ,,0,0,0,0,P,B,N,N,2,2,NJ 3                                              ,W,3,,00000003__      ,6.4,2,1,2,1,1,1,1,1,,,N,,,,,55,,,,N,,93,9:30,120+04737
2014025614-08702               ,BERGEN      ,RUTHERFORD BORO         ,4/21/2014,M ,2046,1,RUTHERFORD PD            ,,0,0,0,0,P,I,N,N,1,2,NJ 3                                              ,W,3,,00000003__      ,5,2,5,2,1,6,1,1,2,,AT,N,,F,RIVERSIDE AVENUE         ,NB,45,,40.82242,74.12299,N,,76,20:45,120+04739
2016025616-05820               ,BERGEN      ,RUTHERFORD BORO         ,3/14/2016,M ,1324,1,RUTHERFORD PD            ,,0,2,0,0,I,B,N,N,1,2,NJ 3                                              ,W,3,,00000003__      ,5.5,2,1,2,2,1,2,1,1,,,,,,,,55,,,,N,,87,13:25,120P04738
2017025617-02345               ,BERGEN      ,RUTHERFORD BORO         ,2/3/2017,FR,1609,1,RUTHERFORD PD            ,,0,1,0,0,I,B,N,N,1,2,NJ 3                                              ,W,3,,00000003__      ,5,2,,2,1,1,1,1,1,,,,,,,,55,,,,N,,62,16:10,120+04739
2015025615-09324               ,BERGEN      ,RUTHERFORD BORO         ,4/15/2015,W ,1611,1,RUTHERFORD PD            ,,0,1,0,0,I,B,N,N,1,2,NJ 3                                              ,W,3,,00000003__      ,5.1,2,2,2,1,1,1,1,1,,,,,,,,55,,,,N,,76,16:10,120+04739
2016025616-05846               ,BERGEN      ,RUTHERFORD BORO         ,3/14/2016,M ,1953,1,RUTHERFORD PD            ,,0,0,0,0,P,B,N,N,11,1,NJ 3                                              ,W,3,,00000003__      ,6.2,2,4,2,2,6,2,1,1,,,,,F,NJ 17                    ,SB,55,,,,N,CURB                                                                            ,65,19:55,120P04737
2014025614-08757               ,BERGEN      ,RUTHERFORD BORO         ,4/22/2014,TU,1612,1,RUTHERFORD PD            ,,0,0,0,0,P,I,N,N,2,2,NJ 3                                              ,W,3,,00000003__      ,6.8,2,2,1,2,1,2,1,1,,AT,N,,,,,55,,40.81095,74.08986,N,,,16:10,120+04737
201302562013-001431            ,BERGEN      ,RUTHERFORD BORO         ,2/5/2013,TU,713,1,RUTHERFORD PD            ,,0,0,0,0,P,B,N,N,1,2,NJ 3                                              ,W,3,,00000003__      ,4.95,2,2,2,2,1,3,1,2,,,,,,,,45,,,,N,,52,7:15,120+04739
2016025616-05972               ,BERGEN      ,RUTHERFORD BORO         ,3/16/2016,W ,1426,1,RUTHERFORD PD            ,,0,1,0,0,I,B,N,N,1,2,NJ 3                                              ,W,3,,00000003__      ,5,2,3,2,1,1,1,1,1,,,W,,,,,55,,,,N,NONE                                                                            ,83,14:25,120+04739
2017025617-02406               ,BERGEN      ,RUTHERFORD BORO         ,2/5/2017,SU,309,1,RUTHERFORD PD            ,,0,5,0,0,I,B,Y,N,1,3,NJ 3                                              ,W,3,,00000003__      ,5.7,2,,2,1,6,1,1,1,,,,,T,NJ 17                    ,,55,,,,N,,,3:10,120+04738
2014025614-08929               ,BERGEN      ,RUTHERFORD BORO         ,4/24/2014,TH,1810,1,RUTHERFORD PD            ,,0,0,0,0,P,I,N,N,1,2,NJ 3                                              ,W,3,,00000003__      ,,2,2,2,1,1,1,1,1,,AT,N,,,,,55,,,,N,,88,18:10,120+07449
2014025614-09010               ,BERGEN      ,RUTHERFORD BORO         ,4/25/2014,F ,1848,1,RUTHERFORD PD            ,,0,0,0,0,P,B,N,N,1,2,NJ 3                                              ,W,3,,00000003__      ,5,2,3,2,1,1,1,1,2,,,,,,,,45,,40.82242,74.12299,N,,56,18:50,120+04739
2017025617-02629               ,BERGEN      ,RUTHERFORD BORO         ,2/8/2017,WE,1605,1,RUTHERFORD PD            ,,0,0,0,0,P,B,N,N,2,2,NJ 3                                              ,W,3,,00000003__      ,5,2,,1,1,1,1,1,1,,,,,,,,55,,,,N,,62,16:05,120+04739
2015025615-09839               ,BERGEN      ,RUTHERFORD BORO         ,4/22/2015,W ,1803,1,RUTHERFORD PD            ,,0,0,0,0,P,B,N,N,1,2,NJ 3                                              ,W,3,,00000003__      ,5.7,2,1,2,2,1,2,1,1,,,,,,,,55,,,,N,,85,18:05,120+04738
201302562013-001451            ,BERGEN      ,RUTHERFORD BORO         ,2/5/2013,TU,1713,1,RUTHERFORD PD            ,,0,0,0,0,P,B,N,N,2,2,NJ 3                                              ,W,3,,00000003__      ,6.4,2,2,2,1,6,1,1,1,,,,,,,,55,,,,N,,53,17:15,120+04737
2018025618-01882               ,BERGEN      ,RUTHERFORD BORO         ,1/23/2018,TU,1625,1,RUTHERFORD PD            ,,0,1,0,0,I,I,N,N,3,2,NJ 3                                              ,W,3,,00000003__      ,0,2,,2,2,1,2,5,1,,AT,N,VETERANS BOULEVARD                 ,,,,40,25,,,N,,83,16:25,120+07449
201302562013-001456            ,BERGEN      ,RUTHERFORD BORO         ,2/5/2013,TU,1939,1,RUTHERFORD PD            ,,0,1,0,0,I,B,N,N,1,2,NJ 3                                              ,W,3,,00000003__      ,4.95,2,6,2,2,6,5,1,2,,,,,F,RIVERSIDE AVE            ,,45,,,,N,,56,19:40,120+04739
2018025618-01999               ,BERGEN      ,RUTHERFORD BORO         ,1/24/2018,WE,1740,1,RUTHERFORD PD            ,,0,1,0,0,I,B,N,N,1,2,NJ 3                                              ,W,3,,00000003__      ,5,2,,2,1,6,1,1,1,,,,,,,,55,,,,N,,88,17:40,120+04739
2015025615-09922               ,BERGEN      ,RUTHERFORD BORO         ,4/23/2015,TH,1710,1,RUTHERFORD PD            ,,0,0,0,0,P,B,N,N,1,2,NJ 3                                              ,W,3,,00000003__      ,5.5,2,2,2,1,1,5,1,1,,,,,,,,55,,,,N,,92,17:10,120P04738
201302562013-001546            ,BERGEN      ,RUTHERFORD BORO         ,2/7/2013,TH,1920,1,RUTHERFORD PD            ,,0,0,0,0,P,B,N,N,1,2,NJ 3                                              ,W,3,,00000003__      ,4.95,2,5,2,1,6,1,1,2,,,,,F,RIVERSIDE AVENUE         ,SB,45,,,,N,,80,19:20,120+04739
2018025618-02000               ,BERGEN      ,RUTHERFORD BORO         ,1/24/2018,WE,1756,1,RUTHERFORD PD            ,,0,0,0,0,P,B,N,N,1,3,NJ 3                                              ,W,3,,00000003__      ,5.2,2,,2,1,6,1,1,1,,,N,,,,,55,,,,N,,91,17:55,120P04738
2014025614-09073               ,BERGEN      ,RUTHERFORD BORO         ,4/26/2014,SA,956,1,RUTHERFORD PD            ,,0,1,0,0,I,I,N,N,1,3,NJ 3                                              ,W,3,,00000003__      ,5.8,2,2,2,1,1,1,1,2,,AT,N,,,,,45,,40.81521,74.11094,N,,,9:55,120+04738
2015025615-10079               ,BERGEN      ,RUTHERFORD BORO         ,4/25/2015,SA,1844,1,RUTHERFORD PD            ,,0,0,0,0,P,B,N,N,1,2,NJ 3                                              ,W,3,,00000003__      ,6.8,2,2,2,1,1,1,1,1,,,N,,,,,55,,,,N,,69,18:45,120+04737
2016025616-06653               ,BERGEN      ,RUTHERFORD BORO         ,3/24/2016,TH,1547,1,RUTHERFORD PD            ,,0,0,0,0,P,B,N,N,2,3,NJ 3                                              ,W,3,,00000003__      ,6.8,2,2,1,1,1,1,1,1,,,W,,,,,55,,,,N,,92,15:45,120+04737
2014025614-09331               ,BERGEN      ,RUTHERFORD BORO         ,4/29/2014,TU,1941,1,RUTHERFORD PD            ,,0,1,0,0,I,I,N,N,1,2,NJ 3                                              ,W,3,,00000003__      ,5,2,5,2,2,6,2,1,2,,AT,N,,F,RIVERSIDE AVE            ,,45,,40.82242,74.12299,N,,85,19:40,120+04739
2016025616-06663               ,BERGEN      ,RUTHERFORD BORO         ,3/24/2016,TH,1720,1,RUTHERFORD PD            ,,0,0,0,0,P,B,N,N,1,2,NJ 3                                              ,W,3,,00000003__      ,5,2,2,1,1,1,1,1,1,,,W,,,,,55,,,,N,,88,17:20,120+04739
2017025617-03010               ,BERGEN      ,RUTHERFORD BORO         ,2/13/2017,MO,1010,1,RUTHERFORD PD            ,,0,0,0,0,P,B,N,N,15,2,NJ 3                                              ,W,3,,00000003__      ,5,2,,2,2,1,1,4,1,,,,,,,,55,,,,N,,88,10:10,120+04739
2018025618-02152               ,BERGEN      ,RUTHERFORD BORO         ,1/26/2018,FR,1555,1,RUTHERFORD PD            ,,0,0,0,0,P,B,N,N,2,2,NJ 3                                              ,W,3,,00000003__      ,5.5,2,,2,1,1,1,1,1,,,,,,,,50,,,,N,,97,15:55,120P04738
201302562013-001572            ,BERGEN      ,RUTHERFORD BORO         ,2/8/2013,F ,1258,1,RUTHERFORD PD            ,,0,1,0,0,I,B,N,N,11,1,NJ 3                                              ,W,3,,00000003__      ,6.4,2,5,2,5,1,3,1,1,,,,,,,,55,,,,N,NONE                                                                            ,43,13:00,120+04737
201302562013-001705            ,BERGEN      ,RUTHERFORD BORO         ,2/10/2013,S ,351,1,RUTHERFORD PD            ,,0,1,0,0,I,B,N,N,11,1,NJ 3                                              ,W,3,,00000003__      ,5,2,1,2,4,6,1,1,2,,,,,,,,45,,,,N,,78,3:50,120+04739
2015025615-10317               ,BERGEN      ,RUTHERFORD BORO         ,4/28/2015,TU,2127,1,RUTHERFORD PD            ,,0,0,0,0,P,B,N,N,15,1,NJ 3                                              ,W,3,,00000003__      ,5.5,2,1,2,1,6,1,1,1,,,N,,,,,55,,,,N,,93,21:25,120P04738
2014025614-09387               ,BERGEN      ,RUTHERFORD BORO         ,4/30/2014,W ,1805,1,RUTHERFORD PD            ,,0,0,0,0,P,I,N,N,1,2,NJ 3                                              ,W,3,,00000003__      ,6.2,2,3,2,2,6,2,1,1,,AT,N,,,,,55,,40.81178,74.10341,N,,87,18:05,120P04737
2018025618-02189               ,BERGEN      ,RUTHERFORD BORO         ,1/27/2018,SA,145,1,RUTHERFORD PD            ,,0,0,0,0,P,B,Y,N,11,1,NJ 3                                              ,W,3,,00000003__      ,6.3,2,,2,1,6,1,3,1,,,,,F,ROUTE 17                 ,SB,55,,,,N,,94,1:45,120P04737
201302562013-001735            ,BERGEN      ,RUTHERFORD BORO         ,2/11/2013,M ,913,1,RUTHERFORD PD            ,,0,0,0,0,P,I,N,N,1,2,NJ 3                                              ,W,3,,00000003__      ,5,2,1,2,2,1,2,1,2,,AT,N,,F,RIVERSIDE AVE CR 507     ,WB,45,,,,N,NONE                                                                            ,43,9:15,120+04739
2017025617-03124               ,BERGEN      ,RUTHERFORD BORO         ,2/14/2017,TU,1857,1,RUTHERFORD PD            ,,0,0,0,0,P,B,N,N,2,2,NJ 3                                              ,W,3,,00000003__      ,5.3,2,,2,1,6,1,1,1,,,,,,,,55,,,,N,,91,18:55,120P04738
2018025618-02205               ,BERGEN      ,RUTHERFORD BORO         ,1/27/2018,SA,1453,1,RUTHERFORD PD            ,,0,0,0,0,P,B,N,N,15,2,NJ 3                                              ,W,3,,00000003__      ,5.5,2,,2,1,1,1,1,1,,,,,,,,55,,,,N,,90,14:55,120P04738
2015025615-10567               ,BERGEN      ,RUTHERFORD BORO         ,5/2/2015,SA,816,1,RUTHERFORD PD            ,,0,0,0,0,P,I,N,N,1,2,NJ 3                                              ,W,3,,00000003__      ,6.4,2,4,2,1,1,1,5,1,,AT,,,T,THOMAS E. DUNN           ,,55,,,,N,,91,8:15,120+04737
2017025617-03248               ,BERGEN      ,RUTHERFORD BORO         ,2/16/2017,TH,1602,1,RUTHERFORD PD            ,,0,0,0,0,P,B,N,N,2,2,NJ 3                                              ,W,3,,00000003__      ,5,2,,2,1,1,1,1,1,,,,,,,,55,,,,N,,83,16:00,120+04739
2014025614-09508               ,BERGEN      ,RUTHERFORD BORO         ,5/2/2014,F ,102,1,RUTHERFORD PD            ,,0,1,0,0,I,I,Y,N,1,2,NJ 3                                              ,W,3,,00000003__      ,5.7,2,1,2,1,6,1,1,2,,AT,N,,,,,45,,40.81606,74.1125,N,NONE                                                                            ,78,1:00,120+04738
201302562013-002068            ,BERGEN      ,RUTHERFORD BORO         ,2/18/2013,M ,1202,1,RUTHERFORD PD            ,,0,0,0,0,P,B,N,N,1,2,NJ 3                                              ,W,3,,00000003__      ,6.2,2,4,2,1,1,1,2,2,,,,,F,ROUTE 17                 ,SB,45,,,,N,,80,12:00,120P04737
2015025615-10600               ,BERGEN      ,RUTHERFORD BORO         ,5/2/2015,SA,1940,1,RUTHERFORD PD            ,,0,3,0,0,I,B,N,N,2,2,NJ 3                                              ,W,3,,00000003__      ,6.2,2,1,2,1,3,1,1,1,,,N,,,,,55,,,,N,,93,19:40,120P04737
2018025618-02390               ,BERGEN      ,RUTHERFORD BORO         ,1/30/2018,TU,1128,1,RUTHERFORD PD            ,,0,0,0,0,P,B,N,N,2,2,NJ 3                                              ,W,3,,00000003__      ,6.2,2,,2,2,1,1,1,1,,,,,,,,55,,,,N,,98,11:30,120P04737
2016025616-07380               ,BERGEN      ,RUTHERFORD BORO         ,4/1/2016,F ,2113,1,RUTHERFORD PD            ,,0,1,0,0,I,B,N,N,2,2,NJ 3                                              ,W,3,,00000003__      ,6.5,2,2,2,2,6,1,1,1,,,W,,,,,55,,,,N,,92,21:15,120+04737
201302562013-002075            ,BERGEN      ,RUTHERFORD BORO         ,2/18/2013,M ,1619,1,RUTHERFORD PD            ,,0,0,0,0,P,B,N,N,2,2,NJ 3                                              ,W,3,,00000003__      ,5,2,5,2,1,1,1,1,2,,,,,F,RIVERSIDE AVE            ,,45,,,,N,,56,16:20,120+04739
2017025617-03251               ,BERGEN      ,RUTHERFORD BORO         ,2/16/2017,TH,1628,1,RUTHERFORD PD            ,,0,0,0,0,P,B,N,N,1,2,NJ 3                                              ,W,3,,00000003__      ,5,2,,2,1,1,1,1,1,,,,,,,,55,,,,N,,83,16:30,120+04739
2016025616-07445               ,BERGEN      ,RUTHERFORD BORO         ,4/3/2016,S ,109,1,RUTHERFORD PD            ,,0,0,0,0,P,B,N,N,11,1,NJ 3                                              ,W,3,,00000003__      ,6.4,2,2,2,2,6,2,1,1,,,,,,,,55,,,,N,,62,1:10,120+04737
201302562013-002099            ,BERGEN      ,RUTHERFORD BORO         ,2/19/2013,TU,911,1,RUTHERFORD PD            ,,0,0,0,0,P,B,N,N,1,2,NJ 3                                              ,W,3,,00000003__      ,4.95,2,2,2,1,1,5,1,2,,,,,F,RIVERSIDE AVENUE         ,,45,,,,N,,62,9:10,120+04739
2014025614-09718               ,BERGEN      ,RUTHERFORD BORO         ,5/5/2014,M ,1128,1,RUTHERFORD PD            ,,0,0,0,0,P,B,N,N,2,2,NJ 3                                              ,W,3,,00000003__      ,6.2,2,2,2,1,1,1,1,2,,,,,F,NJ 17                    ,SB,45,,40.81178,74.10341,N,,89,11:30,120P04737
2017025617-032850              ,BERGEN      ,RUTHERFORD BORO         ,2/17/2017,FR,325,1,RUTHERFORD PD            ,,0,0,0,0,P,B,N,N,15,1,NJ 3                                              ,W,3,,00000003__      ,6.4,2,,2,1,6,1,1,1,,,,,,,,55,,,,N,,56,3:25,120+04737
201302562013-002190            ,BERGEN      ,RUTHERFORD BORO         ,2/21/2013,TH,1356,1,RUTHERFORD PD            ,,0,0,0,0,P,I,N,N,1,2,NJ 3                                              ,W,3,,00000003__      ,5,2,5,2,1,1,1,2,2,,AT,W,,F,RIVERSIDE AVE CR 507     ,WB,45,,,,N,,50,13:55,120+04739
2018025618-02519               ,BERGEN      ,RUTHERFORD BORO         ,1/31/2018,WE,1828,1,RUTHERFORD PD            ,,0,0,0,0,P,B,N,N,2,2,NJ 3                                              ,W,3,,00000003__      ,5,2,,2,1,6,1,1,1,,,,,,,,55,,,,N,,97,18:30,120+04739
2015025615-10950               ,BERGEN      ,RUTHERFORD BORO         ,5/6/2015,W ,1914,1,RUTHERFORD PD            ,,0,0,0,0,P,B,N,N,1,2,NJ 3                                              ,W,3,,00000003__      ,5.1,2,1,2,1,1,1,1,1,,,W,,,,,55,,,,N,,93,19:15,120+04739
2014025614-09755               ,BERGEN      ,RUTHERFORD BORO         ,5/5/2014,M ,1706,1,RUTHERFORD PD            ,,0,0,0,0,P,I,N,N,1,3,NJ 3                                              ,W,3,,00000003__      ,6.3,2,3,1,1,1,1,1,1,,AT,N,,,,,55,,40.81095,74.10137,N,,,17:05,120P04737