CRASH_ID,CTY_NAME,MUN_NAME,DATE,DAY,TIME,POL_CODE,POL_DEPT,POL_STA,KILLED,INJURED,PED_KILL,PED_INJ,SEVERITY,INTERSEC,ALCOHOL,HAZMAT,CRASH_TYPE,VEH_COUNT,LOCATION,LOC_DIR,ROUTE,RT_SFX,SRI,MP,RD_SYS,RD_CHAR,RD_SURF,SURF_COND,LIGHT,WEATHER,RD_DIV,RD_WRKZN,X_DIST,DIST_UNT,X_DIR,X_NAME,IS_RAMP,RAMP_RT,RAMP_DIR,SPD_LMT,SPD_X,LAT,LONG,CELL_USE,PROP_DMG,BADGE,TIME_ROUND,TMC
2016025616-07606               ,BERGEN      ,RUTHERFORD BORO         ,4/5/2016,TU,935,1,RUTHERFORD PD            ,,0,0,0,0,P,B,N,N,2,2,NJ 3                                              ,W,3,,00000003__      ,6.3,2,5,2,1,1,1,1,1,,,,,,,,55,,,,N,,85,9:35,120P04737
2017025617-035430              ,BERGEN      ,RUTHERFORD BORO         ,2/21/2017,TU,1821,1,RUTHERFORD PD            ,,0,0,0,0,P,B,N,N,2,2,NJ 3                                              ,W,3,,00000003__      ,6.3,2,,2,1,3,1,1,1,,,,,,,,55,,,,N,,56,18:20,120P04737
2015025615-11143               ,BERGEN      ,RUTHERFORD BORO         ,5/8/2015,F ,1631,1,RUTHERFORD PD            ,,0,1,0,0,I,B,N,N,1,2,NJ 3                                              ,W,3,,00000003__      ,5.3,2,2,2,1,1,1,1,1,,,,,,,,55,,,,N,,,16:30,120P04738
2018025618-02521               ,BERGEN      ,RUTHERFORD BORO         ,1/31/2018,WE,1900,1,RUTHERFORD PD            ,,0,0,0,0,P,B,N,N,1,2,NJ 3                                              ,W,3,,00000003__      ,5.3,2,,2,1,6,1,1,1,,,,,,,,55,,,,N,,97,19:00,120P04738
201302562013-002290            ,BERGEN      ,RUTHERFORD BORO         ,2/23/2013,SA,2127,1,RUTHERFORD PD            ,,0,1,0,0,I,I,N,N,11,1,NJ 3                                              ,W,3,,00000003__      ,5.7,2,2,2,2,6,2,1,2,,AT,N,,,,,45,,,,N,,80,21:25,120+04738
2018025618-02524               ,BERGEN      ,RUTHERFORD BORO         ,1/31/2018,WE,1924,1,RUTHERFORD PD            ,,0,0,0,0,P,B,N,N,1,3,NJ 3                                              ,W,3,,00000003__      ,5.1,2,,2,1,6,1,1,1,,,,,,,,55,,,,N,,97,19:25,120+04739
2014025614-09854               ,BERGEN      ,RUTHERFORD BORO         ,5/6/2014,TU,1719,1,RUTHERFORD PD            ,,0,0,0,0,P,I,N,N,1,2,NJ 3                                              ,W,3,,00000003__      ,5.7,2,1,2,1,1,1,1,2,,AT,N,,,,,45,,40.81606,74.1125,N,,53,17:20,120+04738
2016025616-08201               ,BERGEN      ,RUTHERFORD BORO         ,4/12/2016,TU,1733,1,RUTHERFORD PD            ,,0,0,0,0,P,B,N,N,1,2,NJ 3                                              ,W,3,,00000003__      ,6.1,2,1,2,1,1,1,1,1,,,,,,,,55,,,,N,,91,17:35,120P04737
2014025614-10003               ,BERGEN      ,RUTHERFORD BORO         ,5/8/2014,TH,1817,1,RUTHERFORD PD            ,,0,1,0,0,I,I,N,N,1,2,NJ 3                                              ,W,3,,00000003__      ,5.2,2,2,2,1,1,1,1,2,,AT,N,,,,,45,,40.82063,74.11999,N,,52,18:15,120P04738
2015025615-11151               ,BERGEN      ,RUTHERFORD BORO         ,5/8/2015,F ,1846,1,RUTHERFORD PD            ,,0,0,0,0,P,B,N,N,1,3,NJ 3                                              ,W,3,,00000003__      ,5.2,2,1,2,1,1,1,5,1,,,,,,,,55,,,,N,,95,18:45,120P04738
2018025618-02609               ,BERGEN      ,RUTHERFORD BORO         ,2/1/2018,TH,1757,1,RUTHERFORD PD            ,,0,0,0,0,P,B,N,N,1,2,NJ 3                                              ,W,3,,00000003__      ,6.7,2,,2,2,6,2,1,1,,,,,,,,55,,,,N,,76,17:55,120+04737
201302562013-002342            ,BERGEN      ,RUTHERFORD BORO         ,2/25/2013,M ,242,1,RUTHERFORD PD            ,,0,0,0,0,P,B,N,N,11,1,NJ 3                                              ,W,3,,00000003__      ,5,2,2,2,1,6,1,1,2,,,,,,,,45,,,,N,,62,2:40,120+04739
2017025617-03616               ,BERGEN      ,RUTHERFORD BORO         ,2/22/2017,WE,1607,1,RUTHERFORD PD            ,,0,0,0,0,P,B,N,N,1,2,NJ 3                                              ,W,3,,00000003__      ,5.7,2,,2,1,1,1,1,1,,,,,,,,55,,,,N,,62,16:05,120+04738
2014025614-10159               ,BERGEN      ,RUTHERFORD BORO         ,5/10/2014,SA,1223,1,RUTHERFORD PD            ,,0,1,0,0,I,I,N,N,2,2,NJ 3                                              ,W,3,,00000003__      ,6.2,2,1,2,1,1,1,1,2,,AT,N,,F,ROUTE 17                 ,SB,55,,40.81178,74.10341,N,,83,12:25,120P04737
2018025618-02869               ,BERGEN      ,RUTHERFORD BORO         ,2/4/2018,SU,2308,1,RUTHERFORD PD            ,,0,0,0,0,P,B,N,N,11,1,NJ 3                                              ,W,3,,00000003__      ,,2,,2,2,4,2,3,1,,,,,F,NJ 17                    ,SB,55,,,,N,,96,23:10,120+07449
2017025617-03647               ,BERGEN      ,RUTHERFORD BORO         ,2/23/2017,TH,127,1,RUTHERFORD PD            ,,0,0,0,0,P,B,N,N,11,1,NJ 3                                              ,W,3,,00000003__      ,4.95,2,,2,1,6,1,2,1,,,,,F,NJ 17                    ,SB,40,,,,N,,69,1:25,120+04739
2018025618-02926               ,BERGEN      ,RUTHERFORD BORO         ,2/5/2018,MO,1759,1,RUTHERFORD PD            ,,0,0,0,0,P,B,N,N,2,2,NJ 3                                              ,W,3,,00000003__      ,6.1,2,,2,1,6,1,1,1,,,,,,,,55,,,,N,,83,18:00,120P04737
2016025616-08296               ,BERGEN      ,RUTHERFORD BORO         ,4/13/2016,W ,1732,1,RUTHERFORD PD            ,,0,0,0,0,P,B,N,N,1,2,NJ 3                                              ,W,3,,00000003__      ,5,2,1,2,1,1,1,1,1,,,W,,,,,55,,,,N,,67,17:30,120+04739
2014025614-10238               ,BERGEN      ,RUTHERFORD BORO         ,5/11/2014,S ,1343,1,RUTHERFORD PD            ,,0,1,0,0,I,I,N,N,1,2,NJ 3                                              ,W,3,,00000003__      ,5,2,2,1,1,1,1,1,2,,AT,N,,,,,45,,40.82242,74.12299,N,,53,13:45,120+04739
2018025618-03190               ,BERGEN      ,RUTHERFORD BORO         ,2/8/2018,TH,1805,1,RUTHERFORD PD            ,,0,2,0,0,I,B,N,N,1,2,NJ 3                                              ,W,3,,00000003__      ,6.3,2,,2,1,6,1,1,1,,,,,,,,55,,,,N,,61,18:05,120P04737
2017025617-03792               ,BERGEN      ,RUTHERFORD BORO         ,2/24/2017,FR,1811,1,RUTHERFORD PD            ,,0,0,0,0,P,B,N,N,12,1,NJ 3                                              ,W,3,,00000003__      ,6.4,2,,2,1,6,1,2,1,,,,,T,NJ 17                    ,NB,55,,,,N,,95,18:10,120+04737
2014025614-10276               ,BERGEN      ,RUTHERFORD BORO         ,5/11/2014,S ,2125,1,RUTHERFORD PD            ,,0,0,0,0,P,I,N,N,1,2,NJ 3                                              ,W,3,,00000003__      ,5,2,5,2,1,6,1,1,2,,AT,N,,,,,45,,40.82242,74.12299,N,NONE                                                                            ,78,21:25,120+04739
2018025618-03266               ,BERGEN      ,RUTHERFORD BORO         ,2/9/2018,FR,1557,1,RUTHERFORD PD            ,,0,0,0,0,P,B,N,N,1,3,NJ 3                                              ,W,3,,00000003__      ,6.2,2,,2,1,1,1,1,1,,,,,,,,55,,,,N,,94,15:55,120P04737
201302562013-002506            ,BERGEN      ,RUTHERFORD BORO         ,2/28/2013,TH,1741,1,RUTHERFORD PD            ,,0,0,0,0,P,B,N,N,1,2,NJ 3                                              ,W,3,,00000003__      ,6.3,2,4,2,1,1,1,1,1,,,,,F,ROUTE 17                 ,NB,55,,,,N,,76,17:40,120P04737
2015025615-12281               ,BERGEN      ,RUTHERFORD BORO         ,5/22/2015,F ,1941,1,RUTHERFORD PD            ,,0,1,0,0,I,B,N,N,11,1,NJ 3                                              ,W,3,,00000003__      ,6.4,2,4,2,1,1,1,2,1,,,W,,T,NJ17 /SERVICE RD         ,NB,55,,,,N,,95,19:40,120+04737
2017025617-03854               ,BERGEN      ,RUTHERFORD BORO         ,2/25/2017,SA,1956,1,RUTHERFORD PD            ,,0,0,0,0,P,B,N,N,2,2,NJ 3                                              ,W,3,,00000003__      ,6.4,2,,2,2,6,2,1,1,,,,,,,,55,,,,N,,87,19:55,120+04737
201302562013-002553            ,BERGEN      ,RUTHERFORD BORO         ,3/1/2013,F ,1556,1,RUTHERFORD PD            ,,0,0,0,0,P,B,N,N,1,2,NJ 3                                              ,W,3,,00000003__      ,5,2,5,2,,1,,1,2,,,,,,,,45,,,,N,,78,15:55,120+04739
2014025614-10334               ,BERGEN      ,RUTHERFORD BORO         ,5/12/2014,M ,1737,1,RUTHERFORD PD            ,,0,0,0,0,P,I,N,N,1,2,NJ 3                                              ,W,3,,00000003__      ,6.4,2,2,2,1,1,1,1,2,,AT,N,,,,,45,,40.81044,74.09915,N,,88,17:35,120+04737
2016025616-08565               ,BERGEN      ,RUTHERFORD BORO         ,4/17/2016,S ,1826,1,RUTHERFORD PD            ,,0,0,0,0,P,B,N,N,2,3,NJ 3                                              ,W,3,,00000003__      ,6.4,2,2,2,1,1,1,1,1,,,W,,,,,55,,,,N,,92,18:25,120+04737
2018025618-03274               ,BERGEN      ,RUTHERFORD BORO         ,2/9/2018,FR,1848,1,RUTHERFORD PD            ,,0,0,0,0,P,B,N,N,2,2,NJ 3                                              ,W,3,,00000003__      ,6.4,2,,2,1,6,1,1,1,,,W,,,,,55,,,,N,,97,18:50,120+04737
2016025616-08653               ,BERGEN      ,RUTHERFORD BORO         ,4/18/2016,M ,1549,1,RUTHERFORD PD            ,,0,3,0,0,I,B,N,N,1,2,NJ 3                                              ,W,3,,00000003__      ,5.3,2,1,2,1,1,1,1,1,,,W,,,,,55,,,,N,,89,15:50,120P04738
2017025617-03959               ,BERGEN      ,RUTHERFORD BORO         ,2/27/2017,MO,1519,1,RUTHERFORD PD            ,,0,0,0,0,P,B,N,N,1,2,NJ 3                                              ,W,3,,00000003__      ,5.3,2,,2,1,1,1,1,1,,,,,,,,55,,,,N,,91,15:20,120P04738
2018025618-03276               ,BERGEN      ,RUTHERFORD BORO         ,2/9/2018,FR,1914,1,RUTHERFORD PD            ,,0,0,0,0,P,B,N,N,1,3,NJ 3                                              ,W,3,,00000003__      ,5.4,2,,2,1,6,1,1,1,,,,,,,,55,,,,N,,97,19:15,120P04738
201302562013-002586            ,BERGEN      ,RUTHERFORD BORO         ,3/2/2013,SA,1617,1,RUTHERFORD PD            ,,0,0,0,0,P,I,N,N,11,1,NJ 3                                              ,W,3,,00000003__      ,6.4,2,4,2,1,1,1,3,1,,AT,W,,T,THOMAS E DUNN            ,,40,,,,N,,52,16:15,120+04737
201302562013-002630            ,BERGEN      ,RUTHERFORD BORO         ,3/4/2013,M ,810,1,RUTHERFORD PD            ,,0,0,0,0,P,B,N,N,1,2,NJ 3                                              ,W,3,,00000003__      ,5.1,2,2,2,1,1,1,1,2,,,,,,,,45,,,,N,,77,8:10,120+04739
2014025614-10616               ,BERGEN      ,RUTHERFORD BORO         ,5/16/2014,F ,1614,1,RUTHERFORD PD            ,,0,0,0,0,P,I,N,N,1,2,NJ 3                                              ,W,3,,00000003__      ,5.2,2,2,2,2,1,2,1,2,,AT,N,,,,,45,,40.82063,74.11999,N,,,16:15,120P04738
2016025616-08777               ,BERGEN      ,RUTHERFORD BORO         ,4/19/2016,TU,1839,1,RUTHERFORD PD            ,,0,1,0,0,I,B,N,N,1,2,NJ 3                                              ,W,3,,00000003__      ,5.95,2,2,2,1,1,1,5,1,100,FE,E,ORIENT WAY                         ,,,,40,35,,,N,,40,18:40,120P04737
2018025618-03774               ,BERGEN      ,RUTHERFORD BORO         ,2/15/2018,TH,1858,1,RUTHERFORD PD            ,,0,0,0,0,P,B,N,N,1,3,NJ 3                                              ,W,3,,00000003__      ,6.2,2,,2,1,6,1,1,1,,,,,,,,55,,,,N,,53,19:00,120P04737
2017025617-04034               ,BERGEN      ,RUTHERFORD BORO         ,2/28/2017,TU,1802,1,RUTHERFORD PD            ,,0,0,0,0,P,B,N,N,1,2,NJ 3                                              ,W,3,,00000003__      ,6.3,2,,2,1,6,1,1,1,,,,,,,,55,,,,N,,93,18:00,120P04737
2014025614-10638               ,BERGEN      ,RUTHERFORD BORO         ,5/16/2014,F ,2227,1,RUTHERFORD PD            ,,0,0,0,0,P,I,N,N,1,2,NJ 3                                              ,W,3,,00000003__      ,5,2,2,2,2,6,2,1,2,,AT,N,,,,,45,,40.82242,74.12299,N,,85,22:25,120+04739
2015025615-12590               ,BERGEN      ,RUTHERFORD BORO         ,5/26/2015,TU,1829,1,RUTHERFORD PD            ,,0,0,0,0,P,B,N,N,2,2,NJ 3                                              ,W,3,,00000003__      ,6.2,2,1,2,1,1,1,1,1,,,,,,,,55,,,,N,,90,18:30,120P04737
2017025617-04095               ,BERGEN      ,RUTHERFORD BORO         ,3/1/2017,WE,1159,1,RUTHERFORD PD            ,,0,0,0,0,P,B,N,N,2,2,NJ 3                                              ,W,3,,00000003__      ,6.3,2,,2,2,1,2,1,1,,,,,,,,55,,,,N,BOTH VEHICLES STRUCK THE CONCRETE MEDIAN CAUSING MINOR DAMAGE                   ,85,12:00,120P04737
2014025614-10845               ,BERGEN      ,RUTHERFORD BORO         ,5/19/2014,M ,1947,1,RUTHERFORD PD            ,,0,0,0,0,P,I,N,N,1,2,NJ 3                                              ,W,3,,00000003__      ,5.01,2,5,2,1,1,1,1,2,,AT,N,ROUTE 507 / RIVERSIDE AVE          ,,,,25,,40.82232,74.1228,N,,,19:45,120+04739
2017025617-04099               ,BERGEN      ,RUTHERFORD BORO         ,3/1/2017,WE,1212,1,RUTHERFORD PD            ,,0,0,0,0,P,B,N,N,11,2,NJ 3                                              ,W,3,,00000003__      ,6.3,2,,2,2,1,2,1,5,,,,,,,,55,,,,N,,94,12:10,120P04737
201302562013-002716            ,BERGEN      ,RUTHERFORD BORO         ,3/5/2013,TU,2303,1,RUTHERFORD PD            ,,0,0,0,0,P,B,N,N,11,1,NJ 3                                              ,W,3,,00000003__      ,6.33,2,2,2,1,6,1,1,2,300,FE,W,NJ 17 RAMP                         ,,,,45,,,,N,YELLOW CONSTRUCTION BARREL                                                      ,63,23:05,120+04737
201302562013-002752            ,BERGEN      ,RUTHERFORD BORO         ,3/6/2013,W ,1623,1,RUTHERFORD PD            ,,0,0,0,0,P,B,N,N,1,2,NJ 3                                              ,W,3,,00000003__      ,5.2,2,2,2,1,1,5,1,2,,,,,,,,45,,,,N,,80,16:25,120P04738
2018025618-04253               ,BERGEN      ,RUTHERFORD BORO         ,2/21/2018,WE,2247,1,RUTHERFORD PD            ,,0,1,0,0,I,B,Y,N,11,1,NJ 3                                              ,W,3,,00000003__      ,5.6,2,,2,2,6,1,1,1,,,,,,,,55,,,,N,,96,22:45,120+04738
2015025615-13058               ,BERGEN      ,RUTHERFORD BORO         ,6/1/2015,M ,1737,1,RUTHERFORD PD            ,,0,0,0,0,P,B,N,N,1,2,NJ 3                                              ,W,3,,00000003__      ,6.1,2,4,2,2,1,1,5,1,,,,,F,NJ 17                    ,SB,55,,,,N,,95,17:35,120P04737
2016025616-09115               ,BERGEN      ,RUTHERFORD BORO         ,4/24/2016,S ,104,1,RUTHERFORD PD            ,,0,2,0,0,I,B,N,N,4,2,NJ 3                                              ,W,3,,00000003__      ,0,2,5,1,1,6,1,5,1,1000,FE,W,VETERANS BOULEVARD                 ,,,,40,25,,,N,,40,1:05,120+07449
2014025614-11021               ,BERGEN      ,RUTHERFORD BORO         ,5/21/2014,W ,1849,1,RUTHERFORD PD            ,,0,1,0,0,I,I,N,N,1,2,NJ 3                                              ,W,3,,00000003__      ,5,2,6,2,1,1,1,1,2,,AT,N,,F,RIVERSIDE AVENUE         ,WB,45,,40.82242,74.12299,N,,84,18:50,120+04739
2017025617-04287               ,BERGEN      ,RUTHERFORD BORO         ,3/3/2017,FR,1853,1,RUTHERFORD PD            ,,0,0,0,0,P,B,N,N,1,2,NJ 3                                              ,W,3,,00000003__      ,5.1,2,,2,1,6,1,1,1,,,,,,,,55,,,,N,,62,18:55,120+04739
2018025618-04407               ,BERGEN      ,RUTHERFORD BORO         ,2/23/2018,FR,1830,1,RUTHERFORD PD            ,,0,0,0,0,P,B,N,N,2,2,NJ 3                                              ,W,3,,00000003__      ,5.1,2,,2,2,6,2,1,1,,,,,,,,55,,,,N,,76,18:30,120+04739
201302562013-002759            ,BERGEN      ,RUTHERFORD BORO         ,3/6/2013,W ,1751,1,RUTHERFORD PD            ,,0,2,0,0,I,I,N,N,1,3,NJ 3                                              ,W,3,,00000003__      ,5.2,2,2,2,1,3,1,1,2,,AT,N,,,,,45,,,,N,,80,17:50,120P04738
2015025615-13202               ,BERGEN      ,RUTHERFORD BORO         ,6/3/2015,W ,1006,1,RUTHERFORD PD            ,,0,0,0,0,P,B,N,N,11,1,NJ 3                                              ,W,3,,00000003__      ,6.2,2,2,2,1,1,1,1,1,,,,,,,,55,,,,N,,92,10:05,120P04737
2016025616-09176               ,BERGEN      ,RUTHERFORD BORO         ,4/25/2016,M ,612,1,RUTHERFORD PD            ,,0,0,0,0,P,B,N,N,2,2,NJ 3                                              ,W,3,,00000003__      ,6.4,2,5,2,1,1,1,2,1,,,W,,T,NJ 17                    ,NB,55,,,,N,,76,6:10,120+04737
2016025616-09290               ,BERGEN      ,RUTHERFORD BORO         ,4/26/2016,TU,1641,1,RUTHERFORD PD            ,,0,1,0,0,I,B,N,N,1,4,NJ 3                                              ,W,3,,00000003__      ,5.2,2,1,2,1,1,1,1,1,,,,,,,,55,,,,N,,93,16:40,120P04738
2017025617-04505               ,BERGEN      ,RUTHERFORD BORO         ,3/7/2017,TU,840,1,RUTHERFORD PD            ,,0,0,0,0,P,B,N,N,1,2,NJ 3                                              ,W,3,,00000003__      ,5.3,2,,2,2,1,2,1,1,,,,,,,,55,,,,N,,94,8:40,120P04738
2014025614-11088               ,BERGEN      ,RUTHERFORD BORO         ,5/22/2014,TH,1655,1,RUTHERFORD PD            ,,0,0,0,0,P,I,N,N,1,2,NJ 3                                              ,W,3,,00000003__      ,6.3,2,2,2,1,1,5,1,2,,AT,N,,,,,45,,40.81095,74.10137,N,,,16:55,120P04737
2015025615-13238               ,BERGEN      ,RUTHERFORD BORO         ,6/3/2015,W ,1931,1,RUTHERFORD PD            ,,0,0,0,0,P,I,N,N,11,1,NJ 3                                              ,W,3,,00000003__      ,6.4,2,4,2,1,1,1,1,1,,AT,N,,T,NJ 17                    ,NB,55,,,,N,,65,19:30,120+04737
201302562013-002834            ,BERGEN      ,RUTHERFORD BORO         ,3/8/2013,F ,750,1,RUTHERFORD PD            ,,0,0,0,0,P,I,N,N,1,2,NJ 3                                              ,W,3,,00000003__      ,,2,5,2,3,1,3,1,2,,AT,N,,F,RIVERSIDE AVENUE         ,WB,45,,,,N,,69,7:50,120+07449
2015025615-13248               ,BERGEN      ,RUTHERFORD BORO         ,6/3/2015,W ,2046,1,RUTHERFORD PD            ,,0,0,0,0,P,B,N,N,2,2,NJ 3                                              ,W,3,,00000003__      ,5,2,3,2,1,3,1,1,1,,,,,,,,55,,,,N,,91,20:45,120+04739
2014025614-11171               ,BERGEN      ,RUTHERFORD BORO         ,5/23/2014,F ,1716,1,RUTHERFORD PD            ,,0,0,0,0,P,I,N,N,1,3,NJ 3                                              ,W,3,,00000003__      ,5.1,2,2,2,2,1,1,1,2,,AT,N,,,,,45,,40.82154,74.12145,N,,76,17:15,120+04739
2017025617-04558               ,BERGEN      ,RUTHERFORD BORO         ,3/8/2017,WE,731,1,RUTHERFORD PD            ,,0,0,0,0,P,B,N,N,2,2,NJ 3                                              ,W,3,,00000003__      ,5.3,2,,2,2,1,2,1,1,,,,,,,,55,,,,N,,77,7:30,120P04738
201302562013-002897            ,BERGEN      ,RUTHERFORD BORO         ,3/9/2013,SA,1639,1,RUTHERFORD PD            ,,0,0,0,0,P,I,N,N,1,3,NJ 3                                              ,W,3,,00000003__      ,6.1,2,1,2,1,1,1,1,1,,AT,W,,,,,45,,,,N,,53,16:40,120P04737
2018025618-04636               ,BERGEN      ,RUTHERFORD BORO         ,2/27/2018,TU,836,1,RUTHERFORD PD            ,,0,0,0,0,P,B,N,N,2,2,NJ 3                                              ,W,3,,00000003__      ,6.4,2,,2,1,1,1,1,1,,,,,,,,55,,,,N,,85,8:35,120+04737
201302562013-002956            ,BERGEN      ,RUTHERFORD BORO         ,3/11/2013,M ,1352,1,RUTHERFORD PD            ,,0,1,0,0,I,I,N,N,1,2,NJ 3                                              ,W,3,,00000003__      ,5,2,2,2,1,1,1,1,2,,AT,N,,F,RIVERSIDE AVE            ,,45,,,,N,,67,13:50,120+04739
2015025615-13622               ,BERGEN      ,RUTHERFORD BORO         ,6/8/2015,M ,1401,1,RUTHERFORD PD            ,,1,0,0,0,F,B,N,N,11,2,NJ 3                                              ,W,3,,00000003__      ,5.9,2,1,2,1,1,1,1,1,,,,,,,,55,,,,N,NJ DOT ORIENT WAY OVERPASS                                                      ,66,14:00,120P04737
2018025618-04671               ,BERGEN      ,RUTHERFORD BORO         ,2/27/2018,TU,1855,1,RUTHERFORD PD            ,,0,0,0,0,P,B,N,N,1,2,NJ 3                                              ,W,3,,00000003__      ,6.1,2,,2,1,6,1,1,1,,,,,,,,55,,,,N,,91,18:55,120P04737
201302562013-003118            ,BERGEN      ,RUTHERFORD BORO         ,3/15/2013,F ,1039,1,RUTHERFORD PD            ,,0,0,0,0,P,B,N,N,1,2,NJ 3                                              ,W,3,,00000003__      ,5,2,5,2,1,1,1,1,2,,,,,F,ROUTE 507                ,,50,,,,N,,60,10:40,120+04739
2014025614-11659               ,BERGEN      ,RUTHERFORD BORO         ,5/30/2014,F ,0,1,RUTHERFORD PD            ,,0,2,0,0,I,I,N,N,2,2,NJ 3                                              ,W,3,,00000003__      ,5,2,3,2,1,6,1,1,0,,AT,N,,,,,45,,40.82242,74.12299,N,,56,0:00,120+04739
2018025618-04752               ,BERGEN      ,RUTHERFORD BORO         ,2/28/2018,WE,1734,1,RUTHERFORD PD            ,,0,0,0,0,P,B,N,N,1,2,NJ 3                                              ,W,3,,00000003__      ,5,2,,2,1,1,1,1,1,,,,,,,,55,,,,N,,97,17:35,120+04739
2017025617-04888               ,BERGEN      ,RUTHERFORD BORO         ,3/12/2017,SU,1520,1,RUTHERFORD PD            ,,0,0,0,0,P,B,N,N,1,2,NJ 3                                              ,W,3,,00000003__      ,5.7,2,,2,1,1,1,1,1,,,,,T,RIDGE ROAD               ,,55,,,,N,,89,15:20,120+04738
201302562013-003174            ,BERGEN      ,RUTHERFORD BORO         ,3/16/2013,SA,1836,1,RUTHERFORD PD            ,,0,0,0,0,P,B,N,N,11,1,NJ 3                                              ,W,3,,00000003__      ,5,2,2,2,2,7,3,1,2,,,,,,,,45,,,,N,,52,18:35,120+04739
2014025614-11971               ,BERGEN      ,RUTHERFORD BORO         ,6/3/2014,TU,1431,1,RUTHERFORD PD            ,,0,0,0,0,P,I,N,N,1,2,NJ 3                                              ,W,3,,00000003__      ,5.7,2,1,2,1,1,1,1,2,,AT,W,,,,,45,,40.81606,74.1125,N,,,14:30,120+04738
2015025615-13887               ,BERGEN      ,RUTHERFORD BORO         ,6/11/2015,TH,1838,1,RUTHERFORD PD            ,,0,1,0,0,I,B,N,N,1,2,NJ 3                                              ,W,3,,00000003__      ,5.7,2,2,2,1,1,1,1,1,,,N,,,,,55,,,,N,,,18:40,120+04738
2016025616-09706               ,BERGEN      ,RUTHERFORD BORO         ,5/2/2016,M ,1511,1,RUTHERFORD PD            ,,0,0,0,0,P,B,N,N,1,2,NJ 3                                              ,W,3,,00000003__      ,6.2,2,1,2,1,1,1,1,1,,,,,,,,55,,,,N,SCUFF MARKS ON CONCRETE BARRIER                                                 ,83,15:10,120P04737
2017025617-04917               ,BERGEN      ,RUTHERFORD BORO         ,3/13/2017,MO,753,1,RUTHERFORD PD            ,,0,0,0,0,P,B,N,N,2,2,NJ 3                                              ,W,3,,00000003__      ,6.6,2,,2,1,1,1,1,1,,,,,,,,55,,,,N,,,7:55,120+04737
2014025614-11994               ,BERGEN      ,RUTHERFORD BORO         ,6/3/2014,TU,1918,1,RUTHERFORD PD            ,,0,0,0,0,P,I,N,N,1,2,NJ 3                                              ,W,3,,00000003__      ,5,2,5,2,2,1,1,1,2,,AT,N,,F,RIVERSIDE AVE CR 507     ,SB,45,,40.82242,74.12299,N,,,19:20,120+04739
2017025617-04950               ,BERGEN      ,RUTHERFORD BORO         ,3/13/2017,MO,1933,1,RUTHERFORD PD            ,,0,0,0,0,P,B,N,N,1,2,NJ 3                                              ,W,3,,00000003__      ,5.3,2,,2,1,6,1,1,1,,,,,,,,55,,,,N,,93,19:35,120P04738
201302562013-003453            ,BERGEN      ,RUTHERFORD BORO         ,3/24/2013,S ,429,1,RUTHERFORD PD            ,,0,0,0,0,P,B,N,N,11,1,NJ 3                                              ,W,3,,00000003__      ,4.95,2,2,2,1,6,1,1,2,25,FE,W,RAMP FROM RIVERSIDE                ,,,,45,25,,,N,,63,4:30,120+04739
2014025614-12157               ,BERGEN      ,RUTHERFORD BORO         ,6/5/2014,TH,2257,1,RUTHERFORD PD            ,,0,0,0,0,P,B,N,N,2,2,NJ 3                                              ,W,3,,00000003__      ,6.2,2,2,2,1,6,1,1,2,,,,,,,,45,,40.81178,74.10341,N,,,22:55,120P04737
2016025616-09748               ,BERGEN      ,RUTHERFORD BORO         ,5/3/2016,TU,423,1,RUTHERFORD PD            ,,0,0,0,0,P,B,N,N,99,1,NJ 3                                              ,W,3,,00000003__      ,6.4,2,5,2,2,6,2,1,1,,,,,,,,55,,,,N,,85,4:25,120+04737
2015025615-14241               ,BERGEN      ,RUTHERFORD BORO         ,6/16/2015,TU,1548,1,RUTHERFORD PD            ,,0,0,0,0,P,B,N,N,1,2,NJ 3                                              ,W,3,,00000003__      ,5,2,2,2,1,1,5,1,1,,,,,,,,55,,,,N,,40,15:50,120+04739
2016025616-09891               ,BERGEN      ,RUTHERFORD BORO         ,5/4/2016,W ,1543,1,RUTHERFORD PD            ,,0,0,0,0,P,B,N,N,2,2,NJ 3                                              ,W,3,,00000003__      ,5.2,2,2,2,2,1,2,1,1,,,N,,,,,55,,,,N,NONE                                                                            ,86,15:45,120P04738
2014025614-12164               ,BERGEN      ,RUTHERFORD BORO         ,6/5/2014,TH,2336,1,RUTHERFORD PD            ,,0,1,0,0,I,I,N,N,2,2,NJ 3                                              ,W,3,,00000003__      ,6.2,2,2,2,1,6,1,1,2,,AT,N,,,,,45,,40.81178,74.10341,N,,,23:35,120P04737
201302562013-003530            ,BERGEN      ,RUTHERFORD BORO         ,3/26/2013,TU,1126,1,RUTHERFORD PD            ,,0,0,0,0,P,B,N,N,1,2,NJ 3                                              ,W,3,,00000003__      ,,2,5,2,1,1,1,5,2,,,,,F,RIVERSIDE AVENUE         ,,45,,,,N,,66,11:25,120+07449
2016025616-09902               ,BERGEN      ,RUTHERFORD BORO         ,5/4/2016,W ,1750,1,RUTHERFORD PD            ,,0,0,0,0,P,B,N,N,1,3,NJ 3                                              ,W,3,,00000003__      ,5,2,1,2,2,1,2,1,1,,,,,,,,55,,,,N,,90,17:50,120+04739
201302562013-003576            ,BERGEN      ,RUTHERFORD BORO         ,3/27/2013,W ,1726,1,RUTHERFORD PD            ,,0,0,0,0,P,B,N,N,1,3,NJ 3                                              ,W,3,,00000003__      ,5.6,2,1,2,1,1,1,1,2,,,,,,,,45,,,,N,,52,17:25,120+04738
2014025614-12222               ,BERGEN      ,RUTHERFORD BORO         ,6/6/2014,F ,1851,1,RUTHERFORD PD            ,,0,1,0,0,I,I,N,N,1,2,NJ 3                                              ,W,3,,00000003__      ,5.8,2,1,2,1,1,1,1,2,,AT,N,,,,,45,,40.81521,74.11094,N,,76,18:50,120+04738
2018025618-05303               ,BERGEN      ,RUTHERFORD BORO         ,3/7/2018,WE,2049,1,RUTHERFORD PD            ,,0,0,0,0,P,B,N,N,2,2,NJ 3                                              ,W,3,,00000003__      ,6.4,2,,2,3,6,3,1,1,,,,,,,,55,,,,N,,67,20:50,120+04737
2014025614-12223               ,BERGEN      ,RUTHERFORD BORO         ,6/6/2014,F ,1853,1,RUTHERFORD PD            ,,0,0,0,0,P,I,N,N,1,2,NJ 3                                              ,W,3,,00000003__      ,5,2,5,2,1,1,1,4,2,,AT,N,,F,RIVERSIDE AVE            ,WB,45,,40.82242,74.12299,N,,89,18:55,120+04739
2015025615-14336               ,BERGEN      ,RUTHERFORD BORO         ,6/17/2015,W ,1729,1,RUTHERFORD PD            ,,0,1,0,0,I,B,N,N,1,2,NJ 3                                              ,W,3,,00000003__      ,5,2,2,2,1,1,1,1,1,,,N,,,,,55,,,,N,,,17:30,120+04739
2016025616-09906               ,BERGEN      ,RUTHERFORD BORO         ,5/4/2016,W ,1825,1,RUTHERFORD PD            ,,0,0,0,0,P,B,N,N,1,2,NJ 3                                              ,W,3,,00000003__      ,5.2,2,2,2,2,1,2,1,1,,,N,,,,,55,,,,N,,65,18:25,120P04738