CRASH_ID,CTY_NAME,MUN_NAME,DATE,DAY,TIME,POL_CODE,POL_DEPT,POL_STA,KILLED,INJURED,PED_KILL,PED_INJ,SEVERITY,INTERSEC,ALCOHOL,HAZMAT,CRASH_TYPE,VEH_COUNT,LOCATION,LOC_DIR,ROUTE,RT_SFX,SRI,MP,RD_SYS,RD_CHAR,RD_SURF,SURF_COND,LIGHT,WEATHER,RD_DIV,RD_WRKZN,X_DIST,DIST_UNT,X_DIR,X_NAME,IS_RAMP,RAMP_RT,RAMP_DIR,SPD_LMT,SPD_X,LAT,LONG,CELL_USE,PROP_DMG,BADGE,TIME_ROUND,TMC
201302562013-003699            ,BERGEN      ,RUTHERFORD BORO         ,3/31/2013,S ,912,1,RUTHERFORD PD            ,,0,0,0,0,P,B,N,N,1,2,NJ 3                                              ,W,3,,00000003__      ,5,2,5,2,1,1,1,2,2,,,,,F,RIVERSIDE AVENUE         ,,25,,,,N,,40,9:10,120+04739
2014025614-12417               ,BERGEN      ,RUTHERFORD BORO         ,6/8/2014,S ,2259,1,RUTHERFORD PD            ,,0,0,0,0,P,I,N,N,2,2,NJ 3                                              ,W,3,,00000003__      ,5,2,1,2,1,6,1,4,2,,AT,N,,,,,45,,40.82242,74.12299,N,,83,23:00,120+04739
2016025616-09907               ,BERGEN      ,RUTHERFORD BORO         ,5/4/2016,W ,1830,1,RUTHERFORD PD            ,,0,0,0,0,P,B,N,N,1,2,NJ 3                                              ,W,3,,00000003__      ,5.2,2,2,2,2,1,2,1,1,,,W,,,,,55,,,,N,,65,18:30,120P04738
2018025618-05451               ,BERGEN      ,RUTHERFORD BORO         ,3/9/2018,FR,1715,1,RUTHERFORD PD            ,,0,3,0,0,I,B,N,N,1,3,NJ 3                                              ,W,3,,00000003__      ,5.5,2,,2,1,1,1,1,1,,,,,,,,55,,,,N,,76,17:15,120P04738
2016025616-09966               ,BERGEN      ,RUTHERFORD BORO         ,5/5/2016,TH,1658,1,RUTHERFORD PD            ,,0,1,0,0,I,B,N,N,1,3,NJ 3                                              ,W,3,,00000003__      ,5,2,1,2,1,1,1,1,1,,,W,,,,,55,,,,N,NONE                                                                            ,93,17:00,120+04739
2014025614-12518               ,BERGEN      ,RUTHERFORD BORO         ,6/10/2014,TU,858,1,RUTHERFORD PD            ,,0,0,0,0,P,I,N,N,1,3,NJ 3                                              ,W,3,,00000003__      ,5.3,2,2,2,1,1,1,1,2,,AT,N,,,,,45,,40.81967,74.11856,N,,,9:00,120P04738
2017025617-05289               ,BERGEN      ,RUTHERFORD BORO         ,3/17/2017,FR,1603,1,RUTHERFORD PD            ,,0,0,0,0,P,B,N,N,1,2,NJ 3                                              ,W,3,,00000003__      ,5.3,2,,2,1,1,1,1,1,,,,,,,,55,,,,N,,,16:05,120P04738
201302562013-003747            ,BERGEN      ,RUTHERFORD BORO         ,4/2/2013,TU,904,1,RUTHERFORD PD            ,,0,1,0,0,I,B,N,N,2,2,NJ 3                                              ,W,3,,00000003__      ,5.5,2,1,2,1,1,1,1,2,,,,,,,,45,,,,N,,77,9:05,120P04738
2015025615-14846               ,BERGEN      ,RUTHERFORD BORO         ,6/23/2015,TU,1628,1,RUTHERFORD PD            ,,0,0,0,0,P,B,N,N,1,2,NJ 3                                              ,W,3,,00000003__      ,5.7,2,1,2,1,1,1,1,1,,,,,,,,55,,,,N,,91,16:30,120+04738
201302562013-003881            ,BERGEN      ,RUTHERFORD BORO         ,4/5/2013,F ,1451,1,RUTHERFORD PD            ,,0,1,0,0,I,B,N,N,2,2,NJ 3                                              ,W,3,,00000003__      ,6.2,2,1,2,1,1,1,1,2,,,,,,,,45,,,,N,,77,14:50,120P04737
2016025616-10001               ,BERGEN      ,RUTHERFORD BORO         ,5/6/2016,F ,839,1,RUTHERFORD PD            ,,0,1,0,0,I,B,N,N,2,2,NJ 3                                              ,W,3,,00000003__      ,6.3,2,1,2,2,1,2,1,1,,,,,,,,55,,,,N,,83,8:40,120P04737
2018025618-06097               ,BERGEN      ,RUTHERFORD BORO         ,3/17/2018,SA,1722,1,RUTHERFORD PD            ,,0,0,0,0,P,B,N,N,2,2,NJ 3                                              ,W,3,,00000003__      ,6.3,2,,2,1,1,1,1,2,,,,,,,,55,,,,N,,96,17:20,120P04737
2014025614-12555               ,BERGEN      ,RUTHERFORD BORO         ,6/10/2014,TU,1756,1,RUTHERFORD PD            ,,0,0,0,0,P,I,N,N,1,3,NJ 3                                              ,W,3,,00000003__      ,6.6,2,2,1,1,1,1,1,1,,AT,N,,,,,55,,40.8105,74.09454,N,,77,17:55,120+04737
2014025614-12563               ,BERGEN      ,RUTHERFORD BORO         ,6/10/2014,TU,1940,1,RUTHERFORD PD            ,,0,0,0,0,P,I,N,N,1,2,NJ 3                                              ,W,3,,00000003__      ,5,2,5,2,1,1,1,1,2,,AT,,,F,CR 507                   ,NB,45,,40.82242,74.12299,N,,77,19:40,120+04739
2015025615-14847               ,BERGEN      ,RUTHERFORD BORO         ,6/23/2015,TU,1633,1,RUTHERFORD PD            ,,0,0,0,0,P,B,N,N,1,2,NJ 3                                              ,W,3,,00000003__      ,5.7,2,1,2,1,1,1,1,1,,,N,,,,,55,,,,N,,91,16:35,120+04738
201302562013-003911            ,BERGEN      ,RUTHERFORD BORO         ,4/6/2013,SA,1013,1,RUTHERFORD PD            ,,0,0,0,0,P,B,N,N,15,2,NJ 3                                              ,W,3,,00000003__      ,6.8,2,2,2,1,1,1,1,1,,,,,,,,55,,,,N,,40,10:15,120+04737
2014025614-12588               ,BERGEN      ,RUTHERFORD BORO         ,6/11/2014,W ,947,1,RUTHERFORD PD            ,,0,0,0,0,P,I,N,N,2,2,NJ 3                                              ,W,3,,00000003__      ,5.2,2,2,2,2,1,2,1,2,,AT,N,,,,,45,,40.82063,74.11999,N,,50,9:45,120P04738
2017025617-05930               ,BERGEN      ,RUTHERFORD BORO         ,3/27/2017,MO,1719,1,RUTHERFORD PD            ,,0,1,0,0,I,B,N,N,1,2,NJ 3                                              ,W,3,,00000003__      ,5.4,2,,2,1,1,1,1,1,,,,,,,,55,,,,N,,89,17:20,120P04738
201302562013-003925            ,BERGEN      ,RUTHERFORD BORO         ,4/6/2013,SA,1327,1,RUTHERFORD PD            ,,0,0,0,0,P,B,N,N,1,2,NJ 3                                              ,W,3,,00000003__      ,6.1,2,1,2,1,1,1,1,2,,,,,F,ROUTE 17                 ,SB,45,,,,N,,52,13:25,120P04737
2018025618-06302               ,BERGEN      ,RUTHERFORD BORO         ,3/20/2018,TU,1713,1,RUTHERFORD PD            ,,0,0,0,0,P,B,N,N,1,2,NJ 3                                              ,W,3,,00000003__      ,6.2,2,,2,1,1,1,1,1,,,,,,,,55,,,,N,,97,17:15,120P04737
201302562013-003959            ,BERGEN      ,RUTHERFORD BORO         ,4/7/2013,S ,511,1,RUTHERFORD PD            ,,0,0,0,0,P,B,N,N,11,1,NJ 3                                              ,W,3,,00000003__      ,6.3,2,4,2,1,6,1,2,1,,,,,T,RT 17                    ,NB,45,,,,N,,69,5:10,120P04737
2015025615-15514               ,BERGEN      ,RUTHERFORD BORO         ,7/2/2015,TH,1732,1,RUTHERFORD PD            ,,0,0,0,0,P,B,N,N,2,2,NJ 3                                              ,W,3,,00000003__      ,5,2,1,2,1,1,1,1,1,,,,,,,,55,,,,N,,90,17:30,120+04739
2017025617-06144               ,BERGEN      ,RUTHERFORD BORO         ,3/30/2017,TH,1821,1,RUTHERFORD PD            ,,0,3,0,0,I,B,N,N,1,4,NJ 3                                              ,W,3,,00000003__      ,5,2,,2,1,1,1,2,1,,,,,,,,55,,,,N,,,18:20,120+04739
2016025616-10324               ,BERGEN      ,RUTHERFORD BORO         ,5/9/2016,M ,1839,1,RUTHERFORD PD            ,,0,0,0,0,P,B,N,N,1,2,NJ 3                                              ,W,3,,00000003__      ,5.5,2,1,2,1,1,1,1,1,,,W,,,,,55,,,,N,,67,18:40,120P04738
2014025614-12682               ,BERGEN      ,RUTHERFORD BORO         ,6/12/2014,TH,1852,1,RUTHERFORD PD            ,,0,1,0,0,I,I,N,N,1,2,NJ 3                                              ,W,3,,00000003__      ,5.8,2,2,2,1,1,5,1,2,,AT,W,,,,,45,,40.81521,74.11094,N,,89,18:50,120+04738
2018025618-06517               ,BERGEN      ,RUTHERFORD BORO         ,3/23/2018,FR,8,1,RUTHERFORD PD            ,,0,0,0,0,P,B,N,N,2,2,NJ 3                                              ,W,3,,00000003__      ,6.1,2,,2,1,6,1,1,2,,,,,,,,55,,,,N,,67,8:10,120P04737
201302562013-004025            ,BERGEN      ,RUTHERFORD BORO         ,4/8/2013,M ,1630,1,RUTHERFORD PD            ,,0,0,0,0,P,B,N,N,13,1,NJ 3                                              ,W,3,,00000003__      ,5,2,2,2,1,1,1,1,2,,,,,,,,40,,,,N,,S27  ,16:30,120+04739
2016025616-10391               ,BERGEN      ,RUTHERFORD BORO         ,5/10/2016,TU,1658,1,RUTHERFORD PD            ,,0,0,0,0,P,B,N,N,2,2,NJ 3                                              ,W,3,,00000003__      ,5,2,2,2,1,1,5,1,1,,,W,,,,,55,,,,N,,92,17:00,120+04739
2014025614-12765               ,BERGEN      ,RUTHERFORD BORO         ,6/13/2014,F ,1616,1,RUTHERFORD PD            ,,0,0,0,0,P,I,N,N,1,2,NJ 3                                              ,W,3,,00000003__      ,5.4,2,1,2,1,1,1,1,2,,AT,N,,,,,45,,40.81872,74.1171,N,,67,16:15,120P04738
2018025618-06806               ,BERGEN      ,RUTHERFORD BORO         ,3/26/2018,MO,1727,1,RUTHERFORD PD            ,,0,0,0,0,P,B,N,N,1,2,NJ 3                                              ,W,3,,00000003__      ,5.7,2,,2,1,1,1,1,2,,,,,,,,55,,,,N,,65,17:25,120+04738
2017025617-06189               ,BERGEN      ,RUTHERFORD BORO         ,3/31/2017,FR,1035,1,RUTHERFORD PD            ,,0,1,0,0,I,B,N,N,11,1,NJ 3                                              ,W,3,,00000003__      ,6.3,2,,2,2,1,2,1,1,,,,,,,,55,,,,N,,62,10:35,120P04737
2014025614-12837               ,BERGEN      ,RUTHERFORD BORO         ,6/14/2014,SA,1903,1,RUTHERFORD PD            ,,0,1,0,0,I,I,N,N,1,2,NJ 3                                              ,W,3,,00000003__      ,5,2,2,2,1,1,1,1,2,,AT,N,,,,,45,,40.82242,74.12299,N,,88,19:05,120+04739
2016025616-10463               ,BERGEN      ,RUTHERFORD BORO         ,5/11/2016,W ,1723,1,RUTHERFORD PD            ,,0,0,0,0,P,B,N,N,1,2,NJ 3                                              ,W,3,,00000003__      ,5.2,2,2,2,1,1,1,1,1,,,W,,,,,55,,,,N,,56,17:25,120P04738
201302562013-004077            ,BERGEN      ,RUTHERFORD BORO         ,4/9/2013,TU,1706,1,RUTHERFORD PD            ,,0,0,0,0,P,B,N,N,2,2,NJ 3                                              ,W,3,,00000003__      ,6.2,2,1,2,1,1,1,1,2,,,,,,,,45,,,,N,,67,17:05,120P04737
2018025618-06884               ,BERGEN      ,RUTHERFORD BORO         ,3/27/2018,TU,1559,1,RUTHERFORD PD            ,,0,1,0,0,I,B,N,N,1,3,NJ 3                                              ,W,3,,00000003__      ,6.2,2,,2,1,6,1,1,1,,,,,,,,55,,,,N,,67,16:00,120P04737
2014025614-12967               ,BERGEN      ,RUTHERFORD BORO         ,6/16/2014,M ,1857,1,RUTHERFORD PD            ,,0,0,0,0,P,I,N,N,1,2,NJ 3                                              ,W,3,,00000003__      ,5.7,2,2,2,1,1,1,1,2,,AT,N,,,,,45,,40.81606,74.1125,N,,40,18:55,120+04738
2016025616-10553               ,BERGEN      ,RUTHERFORD BORO         ,5/12/2016,TH,1803,1,RUTHERFORD PD            ,,0,0,0,0,P,B,Y,N,1,2,NJ 3                                              ,W,3,,00000003__      ,6.2,2,1,2,1,1,1,1,1,,,W,,,,,55,,,,N,,89,18:05,120P04737
2015025615-16105               ,BERGEN      ,RUTHERFORD BORO         ,7/10/2015,F ,2317,1,RUTHERFORD PD            ,,0,0,0,0,P,B,N,N,2,2,NJ 3                                              ,W,3,,00000003__      ,6.3,2,4,2,1,6,1,1,1,,,W,,F,NJ 17                    ,NB,55,,,,N,,S33  ,23:15,120P04737
2018025618-06889               ,BERGEN      ,RUTHERFORD BORO         ,3/27/2018,TU,1634,1,RUTHERFORD PD            ,,0,1,0,0,I,B,N,N,1,3,NJ 3                                              ,W,3,,00000003__      ,6.4,2,,2,1,1,1,1,1,,,,,,,,55,,,,N,,98,16:35,120+04737
2017025617-06443               ,BERGEN      ,RUTHERFORD BORO         ,4/4/2017,TU,1637,1,RUTHERFORD PD            ,,0,1,0,0,I,B,N,N,4,2,NJ 3                                              ,W,3,,00000003__      ,,2,,2,2,1,5,5,1,100,FE,W,,F,NJ 17                    ,SB,40,,,,N,,40,16:35,120+07449
201302562013-004146            ,BERGEN      ,RUTHERFORD BORO         ,4/11/2013,TH,844,1,RUTHERFORD PD            ,,0,0,0,0,P,I,N,N,1,2,NJ 3                                              ,W,3,,00000003__      ,5,2,1,2,1,1,1,1,2,,AT,,,F,RIVERSIDE AVE (BC50?     ,,45,,,,N,NONE                                                                            ,43,8:45,120+04739
2015025615-16277               ,BERGEN      ,RUTHERFORD BORO         ,7/13/2015,M ,836,1,RUTHERFORD PD            ,,0,0,0,0,P,B,N,N,15,1,NJ 3                                              ,W,3,,00000003__      ,5.8,2,2,2,1,1,1,1,1,,,,,,,,55,,,,N,,89,8:35,120+04738
2017025617-06506               ,BERGEN      ,RUTHERFORD BORO         ,4/5/2017,WE,1555,1,RUTHERFORD PD            ,,0,0,0,0,P,I,N,N,1,2,NJ 3                                              ,W,3,,00000003__      ,5.93,2,,2,1,1,1,1,1,,AT,,ORIENT WAY                         ,,,,55,,,,N,,88,15:55,120P04737
2016025616-10579               ,BERGEN      ,RUTHERFORD BORO         ,5/12/2016,TH,1803,1,RUTHERFORD PD            ,,0,0,0,0,P,B,Y,N,2,2,NJ 3                                              ,W,3,,00000003__      ,6.2,2,4,2,1,1,1,2,1,,,W,,F,NJ 17                    ,SB,,,,,N,,89,18:05,120P04737
2014025614-12978               ,BERGEN      ,RUTHERFORD BORO         ,6/16/2014,M ,2135,1,RUTHERFORD PD            ,,0,0,0,0,P,I,N,N,15,2,NJ 3                                              ,W,3,,00000003__      ,6.3,2,5,2,1,6,1,1,2,,AT,N,,,,,45,,40.81095,74.10137,N,,40,21:35,120P04737
2016025616-10613               ,BERGEN      ,RUTHERFORD BORO         ,5/13/2016,F ,1457,1,RUTHERFORD PD            ,,0,0,0,0,P,B,N,N,1,2,NJ 3                                              ,W,3,,00000003__      ,5,2,2,2,2,1,2,1,1,,,,,,,,55,,,,N,,88,14:55,120+04739
2018025618-07018               ,BERGEN      ,RUTHERFORD BORO         ,3/29/2018,TH,28,1,RUTHERFORD PD            ,,0,0,0,0,P,B,N,N,1,2,NJ 3                                              ,W,3,,00000003__      ,5,2,,1,1,6,1,1,1,,,,,,,,55,,,,N,,76,2:30,120+04739
2014025614-13072               ,BERGEN      ,RUTHERFORD BORO         ,6/17/2014,TU,1859,1,RUTHERFORD PD            ,,0,0,0,0,P,B,N,N,2,2,NJ 3                                              ,W,3,,00000003__      ,5.7,2,1,2,1,1,1,1,2,,,,,,,,45,,40.81606,74.1125,N,,83,19:00,120+04738
201302562013-004247            ,BERGEN      ,RUTHERFORD BORO         ,4/13/2013,SA,1347,1,RUTHERFORD PD            ,,0,0,0,0,P,B,N,N,1,2,NJ 3                                              ,W,3,,00000003__      ,,2,1,2,1,1,1,5,2,,,,,F,RIVERSIDE AVENUE         ,,45,,,,N,,60,13:45,120+07449
2015025615-16286               ,BERGEN      ,RUTHERFORD BORO         ,7/13/2015,M ,1017,1,RUTHERFORD PD            ,,0,0,0,0,P,B,N,N,1,2,NJ 3                                              ,W,3,,00000003__      ,9.5,2,2,2,1,1,1,5,1,10,FE,W,RAMP TO ROUTE 3 WEST               ,,,,40,40,,,N,,89,10:15,120+04731
2014025614-13126               ,BERGEN      ,RUTHERFORD BORO         ,6/18/2014,W ,1139,1,RUTHERFORD PD            ,,0,0,0,0,P,I,N,N,1,2,NJ 3                                              ,W,3,,00000003__      ,6.1,2,4,2,1,1,1,1,2,,AT,N,NJ 17                              ,,,,45,,40.81268,74.10541,N,,85,11:40,120P04737
201302562013-004272            ,BERGEN      ,RUTHERFORD BORO         ,4/14/2013,S ,309,1,RUTHERFORD PD            ,,0,0,0,0,P,B,N,N,1,2,NJ 3                                              ,W,3,,00000003__      ,6.35,2,2,2,1,6,5,1,2,50,FE,W,NJ 17                              ,,,,45,50,,,N,,63,3:10,120+04737
2016025616-11252               ,BERGEN      ,RUTHERFORD BORO         ,5/21/2016,SA,635,1,RUTHERFORD PD            ,,0,1,0,0,I,B,N,N,1,2,NJ 3                                              ,W,3,,00000003__      ,5.2,2,1,2,1,1,1,1,1,,,,,,,,55,,,,N,,95,6:35,120P04738
2018025618-07154               ,BERGEN      ,RUTHERFORD BORO         ,3/30/2018,FR,1707,1,RUTHERFORD PD            ,,0,0,0,0,P,B,N,N,11,1,NJ 3                                              ,W,3,,00000003__      ,6.1,2,,2,2,1,2,5,1,,,,,F,NJ 17                    ,SB,55,,,,N,CURB AND GRASS AREA OF THE EMBANKMENT                                           ,65,17:05,120P04737
2014025614-13160               ,BERGEN      ,RUTHERFORD BORO         ,6/18/2014,W ,1812,1,RUTHERFORD PD            ,,0,0,0,0,P,I,N,N,1,2,NJ 3                                              ,W,3,,00000003__      ,6.6,2,2,2,1,1,1,1,1,,AT,N,,,,,55,,40.8105,74.09454,N,,77,18:10,120+04737
201302562013-004363            ,BERGEN      ,RUTHERFORD BORO         ,4/16/2013,TU,1306,1,RUTHERFORD PD            ,,0,1,0,0,I,B,N,N,1,2,NJ 3                                              ,W,3,,00000003__      ,5,2,2,2,1,1,1,1,2,,,,,F,RIVERSIDE AVENUE         ,,45,,,,N,,52,13:05,120+04739
2015025615-17051               ,BERGEN      ,RUTHERFORD BORO         ,7/23/2015,TH,1851,1,RUTHERFORD PD            ,,0,0,0,0,P,B,N,N,3,2,NJ 3                                              ,W,3,,00000003__      ,5.2,2,2,2,1,1,1,1,1,,,,,,,,55,,,,N,,94,18:50,120P04738
2018025618-07207               ,BERGEN      ,RUTHERFORD BORO         ,3/31/2018,SA,1423,1,RUTHERFORD PD            ,,0,1,0,0,I,B,N,N,1,2,NJ 3                                              ,W,3,,00000003__      ,5.4,2,,2,1,1,1,1,1,,,,,,,,55,,,,N,,67,14:25,120P04738
2016025616-11448               ,BERGEN      ,RUTHERFORD BORO         ,5/23/2016,M ,1322,1,RUTHERFORD PD            ,,0,1,0,0,I,I,N,N,3,2,NJ 3                                              ,W,3,,00000003__      ,6.4,2,1,2,1,1,1,5,1,,AT,,THOMAS E. DUNN MEMORIAL HIGHWAY    ,,,,40,40,,,N,,90,13:20,120+04737
2015025615-17132               ,BERGEN      ,RUTHERFORD BORO         ,7/24/2015,F ,1827,1,RUTHERFORD PD            ,,0,0,0,0,P,B,N,N,1,2,NJ 3                                              ,W,3,,00000003__      ,5.2,2,1,2,1,1,1,1,1,,,,,,,,55,,,,N,,91,18:25,120P04738
2018025618-07393               ,BERGEN      ,RUTHERFORD BORO         ,4/3/2018,TU,1217,1,RUTHERFORD PD            ,,0,0,0,0,P,B,N,N,2,2,NJ 3                                              ,W,3,,00000003__      ,5.1,2,,2,2,1,2,1,1,,,,,,,,55,,,,N,,94,12:15,120+04739
2016025616-12008               ,BERGEN      ,RUTHERFORD BORO         ,5/31/2016,TU,628,1,RUTHERFORD PD            ,,0,2,0,0,I,B,N,N,2,2,NJ 3                                              ,W,3,,00000003__      ,5.8,2,1,2,1,1,1,1,1,,,W,,,,,55,,,,N,,89,6:30,120+04738
201302562013-004567            ,BERGEN      ,RUTHERFORD BORO         ,4/20/2013,SA,2029,1,RUTHERFORD PD            ,,0,0,0,0,P,B,N,N,1,2,NJ 3                                              ,W,3,,00000003__      ,5,2,6,2,1,6,1,1,2,,,N,,F,RIVERSIDE AVE            ,NB,45,,,,N,,56,20:30,120+04739
2016025616-12055               ,BERGEN      ,RUTHERFORD BORO         ,5/31/2016,TU,1616,1,RUTHERFORD PD            ,,0,2,0,0,I,B,N,N,1,2,NJ 3                                              ,W,3,,00000003__      ,5,2,2,2,1,1,1,1,1,,,,,,,,55,,,,N,,89,16:15,120+04739
2014025614-13367               ,BERGEN      ,RUTHERFORD BORO         ,6/21/2014,SA,1540,1,RUTHERFORD PD            ,,0,1,0,0,I,I,N,N,1,2,NJ 3                                              ,W,3,,00000003__      ,5.2,2,2,2,1,1,1,1,2,,AT,N,,,,,45,,40.82063,74.11999,N,,63,15:40,120P04738
2017025617-06831               ,BERGEN      ,RUTHERFORD BORO         ,4/10/2017,MO,1841,1,RUTHERFORD PD            ,,0,0,0,0,P,B,N,N,1,2,NJ 3                                              ,W,3,,00000003__      ,5.2,2,,2,1,1,1,1,1,,,,,,,,55,,,,N,,91,18:40,120P04738
2014025614-13380               ,BERGEN      ,RUTHERFORD BORO         ,6/21/2014,SA,1914,1,RUTHERFORD PD            ,,0,1,0,0,I,B,N,N,1,3,NJ 3                                              ,W,3,,00000003__      ,5,2,2,2,1,1,1,1,2,,,,,,,,45,,40.82242,74.12299,N,,76,19:15,120+04739
2017025617-06919               ,BERGEN      ,RUTHERFORD BORO         ,4/11/2017,TU,1742,1,RUTHERFORD PD            ,,0,0,0,0,P,B,N,N,1,2,NJ 3                                              ,W,3,,00000003__      ,5.1,2,,1,1,1,1,1,1,,,W,,,,,55,,,,N,,93,17:40,120+04739
201302562013-004577            ,BERGEN      ,RUTHERFORD BORO         ,4/20/2013,SA,2317,1,RUTHERFORD PD            ,,0,0,0,0,P,B,N,N,1,2,NJ 3                                              ,W,3,,00000003__      ,6.2,2,2,2,1,6,1,5,2,,,,,F,17,SB,45,,,,N,,63,23:15,120P04737
2018025618-07607               ,BERGEN      ,RUTHERFORD BORO         ,4/5/2018,TH,1530,1,RUTHERFORD PD            ,,0,0,0,0,P,B,N,N,2,2,NJ 3                                              ,W,3,,00000003__      ,6.4,2,,2,1,1,1,1,1,,,,,,,,55,,,,N,,67,15:30,120+04737
2014025614-13396               ,BERGEN      ,RUTHERFORD BORO         ,6/21/2014,SA,2204,1,RUTHERFORD PD            ,,0,1,0,0,I,I,N,N,1,2,NJ 3                                              ,W,3,,00000003__      ,5,2,5,2,1,6,1,2,2,,AT,N,,F,RIVERSIDE AVENUE         ,SB,45,,40.82242,74.12299,N,,76,22:05,120+04739
2016025616-12213               ,BERGEN      ,RUTHERFORD BORO         ,6/2/2016,TH,1705,1,RUTHERFORD PD            ,,0,0,0,0,P,B,N,N,1,2,NJ 3                                              ,W,3,,00000003__      ,5,2,1,2,1,1,1,1,1,,,W,,,,,55,,,,N,,90,17:05,120+04739
2017025617-07330               ,BERGEN      ,RUTHERFORD BORO         ,4/17/2017,MO,1621,1,RUTHERFORD PD            ,,0,2,0,0,I,B,N,N,1,2,NJ 3                                              ,W,3,,00000003__      ,5,2,,2,1,1,1,1,1,,,W,,,,,55,,,,N,,83,16:20,120+04739
2015025615-17334               ,BERGEN      ,RUTHERFORD BORO         ,7/27/2015,M ,2148,1,RUTHERFORD PD            ,,0,0,0,0,P,B,N,N,2,2,NJ 3                                              ,W,3,,00000003__      ,5.8,2,1,2,1,6,1,1,1,,,,,,,,55,,,,N,,85,21:50,120+04738
2017025617-07389               ,BERGEN      ,RUTHERFORD BORO         ,4/18/2017,TU,1455,1,RUTHERFORD PD            ,,0,0,0,0,P,B,N,N,1,2,NJ 3                                              ,W,3,,00000003__      ,5.5,2,,2,1,1,1,1,1,,,,,,,,55,,,,N,,83,14:55,120P04738
2015025615-17388               ,BERGEN      ,RUTHERFORD BORO         ,7/28/2015,TU,1845,1,RUTHERFORD PD            ,,0,0,0,0,P,B,N,N,1,2,NJ 3                                              ,W,3,,00000003__      ,5.8,2,2,2,1,1,1,1,1,,,N,,,,,55,,,,N,,89,18:45,120+04738
201302562013-004626            ,BERGEN      ,RUTHERFORD BORO         ,4/22/2013,M ,1004,1,RUTHERFORD PD            ,,0,0,0,0,P,B,N,N,2,2,NJ 3                                              ,W,3,,00000003__      ,6.2,2,1,1,1,1,1,1,2,,,,,F,NJ 17                    ,SB,45,,,,N,,52,10:05,120P04737
201302562013-004737            ,BERGEN      ,RUTHERFORD BORO         ,4/24/2013,W ,1452,1,RUTHERFORD PD            ,,0,0,0,0,P,B,N,N,1,2,NJ 3                                              ,W,3,,00000003__      ,4.95,2,5,2,1,1,1,2,2,,,,,F,RIVERSIDE AVENUE         ,SB,40,,,,N,,55,14:50,120+04739
2015025615-17844               ,BERGEN      ,RUTHERFORD BORO         ,8/3/2015,M ,1624,1,RUTHERFORD PD            ,,0,0,0,0,P,B,N,N,1,2,NJ 3                                              ,W,3,,00000003__      ,5,2,1,2,1,1,1,1,1,,,,,,,,55,,,,N,,93,16:25,120+04739
2016025616-12651               ,BERGEN      ,RUTHERFORD BORO         ,6/8/2016,W ,1902,1,RUTHERFORD PD            ,,0,2,0,0,I,B,N,N,1,3,NJ 3                                              ,W,3,,00000003__      ,5,2,2,1,1,1,1,1,1,,,,,,,,55,,,,N,,40,19:00,120+04739
2014025614-13574               ,BERGEN      ,RUTHERFORD BORO         ,6/24/2014,TU,1238,1,RUTHERFORD PD            ,,0,0,0,0,P,I,N,N,1,2,NJ 3                                              ,W,3,,00000003__      ,5.01,2,5,2,1,1,1,1,2,,AT,,ROUTE 507 / RIVERSIDE AVE          ,,,,45,,40.82232,74.1228,N,,77,12:40,120+04739
2017025617-07392               ,BERGEN      ,RUTHERFORD BORO         ,4/18/2017,TU,1459,1,RUTHERFORD PD            ,,0,1,0,0,I,B,N,N,1,2,NJ 3                                              ,W,3,,00000003__      ,5.5,2,,2,1,1,1,1,1,,,,,,,,55,,,,N,,83,15:00,120P04738
2017025617-07394               ,BERGEN      ,RUTHERFORD BORO         ,4/18/2017,TU,1502,1,RUTHERFORD PD            ,,0,1,0,0,I,B,N,N,2,2,NJ 3                                              ,W,3,,00000003__      ,5,2,,2,1,1,1,1,1,,,,,,,,55,,,,N,,90,15:00,120+04739
2016025616-12725               ,BERGEN      ,RUTHERFORD BORO         ,6/9/2016,TH,1804,1,RUTHERFORD PD            ,,0,0,0,0,P,B,N,N,1,2,NJ 3                                              ,W,3,,00000003__      ,5.1,2,2,2,1,1,1,1,1,,,W,,,,,55,,,,N,,76,18:05,120+04739
201302562013-004740            ,BERGEN      ,RUTHERFORD BORO         ,4/24/2013,W ,1715,1,RUTHERFORD PD            ,,0,0,0,0,P,B,N,N,1,2,NJ 3                                              ,W,3,,00000003__      ,5.3,2,1,2,1,1,1,1,2,,,,,,,,40,,,,N,,55,17:15,120P04738
201302562013-004839            ,BERGEN      ,RUTHERFORD BORO         ,4/26/2013,F ,1843,1,RUTHERFORD PD            ,,0,1,0,0,I,B,N,N,1,3,NJ 3                                              ,W,3,,00000003__      ,5,2,5,2,1,1,1,1,2,,,,,,,,45,,,,N,,40,18:45,120+04739
2015025615-17931               ,BERGEN      ,RUTHERFORD BORO         ,8/4/2015,TU,1926,1,RUTHERFORD PD            ,,0,1,0,0,I,B,N,N,1,2,NJ 3                                              ,W,3,,00000003__      ,5,2,2,2,1,3,1,1,1,,,W,,,,,55,,,,N,,65,19:25,120+04739
2016025616-13167               ,BERGEN      ,RUTHERFORD BORO         ,6/15/2016,W ,1419,1,RUTHERFORD PD            ,,0,0,0,0,P,B,N,N,15,1,NJ 3                                              ,W,3,,00000003__      ,6.2,2,1,2,1,1,1,1,1,,,,,,,,55,,,,N,,65,14:20,120P04737
201302562013-004912            ,BERGEN      ,RUTHERFORD BORO         ,4/28/2013,S ,655,1,RUTHERFORD PD            ,,0,0,0,0,P,B,N,N,11,1,NJ 3                                              ,W,3,,00000003__      ,5,2,2,2,1,1,1,1,2,,,,,,,,45,,,,N,,78,6:55,120+04739
2014025614-13632               ,BERGEN      ,RUTHERFORD BORO         ,6/25/2014,W ,1430,1,RUTHERFORD PD            ,,0,0,0,0,P,B,N,N,99,2,NJ 3                                              ,W,3,,00000003__      ,5.1,2,1,2,1,1,1,1,2,,,,,,,,45,,40.82154,74.12145,N,,89,14:30,120+04739
2017025617-07423               ,BERGEN      ,RUTHERFORD BORO         ,4/18/2017,TU,2223,1,RUTHERFORD PD            ,,0,0,0,0,P,B,N,N,1,2,NJ 3                                              ,W,3,,00000003__      ,6.4,2,,2,1,6,1,1,1,,,,,,,,55,,,,N,,87,22:25,120+04737
2018025618-08040               ,BERGEN      ,RUTHERFORD BORO         ,4/11/2018,WE,1716,1,RUTHERFORD PD            ,,0,0,0,0,P,B,N,N,1,2,NJ 3                                              ,W,3,,00000003__      ,6.4,2,,2,1,1,1,1,1,,,,,,,,55,,,,N,,99,17:15,120+04737
2016025616-13363               ,BERGEN      ,RUTHERFORD BORO         ,6/17/2016,F ,2259,1,RUTHERFORD PD            ,,0,5,0,0,I,B,N,N,1,3,NJ 3                                              ,W,3,,00000003__      ,5.5,2,1,2,1,6,1,1,1,,,W,,,,,55,,,,N,,83,23:00,120P04738
2015025615-19085               ,BERGEN      ,RUTHERFORD BORO         ,8/20/2015,TH,451,1,RUTHERFORD PD            ,,0,0,0,0,P,B,N,N,2,2,NJ 3                                              ,W,3,,00000003__      ,6.1,2,1,2,1,6,1,1,1,,,,,,,,55,,,,N,,95,4:50,120P04737
2017025617-07508               ,BERGEN      ,RUTHERFORD BORO         ,4/19/2017,WE,2221,1,RUTHERFORD PD            ,,0,0,0,0,P,B,Y,N,11,1,NJ 3                                              ,W,3,,00000003__      ,6.1,2,,2,1,6,1,2,1,,,,,F,NJ 17                    ,SB,55,,,,N,VEHICLE 1 STRUCK A TREE  CAUSING MINOR DEBRIS TO FALL FROM THE TREE.            ,91,22:20,120P04737