CRASH_ID,CTY_NAME,MUN_NAME,DATE,DAY,TIME,POL_CODE,POL_DEPT,POL_STA,KILLED,INJURED,PED_KILL,PED_INJ,SEVERITY,INTERSEC,ALCOHOL,HAZMAT,CRASH_TYPE,VEH_COUNT,LOCATION,LOC_DIR,ROUTE,RT_SFX,SRI,MP,RD_SYS,RD_CHAR,RD_SURF,SURF_COND,LIGHT,WEATHER,RD_DIV,RD_WRKZN,X_DIST,DIST_UNT,X_DIR,X_NAME,IS_RAMP,RAMP_RT,RAMP_DIR,SPD_LMT,SPD_X,LAT,LONG,CELL_USE,PROP_DMG,BADGE,TIME_ROUND,TMC
2014025614-13726               ,BERGEN      ,RUTHERFORD BORO         ,6/26/2014,TH,2153,1,RUTHERFORD PD            ,,0,0,0,0,P,I,N,N,2,2,NJ 3                                              ,W,3,,00000003__      ,6.36,2,1,2,1,6,1,1,1,,AT,W,NJ 17                              ,,,,35,,40.81059,74.10006,N,,,21:55,120+04737
201302562013-004990            ,BERGEN      ,RUTHERFORD BORO         ,4/30/2013,TU,918,1,RUTHERFORD PD            ,,0,1,0,0,I,B,N,N,1,2,NJ 3                                              ,W,3,,00000003__      ,5,2,2,2,1,1,1,1,2,,,,,F,RIVERSIDE AVENUE         ,,45,,,,N,,52,9:20,120+04739
2014025614-13838               ,BERGEN      ,RUTHERFORD BORO         ,6/28/2014,SA,1844,1,RUTHERFORD PD            ,,0,0,0,0,P,I,N,N,1,2,NJ 3                                              ,W,3,,00000003__      ,5,2,5,2,1,1,1,1,2,,AT,N,,F,RIVERSIDE AVE CR 507     ,,45,,40.82242,74.12299,N,,85,18:45,120+04739
2018025618-08061               ,BERGEN      ,RUTHERFORD BORO         ,4/12/2018,TH,817,1,RUTHERFORD PD            ,,0,0,0,0,P,B,N,N,2,2,NJ 3                                              ,W,3,,00000003__      ,5.1,2,,2,1,1,1,1,1,,,,,,,,55,,,,N,,93,8:15,120+04739
2016025616-13375               ,BERGEN      ,RUTHERFORD BORO         ,6/17/2016,F ,2335,1,RUTHERFORD PD            ,,0,2,0,0,I,B,N,N,1,4,NJ 3                                              ,W,3,,00000003__      ,5.5,2,1,2,1,6,1,1,1,,,N,,,,,55,,,,N,,83,23:35,120P04738
2014025614-13848               ,BERGEN      ,RUTHERFORD BORO         ,6/28/2014,SA,2203,1,RUTHERFORD PD            ,,0,0,0,0,P,I,N,N,1,2,NJ 3                                              ,W,3,,00000003__      ,5,2,2,2,1,6,1,1,2,,AT,N,,F,RIVERSIDE AVENUE         ,,45,,40.82242,74.12299,N,,52,22:05,120+04739
2016025616-13378               ,BERGEN      ,RUTHERFORD BORO         ,6/17/2016,F ,2339,1,RUTHERFORD PD            ,,0,0,0,0,P,B,N,N,1,2,NJ 3                                              ,W,3,,00000003__      ,5,2,1,2,1,6,1,1,1,,,N,,,,,55,,,,N,,53,23:40,120+04739
2017025617-07876               ,BERGEN      ,RUTHERFORD BORO         ,4/25/2017,TU,1825,1,RUTHERFORD PD            ,,0,0,0,0,P,B,N,N,1,2,NJ 3                                              ,W,3,,00000003__      ,5,2,,2,2,1,2,1,1,,,,,,,,55,,,,N,,86,18:25,120+04739
2015025615-19132               ,BERGEN      ,RUTHERFORD BORO         ,8/20/2015,TH,1835,1,RUTHERFORD PD            ,,0,0,0,0,P,B,N,N,1,2,NJ 3                                              ,W,3,,00000003__      ,5.5,2,1,2,1,1,1,5,1,,,,,,,,55,,,,N,,83,18:35,120P04738
201302562013-005014            ,BERGEN      ,RUTHERFORD BORO         ,4/30/2013,TU,1536,1,RUTHERFORD PD            ,,0,1,0,0,I,B,N,N,1,3,NJ 3                                              ,W,3,,00000003__      ,5.6,2,1,2,1,1,1,1,2,,,,,,,,45,,,,N,,52,15:35,120+04738
2018025618-08173               ,BERGEN      ,RUTHERFORD BORO         ,4/13/2018,FR,1236,1,RUTHERFORD PD            ,,0,0,0,0,P,B,N,N,2,2,NJ 3                                              ,W,3,,00000003__      ,5.7,2,,2,1,1,1,1,1,,,,,,,,55,,,,N,,69,12:35,120+04738
2016025616-13383               ,BERGEN      ,RUTHERFORD BORO         ,6/17/2016,F ,2342,1,RUTHERFORD PD            ,,0,0,0,0,P,B,N,N,1,2,NJ 3                                              ,W,3,,00000003__      ,5,2,1,2,1,6,1,1,1,,,W,,,,,55,,,,N,,53,23:40,120+04739
2018025618-08198               ,BERGEN      ,RUTHERFORD BORO         ,4/13/2018,FR,1712,1,RUTHERFORD PD            ,,0,0,0,0,P,B,N,N,1,3,NJ 3                                              ,W,3,,00000003__      ,5.8,2,,2,1,1,1,1,1,,,,,,,,55,,,,N,,98,17:10,120+04738
2015025615-19284               ,BERGEN      ,RUTHERFORD BORO         ,8/22/2015,SA,1709,1,RUTHERFORD PD            ,,0,0,0,0,P,B,N,N,2,2,NJ 3                                              ,W,3,,00000003__      ,6.7,2,1,2,1,1,1,1,1,,,,,,,,55,,,,N,,90,17:10,120+04737
201302562013-005150            ,BERGEN      ,RUTHERFORD BORO         ,5/3/2013,F ,1749,1,RUTHERFORD PD            ,,0,0,0,0,P,B,N,N,1,2,NJ 3                                              ,W,3,,00000003__      ,5,2,2,2,1,1,1,1,2,,,,,,,,45,,,,N,,76,17:50,120+04739
2015025615-19644               ,BERGEN      ,RUTHERFORD BORO         ,8/27/2015,TH,1849,1,RUTHERFORD PD            ,,0,1,0,0,I,B,N,N,2,2,NJ 3                                              ,W,3,,00000003__      ,5,2,2,1,1,1,1,1,1,,,,,,,,55,,,,N,,93,18:50,120+04739
2014025614-13960               ,BERGEN      ,RUTHERFORD BORO         ,6/30/2014,M ,2119,1,RUTHERFORD PD            ,,0,3,0,0,I,I,N,N,1,2,NJ 3                                              ,W,3,,00000003__      ,5.1,2,2,2,1,6,1,1,2,,AT,N,,,,,45,,40.82154,74.12145,N,,,21:20,120+04739
2017025617-07934               ,BERGEN      ,RUTHERFORD BORO         ,4/26/2017,WE,1600,1,RUTHERFORD PD            ,,0,0,0,0,P,B,N,N,1,2,NJ 3                                              ,W,3,,00000003__      ,5.1,2,,2,2,1,1,1,1,,,,,,,,55,,,,N,,95,16:00,120+04739
2018025618-08352               ,BERGEN      ,RUTHERFORD BORO         ,4/16/2018,MO,646,1,RUTHERFORD PD            ,,0,0,0,0,P,B,N,N,15,1,NJ 3                                              ,W,3,,00000003__      ,6.4,2,,2,2,2,2,1,1,,,,,,,,55,,,,N,NJ DOT TRAFFIC SIGN (NJ REG 492CU).                                             ,99,6:45,120+04737
2014025614-13991               ,BERGEN      ,RUTHERFORD BORO         ,7/1/2014,TU,705,1,RUTHERFORD PD            ,,0,0,0,0,P,B,N,N,1,2,NJ 3                                              ,W,3,,00000003__      ,6.6,2,2,2,1,1,1,1,1,,,,,,,,55,,40.8105,74.09454,N,,83,7:05,120+04737
201302562013-005166            ,BERGEN      ,RUTHERFORD BORO         ,5/3/2013,F ,2309,1,RUTHERFORD PD            ,,0,0,0,0,P,B,N,N,6,2,NJ 3                                              ,W,3,,00000003__      ,,2,4,2,1,6,1,1,1,,,,,T,RT 17                    ,NB,55,,,,N,,77,23:10,120+07449
2014025614-14090               ,BERGEN      ,RUTHERFORD BORO         ,7/2/2014,W ,1419,1,RUTHERFORD PD            ,,0,0,0,0,P,I,N,N,1,2,NJ 3                                              ,W,3,,00000003__      ,5.01,2,5,2,1,1,1,1,2,,AT,N,ROUTE 507 / RIVERSIDE AVE          ,,,,45,,40.82232,74.1228,N,,,14:20,120+04739
2016025616-13670               ,BERGEN      ,RUTHERFORD BORO         ,6/21/2016,TU,1616,1,RUTHERFORD PD            ,,0,0,0,0,P,B,N,N,2,2,NJ 3                                              ,W,3,,00000003__      ,5.2,2,1,2,1,1,1,1,1,,,,,,,,55,,,,N,,93,16:15,120P04738
201302562013-005262            ,BERGEN      ,RUTHERFORD BORO         ,5/6/2013,M ,1548,1,RUTHERFORD PD            ,,0,0,0,0,P,B,N,N,1,2,NJ 3                                              ,W,3,,00000003__      ,5.7,2,2,2,1,1,1,1,2,,,,,,,,45,,,,N,,56,15:50,120+04738
201302562013-005441            ,BERGEN      ,RUTHERFORD BORO         ,5/9/2013,TH,2035,1,RUTHERFORD PD            ,,0,3,0,0,I,B,N,N,1,2,NJ 3                                              ,W,3,,00000003__      ,5.2,2,1,2,1,6,1,1,2,,,,,,,,45,,,,N,,55,20:35,120P04738
2018025618-08409               ,BERGEN      ,RUTHERFORD BORO         ,4/16/2018,MO,1715,1,RUTHERFORD PD            ,,0,0,0,0,P,B,N,N,1,2,NJ 3                                              ,W,3,,00000003__      ,5.6,2,,2,2,1,1,1,2,,,,,,,,55,,,,N,,56,17:15,120+04738
2014025614-14107               ,BERGEN      ,RUTHERFORD BORO         ,7/2/2014,W ,1813,1,RUTHERFORD PD            ,,0,0,0,0,P,B,N,N,2,2,NJ 3                                              ,W,3,,00000003__      ,5.7,2,1,2,2,1,2,1,2,,,,,,,,45,,40.81606,74.1125,N,,52,18:15,120+04738
2016025616-13713               ,BERGEN      ,RUTHERFORD BORO         ,6/22/2016,W ,916,1,RUTHERFORD PD            ,,0,0,0,0,P,B,N,N,2,2,NJ 3                                              ,W,3,,00000003__      ,6.6,2,2,1,1,1,1,1,1,,,,,,,,55,,,,N,,76,9:15,120+04737
2014025614-14158               ,BERGEN      ,RUTHERFORD BORO         ,7/3/2014,TH,851,1,RUTHERFORD PD            ,,0,0,0,0,P,I,N,N,1,2,NJ 3                                              ,W,3,,00000003__      ,5,2,2,2,2,1,1,1,2,,AT,,,F,507,NB,45,,40.82242,74.12299,N,,88,8:50,120+04739
2018025618-08694               ,BERGEN      ,RUTHERFORD BORO         ,4/20/2018,FR,1905,1,RUTHERFORD PD            ,,0,0,0,0,P,B,N,N,11,1,NJ 3                                              ,W,3,,00000003__      ,6,2,,2,1,1,1,1,2,,,,,,,,55,,,,N,,77,19:05,120P04737
2017025617-08233               ,BERGEN      ,RUTHERFORD BORO         ,4/29/2017,SA,2053,1,RUTHERFORD PD            ,,0,3,0,0,I,B,N,N,1,2,NJ 3                                              ,W,3,,00000003__      ,6.8,2,,1,1,6,2,1,1,,,,,,,,55,,,,N,,93,20:55,120+04737
2016025616-13792               ,BERGEN      ,RUTHERFORD BORO         ,6/23/2016,TH,718,1,RUTHERFORD PD            ,,0,0,0,0,P,B,N,N,11,1,NJ 3                                              ,W,3,,00000003__      ,,2,4,2,1,1,1,3,1,,,,,F,NJ 17                    ,SB,50,,,,N,NONE                                                                            ,95,7:20,120+07449
2017025617-08378               ,BERGEN      ,RUTHERFORD BORO         ,5/2/2017,TU,229,1,RUTHERFORD PD            ,,0,0,0,0,P,B,N,N,11,1,NJ 3                                              ,W,3,,00000003__      ,5.7,2,,2,1,6,1,1,1,,,,,,,,55,,,,N,,90,2:30,120+04738
2014025614-14195               ,BERGEN      ,RUTHERFORD BORO         ,7/3/2014,TH,1903,1,RUTHERFORD PD            ,,0,0,0,0,P,B,N,N,1,2,NJ 3                                              ,W,3,,00000003__      ,#N/A,2,2,2,1,1,1,5,1,50,FE,W,THOMAS  E DUNN SERVICE RD          ,,,,40,,,,N,,84,19:05,#N/A
201302562013-005566            ,BERGEN      ,RUTHERFORD BORO         ,5/12/2013,S ,943,1,RUTHERFORD PD            ,,0,0,0,0,P,B,N,N,1,2,NJ 3                                              ,W,3,,00000003__      ,5,2,2,2,2,1,1,1,2,,,,,F,507 RIVERSIDE AVENUE     ,NB,45,,,,N,,40,9:45,120+04739
2016025616-13930               ,BERGEN      ,RUTHERFORD BORO         ,6/24/2016,F ,1637,1,RUTHERFORD PD            ,,0,0,0,0,P,B,N,N,1,2,NJ 3                                              ,W,3,,00000003__      ,5.2,2,2,2,1,1,1,1,1,,,,,,,,55,,,,N,,,16:35,120P04738
201302562013-005716            ,BERGEN      ,RUTHERFORD BORO         ,5/15/2013,W ,1310,1,RUTHERFORD PD            ,,0,0,0,0,P,B,N,N,1,2,NJ 3                                              ,W,3,,00000003__      ,4.95,2,6,2,1,1,1,1,2,,,,,F,RIVERSIDE AVE 507        ,,45,,,,N,,50,13:10,120+04739
2016025616-14116               ,BERGEN      ,RUTHERFORD BORO         ,6/27/2016,M ,1607,1,RUTHERFORD PD            ,,0,0,0,0,P,B,N,N,1,2,NJ 3                                              ,W,3,,00000003__      ,5.3,2,1,2,1,1,1,2,1,,,W,,,,,55,,,,N,,95,16:05,120P04738
2017025617-08534               ,BERGEN      ,RUTHERFORD BORO         ,5/4/2017,TH,757,1,RUTHERFORD PD            ,,0,0,0,0,P,B,N,N,11,1,NJ 3                                              ,W,3,,00000003__      ,5.3,2,,2,1,1,1,1,1,,,,,,,,55,,,,N,,91,7:55,120P04738
2015025615-20751               ,BERGEN      ,RUTHERFORD BORO         ,9/11/2015,F ,1602,1,RUTHERFORD PD            ,,0,0,0,0,P,B,N,N,1,2,NJ 3                                              ,W,3,,00000003__      ,5.5,2,1,2,1,1,1,2,1,,,,,,,,55,,,,N,,87,16:00,120P04738
2014025614-14622               ,BERGEN      ,RUTHERFORD BORO         ,7/9/2014,W ,1653,1,RUTHERFORD PD            ,,0,0,0,0,P,B,N,N,1,2,NJ 3                                              ,W,3,,00000003__      ,5.6,2,1,2,1,1,1,1,1,,,,,,,,45,,40.81692,74.11406,N,,76,16:55,120+04738
201302562013-005723            ,BERGEN      ,RUTHERFORD BORO         ,5/15/2013,W ,1551,1,RUTHERFORD PD            ,,0,0,0,0,P,B,N,N,2,3,NJ 3                                              ,W,3,,00000003__      ,6.7,2,2,2,1,1,1,1,1,,,,,,,,55,,,,N,,56,15:50,120+04737
201302562013-005760            ,BERGEN      ,RUTHERFORD BORO         ,5/16/2013,TH,1103,1,RUTHERFORD PD            ,,0,1,0,0,I,B,N,N,1,2,NJ 3                                              ,W,3,,00000003__      ,4.95,2,5,2,1,1,1,1,2,,,,,F,RIVERSIDE AVE            ,,45,,,,N,,67,11:05,120+04739
2014025614-14688               ,BERGEN      ,RUTHERFORD BORO         ,7/10/2014,TH,1510,1,RUTHERFORD PD            ,,0,0,0,0,P,I,N,N,11,1,NJ 3                                              ,W,3,,00000003__      ,5,2,2,1,1,1,1,1,2,,AT,N,,F,ROURT 507                ,,45,,40.82242,74.12299,N,,40,15:10,120+04739
2015025615-20762               ,BERGEN      ,RUTHERFORD BORO         ,9/11/2015,F ,1838,1,RUTHERFORD PD            ,,0,0,0,0,P,B,N,N,1,2,NJ 3                                              ,W,3,,00000003__      ,5,2,2,1,1,1,1,1,1,,,N,,,,,55,,,,N,,85,18:40,120+04739
201302562013-005957            ,BERGEN      ,RUTHERFORD BORO         ,5/20/2013,M ,1604,1,RUTHERFORD PD            ,,0,0,0,0,P,B,N,N,1,2,NJ 3                                              ,W,3,,00000003__      ,4.95,2,5,2,1,1,1,1,2,,,,,F,RIVERSIDE AVENUE         ,SB,45,,,,N,,S33  ,16:05,120+04739
2017025617-08704               ,BERGEN      ,RUTHERFORD BORO         ,5/6/2017,SA,2007,1,RUTHERFORD PD            ,,0,1,0,0,I,B,N,N,1,2,NJ 3                                              ,W,3,,00000003__      ,5,2,,2,2,6,1,1,1,,,,,,,,50,,,,N,,90,20:05,120+04739
2016025616-14147               ,BERGEN      ,RUTHERFORD BORO         ,6/28/2016,TU,12,1,RUTHERFORD PD            ,,0,0,0,0,P,B,N,N,1,2,NJ 3                                              ,W,3,,00000003__      ,5.2,2,2,2,2,6,2,1,1,,,W,,,,,55,,,,N,,94,1:10,120P04738
2014025614-14796               ,BERGEN      ,RUTHERFORD BORO         ,7/11/2014,F ,2259,1,RUTHERFORD PD            ,,0,0,0,0,P,I,N,N,11,1,NJ 3                                              ,W,3,,00000003__      ,6.2,2,6,2,1,6,1,1,2,,AT,N,,T,NJ 17 SOUTH              ,SB,45,,40.81178,74.10341,N,,56,23:00,120P04737
201302562013-005982            ,BERGEN      ,RUTHERFORD BORO         ,5/21/2013,TU,1028,1,RUTHERFORD PD            ,,0,0,0,0,P,B,N,N,1,2,NJ 3                                              ,W,3,,00000003__      ,4.95,2,5,2,1,1,1,1,2,,,,,,,,45,,,,N,,40,10:30,120+04739
2015025615-21289               ,BERGEN      ,RUTHERFORD BORO         ,9/18/2015,F ,1650,1,RUTHERFORD PD            ,,0,0,0,0,P,B,N,N,2,2,NJ 3                                              ,W,3,,00000003__      ,5.3,2,2,2,1,1,1,1,1,,,,,,,,55,,,,N,,,16:50,120P04738
201302562013-006137            ,BERGEN      ,RUTHERFORD BORO         ,5/24/2013,F ,1303,1,RUTHERFORD PD            ,,0,0,0,0,P,B,N,N,2,2,NJ 3                                              ,W,3,,00000003__      ,4.95,2,1,2,2,1,2,1,2,,,,,,,,45,,,,N,,52,13:05,120+04739
2015025615-21554               ,BERGEN      ,RUTHERFORD BORO         ,9/22/2015,TU,1747,1,RUTHERFORD PD            ,,0,1,0,0,I,B,N,N,1,2,NJ 3                                              ,W,3,,00000003__      ,5,2,1,2,1,1,1,1,1,,,,,,,,55,,,,N,,90,17:45,120+04739
2017025617-08833               ,BERGEN      ,RUTHERFORD BORO         ,5/8/2017,MO,1710,1,RUTHERFORD PD            ,,0,0,0,0,P,B,N,N,2,2,NJ 3                                              ,W,3,,00000003__      ,5,2,,2,1,1,1,1,1,,,,,,,,55,,,,N,,69,17:10,120+04739
2014025614-14965               ,BERGEN      ,RUTHERFORD BORO         ,7/14/2014,M ,1902,1,RUTHERFORD PD            ,,0,1,0,0,I,I,N,N,11,1,NJ 3                                              ,W,3,,00000003__      ,5.5,2,2,2,1,3,5,1,2,,AT,N,,,,,45,,40.81781,74.11557,N,CONCRETE DIVIDER SCRAPED ON IMPACT                                              ,,19:00,120P04738
2017025617-08907               ,BERGEN      ,RUTHERFORD BORO         ,5/9/2017,TU,1826,1,RUTHERFORD PD            ,,0,0,0,0,P,B,N,N,1,2,NJ 3                                              ,W,3,,00000003__      ,5.2,2,,2,1,1,1,1,1,,,,,,,,55,,,,N,,86,18:25,120P04738
2014025614-15030               ,BERGEN      ,RUTHERFORD BORO         ,7/15/2014,TU,1500,1,RUTHERFORD PD            ,,0,0,0,0,P,B,N,N,2,2,NJ 3                                              ,W,3,,00000003__      ,5.8,2,1,2,1,1,1,1,2,,,,,,,,45,,40.81521,74.11094,N,,83,15:00,120+04738
201302562013-006143            ,BERGEN      ,RUTHERFORD BORO         ,5/24/2013,F ,1412,1,RUTHERFORD PD            ,,0,0,0,0,P,B,N,N,1,2,NJ 3                                              ,W,3,,00000003__      ,6.7,2,2,2,2,1,2,1,2,,,,,,,,45,,,,N,,52,14:10,120+04737
2015025615-22042               ,BERGEN      ,RUTHERFORD BORO         ,9/29/2015,TU,751,1,RUTHERFORD PD            ,,0,0,0,0,P,B,N,N,5,2,NJ 3                                              ,W,3,,00000003__      ,6.8,2,4,2,1,1,1,1,1,,,,,,,,55,,,,N,,93,7:50,120+04737
2014025614-15054               ,BERGEN      ,RUTHERFORD BORO         ,7/15/2014,TU,2013,1,RUTHERFORD PD            ,,0,0,0,0,P,I,N,N,1,2,NJ 3                                              ,W,3,,00000003__      ,4.95,2,1,2,2,6,2,1,2,,AT,N,,,,,45,,40.82282,74.12372,N,,87,20:15,120+04739
2017025617-08963               ,BERGEN      ,RUTHERFORD BORO         ,5/10/2017,WE,1451,1,RUTHERFORD PD            ,,0,2,0,0,I,B,N,N,1,2,NJ 3                                              ,W,3,,00000003__      ,5.8,2,,2,1,1,1,1,1,,,,,,,,55,,,,N,,87,14:50,120+04738
201302562013-006153            ,BERGEN      ,RUTHERFORD BORO         ,5/24/2013,F ,1619,1,RUTHERFORD PD            ,,0,1,0,0,I,B,N,N,1,2,NJ 3                                              ,W,3,,00000003__      ,6.3,2,2,2,2,1,2,1,2,,,,,,,,45,,,,N,NONE                                                                            ,43,16:20,120P04737
2015025615-222395              ,BERGEN      ,RUTHERFORD BORO         ,10/2/2015,F ,2032,1,RUTHERFORD PD            ,,0,0,0,0,P,B,N,N,2,2,NJ 3                                              ,W,3,,00000003__      ,6.4,2,1,2,2,6,2,1,1,,,N,,,,,55,,,,N,,67,20:30,120+04737
2014025614-15057               ,BERGEN      ,RUTHERFORD BORO         ,7/15/2014,TU,2038,1,RUTHERFORD PD            ,,0,2,0,0,I,I,N,N,1,2,NJ 3                                              ,W,3,,00000003__      ,5,2,2,2,2,6,2,1,2,,AT,N,,,,,45,,40.82242,74.12299,N,,,20:40,120+04739
201302562013-006156            ,BERGEN      ,RUTHERFORD BORO         ,5/24/2013,F ,1735,1,RUTHERFORD PD            ,,0,0,0,0,P,B,N,N,2,2,NJ 3                                              ,W,3,,00000003__      ,6.2,2,1,2,2,1,2,1,2,,,,,,,,45,,,,N,,L24  ,17:35,120P04737
2014025614-15113               ,BERGEN      ,RUTHERFORD BORO         ,7/16/2014,W ,1558,1,RUTHERFORD PD            ,,0,0,0,0,P,I,N,N,1,3,NJ 3                                              ,W,3,,00000003__      ,5,2,2,2,1,1,1,1,2,,AT,N,,,,,45,,40.82242,74.12299,N,,88,16:00,120+04739
2016025616-14635               ,BERGEN      ,RUTHERFORD BORO         ,7/5/2016,TU,1629,1,RUTHERFORD PD            ,,0,1,0,0,I,B,N,N,1,2,NJ 3                                              ,W,3,,00000003__      ,5,2,2,1,1,1,1,1,1,,,N,,,,,55,,,,N,,92,16:30,120+04739
2018025618-09733               ,BERGEN      ,RUTHERFORD BORO         ,5/5/2018,SA,1242,1,RUTHERFORD PD            ,,0,1,0,0,I,B,N,N,2,2,NJ 3                                              ,W,3,,00000003__      ,5,2,,2,1,1,1,1,1,,,,,,,,50,,,,N,SCRATCHES AND WHEEL MARKS ON THE CURBED BARRIER WHERE V1 STRUCK.                ,97,12:40,120+04739
2015025615-22620               ,BERGEN      ,RUTHERFORD BORO         ,10/6/2015,TU,1057,1,RUTHERFORD PD            ,,0,0,0,0,P,B,N,N,15,1,NJ 3                                              ,W,3,,00000003__      ,5.9,2,6,2,1,1,1,1,1,,,,,,,,55,,,,N,,40,10:55,120P04737
2014025614-15144               ,BERGEN      ,RUTHERFORD BORO         ,7/16/2014,W ,2345,1,RUTHERFORD PD            ,,0,0,0,0,P,I,N,N,1,2,NJ 3                                              ,W,3,,00000003__      ,4.95,2,2,2,1,6,1,1,2,,AT,N,,,,,45,,40.82282,74.12372,N,,85,23:45,120+04739
2016025616-14791               ,BERGEN      ,RUTHERFORD BORO         ,7/7/2016,TH,1717,1,RUTHERFORD PD            ,,0,0,0,0,P,B,N,N,2,2,NJ 3                                              ,W,3,,00000003__      ,5.1,2,2,2,1,1,1,1,1,,,,,,,,55,,,,N,,40,17:15,120+04739
2017025617-09118               ,BERGEN      ,RUTHERFORD BORO         ,5/12/2017,FR,2157,1,RUTHERFORD PD            ,,0,0,0,0,P,B,N,N,1,2,NJ 3                                              ,W,3,,00000003__      ,5.7,2,,2,1,6,1,1,1,,,,,T,NJ 17                    ,,55,,,,N,,62,21:55,120+04738
2015025615-22622               ,BERGEN      ,RUTHERFORD BORO         ,10/6/2015,TU,1102,1,RUTHERFORD PD            ,,0,0,0,0,P,B,N,N,15,1,NJ 3                                              ,W,3,,00000003__      ,5.9,2,1,2,1,1,1,1,1,,,N,,,,,55,,,,N,,95,11:00,120P04737
2016025616-14813               ,BERGEN      ,RUTHERFORD BORO         ,7/7/2016,TH,2231,1,RUTHERFORD PD            ,,0,0,0,0,P,B,Y,N,11,1,NJ 3                                              ,W,3,,00000003__      ,5,2,2,2,1,6,1,1,1,,,,,,,,55,,,,N,DEPARTMENT OF TRANSPORTATION UTILITY/LIGHT POLE AND 3 SIGNS (NO TURNS  MILE MAR?,87,22:30,120+04739
2018025618-09876               ,BERGEN      ,RUTHERFORD BORO         ,5/7/2018,MO,1716,1,RUTHERFORD PD            ,,0,1,0,0,I,B,N,N,1,2,NJ 3                                              ,W,3,,00000003__      ,5.3,2,,2,1,1,1,1,2,,,,,,,,55,,,,N,,93,17:15,120P04738
2014025614-15145               ,BERGEN      ,RUTHERFORD BORO         ,7/16/2014,W ,2351,1,RUTHERFORD PD            ,,0,0,0,0,P,I,N,N,1,2,NJ 3                                              ,W,3,,00000003__      ,5.7,2,1,2,1,6,1,1,2,,AT,N,,,,,45,,40.81606,74.1125,N,,84,23:50,120+04738
2015025615-22626               ,BERGEN      ,RUTHERFORD BORO         ,10/6/2015,TU,1107,1,RUTHERFORD PD            ,,0,0,0,0,P,B,N,N,15,1,NJ 3                                              ,W,3,,00000003__      ,5.9,2,1,2,1,1,1,1,1,,,,,,,,55,,,,N,,95,11:05,120P04737
201302562013-006379            ,BERGEN      ,RUTHERFORD BORO         ,5/30/2013,TH,1612,1,RUTHERFORD PD            ,,0,1,0,0,I,B,N,N,2,2,NJ 3                                              ,W,3,,00000003__      ,6.2,2,4,2,1,1,1,5,2,,,,,F,NJ 17                    ,SB,45,,,,N,,60,16:10,120P04737
2017025617-09136               ,BERGEN      ,RUTHERFORD BORO         ,5/13/2017,SA,1242,1,RUTHERFORD PD            ,,0,1,0,0,I,B,N,N,11,1,NJ 3                                              ,W,3,,00000003__      ,6.6,2,,2,2,1,2,1,1,,,,,,,,55,,,,N,,65,12:40,120+04737
2014025614-15213               ,BERGEN      ,RUTHERFORD BORO         ,7/17/2014,TH,2042,1,RUTHERFORD PD            ,,0,0,0,0,P,I,N,N,2,2,NJ 3                                              ,W,3,,00000003__      ,5,2,2,1,1,6,1,1,2,,AT,N,,,,,45,,40.82242,74.12299,N,,85,20:40,120+04739
2015025615-22874               ,BERGEN      ,RUTHERFORD BORO         ,10/9/2015,F ,1810,1,RUTHERFORD PD            ,,0,0,0,0,P,B,N,N,2,2,NJ 3                                              ,W,3,,00000003__      ,5.3,2,2,2,2,6,2,1,1,,,,,,,,55,,,,N,,89,18:10,120P04738
201302562013-006553            ,BERGEN      ,RUTHERFORD BORO         ,6/3/2013,M ,1601,1,RUTHERFORD PD            ,,0,0,0,0,P,B,N,N,2,2,NJ 3                                              ,W,3,,00000003__      ,5.8,2,3,2,1,1,1,1,2,,,,,T,RIDGE RD                 ,,45,,,,N,,56,16:00,120+04738
201302562013-006595            ,BERGEN      ,RUTHERFORD BORO         ,6/4/2013,TU,1659,1,RUTHERFORD PD            ,,0,0,0,0,P,B,N,N,1,2,NJ 3                                              ,W,3,,00000003__      ,5,2,2,2,1,1,1,1,2,,,,,,,,45,,,,N,,S33  ,17:00,120+04739
2016025616-15054               ,BERGEN      ,RUTHERFORD BORO         ,7/11/2016,M ,1843,1,RUTHERFORD PD            ,,0,0,0,0,P,B,N,N,1,3,NJ 3                                              ,W,3,,00000003__      ,5.1,2,2,2,1,1,1,1,1,,,N,,,,,55,,,,N,,85,18:45,120+04739
2018025618-10162               ,BERGEN      ,RUTHERFORD BORO         ,5/11/2018,FR,1512,1,RUTHERFORD PD            ,,0,1,0,0,I,B,N,N,1,3,NJ 3                                              ,W,3,,00000003__      ,5.1,2,,2,1,1,1,1,2,,,,,,,,55,,,,N,,,15:10,120+04739
2017025617-09477               ,BERGEN      ,RUTHERFORD BORO         ,5/18/2017,TH,1806,1,RUTHERFORD PD            ,,0,0,0,0,P,B,N,N,1,2,NJ 3                                              ,W,3,,00000003__      ,5.2,2,,2,1,1,1,1,1,,,,,,,,55,,,,N,,88,18:05,120P04738
2015025615-22879               ,BERGEN      ,RUTHERFORD BORO         ,10/9/2015,F ,1904,1,RUTHERFORD PD            ,,0,1,0,0,I,B,N,N,1,5,NJ 3                                              ,W,3,,00000003__      ,5.3,2,2,2,2,6,2,1,1,,,,,,,,55,,,,N,,89,19:05,120P04738
2014025614-15221               ,BERGEN      ,RUTHERFORD BORO         ,7/18/2014,F ,52,1,RUTHERFORD PD            ,,0,0,0,0,P,I,N,N,1,2,NJ 3                                              ,W,3,,00000003__      ,5.7,2,1,2,1,6,1,1,2,,AT,N,,,,,45,,40.81606,74.1125,N,,67,5:50,120+04738
2017025617-09720               ,BERGEN      ,RUTHERFORD BORO         ,5/22/2017,MO,1943,1,RUTHERFORD PD            ,,0,0,0,0,P,B,N,N,1,2,NJ 3                                              ,W,3,,00000003__      ,5,2,,2,2,1,2,1,1,,,,,,,,55,,,,N,,69,19:45,120+04739
2016025616-15396               ,BERGEN      ,RUTHERFORD BORO         ,7/15/2016,F ,1649,1,RUTHERFORD PD            ,,0,0,0,0,P,B,N,N,2,2,NJ 3                                              ,W,3,,00000003__      ,5.2,2,1,2,1,1,1,2,1,,,,,,,,50,,,,N,,95,16:50,120P04738
2015025615-23078               ,BERGEN      ,RUTHERFORD BORO         ,10/12/2015,M ,1402,1,RUTHERFORD PD            ,,0,0,0,0,P,B,N,N,1,2,NJ 3                                              ,W,3,,00000003__      ,6.6,2,1,2,1,1,1,1,1,,,N,,,,,55,,,,N,,90,14:00,120+04737
2015025615-23085               ,BERGEN      ,RUTHERFORD BORO         ,10/12/2015,M ,1626,1,RUTHERFORD PD            ,,0,0,0,0,P,B,N,N,1,2,NJ 3                                              ,W,3,,00000003__      ,5.5,2,1,2,1,1,1,1,1,,,,,,,,55,,,,N,,90,16:25,120P04738
2014025614-15261               ,BERGEN      ,RUTHERFORD BORO         ,7/18/2014,F ,1003,1,RUTHERFORD PD            ,,0,3,0,0,I,I,N,N,1,2,NJ 3                                              ,W,3,,00000003__      ,5.7,2,1,2,1,1,1,1,2,,AT,N,,,,,45,,40.81606,74.1125,N,,53,10:05,120+04738
2016025616-15528               ,BERGEN      ,RUTHERFORD BORO         ,7/17/2016,S ,213,1,RUTHERFORD PD            ,,0,2,0,0,I,B,N,N,11,1,NJ 3                                              ,W,3,,00000003__      ,6,2,2,2,1,6,1,1,1,,,,,,,,55,,,,N,,89,2:15,120P04737