CRASH_ID,CTY_NAME,MUN_NAME,DATE,DAY,TIME,POL_CODE,POL_DEPT,POL_STA,KILLED,INJURED,PED_KILL,PED_INJ,SEVERITY,INTERSEC,ALCOHOL,HAZMAT,CRASH_TYPE,VEH_COUNT,LOCATION,LOC_DIR,ROUTE,RT_SFX,SRI,MP,RD_SYS,RD_CHAR,RD_SURF,SURF_COND,LIGHT,WEATHER,RD_DIV,RD_WRKZN,X_DIST,DIST_UNT,X_DIR,X_NAME,IS_RAMP,RAMP_RT,RAMP_DIR,SPD_LMT,SPD_X,LAT,LONG,CELL_USE,PROP_DMG,BADGE,TIME_ROUND,TMC
201302562013-006691            ,BERGEN      ,RUTHERFORD BORO         ,6/6/2013,TH,2010,1,RUTHERFORD PD            ,,0,0,0,0,P,B,N,N,2,2,NJ 3                                              ,W,3,,00000003__      ,6.5,2,2,2,2,1,2,1,1,,,,,,,,55,,,,N,,76,20:10,120+04737
2014025614-15289               ,BERGEN      ,RUTHERFORD BORO         ,7/18/2014,F ,1848,1,RUTHERFORD PD            ,,0,0,0,0,P,I,N,N,1,3,NJ 3                                              ,W,3,,00000003__      ,5.5,2,1,2,1,1,1,1,2,,AT,W,,,,,45,,40.81781,74.11557,N,,55,18:50,120P04738
2017025617-09790               ,BERGEN      ,RUTHERFORD BORO         ,5/23/2017,TU,1827,1,RUTHERFORD PD            ,,0,0,0,0,P,B,N,N,1,2,NJ 3                                              ,W,3,,00000003__      ,6.4,2,,2,1,1,1,1,1,,,,,,,,55,,,,N,,67,18:25,120+04737
2015025615-23228               ,BERGEN      ,RUTHERFORD BORO         ,10/14/2015,W ,1552,1,RUTHERFORD PD            ,,0,0,0,0,P,B,N,N,1,2,NJ 3                                              ,W,3,,00000003__      ,6.6,2,2,2,1,1,1,1,1,,,,,,,,55,,,,N,,85,15:50,120+04737
2016025616-15820               ,BERGEN      ,RUTHERFORD BORO         ,7/21/2016,TH,19,1,RUTHERFORD PD            ,,1,0,0,0,I,B,N,N,11,1,NJ 3                                              ,W,3,,00000003__      ,,2,5,2,1,6,1,2,1,,,W,,T,NJ 17                    ,SB,55,,,,N,,66,1:20,120+07449
2017025617-09816               ,BERGEN      ,RUTHERFORD BORO         ,5/24/2017,WE,758,1,RUTHERFORD PD            ,,0,0,0,0,P,B,N,N,1,2,NJ 3                                              ,W,3,,00000003__      ,5.5,2,,2,2,1,1,1,1,,,,,,,,55,,,,N,,90,8:00,120P04738
2014025614-15489               ,BERGEN      ,RUTHERFORD BORO         ,7/21/2014,M ,1700,1,RUTHERFORD PD            ,,0,1,0,0,I,I,N,N,1,2,NJ 3                                              ,W,3,,00000003__      ,6.8,2,2,2,1,1,1,1,2,,AT,N,,,,,45,,40.81095,74.08986,N,,52,17:00,120+04737
2016025616-15878               ,BERGEN      ,RUTHERFORD BORO         ,7/21/2016,TH,1759,1,RUTHERFORD PD            ,,0,0,0,0,P,B,N,N,1,3,NJ 3                                              ,W,3,,00000003__      ,5,2,2,2,1,1,1,1,1,,,W,,,,,55,,,,N,,40,18:00,120+04739
2015025615-23322               ,BERGEN      ,RUTHERFORD BORO         ,10/15/2015,TH,1902,1,RUTHERFORD PD            ,,0,0,0,0,P,B,N,N,2,2,NJ 3                                              ,W,3,,00000003__      ,5.3,2,2,2,1,6,1,1,1,,,,,,,,55,,,,N,,56,19:00,120P04738
2017025617-09819               ,BERGEN      ,RUTHERFORD BORO         ,5/24/2017,WE,823,1,RUTHERFORD PD            ,,0,1,0,0,I,B,N,N,1,2,NJ 3                                              ,W,3,,00000003__      ,5.5,2,,2,2,1,1,1,1,,,W,,,,,55,,,,N,,90,8:25,120P04738
201302562013-006714            ,BERGEN      ,RUTHERFORD BORO         ,6/7/2013,F ,1204,1,RUTHERFORD PD            ,,0,0,0,0,P,B,N,N,8,2,NJ 3                                              ,W,3,,00000003__      ,5.8,2,2,2,2,1,2,5,2,,,,,T,RIDGE ROAD               ,,45,,,,N,NONE                                                                            ,43,12:05,120+04738
2018025618-10398               ,BERGEN      ,RUTHERFORD BORO         ,5/14/2018,MO,1638,1,RUTHERFORD PD            ,,0,0,0,0,P,B,N,N,1,2,NJ 3                                              ,W,3,,00000003__      ,6.5,2,,2,1,1,1,1,1,,,,,,,,55,,,,N,,97,16:40,120+04737
2014025614-15563               ,BERGEN      ,RUTHERFORD BORO         ,7/22/2014,TU,2043,1,RUTHERFORD PD            ,,0,0,0,0,P,B,N,N,2,2,NJ 3                                              ,W,3,,00000003__      ,6.8,2,2,1,1,6,1,1,1,,,,,,,,55,,40.81095,74.08986,N,,40,20:45,120+04737
201302562013-006749            ,BERGEN      ,RUTHERFORD BORO         ,6/8/2013,SA,632,1,RUTHERFORD PD            ,,0,0,0,0,P,B,N,N,1,2,NJ 3                                              ,W,3,,00000003__      ,5,2,2,2,2,1,2,1,2,,,,,F,RIVERSIDE AVENUE         ,,40,,,,N,,55,6:30,120+04739
2017025617-09866               ,BERGEN      ,RUTHERFORD BORO         ,5/24/2017,WE,1751,1,RUTHERFORD PD            ,,0,0,0,0,P,B,N,N,1,2,NJ 3                                              ,W,3,,00000003__      ,5,2,,2,1,1,1,1,1,,,,,,,,55,,,,N,,89,17:50,120+04739
2014025614-15626               ,BERGEN      ,RUTHERFORD BORO         ,7/23/2014,W ,1722,1,RUTHERFORD PD            ,,0,0,0,0,P,I,N,N,2,2,NJ 3                                              ,W,3,,00000003__      ,5.3,2,2,2,1,1,1,1,2,,AT,N,,,,,45,,40.81967,74.11856,N,,,17:20,120P04738
2015025615-23323               ,BERGEN      ,RUTHERFORD BORO         ,10/15/2015,TH,1902,1,RUTHERFORD PD            ,,0,0,0,0,P,B,N,N,1,2,NJ 3                                              ,W,3,,00000003__      ,5.3,2,1,2,1,6,1,1,1,,,W,,,,,55,,,,N,,95,19:00,120P04738
2016025616-15914               ,BERGEN      ,RUTHERFORD BORO         ,7/22/2016,F ,12,1,RUTHERFORD PD            ,,0,0,0,0,P,B,N,N,2,2,NJ 3                                              ,W,3,,00000003__      ,6.3,2,1,2,1,6,1,1,1,,,W,,,,,55,,,,N,,95,1:10,120P04737
2016025616-15955               ,BERGEN      ,RUTHERFORD BORO         ,7/22/2016,F ,1937,1,RUTHERFORD PD            ,,0,1,0,0,I,B,N,N,1,3,NJ 3                                              ,W,3,,00000003__      ,5.6,2,2,2,1,1,1,1,1,,,W,,,,,55,,,,N,,,19:35,120+04738
201302562013-006784            ,BERGEN      ,RUTHERFORD BORO         ,6/9/2013,S ,1,1,RUTHERFORD PD            ,,0,1,0,0,I,B,N,N,1,2,NJ 3                                              ,W,3,,00000003__      ,6.2,2,2,2,1,6,1,1,2,,,,,F,ROUTE 17                 ,SB,45,,,,N,,62,1:00,120P04737
2014025614-15735               ,BERGEN      ,RUTHERFORD BORO         ,7/25/2014,F ,411,1,RUTHERFORD PD            ,,0,0,0,0,P,I,N,N,1,2,NJ 3                                              ,W,3,,00000003__      ,6.2,2,1,2,1,6,1,1,2,,AT,N,,,,,45,,40.81178,74.10341,N,DOT LIGHT POLE                                                                  ,53,4:10,120P04737
2018025618-10458               ,BERGEN      ,RUTHERFORD BORO         ,5/15/2018,TU,1529,1,RUTHERFORD PD            ,,0,0,0,0,P,B,N,N,1,2,NJ 3                                              ,W,3,,00000003__      ,6.8,2,,2,1,1,1,1,1,,,,,,,,55,,,,N,,97,15:30,120+04737
2015025615-23405               ,BERGEN      ,RUTHERFORD BORO         ,10/16/2015,F ,1827,1,RUTHERFORD PD            ,,0,0,0,0,P,B,N,N,1,2,NJ 3                                              ,W,3,,00000003__      ,5.7,2,2,2,1,6,1,1,1,,,W,,,,,55,,,,N,,,18:25,120+04738
2018025618-10476               ,BERGEN      ,RUTHERFORD BORO         ,9/18/2018,TU,1644,1,RUTHERFORD PD            ,,0,0,0,0,P,B,N,N,2,2,NJ 3                                              ,W,3,,00000003__      ,6.4,2,,2,1,1,1,1,1,,,,,,,,55,,,,N,,95,16:45,120+04737
2014025614-15753               ,BERGEN      ,RUTHERFORD BORO         ,7/25/2014,F ,950,1,RUTHERFORD PD            ,,0,1,0,0,I,I,N,N,3,2,NJ 3                                              ,W,3,,00000003__      ,6,2,1,2,1,1,1,5,1,,AT,N,THOMAS E. DUNN MEMORIAL HIGHWAY    ,,,,40,40,,,N,,84,9:50,120P04737
2014025614-15791               ,BERGEN      ,RUTHERFORD BORO         ,7/25/2014,F ,1845,1,RUTHERFORD PD            ,,0,1,0,0,I,I,N,N,1,2,NJ 3                                              ,W,3,,00000003__      ,5,2,5,2,1,1,1,1,2,,AT,N,,F,RIVERSIDE AVE            ,NB,45,,40.82242,74.12299,N,,89,18:45,120+04739
2016025616-16353               ,BERGEN      ,RUTHERFORD BORO         ,7/29/2016,F ,818,1,RUTHERFORD PD            ,,0,0,0,0,P,B,N,N,1,2,NJ 3                                              ,W,3,,00000003__      ,5,2,2,2,2,1,2,1,1,,,W,,,,,55,,,,N,,,8:20,120+04739
2017025617-10291               ,BERGEN      ,RUTHERFORD BORO         ,5/31/2017,WE,1311,1,RUTHERFORD PD            ,,0,0,0,0,P,B,N,N,1,2,NJ 3                                              ,W,3,,00000003__      ,5.5,2,,2,1,1,1,1,1,,,,,,,,55,,,,N,,88,13:10,120P04738
2018025618-10480               ,BERGEN      ,RUTHERFORD BORO         ,5/15/2018,TU,1750,1,RUTHERFORD PD            ,,0,0,0,0,P,B,N,N,2,2,NJ 3                                              ,W,3,,00000003__      ,6,2,,2,2,1,2,1,1,,,,,,,,55,,,,N,,95,17:50,120P04737
2015025615-23514               ,BERGEN      ,RUTHERFORD BORO         ,10/18/2015,S ,150,1,RUTHERFORD PD            ,,0,0,0,0,P,B,N,N,12,1,NJ 3                                              ,W,3,,00000003__      ,6.4,2,1,2,1,6,1,1,1,,,W,,T,NJ 17                    ,NB,55,,,,N,,93,1:50,120+04737
201302562013-006858            ,BERGEN      ,RUTHERFORD BORO         ,6/10/2013,M ,1820,1,RUTHERFORD PD            ,,0,0,0,0,P,B,N,N,1,2,NJ 3                                              ,W,3,,00000003__      ,6.5,2,2,2,2,1,2,1,1,,,,,,,,55,,,,N,,62,18:20,120+04737
201302562013-006866            ,BERGEN      ,RUTHERFORD BORO         ,6/10/2013,M ,2203,1,RUTHERFORD PD            ,,0,0,0,0,P,B,N,N,1,2,NJ 3                                              ,W,3,,00000003__      ,5,2,5,2,2,6,1,2,2,,,,,F,RIVERSIDE AVENUE         ,NB,45,,,,N,,76,22:05,120+04739
2015025615-23527               ,BERGEN      ,RUTHERFORD BORO         ,10/18/2015,S ,1015,1,RUTHERFORD PD            ,,0,0,0,0,P,B,N,N,3,2,NJ 3                                              ,W,3,,00000003__      ,5,2,5,2,1,1,1,2,1,,,N,,F,RIVERSIDE AVE CR 507     ,WB,55,,,,N,,69,10:15,120+04739
2014025614-15792               ,BERGEN      ,RUTHERFORD BORO         ,7/25/2014,F ,2018,1,RUTHERFORD PD            ,,0,0,0,0,P,I,N,N,1,2,NJ 3                                              ,W,3,,00000003__      ,5.1,2,2,2,1,2,1,1,2,,AT,N,,,,,45,,40.82154,74.12145,N,,89,20:20,120+04739
2017025617-10304               ,BERGEN      ,RUTHERFORD BORO         ,5/31/2017,WE,1703,1,RUTHERFORD PD            ,,0,0,0,0,P,B,N,N,1,3,NJ 3                                              ,W,3,,00000003__      ,5.7,2,,2,1,1,1,1,1,,,,,,,,55,,,,N,,88,17:05,120+04738
2014025614-15839               ,BERGEN      ,RUTHERFORD BORO         ,7/26/2014,SA,1117,1,RUTHERFORD PD            ,,0,0,0,0,P,I,N,N,1,2,NJ 3                                              ,W,3,,00000003__      ,5,2,5,2,1,1,1,1,2,,AT,N,,F,RIVERSIDE AVENUE         ,NB,45,,40.82242,74.12299,N,,65,11:15,120+04739
2015025615-23556               ,BERGEN      ,RUTHERFORD BORO         ,10/18/2015,S ,1636,1,RUTHERFORD PD            ,,0,4,0,0,I,B,N,N,1,3,NJ 3                                              ,W,3,,00000003__      ,5,2,1,2,1,1,1,1,1,,,W,,,,,55,,,,N,,90,16:35,120+04739
2017025617-10377               ,BERGEN      ,RUTHERFORD BORO         ,6/1/2017,TH,1624,1,RUTHERFORD PD            ,,0,1,0,0,I,B,N,N,1,2,NJ 3                                              ,W,3,,00000003__      ,5.7,2,,2,1,1,1,1,1,,,,,,,,55,,,,N,,62,16:25,120+04738
2016025616-16439               ,BERGEN      ,RUTHERFORD BORO         ,7/30/2016,SA,440,1,RUTHERFORD PD            ,,0,0,0,0,P,B,N,N,2,2,NJ 3                                              ,W,3,,00000003__      ,6.4,2,1,2,1,6,1,1,1,,,,,,,,55,,,,N,,95,4:40,120+04737
2018025618-10809               ,BERGEN      ,RUTHERFORD BORO         ,5/19/2018,SA,1520,1,RUTHERFORD PD            ,,0,0,0,0,P,B,N,N,1,2,NJ 3                                              ,W,3,,00000003__      ,5.1,2,,2,2,1,2,1,1,,,,,,,,55,,,,N,,83,15:20,120+04739
2017025617-10406               ,BERGEN      ,RUTHERFORD BORO         ,6/1/2017,TH,2334,1,RUTHERFORD PD            ,,0,0,0,0,P,B,N,N,2,2,NJ 3                                              ,W,3,,00000003__      ,6.1,2,,2,1,6,1,1,1,,,,,,,,55,,,,N,,65,23:35,120P04737
201302562013-006961            ,BERGEN      ,RUTHERFORD BORO         ,6/12/2013,W ,1526,1,RUTHERFORD PD            ,,0,0,0,0,P,B,N,N,2,2,NJ 3                                              ,W,3,,00000003__      ,6.2,2,1,2,1,1,1,1,2,,,,,,,,45,,,,N,,76,15:25,120P04737
2014025614-15880               ,BERGEN      ,RUTHERFORD BORO         ,7/27/2014,S ,514,1,RUTHERFORD PD            ,,0,1,0,0,I,B,N,N,6,2,NJ 3                                              ,W,3,,00000003__      ,6.4,2,1,2,1,3,5,1,2,,,W,,,,,45,,40.81044,74.09915,N,,87,5:15,120+04737
201302562013-007048            ,BERGEN      ,RUTHERFORD BORO         ,6/14/2013,F ,1621,1,RUTHERFORD PD            ,,0,0,0,0,P,B,N,N,1,2,NJ 3                                              ,W,3,,00000003__      ,4.95,2,6,2,1,1,1,1,2,,,,,F,RIVERSIDE AVE            ,,45,,,,N,,56,16:20,120+04739
2017025617-10631               ,BERGEN      ,RUTHERFORD BORO         ,6/5/2017,MO,1655,1,RUTHERFORD PD            ,,0,0,0,0,P,B,N,N,1,2,NJ 3                                              ,W,3,,00000003__      ,5,2,,2,1,1,5,1,1,,,,,,,,55,,,,N,,62,16:55,120+04739
2015025615-23718               ,BERGEN      ,RUTHERFORD BORO         ,10/20/2015,TU,1755,1,RUTHERFORD PD            ,,0,0,0,0,P,B,N,N,1,2,NJ 3                                              ,W,3,,00000003__      ,5.5,2,1,2,1,6,1,1,1,,,W,,,,,55,,,,N,,56,17:55,120P04738
2014025614-15887               ,BERGEN      ,RUTHERFORD BORO         ,7/27/2014,S ,600,1,RUTHERFORD PD            ,,0,2,0,0,I,I,N,N,2,2,NJ 3                                              ,W,3,,00000003__      ,6.4,2,5,2,1,2,1,1,2,,AT,N,,,,,45,,40.81044,74.09915,N,,,6:00,120+04737
201302562013-007054            ,BERGEN      ,RUTHERFORD BORO         ,6/14/2013,F ,1739,1,RUTHERFORD PD            ,,0,0,0,0,P,B,N,N,1,2,NJ 3                                              ,W,3,,00000003__      ,4.95,2,1,2,1,1,1,1,1,,,,,,,,45,,,,N,,53,17:40,120+04739
2014025614-16132               ,BERGEN      ,RUTHERFORD BORO         ,7/30/2014,W ,1254,1,RUTHERFORD PD            ,,0,0,0,0,P,B,N,N,2,3,NJ 3                                              ,W,3,,00000003__      ,5,2,2,1,1,1,1,1,2,,,,,,,,45,,40.82242,74.12299,N,,65,12:55,120+04739
2017025617-10838               ,BERGEN      ,RUTHERFORD BORO         ,6/8/2017,TH,1941,1,RUTHERFORD PD            ,,0,0,0,0,P,B,N,N,1,2,NJ 3                                              ,W,3,,00000003__      ,5,2,,2,1,3,1,1,1,,,,,,,,55,,,,N,,95,19:40,120+04739
2015025615-23941               ,BERGEN      ,RUTHERFORD BORO         ,10/23/2015,F ,1602,1,RUTHERFORD PD            ,,0,1,0,0,I,B,N,N,1,2,NJ 3                                              ,W,3,,00000003__      ,6.3,2,1,2,1,1,1,1,1,,,W,,,,,55,,,,N,,89,16:00,120P04737
2014025614-16209               ,BERGEN      ,RUTHERFORD BORO         ,7/31/2014,TH,1525,1,RUTHERFORD PD            ,,0,0,0,0,P,I,N,N,1,2,NJ 3                                              ,W,3,,00000003__      ,5.3,2,2,2,1,1,1,1,2,,AT,N,,,,,45,,40.81967,74.11856,N,,,15:25,120P04738
2015025615-24040               ,BERGEN      ,RUTHERFORD BORO         ,10/25/2015,S ,200,1,RUTHERFORD PD            ,,0,0,0,0,P,B,N,N,2,2,NJ 3                                              ,W,3,,00000003__      ,5.7,2,1,2,1,6,1,1,1,,,,,,,,55,,,,N,,94,2:00,120+04738
201302562013-007102            ,BERGEN      ,RUTHERFORD BORO         ,6/15/2013,SA,1557,1,RUTHERFORD PD            ,,0,1,0,0,I,B,Y,N,1,3,NJ 3                                              ,W,3,,00000003__      ,6.1,2,1,2,1,1,1,1,1,,,,,,,,45,,,,N,,53,15:55,120P04737
2016025616-16599               ,BERGEN      ,RUTHERFORD BORO         ,8/1/2016,M ,522,1,RUTHERFORD PD            ,,0,1,0,0,I,B,N,N,11,1,NJ 3                                              ,W,3,,00000003__      ,6.2,2,2,2,2,2,5,1,1,,,W,,,,,55,,,,N,DOT GUARDRAIL                                                                   ,40,5:20,120P04737
2017025617-10926               ,BERGEN      ,RUTHERFORD BORO         ,6/10/2017,SA,14,1,RUTHERFORD PD            ,,0,0,0,0,P,B,N,N,15,1,NJ 3                                              ,W,3,,00000003__      ,6.3,2,,2,1,6,1,1,1,,,,,,,,55,,,,N,,91,1:15,120P04737
201302562013-007109            ,BERGEN      ,RUTHERFORD BORO         ,6/15/2013,SA,1912,1,RUTHERFORD PD            ,,0,0,0,0,P,B,N,N,99,2,NJ 3                                              ,W,3,,00000003__      ,5,2,,,,,,,,,,,,,507 RIVERSIDE AVENUE     ,,45,,,,N,,50,19:10,120+04739
2014025614-16479               ,BERGEN      ,RUTHERFORD BORO         ,8/4/2014,M ,1153,1,RUTHERFORD PD            ,,0,0,0,0,P,I,N,N,1,2,NJ 3                                              ,W,3,,00000003__      ,5.01,2,5,2,1,1,1,1,2,,AT,N,ROUTE 507 / RIVERSIDE AVE          ,,,,45,,40.82232,74.1228,N,,85,11:55,120+04739
2015025615-24154               ,BERGEN      ,RUTHERFORD BORO         ,10/26/2015,M ,1922,1,RUTHERFORD PD            ,,0,0,0,0,P,B,N,N,1,2,NJ 3                                              ,W,3,,00000003__      ,5.6,2,2,2,1,6,1,1,1,,,,,,,,55,,,,N,,92,19:20,120+04738
2016025616-16646               ,BERGEN      ,RUTHERFORD BORO         ,8/1/2016,M ,1725,1,RUTHERFORD PD            ,,0,0,0,0,P,B,N,N,2,2,NJ 3                                              ,W,3,,00000003__      ,6.3,2,3,1,1,1,1,1,1,,,,,,,,55,,,,N,,91,17:25,120P04737
201302562013-007134            ,BERGEN      ,RUTHERFORD BORO         ,6/16/2013,S ,1501,1,RUTHERFORD PD            ,,0,0,0,0,P,B,N,N,8,2,NJ 3                                              ,W,3,,00000003__      ,5,2,5,2,1,1,1,2,2,,,,,F,RIVERSIDE AVENUE         ,,45,,,,N,,85,15:00,120+04739
2018025618-10982               ,BERGEN      ,RUTHERFORD BORO         ,5/21/2018,MO,1646,1,RUTHERFORD PD            ,,0,1,0,0,I,B,N,N,1,3,NJ 3                                              ,W,3,,00000003__      ,6.2,2,,1,1,1,1,1,2,,,,,,,,55,,,,N,,,16:45,120P04737
2016025616-16648               ,BERGEN      ,RUTHERFORD BORO         ,8/1/2016,M ,1734,1,RUTHERFORD PD            ,,0,0,0,0,P,B,N,N,11,2,NJ 3                                              ,W,3,,00000003__      ,6.3,2,2,2,1,1,1,1,1,,,,,,,,55,,,,N,,67,17:35,120P04737
2017025617-11027               ,BERGEN      ,RUTHERFORD BORO         ,6/12/2017,MO,37,1,RUTHERFORD PD            ,,0,1,0,0,I,B,N,N,2,2,NJ 3                                              ,W,3,,00000003__      ,6.3,2,,2,1,6,1,1,1,,,,,,,,55,,,,N,,95,3:35,120P04737
2014025614-16603               ,BERGEN      ,RUTHERFORD BORO         ,8/6/2014,W ,1548,1,RUTHERFORD PD            ,,0,1,0,0,I,B,N,N,1,2,NJ 3                                              ,W,3,,00000003__      ,6.5,2,2,2,1,1,1,1,2,,,,,,,,45,,40.81031,74.09686,N,,87,15:50,120+04737
2015025615-24334               ,BERGEN      ,RUTHERFORD BORO         ,10/28/2015,W ,1924,1,RUTHERFORD PD            ,,0,0,0,0,P,B,N,N,1,2,NJ 3                                              ,W,3,,00000003__      ,5.3,2,1,2,2,6,2,1,1,,,N,,,,,55,,,,N,,95,19:25,120P04738
2016025616-17076               ,BERGEN      ,RUTHERFORD BORO         ,8/8/2016,M ,1814,1,RUTHERFORD PD            ,,0,0,0,0,P,B,N,N,1,2,NJ 3                                              ,W,3,,00000003__      ,5.4,2,1,2,1,1,1,1,1,,,W,,,,,55,,,,N,,56,18:15,120P04738
2017025617-11031               ,BERGEN      ,RUTHERFORD BORO         ,6/12/2017,MO,103,1,RUTHERFORD PD            ,,0,1,0,0,I,B,Y,N,2,2,NJ 3                                              ,W,3,,00000003__      ,5.7,2,,2,1,6,1,5,1,,,,,T,NJ 17                    ,WB,55,,,,N,,95,1:05,120+04738
2014025614-16755               ,BERGEN      ,RUTHERFORD BORO         ,8/9/2014,SA,30,1,RUTHERFORD PD            ,,0,0,0,0,P,I,N,N,1,2,NJ 3                                              ,W,3,,00000003__      ,5.9,2,2,2,1,6,1,1,2,,AT,W,,,,,45,,40.81442,74.10933,N,,,3:30,120P04737
201302562013-007393            ,BERGEN      ,RUTHERFORD BORO         ,6/21/2013,F ,2124,1,RUTHERFORD PD            ,,0,0,0,0,P,B,N,N,1,2,NJ 3                                              ,W,3,,00000003__      ,5,2,6,2,1,6,1,1,2,,,,,F,RIVERSIDE AVE            ,,45,,,,N,,83,21:25,120+04739
2015025615-24337               ,BERGEN      ,RUTHERFORD BORO         ,10/28/2015,W ,1937,1,RUTHERFORD PD            ,,0,0,0,0,P,B,N,N,1,2,NJ 3                                              ,W,3,,00000003__      ,5.1,2,1,2,2,6,2,1,1,,,W,,,,,55,,,,N,,95,19:35,120+04739
2014025614-16871               ,BERGEN      ,RUTHERFORD BORO         ,8/10/2014,S ,2242,1,RUTHERFORD PD            ,,0,0,0,0,P,I,N,N,1,2,NJ 3                                              ,W,3,,00000003__      ,5.2,2,2,2,1,6,1,1,2,,AT,N,,,,,45,,40.82063,74.11999,N,,86,22:40,120P04738
2016025616-17175               ,BERGEN      ,RUTHERFORD BORO         ,8/10/2016,W ,430,1,RUTHERFORD PD            ,,0,0,0,0,P,B,N,N,11,1,NJ 3                                              ,W,3,,00000003__      ,6.4,2,1,2,1,6,1,1,1,,,N,,,,,55,,,,N,,83,4:30,120+04737
2018025618-11249               ,BERGEN      ,RUTHERFORD BORO         ,5/25/2018,FR,1338,1,RUTHERFORD PD            ,,0,1,0,0,I,B,N,N,1,3,NJ 3                                              ,W,3,,00000003__      ,6.4,2,,2,1,1,1,1,1,,,,,,,,55,,,,N,,,13:40,120+04737
2017025617-11171               ,BERGEN      ,RUTHERFORD BORO         ,6/14/2017,WE,742,1,RUTHERFORD PD            ,,0,0,0,0,P,B,N,N,2,2,NJ 3                                              ,W,3,,00000003__      ,6.5,2,,2,2,1,2,1,1,,,,,,,,55,,,,N,,88,7:40,120+04737
2016025616-17298               ,BERGEN      ,RUTHERFORD BORO         ,8/11/2016,TH,1717,1,RUTHERFORD PD            ,,0,0,0,0,P,B,N,N,1,2,NJ 3                                              ,W,3,,00000003__      ,5,2,2,2,1,1,1,1,1,,,N,,,,,55,,,,N,,69,17:15,120+04739
2014025614-17006               ,BERGEN      ,RUTHERFORD BORO         ,8/12/2014,TU,1759,1,RUTHERFORD PD            ,,0,0,0,0,P,I,N,N,1,2,NJ 3                                              ,W,3,,00000003__      ,5.3,2,2,2,1,1,5,1,2,,AT,N,,,,,45,,40.81967,74.11856,N,,55,18:00,120P04738
201302562013-007561            ,BERGEN      ,RUTHERFORD BORO         ,6/25/2013,TU,1426,1,RUTHERFORD PD            ,,0,0,0,0,P,B,N,N,2,2,NJ 3                                              ,W,3,,00000003__      ,5.6,2,1,2,1,1,1,1,2,,,,,,,,45,,,,N,,56,14:25,120+04738
2018025618-11260               ,BERGEN      ,RUTHERFORD BORO         ,5/25/2018,FR,1556,1,RUTHERFORD PD            ,,0,0,0,0,P,B,N,N,1,2,NJ 3                                              ,W,3,,00000003__      ,6.2,2,,2,1,1,1,1,2,,,,,,,,55,,,,N,,69,15:55,120P04737
201302562013-007564            ,BERGEN      ,RUTHERFORD BORO         ,6/25/2013,TU,1652,1,RUTHERFORD PD            ,,0,3,0,0,I,B,N,N,1,4,NJ 3                                              ,W,3,,00000003__      ,5.2,2,2,2,1,1,1,1,2,,,,,,,,40,,,,N,,55,16:50,120P04738
2018025618-11331               ,BERGEN      ,RUTHERFORD BORO         ,5/26/2018,SA,1750,1,RUTHERFORD PD            ,,0,6,0,0,I,B,Y,N,1,3,NJ 3                                              ,W,3,,00000003__      ,5.3,2,,2,1,1,1,1,2,,,,,,,,55,,,,N,,,17:50,120P04738
2015025615-24378               ,BERGEN      ,RUTHERFORD BORO         ,10/29/2015,TH,830,1,RUTHERFORD PD            ,,0,0,0,0,P,B,N,N,1,3,NJ 3                                              ,W,3,,00000003__      ,5.7,2,1,2,2,1,5,1,1,,,W,,,,,55,,,,N,,89,8:30,120+04738
2014025614-17084               ,BERGEN      ,RUTHERFORD BORO         ,8/13/2014,W ,1821,1,RUTHERFORD PD            ,,0,0,0,0,P,B,N,N,1,2,NJ 3                                              ,W,3,,00000003__      ,6.6,2,1,2,1,1,1,5,1,,,,,,,,55,,40.8105,74.09454,N,,88,18:20,120+04737
2016025616-17466               ,BERGEN      ,RUTHERFORD BORO         ,8/14/2016,S ,245,1,RUTHERFORD PD            ,,0,1,0,0,I,B,N,N,10,1,NJ 3                                              ,W,3,,00000003__      ,6.8,2,3,2,1,6,1,1,1,,,N,,,,,55,,,,N,,83,2:45,120+04737
201302562013-007565            ,BERGEN      ,RUTHERFORD BORO         ,6/25/2013,TU,1655,1,RUTHERFORD PD            ,,0,0,0,0,P,B,N,N,1,2,NJ 3                                              ,W,3,,00000003__      ,5,2,5,2,1,1,1,1,2,,,,,F,RIVERSIDE AVENUE         ,NB,45,,,,N,,76,16:55,120+04739
2016025616-17567               ,BERGEN      ,RUTHERFORD BORO         ,8/15/2016,M ,1830,1,RUTHERFORD PD            ,,0,0,0,0,P,B,N,N,1,2,NJ 3                                              ,W,3,,00000003__      ,5.3,2,1,2,1,1,1,1,1,,,N,,,,,55,,,,N,,91,18:30,120P04738
2014025614-17138               ,BERGEN      ,RUTHERFORD BORO         ,8/14/2014,TH,1709,1,RUTHERFORD PD            ,,0,0,0,0,P,I,N,N,1,2,NJ 3                                              ,W,3,,00000003__      ,5.5,2,1,2,1,1,1,1,2,,AT,N,,,,,45,,40.81781,74.11557,N,,84,17:10,120P04738
2015025615-24633               ,BERGEN      ,RUTHERFORD BORO         ,11/1/2015,S ,1445,1,RUTHERFORD PD            ,,0,1,0,0,I,B,N,N,11,1,NJ 3                                              ,W,3,,00000003__      ,,2,5,2,1,1,1,3,1,,,N,,T,NJ 17                    ,NB,55,,,,N,,40,14:45,120+07449
201302562013-007613            ,BERGEN      ,RUTHERFORD BORO         ,6/26/2013,W ,1618,1,RUTHERFORD PD            ,,0,0,0,0,P,B,N,N,2,2,NJ 3                                              ,W,3,,00000003__      ,6.2,2,4,2,1,1,1,2,2,,,,,F,NJ 17                    ,SB,50,,,,N,,83,16:20,120P04737
2017025617-11286               ,BERGEN      ,RUTHERFORD BORO         ,6/15/2017,TH,1707,1,RUTHERFORD PD            ,,0,0,0,0,P,B,N,N,1,2,NJ 3                                              ,W,3,,00000003__      ,6.2,2,,2,1,1,1,5,1,,,W,,,,,55,,,,N,,86,17:05,120P04737
2014025614-17162               ,BERGEN      ,RUTHERFORD BORO         ,7/27/2014,S ,724,1,RUTHERFORD PD            ,,0,0,0,0,P,B,N,N,1,2,NJ 3                                              ,W,3,,00000003__      ,6.4,2,1,2,1,3,5,1,2,,,,,,,,45,,40.81044,74.09915,N,,87,7:25,120+04737
201302562013-007747            ,BERGEN      ,RUTHERFORD BORO         ,6/29/2013,SA,1026,1,RUTHERFORD PD            ,,0,0,0,0,P,B,N,N,1,2,NJ 3                                              ,W,3,,00000003__      ,4.95,2,5,2,1,1,1,1,2,,,,,F,RIVERSIDE AVENUE/ 5      ,,45,,,,N,,40,10:25,120+04739
2018025618-11749               ,BERGEN      ,RUTHERFORD BORO         ,6/1/2018,FR,1530,1,RUTHERFORD PD            ,,0,0,0,0,P,B,N,N,1,2,NJ 3                                              ,W,3,,00000003__      ,5.1,2,,2,1,1,1,1,1,,,,,,,,55,,,,N,,95,15:30,120+04739
2017025617-11306               ,BERGEN      ,RUTHERFORD BORO         ,6/16/2017,FR,154,1,RUTHERFORD PD            ,,0,0,0,0,P,B,N,N,12,1,NJ 3                                              ,W,3,,00000003__      ,6.3,2,,2,1,6,1,1,1,,,,,,,,55,,,,N,,56,1:55,120P04737
2016025616-17841               ,BERGEN      ,RUTHERFORD BORO         ,8/19/2016,F ,1845,1,RUTHERFORD PD            ,,0,1,0,0,I,B,N,N,1,2,NJ 3                                              ,W,3,,00000003__      ,5,2,1,2,1,1,1,1,1,,,,,,,,55,,,,N,,91,18:45,120+04739