CRASH_ID,CTY_NAME,MUN_NAME,DATE,DAY,TIME,POL_CODE,POL_DEPT,POL_STA,KILLED,INJURED,PED_KILL,PED_INJ,SEVERITY,INTERSEC,ALCOHOL,HAZMAT,CRASH_TYPE,VEH_COUNT,LOCATION,LOC_DIR,ROUTE,RT_SFX,SRI,MP,RD_SYS,RD_CHAR,RD_SURF,SURF_COND,LIGHT,WEATHER,RD_DIV,RD_WRKZN,X_DIST,DIST_UNT,X_DIR,X_NAME,IS_RAMP,RAMP_RT,RAMP_DIR,SPD_LMT,SPD_X,LAT,LONG,CELL_USE,PROP_DMG,BADGE,TIME_ROUND,TMC
2017025617-11347               ,BERGEN      ,RUTHERFORD BORO         ,6/16/2017,FR,1545,1,RUTHERFORD PD            ,,0,0,0,0,P,B,N,N,1,2,NJ 3                                              ,W,3,,00000003__      ,5,2,,2,1,1,1,1,1,,,,,,,,55,,,,N,,83,15:45,120+04739
2014025614-18117               ,BERGEN      ,RUTHERFORD BORO         ,8/28/2014,TH,2305,1,RUTHERFORD PD            ,,0,1,0,0,I,B,N,N,1,2,NJ 3                                              ,W,3,,00000003__      ,6.3,2,1,2,1,6,1,1,1,,,N,,,,,55,,40.81095,74.10137,N,,84,23:05,120P04737
2018025618-11757               ,BERGEN      ,RUTHERFORD BORO         ,6/1/2018,FR,1832,1,RUTHERFORD PD            ,,0,0,0,0,P,B,N,N,1,2,NJ 3                                              ,W,3,,00000003__      ,6.5,2,,1,1,1,1,1,1,,,,,,,,55,,,,N,,83,18:30,120+04737
2014025614-18164               ,BERGEN      ,RUTHERFORD BORO         ,8/29/2014,F ,1557,1,RUTHERFORD PD            ,,0,2,0,0,I,B,N,N,2,2,NJ 3                                              ,W,3,,00000003__      ,5.3,2,2,2,1,1,1,1,2,,,,,,,,45,,40.81967,74.11856,N,,89,15:55,120P04738
2016025616-17879               ,BERGEN      ,RUTHERFORD BORO         ,8/20/2016,SA,355,1,RUTHERFORD PD            ,,0,0,0,0,P,B,N,N,2,2,NJ 3                                              ,W,3,,00000003__      ,5.9,2,1,2,1,6,1,1,1,,,N,,,,,55,,,,N,,91,3:55,120P04737
201302562013-007859            ,BERGEN      ,RUTHERFORD BORO         ,7/1/2013,M ,1155,1,RUTHERFORD PD            ,,0,0,0,0,P,B,N,N,1,2,NJ 3                                              ,W,3,,00000003__      ,6,2,1,2,2,1,1,1,2,,,,,,,,45,,,,N,,50,11:55,120P04737
2018025618-11845               ,BERGEN      ,RUTHERFORD BORO         ,6/2/2018,SA,2333,1,RUTHERFORD PD            ,,0,1,0,0,I,B,N,N,1,2,NJ 3                                              ,W,3,,00000003__      ,6.8,2,,2,2,6,2,1,1,,,W,,,,,55,,,,N,,97,23:35,120+04737
2018025618-12091               ,BERGEN      ,RUTHERFORD BORO         ,6/5/2018,TU,1910,1,RUTHERFORD PD            ,,0,0,0,0,P,B,N,N,2,2,NJ 3                                              ,W,3,,00000003__      ,5.3,2,,2,1,1,1,1,1,,,,,,,,55,,,,N,,88,19:10,120P04738
2016025616-17925               ,BERGEN      ,RUTHERFORD BORO         ,8/20/2016,SA,2144,1,RUTHERFORD PD            ,,0,0,0,0,P,I,N,N,1,2,NJ 3                                              ,W,3,,00000003__      ,,2,1,2,1,6,1,1,1,,AT,N,,T,RIDGE RD                 ,,55,,,,N,,69,21:45,120+07449
2017025617-11500               ,BERGEN      ,RUTHERFORD BORO         ,6/19/2017,MO,912,1,RUTHERFORD PD            ,,0,0,0,0,P,B,N,N,1,3,NJ 3                                              ,W,3,,00000003__      ,5,2,,2,1,1,1,1,1,,,W,,,,,55,,,,N,,,9:10,120+04739
201302562013-007953            ,BERGEN      ,RUTHERFORD BORO         ,7/3/2013,W ,1024,1,RUTHERFORD PD            ,,0,0,0,0,P,B,N,N,1,2,NJ 3                                              ,W,3,,00000003__      ,5,2,2,2,2,1,5,1,2,,,,,F,507 RIVERSIDE AVE        ,,45,,,,N,,40,10:25,120+04739
201302562013-007967            ,BERGEN      ,RUTHERFORD BORO         ,7/3/2013,W ,1554,1,RUTHERFORD PD            ,,0,0,0,0,P,B,N,N,2,2,NJ 3                                              ,W,3,,00000003__      ,5,2,2,2,1,1,1,1,2,,,,,,,,45,,,,N,,S35  ,15:55,120+04739
2014025614-18992               ,BERGEN      ,RUTHERFORD BORO         ,9/11/2014,TH,8,1,RUTHERFORD PD            ,,0,0,0,0,P,B,N,N,1,2,NJ 3                                              ,W,3,,00000003__      ,5.7,2,1,2,1,6,1,1,2,,,N,,,,,45,,40.81606,74.1125,N,,67,8:10,120+04738
2018025618-12252               ,BERGEN      ,RUTHERFORD BORO         ,6/7/2018,TH,1900,1,RUTHERFORD PD            ,,0,0,0,0,P,B,N,N,1,2,NJ 3                                              ,W,3,,00000003__      ,6.8,2,,2,1,1,1,1,1,,,,,,,,55,,,,N,,97,19:00,120+04737
201302562013-007969            ,BERGEN      ,RUTHERFORD BORO         ,7/3/2013,W ,1635,1,RUTHERFORD PD            ,,0,0,0,0,P,B,N,N,2,2,NJ 3                                              ,W,3,,00000003__      ,5,2,1,2,1,1,1,1,2,,,,,,,,45,,,,N,,86,16:35,120+04739
2014025614-19052               ,BERGEN      ,RUTHERFORD BORO         ,9/11/2014,TH,2325,1,RUTHERFORD PD            ,,0,0,0,0,P,B,N,N,2,2,NJ 3                                              ,W,3,,00000003__      ,5.7,2,1,2,1,6,1,1,2,,,,,,,,45,,40.81606,74.1125,N,,84,23:25,120+04738
2017025617-11739               ,BERGEN      ,RUTHERFORD BORO         ,6/22/2017,TH,1737,1,RUTHERFORD PD            ,,0,0,0,0,P,B,N,N,2,2,NJ 3                                              ,W,3,,00000003__      ,6.2,2,,2,1,1,1,1,1,,,,,,,,55,,,,N,,95,17:35,120P04737
2015025615-25725               ,BERGEN      ,RUTHERFORD BORO         ,11/15/2015,S ,2103,1,RUTHERFORD PD            ,,0,0,0,0,P,B,N,N,1,5,NJ 3                                              ,W,3,,00000003__      ,6.8,2,2,2,1,6,1,1,1,,,W,,,,,55,,,,N,,65,21:05,120+04737
2014025614-19362               ,BERGEN      ,RUTHERFORD BORO         ,9/16/2014,TU,826,1,RUTHERFORD PD            ,,0,0,0,0,P,B,N,N,2,2,NJ 3                                              ,W,3,,00000003__      ,6.2,2,1,2,2,1,2,1,1,,,,,,,,45,,40.81178,74.10341,N,,65,8:25,120P04737
201302562013-008064            ,BERGEN      ,RUTHERFORD BORO         ,7/5/2013,F ,1730,1,RUTHERFORD PD            ,,0,0,0,0,P,B,N,N,1,2,NJ 3                                              ,W,3,,00000003__      ,5,2,5,2,1,1,1,1,2,,,,,F,RIVERSIDE AVENUE         ,,45,,,,N,,84,17:30,120+04739
2016025616-18142               ,BERGEN      ,RUTHERFORD BORO         ,8/23/2016,TU,1705,1,RUTHERFORD PD            ,,0,1,0,0,I,B,N,N,1,2,NJ 3                                              ,W,3,,00000003__      ,5,2,2,2,1,1,1,1,1,,,,,,,,55,,,,N,,93,17:05,120+04739
2017025617-11964               ,BERGEN      ,RUTHERFORD BORO         ,6/26/2017,MO,26,1,RUTHERFORD PD            ,,0,0,0,0,P,B,N,N,2,2,NJ 3                                              ,W,3,,00000003__      ,6,2,,1,1,6,1,1,1,,,,,,,,55,,,,N,,88,2:25,120P04737
2018025618-12308               ,BERGEN      ,RUTHERFORD BORO         ,6/8/2018,FR,1336,1,RUTHERFORD PD            ,,0,0,0,0,P,B,N,N,15,2,NJ 3                                              ,W,3,,00000003__      ,6,2,,2,1,1,1,1,1,,,,,,,,55,,,,N,,65,13:35,120P04737
2014025614-19407               ,BERGEN      ,RUTHERFORD BORO         ,9/16/2014,TU,1820,1,RUTHERFORD PD            ,,0,0,0,0,P,B,N,N,1,2,NJ 3                                              ,W,3,,00000003__      ,5,2,2,2,1,1,1,1,1,,,N,,,,,45,,40.82242,74.12299,N,,40,18:20,120+04739
2015025615-25893               ,BERGEN      ,RUTHERFORD BORO         ,11/17/2015,TU,1850,1,RUTHERFORD PD            ,,0,0,0,0,P,B,N,N,1,3,NJ 3                                              ,W,3,,00000003__      ,5,2,2,2,1,6,1,1,1,,,W,,,,,55,,,,N,,,18:50,120+04739
2016025616-18179               ,BERGEN      ,RUTHERFORD BORO         ,8/24/2016,W ,141,1,RUTHERFORD PD            ,,0,0,0,0,P,B,N,N,11,1,NJ 3                                              ,W,3,,00000003__      ,5,2,1,2,1,6,1,1,1,,,W,,,,,55,,,,N,DOT CONCRETE BARRIER                                                            ,87,1:40,120+04739
2018025618-12321               ,BERGEN      ,RUTHERFORD BORO         ,6/8/2018,FR,1807,1,RUTHERFORD PD            ,,0,1,0,0,I,B,N,N,1,4,NJ 3                                              ,W,3,,00000003__      ,5.3,2,,2,1,1,1,1,2,,,,,,,,55,,,,N,,,18:05,120P04738
2017025617-11991               ,BERGEN      ,RUTHERFORD BORO         ,6/26/2017,MO,1301,1,RUTHERFORD PD            ,,0,0,0,0,P,B,N,N,8,2,NJ 3                                              ,W,3,,00000003__      ,6.4,2,,2,1,1,1,1,1,,,,,T,NJ 17                    ,NB,55,,,,N,,87,13:00,120+04737
201302562013-008228            ,BERGEN      ,RUTHERFORD BORO         ,7/9/2013,TU,1303,1,RUTHERFORD PD            ,,0,0,0,0,P,B,N,N,1,2,NJ 3                                              ,W,3,,00000003__      ,5,2,5,2,1,1,1,1,2,,,,,F,RIVERSIDE AVE/RT 507     ,NB,45,,,,N,,53,13:05,120+04739
2018025618-12328               ,BERGEN      ,RUTHERFORD BORO         ,6/8/2018,FR,1859,1,RUTHERFORD PD            ,,0,0,0,0,P,B,N,N,3,2,NJ 3                                              ,W,3,,00000003__      ,5,2,,1,1,1,1,1,1,,,,,,,,55,,,,N,,,19:00,120+04739
2017025617-12390               ,BERGEN      ,RUTHERFORD BORO         ,7/3/2017,MO,1640,1,RUTHERFORD PD            ,,0,0,0,0,P,B,N,N,1,2,NJ 3                                              ,W,3,,00000003__      ,5.1,2,,2,2,1,1,1,1,,,,,,,,55,,,,N,,67,16:40,120+04739
201302562013-008229            ,BERGEN      ,RUTHERFORD BORO         ,7/9/2013,TU,1311,1,RUTHERFORD PD            ,,0,1,0,0,I,B,N,N,1,2,NJ 3                                              ,W,3,,00000003__      ,5,2,5,2,1,1,1,1,2,,,,,F,RIVERSIDE AVENUE         ,,45,,,,N,,67,13:10,120+04739
2016025616-18640               ,BERGEN      ,RUTHERFORD BORO         ,8/29/2016,M ,1651,1,RUTHERFORD PD            ,,0,0,0,0,P,B,N,N,1,2,NJ 3                                              ,W,3,,00000003__      ,5,2,2,2,1,1,1,1,1,,,,,F,RIVERSIDE AVE CR 507     ,,55,,,,N,,,16:50,120+04739
2017025617-12391               ,BERGEN      ,RUTHERFORD BORO         ,7/3/2017,MO,1647,1,RUTHERFORD PD            ,,0,0,0,0,P,B,N,N,1,3,NJ 3                                              ,W,3,,00000003__      ,5.1,2,,2,2,1,1,1,1,,,,,,,,55,,,,N,,,16:45,120+04739
2015025615-26440               ,BERGEN      ,RUTHERFORD BORO         ,11/24/2015,TU,846,1,RUTHERFORD PD            ,,0,1,0,0,I,B,N,N,1,2,NJ 3                                              ,W,3,,00000003__      ,5,2,2,2,1,1,5,1,1,,,W,,,,,55,,,,N,,62,8:45,120+04739
201302562013-008324            ,BERGEN      ,RUTHERFORD BORO         ,7/11/2013,TH,1608,1,RUTHERFORD PD            ,,0,0,0,0,P,B,N,N,1,2,NJ 3                                              ,W,3,,00000003__      ,5.1,2,2,2,1,1,1,1,2,,,,,,,,45,,,,N,,62,16:10,120+04739
2016025616-18785               ,BERGEN      ,RUTHERFORD BORO         ,8/31/2016,W ,1900,1,RUTHERFORD PD            ,,0,0,0,0,P,B,N,N,1,2,NJ 3                                              ,W,3,,00000003__      ,5.5,2,1,2,1,1,1,1,1,,,W,,,,,55,,,,N,,85,19:00,120P04738
2018025618-12913               ,BERGEN      ,RUTHERFORD BORO         ,6/15/2018,FR,2249,1,RUTHERFORD PD            ,,0,0,0,0,P,B,N,N,1,2,NJ 3                                              ,W,3,,00000003__      ,6.1,2,,2,1,4,1,1,2,,,,,,,,55,,,,N,,93,22:50,120P04737
2015025615-26445               ,BERGEN      ,RUTHERFORD BORO         ,11/24/2015,TU,859,1,RUTHERFORD PD            ,,0,0,0,0,P,B,N,N,1,2,NJ 3                                              ,W,3,,00000003__      ,5,2,2,2,1,1,5,1,1,,,W,,,,,55,,,,N,,,9:00,120+04739
2018025618-12958               ,BERGEN      ,RUTHERFORD BORO         ,6/16/2018,SA,1535,1,RUTHERFORD PD            ,,0,2,0,0,I,B,N,N,1,2,NJ 3                                              ,W,3,,00000003__      ,5.2,2,,2,1,1,1,1,1,,,,,,,,55,,,,N,,94,15:35,120P04738
2014025614-19602               ,BERGEN      ,RUTHERFORD BORO         ,9/19/2014,F ,950,1,RUTHERFORD PD            ,,0,0,0,0,P,B,N,N,11,1,NJ 3                                              ,W,3,,00000003__      ,5.3,2,1,2,1,1,1,1,1,,,,,,,,45,,40.81967,74.11856,N,,65,9:50,120P04738
2017025617-12610               ,BERGEN      ,RUTHERFORD BORO         ,7/7/2017,FR,1058,1,RUTHERFORD PD            ,,0,0,0,0,P,B,N,N,1,2,NJ 3                                              ,W,3,,00000003__      ,5.7,2,,2,2,1,2,1,1,,,,,T,RIDGE ROAD               ,,55,,,,N,,91,11:00,120+04738
2018025618-13142               ,BERGEN      ,RUTHERFORD BORO         ,6/19/2018,TU,858,1,RUTHERFORD PD            ,,0,1,0,0,I,B,N,N,1,2,NJ 3                                              ,W,3,,00000003__      ,5.3,2,,2,1,1,1,1,2,,,,,,,,55,,,,N,,62,9:00,120P04738
2015025615-26571               ,BERGEN      ,RUTHERFORD BORO         ,11/25/2015,W ,1724,1,RUTHERFORD PD            ,,0,2,0,0,I,B,N,N,1,4,NJ 3                                              ,W,3,,00000003__      ,5.6,2,1,2,1,3,1,1,1,,,,,,,,55,,,,N,,83,17:25,120+04738
2016025616-18831               ,BERGEN      ,RUTHERFORD BORO         ,9/1/2016,TH,1009,1,RUTHERFORD PD            ,,0,0,0,0,P,B,N,N,11,1,NJ 3                                              ,W,3,,00000003__      ,,2,4,2,2,1,2,3,1,,,W,,F,NJ 17                    ,SB,40,,,,N,,83,10:10,120+07449
201302562013-008431            ,BERGEN      ,RUTHERFORD BORO         ,7/13/2013,SA,2144,1,RUTHERFORD PD            ,,0,1,0,0,I,B,N,N,1,2,NJ 3                                              ,W,3,,00000003__      ,5,2,5,2,1,6,1,1,2,,,W,,F,RIVERSIDE AVENUE         ,SB,45,,,,N,,84,21:45,120+04739
2015025615-26628               ,BERGEN      ,RUTHERFORD BORO         ,11/26/2015,TH,741,1,RUTHERFORD PD            ,,0,0,0,0,P,B,N,N,11,1,NJ 3                                              ,W,3,,00000003__      ,5.2,2,1,2,1,1,1,1,1,,,W,,,,,55,,,,N,,91,7:40,120P04738
2014025614-19908               ,BERGEN      ,RUTHERFORD BORO         ,9/23/2014,TU,743,1,RUTHERFORD PD            ,,0,0,0,0,P,B,N,N,1,2,NJ 3                                              ,W,3,,00000003__      ,5.4,2,2,2,1,1,1,1,2,,,,,,,,45,,40.81872,74.1171,N,,86,7:45,120P04738
2016025616-19048               ,BERGEN      ,RUTHERFORD BORO         ,9/4/2016,S ,559,1,RUTHERFORD PD            ,,0,1,0,0,I,B,N,N,11,1,NJ 3                                              ,W,3,,00000003__      ,5.7,2,1,2,1,2,1,1,1,,,N,,,,,55,,,,N,,53,6:00,120+04738
201302562013-008441            ,BERGEN      ,RUTHERFORD BORO         ,7/14/2013,S ,25,1,RUTHERFORD PD            ,,0,0,0,0,P,I,N,N,1,2,NJ 3                                              ,W,3,,00000003__      ,5,2,2,,1,7,1,1,2,,AT,W,,,,,55,,,,N,,87,2:25,120+04739
2017025617-12639               ,BERGEN      ,RUTHERFORD BORO         ,7/7/2017,FR,1827,1,RUTHERFORD PD            ,,0,2,0,0,I,B,N,N,2,3,NJ 3                                              ,W,3,,00000003__      ,5.3,2,,2,1,1,1,1,1,,,,,,,,55,,,,N,,93,18:25,120P04738
2016025616-19213               ,BERGEN      ,RUTHERFORD BORO         ,9/6/2016,TU,1635,1,RUTHERFORD PD            ,,0,1,0,0,I,B,N,N,2,5,NJ 3                                              ,W,3,,00000003__      ,5.5,2,1,2,1,1,1,1,1,,,,,,,,55,,,,N,,93,16:35,120P04738
2014025614-19996               ,BERGEN      ,RUTHERFORD BORO         ,9/24/2014,W ,1231,1,RUTHERFORD PD            ,,0,1,0,0,I,B,N,N,1,2,NJ 3                                              ,W,3,,00000003__      ,5.7,2,2,2,1,1,1,1,2,,,,,T,RIDGE ROAD               ,NB,45,,40.81606,74.1125,N,,65,12:30,120+04738
2015025615-26647               ,BERGEN      ,RUTHERFORD BORO         ,11/26/2015,TH,1254,1,RUTHERFORD PD            ,,0,0,0,0,P,B,N,N,2,2,NJ 3                                              ,W,3,,00000003__      ,6.3,2,2,2,1,1,1,1,1,,,W,,,,,55,,,,N,,91,12:55,120P04737
2014025614-20002               ,BERGEN      ,RUTHERFORD BORO         ,9/24/2014,W ,1322,1,RUTHERFORD PD            ,,0,1,0,0,I,B,N,N,11,1,NJ 3                                              ,W,3,,00000003__      ,5,2,1,2,1,1,1,1,2,,,,,,,,45,,40.82242,74.12299,N,,89,13:20,120+04739
2016025616-19223               ,BERGEN      ,RUTHERFORD BORO         ,9/6/2016,TU,1847,1,RUTHERFORD PD            ,,0,0,0,0,P,B,N,N,1,2,NJ 3                                              ,W,3,,00000003__      ,5,2,2,1,1,1,1,1,1,,,W,,,,,55,,,,N,,85,18:45,120+04739
2015025615-27005               ,BERGEN      ,RUTHERFORD BORO         ,12/1/2015,TU,1653,1,RUTHERFORD PD            ,,0,0,0,0,P,B,N,N,1,2,NJ 3                                              ,W,3,,00000003__      ,5.1,2,2,2,2,6,2,1,1,,,W,,,,,55,,,,N,,76,16:55,120+04739
2017025617-12695               ,BERGEN      ,RUTHERFORD BORO         ,7/8/2017,SA,1653,1,RUTHERFORD PD            ,,0,2,0,0,I,B,N,N,1,3,NJ 3                                              ,W,3,,00000003__      ,5.2,2,,2,1,1,1,1,1,,,,,,,,55,,,,N,MINOR SCUFF MARK TO CONCRETE TRAFFIC BARRIER LOCATED OFF OF THE RIGHT SHOULDER. ,91,16:55,120P04738
2018025618-13807               ,BERGEN      ,RUTHERFORD BORO         ,6/28/2018,TH,531,1,RUTHERFORD PD            ,,0,0,0,0,P,B,N,N,11,1,NJ 3                                              ,W,3,,00000003__      ,5,2,,2,2,1,2,1,1,,,,,,,,55,,,,N,MINOR DAMAGE TO ORIENT WAY OVERPASS. VEHICLE ON AUTO HAULER. VIN: 2HKRW6H35JH22?,98,5:30,120+04739
2015025615-27058               ,BERGEN      ,RUTHERFORD BORO         ,12/2/2015,W ,1359,1,RUTHERFORD PD            ,,0,0,0,0,P,B,N,N,11,1,NJ 3                                              ,W,3,,00000003__      ,,2,4,2,2,1,2,5,1,,,W,,F,NJ 17                    ,SB,55,,,,N,,,14:00,120+07449
2016025616-19334               ,BERGEN      ,RUTHERFORD BORO         ,9/7/2016,W ,2159,1,RUTHERFORD PD            ,,0,1,0,0,I,B,N,N,1,2,NJ 3                                              ,W,3,,00000003__      ,5.5,2,1,2,1,6,1,1,1,,,W,,,,,55,,,,N,,91,22:00,120P04738
2018025618-13843               ,BERGEN      ,RUTHERFORD BORO         ,6/28/2018,TH,1839,1,RUTHERFORD PD            ,,0,0,0,0,P,B,N,N,2,2,NJ 3                                              ,W,3,,00000003__      ,6.5,2,,2,1,1,1,1,1,,,,,,,,55,,,,N,,65,18:40,120+04737
201302562013-008469            ,BERGEN      ,RUTHERFORD BORO         ,7/14/2013,S ,1833,1,RUTHERFORD PD            ,,0,0,0,0,P,B,N,N,2,2,NJ 3                                              ,W,3,,00000003__      ,,2,2,2,1,1,1,1,2,,,,,T,RIDGE RD                 ,SB,45,,,,N,,86,18:35,120+07449
2017025617-12765               ,BERGEN      ,RUTHERFORD BORO         ,7/10/2017,MO,808,1,RUTHERFORD PD            ,,0,0,0,0,P,B,N,N,1,2,NJ 3                                              ,W,3,,00000003__      ,,2,,2,1,1,1,3,1,,,,,T,THOMAS E. DUNN           ,,55,,,,N,,94,8:10,120+07449
201302562013-008495            ,BERGEN      ,RUTHERFORD BORO         ,7/15/2013,M ,1340,1,RUTHERFORD PD            ,,0,0,0,0,P,I,N,N,1,2,NJ 3                                              ,W,3,,00000003__      ,5,2,2,2,1,1,1,1,2,,AT,,,F,RIVERSIDE AVE (BC50?     ,,45,,,,N,NONE                                                                            ,43,13:40,120+04739
2016025616-19341               ,BERGEN      ,RUTHERFORD BORO         ,9/7/2016,W ,2200,1,RUTHERFORD PD            ,,0,2,0,0,I,B,N,N,1,3,NJ 3                                              ,W,3,,00000003__      ,5.5,2,1,2,1,6,1,1,1,,,,,,,,55,,,,N,NJ DOT CONCRETE BARRIER ROUTE 3 WEST MP 5.4                                     ,91,22:00,120P04738
2017025617-12890               ,BERGEN      ,RUTHERFORD BORO         ,7/11/2017,TU,1733,1,RUTHERFORD PD            ,,0,1,0,0,I,B,N,N,1,3,NJ 3                                              ,W,3,,00000003__      ,5.7,2,,2,1,1,1,1,1,,,,,,,,55,,,,N,,87,17:35,120+04738
2015025615-27158               ,BERGEN      ,RUTHERFORD BORO         ,12/3/2015,TH,1803,1,RUTHERFORD PD            ,,0,0,0,0,P,B,N,N,1,2,NJ 3                                              ,W,3,,00000003__      ,6,2,1,2,1,6,1,1,1,,,W,,,,,55,,,,N,,90,18:05,120P04737
2018025618-13900               ,BERGEN      ,RUTHERFORD BORO         ,6/29/2018,FR,1608,1,RUTHERFORD PD            ,,0,0,0,0,P,B,N,N,2,2,NJ 3                                              ,W,3,,00000003__      ,6.2,2,,2,1,1,1,1,1,,,,,,,,55,,,,N,,97,16:10,120P04737
2015025615-27243               ,BERGEN      ,RUTHERFORD BORO         ,12/4/2015,F ,1620,1,RUTHERFORD PD            ,,0,0,0,0,P,B,N,N,1,2,NJ 3                                              ,W,3,,00000003__      ,5,2,2,2,1,3,1,1,1,,,W,,,,,55,,,,N,,40,16:20,120+04739
2016025616-19406               ,BERGEN      ,RUTHERFORD BORO         ,9/8/2016,TH,1545,1,RUTHERFORD PD            ,,0,1,0,0,I,B,N,N,1,2,NJ 3                                              ,W,3,,00000003__      ,5.3,2,2,2,1,1,1,1,1,,,,,,,,55,,,,N,,40,15:45,120P04738
201302562013-008504            ,BERGEN      ,RUTHERFORD BORO         ,7/15/2013,M ,1738,1,RUTHERFORD PD            ,,0,1,0,0,I,B,N,N,1,2,NJ 3                                              ,W,3,,00000003__      ,6.2,2,1,2,1,1,1,1,1,,,,,,,,45,,,,N,,53,17:40,120P04737
2017025617-12891               ,BERGEN      ,RUTHERFORD BORO         ,7/11/2017,TU,1824,1,RUTHERFORD PD            ,,0,0,0,0,P,B,N,N,2,2,NJ 3                                              ,W,3,,00000003__      ,6.3,2,,2,1,1,1,1,1,,,,,,,,55,,,,N,,90,18:25,120P04737
2014025614-20701               ,BERGEN      ,RUTHERFORD BORO         ,10/3/2014,F ,851,1,RUTHERFORD PD            ,,0,0,0,0,P,B,N,N,6,2,NJ 3                                              ,W,3,,00000003__      ,,2,4,2,1,1,1,3,1,,,,,F,NJ 17                    ,SB,40,,,,N,,84,8:50,120+07449
201302562013-008510            ,BERGEN      ,RUTHERFORD BORO         ,7/15/2013,M ,2001,1,RUTHERFORD PD            ,,0,0,0,0,P,B,N,N,1,2,NJ 3                                              ,W,3,,00000003__      ,5,2,5,2,1,1,1,1,1,,,,,F,RIVERSIDE AVE            ,NB,45,,,,N,,53,20:00,120+04739
2016025616-19416               ,BERGEN      ,RUTHERFORD BORO         ,9/8/2016,TH,1814,1,RUTHERFORD PD            ,,0,0,0,0,P,B,N,N,2,2,NJ 3                                              ,W,3,,00000003__      ,5,2,2,2,1,1,1,1,1,,,W,,,,,55,,,,N,,69,18:15,120+04739
2017025617-12892               ,BERGEN      ,RUTHERFORD BORO         ,7/11/2017,TU,1850,1,RUTHERFORD PD            ,,0,0,0,0,P,B,N,N,2,2,NJ 3                                              ,W,3,,00000003__      ,5,2,,2,1,1,1,1,1,,,,,,,,55,,,,N,,90,18:50,120+04739
2015025615-27322               ,BERGEN      ,RUTHERFORD BORO         ,12/5/2015,SA,1724,1,RUTHERFORD PD            ,,0,1,0,0,I,B,N,N,1,2,NJ 3                                              ,W,3,,00000003__      ,5.5,2,1,2,1,6,1,1,1,,,W,,,,,55,,,,N,,53,17:25,120P04738
2014025614-20765               ,BERGEN      ,RUTHERFORD BORO         ,10/3/2014,F ,2357,1,RUTHERFORD PD            ,,0,0,0,0,P,B,N,N,2,2,NJ 3                                              ,W,3,,00000003__      ,6.4,2,3,1,1,6,1,1,1,,,,,,,,55,,40.81044,74.09915,N,,87,23:55,120+04737
2018025618-14253               ,BERGEN      ,RUTHERFORD BORO         ,7/4/2018,WE,2325,1,RUTHERFORD PD            ,,0,0,0,0,P,B,N,N,1,2,NJ 3                                              ,W,3,,00000003__      ,6.5,2,,2,1,6,1,1,2,,,,,,,,55,,,,N,,99,23:25,120+04737
2015025615-27326               ,BERGEN      ,RUTHERFORD BORO         ,12/5/2015,SA,1743,1,RUTHERFORD PD            ,,0,0,0,0,P,B,N,N,2,2,NJ 3                                              ,W,3,,00000003__      ,5.2,2,2,2,1,6,1,1,1,,,W,,,,,55,,,,N,,85,17:45,120P04738
2017025617-12944               ,BERGEN      ,RUTHERFORD BORO         ,7/12/2017,WE,1745,1,RUTHERFORD PD            ,,0,0,0,0,P,B,N,N,2,2,NJ 3                                              ,W,3,,00000003__      ,5.5,2,,2,1,1,1,1,1,,,,,,,,55,,,,N,,65,17:45,120P04738
2018025618-14287               ,BERGEN      ,RUTHERFORD BORO         ,7/5/2018,TH,1705,1,RUTHERFORD PD            ,,0,0,0,0,P,B,N,N,2,2,NJ 3                                              ,W,3,,00000003__      ,6.2,2,,2,1,1,1,1,2,,,,,,,,55,,,,N,,90,17:05,120P04737
2016025616-19531               ,BERGEN      ,RUTHERFORD BORO         ,9/9/2016,F ,2324,1,RUTHERFORD PD            ,,0,0,0,0,P,B,N,N,11,1,NJ 3                                              ,W,3,,00000003__      ,6.3,2,1,2,2,6,2,1,1,,,W,,,,,55,,,,N,,67,23:25,120P04737
2018025618-14362               ,BERGEN      ,RUTHERFORD BORO         ,7/6/2018,FR,1523,1,RUTHERFORD PD            ,,0,2,0,0,I,B,N,N,1,3,NJ 3                                              ,W,3,,00000003__      ,5.5,2,,2,1,1,1,1,2,,,,,,,,55,,,,N,,,15:25,120P04738
2017025617-13010               ,BERGEN      ,RUTHERFORD BORO         ,7/13/2017,TH,1808,1,RUTHERFORD PD            ,,0,0,0,0,P,B,N,N,1,2,NJ 3                                              ,W,3,,00000003__      ,5.6,2,,2,2,1,1,1,1,,,,,,,,55,,,,N,,93,18:10,120+04738
2016025616-19532               ,BERGEN      ,RUTHERFORD BORO         ,9/9/2016,F ,2326,1,RUTHERFORD PD            ,,0,0,0,0,P,B,N,N,2,2,NJ 3                                              ,W,3,,00000003__      ,6.1,2,6,2,2,6,2,1,1,,,,,,,,55,,,,N,,87,23:25,120P04737
2016025616-20006               ,BERGEN      ,RUTHERFORD BORO         ,9/16/2016,F ,1958,1,RUTHERFORD PD            ,,0,1,0,0,I,B,N,N,1,3,NJ 3                                              ,W,3,,00000003__      ,5,2,1,2,1,6,1,1,1,,,W,,,,,55,,,,N,,93,20:00,120+04739
2018025618-14439               ,BERGEN      ,RUTHERFORD BORO         ,7/7/2018,SA,1504,1,RUTHERFORD PD            ,,0,1,0,0,I,B,N,N,1,2,NJ 3                                              ,W,3,,00000003__      ,5.3,2,,2,1,1,1,1,2,,,,,,,,55,,,,N,,93,15:05,120P04738
2015025615-27395               ,BERGEN      ,RUTHERFORD BORO         ,12/6/2015,S ,1729,1,RUTHERFORD PD            ,,0,0,0,0,P,B,N,N,1,2,NJ 3                                              ,W,3,,00000003__      ,5.5,2,1,2,1,6,1,1,1,,,W,,,,,55,,,,N,,95,17:30,120P04738
2015025615-27402               ,BERGEN      ,RUTHERFORD BORO         ,12/6/2015,S ,1839,1,RUTHERFORD PD            ,,0,1,0,0,I,B,N,N,1,2,NJ 3                                              ,W,3,,00000003__      ,5.2,2,2,2,1,6,1,1,1,,,W,,,,,55,,,,N,,,18:40,120P04738
2016025616-20008               ,BERGEN      ,RUTHERFORD BORO         ,9/16/2016,F ,2027,1,RUTHERFORD PD            ,,0,0,0,0,P,B,N,N,1,2,NJ 3                                              ,W,3,,00000003__      ,5.5,2,2,2,1,6,1,1,1,,,,,,,,55,,,,N,,,20:25,120P04738
2018025618-14660               ,BERGEN      ,RUTHERFORD BORO         ,7/10/2018,TU,1648,1,RUTHERFORD PD            ,,0,0,0,0,P,B,N,N,1,2,NJ 3                                              ,W,3,,00000003__      ,6.8,2,,2,1,1,1,1,1,,,,,,,,55,,,,N,,97,16:50,120+04737
2018025618-14666               ,BERGEN      ,RUTHERFORD BORO         ,7/10/2018,TU,1737,1,RUTHERFORD PD            ,,0,0,0,0,P,B,N,N,1,2,NJ 3                                              ,W,3,,00000003__      ,5.4,2,,2,1,1,1,1,2,,,,,,,,55,,,,N,,97,17:35,120P04738
2017025617-13132               ,BERGEN      ,RUTHERFORD BORO         ,7/16/2017,SU,315,1,RUTHERFORD PD            ,,0,0,0,0,P,B,N,N,2,2,NJ 3                                              ,W,3,,00000003__      ,5.6,2,,2,1,6,1,1,1,,,,,,,,55,,,,N,,76,3:15,120+04738