CRASH_ID,CTY_NAME,MUN_NAME,DATE,DAY,TIME,POL_CODE,POL_DEPT,POL_STA,KILLED,INJURED,PED_KILL,PED_INJ,SEVERITY,INTERSEC,ALCOHOL,HAZMAT,CRASH_TYPE,VEH_COUNT,LOCATION,LOC_DIR,ROUTE,RT_SFX,SRI,MP,RD_SYS,RD_CHAR,RD_SURF,SURF_COND,LIGHT,WEATHER,RD_DIV,RD_WRKZN,X_DIST,DIST_UNT,X_DIR,X_NAME,IS_RAMP,RAMP_RT,RAMP_DIR,SPD_LMT,SPD_X,LAT,LONG,CELL_USE,PROP_DMG,BADGE,TIME_ROUND,TMC
2015025615-27559               ,BERGEN      ,RUTHERFORD BORO         ,12/8/2015,TU,1840,1,RUTHERFORD PD            ,,0,0,0,0,P,B,N,N,1,2,NJ 3                                              ,W,3,,00000003__      ,5.7,2,2,2,1,6,1,1,1,,,W,,,,,55,,,,N,,,18:40,120+04738
2016025616-20118               ,BERGEN      ,RUTHERFORD BORO         ,9/19/2016,M ,619,1,RUTHERFORD PD            ,,0,0,0,0,P,B,N,N,15,1,NJ 3                                              ,W,3,,00000003__      ,6.3,2,1,2,2,2,2,1,1,,,E,,,,,55,,,,N,,95,6:20,120P04737
2014025614-21634               ,BERGEN      ,RUTHERFORD BORO         ,10/15/2014,W ,1717,1,RUTHERFORD PD            ,,0,2,0,0,I,B,N,N,1,2,NJ 3                                              ,W,3,,00000003__      ,5.1,2,2,2,2,4,2,1,1,,,W,,,,,55,,40.82154,74.12145,N,,76,17:15,120+04739
2017025617-13220               ,BERGEN      ,RUTHERFORD BORO         ,7/17/2017,MO,1540,1,RUTHERFORD PD            ,,0,0,0,0,P,B,N,N,2,2,NJ 3                                              ,W,3,,00000003__      ,5.3,2,,2,1,1,1,1,1,,,,,,,,55,,,,N,,62,15:40,120P04738
2015025615-27561               ,BERGEN      ,RUTHERFORD BORO         ,12/8/2015,TU,1858,1,RUTHERFORD PD            ,,0,0,0,0,P,B,N,N,1,2,NJ 3                                              ,W,3,,00000003__      ,5.7,2,2,2,1,6,1,1,1,,,W,,,,,55,,,,N,,,19:00,120+04738
2018025618-14718               ,BERGEN      ,RUTHERFORD BORO         ,7/11/2018,WE,1448,1,RUTHERFORD PD            ,,0,0,0,0,P,B,N,N,1,2,NJ 3                                              ,W,3,,00000003__      ,6.2,2,,2,1,1,1,1,2,,,,,,,,55,,,,N,,88,14:50,120P04737
2016025616-20353               ,BERGEN      ,RUTHERFORD BORO         ,9/21/2016,W ,1721,1,RUTHERFORD PD            ,,0,0,0,0,P,B,N,N,1,2,NJ 3                                              ,W,3,,00000003__      ,5,2,1,2,1,1,1,2,1,,,W,,,,,55,,,,N,,91,17:20,120+04739
2017025617-13228               ,BERGEN      ,RUTHERFORD BORO         ,7/17/2017,MO,1848,1,RUTHERFORD PD            ,,0,0,0,0,P,B,N,N,1,2,NJ 3                                              ,W,3,,00000003__      ,5.2,2,,2,1,1,1,1,1,,,,,,,,55,,,,N,,69,18:50,120P04738
2015025615-27634               ,BERGEN      ,RUTHERFORD BORO         ,12/9/2015,W ,1555,1,RUTHERFORD PD            ,,0,0,0,0,P,B,N,N,1,2,NJ 3                                              ,W,3,,00000003__      ,5.9,2,1,2,1,1,1,1,1,,,,,,,,55,,,,N,,85,15:55,120P04737
2018025618-14848               ,BERGEN      ,RUTHERFORD BORO         ,7/13/2018,FR,836,1,RUTHERFORD PD            ,,0,2,0,0,I,B,N,N,2,3,NJ 3                                              ,W,3,,00000003__      ,6.2,2,,2,1,1,1,1,2,,,,,,,,55,,,,N,,83,8:35,120P04737
2018025618-14911               ,BERGEN      ,RUTHERFORD BORO         ,7/14/2018,SA,953,1,RUTHERFORD PD            ,,0,0,0,0,P,B,N,N,2,2,NJ 3                                              ,W,3,,00000003__      ,5.8,2,,2,1,1,1,1,2,,,,,,,,55,,,,N,,90,9:55,120+04738
2015025615-27778               ,BERGEN      ,RUTHERFORD BORO         ,12/11/2015,F ,1623,1,RUTHERFORD PD            ,,0,1,0,0,I,B,N,N,2,3,NJ 3                                              ,W,3,,00000003__      ,5.9,2,1,2,1,3,1,1,1,,,,,,,,55,,,,N,,69,16:25,120P04737
2014025614-21744               ,BERGEN      ,RUTHERFORD BORO         ,10/17/2014,F ,820,1,RUTHERFORD PD            ,,0,0,0,0,P,B,N,N,1,2,NJ 3                                              ,W,3,,00000003__      ,6,2,2,2,1,1,1,1,1,,,N,,,,,55,,40.81357,74.10742,N,,,8:20,120P04737
201302562013-008635            ,BERGEN      ,RUTHERFORD BORO         ,7/18/2013,TH,846,1,RUTHERFORD PD            ,,0,1,0,0,I,B,N,N,1,2,NJ 3                                              ,W,3,,00000003__      ,5,2,5,2,1,1,1,1,2,,,,,F,RIVERSIDE AVE            ,,45,,,,N,,67,8:45,120+04739
2016025616-20422               ,BERGEN      ,RUTHERFORD BORO         ,9/22/2016,TH,1720,1,RUTHERFORD PD            ,,0,1,0,0,I,B,N,N,1,3,NJ 3                                              ,W,3,,00000003__      ,5,2,2,2,1,1,1,1,1,,,N,,,,,55,,,,N,,65,17:20,120+04739
2017025617-13292               ,BERGEN      ,RUTHERFORD BORO         ,7/18/2017,TU,1610,1,RUTHERFORD PD            ,,0,0,0,0,P,B,N,N,2,2,NJ 3                                              ,W,3,,00000003__      ,5.9,2,,2,1,1,1,1,1,,,W,,,,,55,,,,N,,88,16:10,120P04737
2015025615-27817               ,BERGEN      ,RUTHERFORD BORO         ,12/12/2015,SA,512,1,RUTHERFORD PD            ,,0,0,0,0,P,B,Y,N,11,1,NJ 3                                              ,W,3,,00000003__      ,6.4,2,5,2,1,6,1,2,1,,,N,,T,NJ 17                    ,NB,55,,,,N,,92,5:10,120+04737
201302562013-008657            ,BERGEN      ,RUTHERFORD BORO         ,7/18/2013,TH,1606,1,RUTHERFORD PD            ,,0,0,0,0,P,B,N,N,1,2,NJ 3                                              ,W,3,,00000003__      ,4.95,2,2,1,1,1,1,1,2,,,,,,,,45,,,,N,,76,16:05,120+04739
2018025618-15119               ,BERGEN      ,RUTHERFORD BORO         ,7/17/2018,TU,1608,1,RUTHERFORD PD            ,,0,1,0,0,I,B,N,N,1,2,NJ 3                                              ,W,3,,00000003__      ,6.2,2,,2,2,1,2,1,2,,,,,,,,55,,,,N,,98,16:10,120P04737
201302562013-008658            ,BERGEN      ,RUTHERFORD BORO         ,7/18/2013,TH,1632,1,RUTHERFORD PD            ,,0,0,0,0,P,B,N,N,1,2,NJ 3                                              ,W,3,,00000003__      ,5.2,2,1,2,1,1,1,1,2,,,,,,,,45,,,,N,,87,16:30,120P04738
2018025618-15126               ,BERGEN      ,RUTHERFORD BORO         ,7/17/2018,TU,1810,1,RUTHERFORD PD            ,,0,0,0,0,P,B,N,N,1,2,NJ 3                                              ,W,3,,00000003__      ,5.2,2,,2,2,1,1,1,2,,,,,,,,55,,,,N,,96,18:10,120P04738
2015025615-27912               ,BERGEN      ,RUTHERFORD BORO         ,12/13/2015,S ,1631,1,RUTHERFORD PD            ,,0,3,0,0,I,B,N,N,1,3,NJ 3                                              ,W,3,,00000003__      ,5.3,2,1,2,1,6,1,1,1,,,W,,,,,55,,,,N,,53,16:30,120P04738
2014025614-22336               ,BERGEN      ,RUTHERFORD BORO         ,10/25/2014,SA,120,1,RUTHERFORD PD            ,,0,0,0,0,P,B,Y,N,1,2,NJ 3                                              ,W,3,,00000003__      ,5.7,2,2,2,1,6,1,1,4,,,,,,,,55,,40.81606,74.1125,N,,89,1:20,120+04738
201302562013-008693            ,BERGEN      ,RUTHERFORD BORO         ,7/19/2013,F ,1229,1,RUTHERFORD PD            ,,0,0,0,0,P,B,N,N,15,1,NJ 3                                              ,W,3,,00000003__      ,6.2,2,1,2,1,1,1,1,1,,,,,,,,55,,,,N,,65,12:30,120P04737
2015025615-27959               ,BERGEN      ,RUTHERFORD BORO         ,12/14/2015,M ,911,1,RUTHERFORD PD            ,,0,0,0,0,P,B,N,N,1,2,NJ 3                                              ,W,3,,00000003__      ,6.2,2,3,2,1,1,5,1,1,,,W,,,,,55,,,,N,,87,9:10,120P04737
2017025617-13601               ,BERGEN      ,RUTHERFORD BORO         ,7/23/2017,SU,42,1,RUTHERFORD PD            ,,0,1,0,0,I,B,N,N,1,2,NJ 3                                              ,W,3,,00000003__      ,6.4,2,,2,2,6,2,1,1,,,,,,,,55,,,,N,,69,4:40,120+04737
2018025618-15206               ,BERGEN      ,RUTHERFORD BORO         ,7/18/2018,WE,1804,1,RUTHERFORD PD            ,,0,0,0,0,P,B,N,N,2,2,NJ 3                                              ,W,3,,00000003__      ,6.5,2,,2,1,1,1,1,1,,,,,,,,55,,,,N,,83,18:05,120+04737
2017025617-13796               ,BERGEN      ,RUTHERFORD BORO         ,7/25/2017,TU,1852,1,RUTHERFORD PD            ,,0,0,0,0,P,B,N,N,2,2,NJ 3                                              ,W,3,,00000003__      ,5,2,,2,1,1,1,1,1,,,,,,,,55,,,,N,,56,18:50,120+04739
2018025618-15336               ,BERGEN      ,RUTHERFORD BORO         ,7/20/2018,FR,1745,1,RUTHERFORD PD            ,,0,1,0,0,I,B,N,N,1,2,NJ 3                                              ,W,3,,00000003__      ,5.2,2,,2,1,1,1,1,1,,,,,,,,55,,,,N,,96,17:45,120P04738
201302562013-008817            ,BERGEN      ,RUTHERFORD BORO         ,7/22/2013,M ,810,1,RUTHERFORD PD            ,,0,0,0,0,P,B,N,N,1,2,NJ 3                                              ,W,3,,00000003__      ,5.5,2,1,2,1,1,1,1,2,,,,,,,,45,,,,N,NONE                                                                            ,43,8:10,120P04738
2016025616-20698               ,BERGEN      ,RUTHERFORD BORO         ,9/25/2016,S ,2023,1,RUTHERFORD PD            ,,0,0,0,0,P,B,N,N,2,2,NJ 3                                              ,W,3,,00000003__      ,6.4,2,2,2,1,6,1,1,1,,,,,,,,55,,,,N,,76,20:25,120+04737
201302562013-008867            ,BERGEN      ,RUTHERFORD BORO         ,7/23/2013,TU,1209,1,RUTHERFORD PD            ,,0,0,0,0,P,B,N,N,1,2,NJ 3                                              ,W,3,,00000003__      ,5,2,5,2,1,1,1,2,2,,,,,F,RIVERSIDE AVENUE         ,,45,,,,N,,84,12:10,120+04739
2015025615-28096               ,BERGEN      ,RUTHERFORD BORO         ,12/15/2015,TU,1622,1,RUTHERFORD PD            ,,0,0,0,0,P,B,N,N,1,2,NJ 3                                              ,W,3,,00000003__      ,5,2,1,2,1,3,1,5,1,,,W,,,,,55,,,,N,,87,16:20,120+04739
2018025618-15386               ,BERGEN      ,RUTHERFORD BORO         ,7/21/2018,SA,1205,1,RUTHERFORD PD            ,,0,0,0,0,P,B,N,N,1,2,NJ 3                                              ,W,3,,00000003__      ,5.4,2,,2,1,1,1,1,2,,,,,,,,55,,,,N,,67,12:05,120P04738
2016025616-20761               ,BERGEN      ,RUTHERFORD BORO         ,9/26/2016,M ,1811,1,RUTHERFORD PD            ,,0,0,0,0,P,B,N,N,1,2,NJ 3                                              ,W,3,,00000003__      ,5.5,2,2,2,1,1,1,1,1,,,E,,,,,55,,,,N,,62,18:10,120P04738
201302562013-008965            ,BERGEN      ,RUTHERFORD BORO         ,7/25/2013,TH,1510,1,RUTHERFORD PD            ,,0,0,0,0,P,B,N,N,1,2,NJ 3                                              ,W,3,,00000003__      ,5.1,2,2,2,1,1,5,1,2,,,,,,,,45,,,,N,,55,15:10,120+04739
2015025615-28173               ,BERGEN      ,RUTHERFORD BORO         ,12/16/2015,W ,1818,1,RUTHERFORD PD            ,,0,0,0,0,P,B,N,N,1,2,NJ 3                                              ,W,3,,00000003__      ,6.4,2,2,2,1,6,5,1,1,,,W,,,,,55,,,,N,,62,18:20,120+04737
2014025614-23076               ,BERGEN      ,RUTHERFORD BORO         ,11/3/2014,M ,1004,1,RUTHERFORD PD            ,,0,0,0,0,P,I,N,N,15,1,NJ 3                                              ,W,3,,00000003__      ,5,2,2,2,1,1,1,1,1,,AT,,,,,,55,,40.82242,74.12299,N,,40,10:05,120+04739
2015025615-28175               ,BERGEN      ,RUTHERFORD BORO         ,12/16/2015,W ,1922,1,RUTHERFORD PD            ,,0,0,0,0,P,B,N,N,2,2,NJ 3                                              ,W,3,,00000003__      ,5,2,2,2,1,6,5,1,1,,,,,,,,55,,,,N,,,19:20,120+04739
2018025618-15523               ,BERGEN      ,RUTHERFORD BORO         ,7/23/2018,MO,1611,1,RUTHERFORD PD            ,,0,0,0,0,P,B,N,N,2,2,NJ 3                                              ,W,3,,00000003__      ,6.4,2,,2,1,1,1,1,1,,,,,,,,55,,,,N,,56,16:10,120+04737
201302562013-009029            ,BERGEN      ,RUTHERFORD BORO         ,7/26/2013,F ,1813,1,RUTHERFORD PD            ,,0,1,0,0,I,B,N,N,2,2,NJ 3                                              ,W,3,,00000003__      ,6.5,2,2,2,1,1,1,1,1,,,,,,,,55,,,,N,,55,18:15,120+04737
2016025616-20861               ,BERGEN      ,RUTHERFORD BORO         ,9/28/2016,W ,232,1,RUTHERFORD PD            ,,0,0,0,0,P,B,N,N,1,2,NJ 3                                              ,W,3,,00000003__      ,5,2,1,2,1,6,1,1,1,,,N,,,,,55,,,,N,,93,2:30,120+04739
2017025617-14062               ,BERGEN      ,RUTHERFORD BORO         ,7/29/2017,SA,1613,1,RUTHERFORD PD            ,,0,1,0,0,I,B,N,N,1,2,NJ 3                                              ,W,3,,00000003__      ,5,2,,2,1,1,1,1,1,,,,,,,,55,,,,N,,53,16:15,120+04739
2017025617-14404               ,BERGEN      ,RUTHERFORD BORO         ,8/3/2017,TH,1444,1,RUTHERFORD PD            ,,0,1,0,0,I,B,N,N,1,3,NJ 3                                              ,W,3,,00000003__      ,5,2,,2,1,1,1,5,1,,,W,,,,,55,,,,N,,97,14:45,120+04739
2016025616-20910               ,BERGEN      ,RUTHERFORD BORO         ,9/28/2016,W ,1824,1,RUTHERFORD PD            ,,0,2,0,0,I,B,N,N,1,4,NJ 3                                              ,W,3,,00000003__      ,6.2,2,3,1,1,3,1,1,1,,,W,,,,,55,,,,N,,83,18:25,120P04737
2014025614-23234               ,BERGEN      ,RUTHERFORD BORO         ,11/5/2014,W ,834,1,RUTHERFORD PD            ,,0,0,0,0,P,B,N,N,1,2,NJ 3                                              ,W,3,,00000003__      ,6.3,2,2,2,1,1,1,1,1,,,N,,,,,55,,40.81095,74.10137,N,,,8:35,120P04737
2018025618-15674               ,BERGEN      ,RUTHERFORD BORO         ,7/30/2018,MO,1445,1,RUTHERFORD PD            ,,0,0,0,0,P,B,N,N,1,2,NJ 3                                              ,W,3,,00000003__      ,6.4,2,,2,1,1,1,1,1,,,,,,,,55,,,,N,,91,14:45,120+04737
2015025615-28288               ,BERGEN      ,RUTHERFORD BORO         ,12/18/2015,F ,527,1,RUTHERFORD PD            ,,0,0,0,0,P,B,N,N,2,2,NJ 3                                              ,W,3,,00000003__      ,5,2,2,2,2,6,1,1,1,,,W,,,,,55,,,,N,,92,5:25,120+04739
2018025618-15697               ,BERGEN      ,RUTHERFORD BORO         ,7/26/2018,TH,41,1,RUTHERFORD PD            ,,0,0,0,0,P,B,N,N,11,1,NJ 3                                              ,W,3,,00000003__      ,6.2,2,,2,2,6,1,1,1,,,,,T,NJ 17                    ,SB,55,,,,N,,96,4:40,120P04737
201302562013-009194            ,BERGEN      ,RUTHERFORD BORO         ,7/30/2013,TU,1346,1,RUTHERFORD PD            ,,0,0,0,0,P,B,N,N,1,2,NJ 3                                              ,W,3,,00000003__      ,,2,2,2,1,1,1,1,2,,,,,F,RIVERSIDE AVENUE         ,,45,,,,N,,52,13:45,120+07449
2017025617-14966               ,BERGEN      ,RUTHERFORD BORO         ,8/11/2017,FR,1759,1,RUTHERFORD PD            ,,0,0,0,0,P,B,N,N,2,3,NJ 3                                              ,W,3,,00000003__      ,5.2,2,,2,1,1,1,1,1,,,,,,,,55,,,,N,,56,18:00,120P04738
2018025618-15716               ,BERGEN      ,RUTHERFORD BORO         ,7/26/2018,TH,836,1,RUTHERFORD PD            ,,0,0,0,0,P,B,N,N,2,3,NJ 3                                              ,W,3,,00000003__      ,5.2,2,,2,1,1,1,1,1,,,,,,,,55,,,,N,,,8:35,120P04738
2016025616-21076               ,BERGEN      ,RUTHERFORD BORO         ,9/30/2016,F ,1359,1,RUTHERFORD PD            ,,0,0,0,0,P,B,N,N,1,2,NJ 3                                              ,W,3,,00000003__      ,6.2,2,1,2,2,1,2,2,1,,,,,,,,55,,,,N,,69,14:00,120P04737
2015025615-28345               ,BERGEN      ,RUTHERFORD BORO         ,6/23/2015,TU,1915,1,CLIFTON PD               ,,0,0,0,0,P,B,N,N,1,2,NJ 3                                              ,W,3,,00000003__      ,4.98,2,2,2,2,1,2,1,1,500,FE,E,NJ 21                              ,,,,55,55,,,N,NONE                                                                            ,239,19:15,120+04739
2018025618-15746               ,BERGEN      ,RUTHERFORD BORO         ,7/26/2018,TH,1525,1,RUTHERFORD PD            ,,0,0,0,0,P,B,N,N,1,2,NJ 3                                              ,W,3,,00000003__      ,5,2,,2,1,1,1,1,1,,,,,,,,55,,,,N,,,15:25,120+04739
2016025616-21084               ,BERGEN      ,RUTHERFORD BORO         ,9/30/2016,F ,1603,1,RUTHERFORD PD            ,,0,0,0,0,P,B,N,N,2,2,NJ 3                                              ,W,3,,00000003__      ,5.7,2,1,2,2,1,2,2,1,,,,,,,,55,,,,N,,69,16:05,120+04738
2014025614-23627               ,BERGEN      ,RUTHERFORD BORO         ,11/10/2014,M ,1915,1,RUTHERFORD PD            ,,0,0,0,0,P,B,N,N,1,3,NJ 3                                              ,W,3,,00000003__      ,6.3,2,2,2,1,6,1,1,1,,,,,,,,55,,40.81095,74.10137,N,,,19:15,120P04737
2017025617-15025               ,BERGEN      ,RUTHERFORD BORO         ,8/12/2017,SA,1102,1,RUTHERFORD PD            ,,0,0,0,0,P,B,N,N,11,1,NJ 3                                              ,W,3,,00000003__      ,5.7,2,,2,1,1,1,1,1,,,,,,,,55,,,,N,,76,11:00,120+04738
2018025618-15758               ,BERGEN      ,RUTHERFORD BORO         ,7/26/2018,TH,1751,1,RUTHERFORD PD            ,,0,0,0,0,P,I,N,N,1,2,NJ 3                                              ,W,3,,00000003__      ,6,2,,2,1,1,1,1,2,,AT,,,,,,55,,,,N,,96,17:50,120P04737
2016025616-21085               ,BERGEN      ,RUTHERFORD BORO         ,9/30/2016,F ,1558,1,RUTHERFORD PD            ,,0,0,0,0,P,B,N,N,1,2,NJ 3                                              ,W,3,,00000003__      ,6.5,2,1,2,2,1,2,1,1,,,W,,,,,55,,,,N,,56,16:00,120+04737
2014025614-23952               ,BERGEN      ,RUTHERFORD BORO         ,11/14/2014,F ,1821,1,RUTHERFORD PD            ,,0,0,0,0,P,B,N,N,2,2,NJ 3                                              ,W,3,,00000003__      ,5.7,2,2,2,1,6,1,1,1,,,W,,,,,55,,40.81606,74.1125,N,,62,18:20,120+04738
2018025618-15759               ,BERGEN      ,RUTHERFORD BORO         ,7/26/2018,TH,1800,1,RUTHERFORD PD            ,,0,0,0,0,P,I,N,N,1,2,NJ 3                                              ,W,3,,00000003__      ,6.8,2,,1,1,1,1,1,1,,AT,,,,,,55,,,,N,,96,18:00,120+04737
2015025615-28545               ,BERGEN      ,RUTHERFORD BORO         ,12/21/2015,M ,1550,1,RUTHERFORD PD            ,,0,0,0,0,P,B,N,N,2,2,NJ 3                                              ,W,3,,00000003__      ,5,2,2,2,1,1,1,1,1,,,W,,,,,55,,,,N,,90,15:50,120+04739
2014025614-24065               ,BERGEN      ,RUTHERFORD BORO         ,11/16/2014,S ,1710,1,RUTHERFORD PD            ,,0,1,0,0,I,B,N,N,1,3,NJ 3                                              ,W,3,,00000003__      ,5.5,2,1,2,1,6,1,1,1,,,,,,,,55,,,,N,,52,17:10,120P04738
2016025616-21313               ,BERGEN      ,RUTHERFORD BORO         ,10/4/2016,TU,345,1,RUTHERFORD PD            ,,0,0,0,0,P,B,N,N,11,1,NJ 3                                              ,W,3,,00000003__      ,6,2,5,2,1,6,1,1,1,,,W,,,,,55,,,,N,,56,3:45,120P04737
2018025618-15804               ,BERGEN      ,RUTHERFORD BORO         ,7/27/2018,FR,1511,1,RUTHERFORD PD            ,,0,0,0,0,P,B,N,N,2,2,NJ 3                                              ,W,3,,00000003__      ,6.2,2,,2,2,1,2,1,2,,,,,,,,55,,,,N,,99,15:10,120P04737
2017025617-15574               ,BERGEN      ,RUTHERFORD BORO         ,8/20/2017,SU,2115,1,RUTHERFORD PD            ,,0,0,0,0,P,I,N,N,2,2,NJ 3                                              ,W,3,,00000003__      ,6.36,2,,2,1,6,1,2,1,,AT,N,NJ 17                              ,,,,50,,,,N,,88,21:15,120+04737
2018025618-15810               ,BERGEN      ,RUTHERFORD BORO         ,7/27/2018,FR,1600,1,RUTHERFORD PD            ,,0,0,0,0,P,B,N,N,1,2,NJ 3                                              ,W,3,,00000003__      ,5.3,2,,2,2,1,2,1,1,,,,,,,,55,,,,N,,99,16:00,120P04738
2014025614-24122               ,BERGEN      ,RUTHERFORD BORO         ,11/17/2014,M ,1741,1,RUTHERFORD PD            ,,0,0,0,0,P,B,N,N,1,2,NJ 3                                              ,W,3,,00000003__      ,5.5,2,2,2,2,6,2,1,1,,,W,,,,,55,,40.81781,74.11557,N,,,17:40,120P04738
2017025617-15652               ,BERGEN      ,RUTHERFORD BORO         ,8/22/2017,TU,959,1,RUTHERFORD PD            ,,0,0,0,0,P,B,N,N,2,2,NJ 3                                              ,W,3,,00000003__      ,0,2,,2,1,1,1,5,1,1000,FE,W,VETERANS BOULEVARD                 ,,,,40,25,,,N,,89,10:00,120+07449
2014025614-24125               ,BERGEN      ,RUTHERFORD BORO         ,11/17/2014,M ,1832,1,RUTHERFORD PD            ,,0,2,0,0,I,I,N,N,1,2,NJ 3                                              ,W,3,,00000003__      ,5,2,2,2,2,6,2,1,1,,AT,W,,,,,55,,40.82242,74.12299,N,NONE                                                                            ,87,18:30,120+04739
2017025617-15747               ,BERGEN      ,RUTHERFORD BORO         ,8/23/2017,WE,1611,1,RUTHERFORD PD            ,,0,0,0,0,P,B,N,N,11,1,NJ 3                                              ,W,3,,00000003__      ,5.67,2,,2,1,1,1,3,1,,,,,T,RIDGE RD                 ,NB,35,,,,N,NJDOT TRAFFIC SIGNAL/ WELCOME TO RUTHERFORD SIGN                                ,,16:10,120+04738
201302562013-009472            ,BERGEN      ,RUTHERFORD BORO         ,8/5/2013,M ,1556,1,RUTHERFORD PD            ,,0,0,0,0,P,B,N,N,1,2,NJ 3                                              ,W,3,,00000003__      ,6.2,2,4,2,1,1,1,1,2,,,,,F,17,SB,45,,,,N,,84,15:55,120P04737
2018025618-15975               ,BERGEN      ,RUTHERFORD BORO         ,7/30/2018,MO,1445,1,RUTHERFORD PD            ,,0,0,0,0,P,B,N,N,1,2,NJ 3                                              ,W,3,,00000003__      ,6.2,2,,2,1,1,1,1,2,,,,,,,,55,,,,N,,69,14:45,120P04737
2016025616-21565               ,BERGEN      ,RUTHERFORD BORO         ,10/7/2016,F ,1736,1,RUTHERFORD PD            ,,0,0,0,0,P,B,N,N,2,2,NJ 3                                              ,W,3,,00000003__      ,6.4,2,1,2,1,1,1,1,1,,,W,,,,,55,,,,N,,87,17:35,120+04737
2018025618-16215               ,BERGEN      ,RUTHERFORD BORO         ,8/2/2018,TH,1741,1,RUTHERFORD PD            ,,0,0,0,0,P,B,N,N,1,2,NJ 3                                              ,W,3,,00000003__      ,5,2,,1,1,1,1,1,1,,,,,,,,55,,,,N,,95,17:40,120+04739
2015025615-28960               ,BERGEN      ,RUTHERFORD BORO         ,12/27/2015,S ,1726,1,RUTHERFORD PD            ,,0,1,0,0,I,B,N,N,1,3,NJ 3                                              ,W,3,,00000003__      ,5.5,2,1,2,2,6,2,1,1,,,W,,,,,55,,,,N,,91,17:25,120P04738
2017025617-15749               ,BERGEN      ,RUTHERFORD BORO         ,8/23/2017,WE,1614,1,RUTHERFORD PD            ,,0,0,0,0,P,B,N,N,1,2,NJ 3                                              ,W,3,,00000003__      ,5.7,2,,2,1,1,1,1,1,,,,,,,,55,,,,N,,91,16:15,120+04738
201302562013-009714            ,BERGEN      ,RUTHERFORD BORO         ,8/10/2013,SA,1139,1,RUTHERFORD PD            ,,0,0,0,0,P,B,N,N,1,2,NJ 3                                              ,W,3,,00000003__      ,5.1,2,2,2,1,1,1,1,2,,,,,,,,45,,,,N,,87,11:40,120+04739
2017025617-15856               ,BERGEN      ,RUTHERFORD BORO         ,8/25/2017,FR,1413,1,RUTHERFORD PD            ,,0,0,0,0,P,B,N,N,1,2,NJ 3                                              ,W,3,,00000003__      ,5.4,2,,2,1,1,1,1,1,,,,,,,,55,,,,N,,95,14:15,120P04738
2015025615-29186               ,BERGEN      ,RUTHERFORD BORO         ,12/30/2015,W ,1805,1,RUTHERFORD PD            ,,0,0,0,0,P,B,N,N,1,3,NJ 3                                              ,W,3,,00000003__      ,6.4,2,2,2,1,6,1,1,1,,,W,,,,,55,,,,N,,,18:05,120+04737
2016025616-21626               ,BERGEN      ,RUTHERFORD BORO         ,10/8/2016,SA,1638,1,RUTHERFORD PD            ,,0,0,0,0,P,B,N,N,11,1,NJ 3                                              ,W,3,,00000003__      ,6.4,2,5,2,2,1,1,5,1,,,N,,T,ROUTE 17                 ,NB,40,,,,N,,95,16:40,120+04737
2018025618-16217               ,BERGEN      ,RUTHERFORD BORO         ,8/2/2018,TH,1802,1,RUTHERFORD PD            ,,0,0,0,0,P,B,N,N,2,2,NJ 3                                              ,W,3,,00000003__      ,6.5,2,,2,1,1,1,1,1,,,,,,,,55,,,,N,,90,18:00,120+04737
2014025614-24294               ,BERGEN      ,RUTHERFORD BORO         ,11/19/2014,W ,1813,1,RUTHERFORD PD            ,,0,0,0,0,P,I,N,N,2,2,NJ 3                                              ,W,3,,00000003__      ,6.7,2,2,2,1,6,1,1,1,,AT,W,,,,,55,,40.81074,74.09222,N,,89,18:15,120+04737
2.02E+17,BERGEN      ,RUTHERFORD BORO         ,12/18/2015,F ,1845,1,CLIFTON PD               ,,0,0,0,0,P,B,N,N,1,2,NJ 3                                              ,W,3,,00000003__      ,5.32,2,1,1,1,6,1,1,1,7920,FE,E,CR 601 / MAIN AVE                  ,,,,55,,,,N,NONE                                                                            ,7176,18:45,120P04738
2018025618-16280               ,BERGEN      ,RUTHERFORD BORO         ,8/3/2018,FR,1317,1,RUTHERFORD PD            ,,0,3,0,0,I,B,N,N,1,2,NJ 3                                              ,W,3,,00000003__      ,6.2,2,,2,1,1,1,1,1,,,,,,,,55,,,,N,,65,13:15,120P04737
2017025617-15869               ,BERGEN      ,RUTHERFORD BORO         ,8/25/2017,FR,1745,1,RUTHERFORD PD            ,,0,0,0,0,P,B,N,N,1,2,NJ 3                                              ,W,3,,00000003__      ,6.4,2,,2,1,1,1,1,1,,,,,,,,55,,,,N,,95,17:45,120+04737
201302562013-009819            ,BERGEN      ,RUTHERFORD BORO         ,8/12/2013,M ,1748,1,RUTHERFORD PD            ,,0,0,0,0,P,B,N,N,1,2,NJ 3                                              ,W,3,,00000003__      ,6.8,2,3,1,1,1,1,1,1,,,,,,,,55,,,,N,,84,17:50,120+04737
2018025618-16364               ,BERGEN      ,RUTHERFORD BORO         ,8/4/2018,SA,1609,1,RUTHERFORD PD            ,,0,0,0,0,P,B,N,N,1,2,NJ 3                                              ,W,3,,00000003__      ,5.1,2,,2,1,1,1,1,1,,,,,,,,55,,,,N,,69,16:10,120+04739
2017025617-15959               ,BERGEN      ,RUTHERFORD BORO         ,8/27/2017,SU,108,1,RUTHERFORD PD            ,,0,0,0,0,P,B,Y,N,11,1,NJ 3                                              ,W,3,,00000003__      ,5.2,2,,2,1,6,1,1,1,,,,,,,,55,,,,N,,76,1:10,120P04738
201302562013-009882            ,BERGEN      ,RUTHERFORD BORO         ,8/14/2013,W ,7,1,RUTHERFORD PD            ,,0,1,0,0,I,B,N,N,99,2,NJ 3                                              ,W,3,,00000003__      ,5.3,2,2,2,1,6,5,1,2,,,,,,,,45,,,,N,,63,7:05,120P04738
2016025616-21862               ,BERGEN      ,RUTHERFORD BORO         ,10/11/2016,TU,1732,1,RUTHERFORD PD            ,,0,0,0,0,P,B,N,N,2,2,NJ 3                                              ,W,3,,00000003__      ,5,2,1,2,1,1,1,1,1,,,,,,,,55,,,,N,,93,17:30,120+04739
2017025617-16042               ,BERGEN      ,RUTHERFORD BORO         ,8/28/2017,MO,1810,1,RUTHERFORD PD            ,,0,0,0,0,P,B,N,N,1,2,NJ 3                                              ,W,3,,00000003__      ,5.2,2,,2,1,1,1,1,1,,,,,,,,55,,,,N,,86,18:10,120P04738
201302562013-009910            ,BERGEN      ,RUTHERFORD BORO         ,8/14/2013,W ,1551,1,RUTHERFORD PD            ,,0,2,0,0,I,B,N,N,1,2,NJ 3                                              ,W,3,,00000003__      ,5.7,2,1,2,1,1,1,1,2,,,,,,,,45,,,,N,,84,15:50,120+04738
2018025618-16507               ,BERGEN      ,RUTHERFORD BORO         ,8/6/2018,MO,1857,1,RUTHERFORD PD            ,,0,0,0,0,P,B,N,N,1,2,NJ 3                                              ,W,3,,00000003__      ,6.5,2,,2,1,1,1,1,1,,,,,,,,55,,,,N,,97,18:55,120+04737
2017025617-16090               ,BERGEN      ,RUTHERFORD BORO         ,8/29/2017,TU,1327,1,RUTHERFORD PD            ,,0,0,0,0,P,B,N,N,1,3,NJ 3                                              ,W,3,,00000003__      ,5,2,,2,2,1,2,1,1,,,,,,,,55,,,,N,,67,13:25,120+04739