CRASH_ID,CTY_NAME,MUN_NAME,DATE,DAY,TIME,POL_CODE,POL_DEPT,POL_STA,KILLED,INJURED,PED_KILL,PED_INJ,SEVERITY,INTERSEC,ALCOHOL,HAZMAT,CRASH_TYPE,VEH_COUNT,LOCATION,LOC_DIR,ROUTE,RT_SFX,SRI,MP,RD_SYS,RD_CHAR,RD_SURF,SURF_COND,LIGHT,WEATHER,RD_DIV,RD_WRKZN,X_DIST,DIST_UNT,X_DIR,X_NAME,IS_RAMP,RAMP_RT,RAMP_DIR,SPD_LMT,SPD_X,LAT,LONG,CELL_USE,PROP_DMG,BADGE,TIME_ROUND,TMC
2014025614-24676               ,BERGEN      ,RUTHERFORD BORO         ,11/24/2014,M ,1747,1,RUTHERFORD PD            ,,0,1,0,0,I,I,N,N,1,2,NJ 3                                              ,W,3,,00000003__      ,5.1,2,2,2,1,7,1,1,1,,AT,N,,,,,55,,40.82154,74.12145,N,,52,17:45,120+04739
201302562013-009985            ,BERGEN      ,RUTHERFORD BORO         ,8/15/2013,TH,1950,1,RUTHERFORD PD            ,,0,1,0,0,I,B,N,N,1,3,NJ 3                                              ,W,3,,00000003__      ,5.2,2,2,2,1,1,1,1,2,,,,,,,,45,,,,N,,62,19:50,120P04738
2016025616-21930               ,BERGEN      ,RUTHERFORD BORO         ,10/12/2016,W ,1646,1,RUTHERFORD PD            ,,0,0,0,0,P,B,N,N,2,3,NJ 3                                              ,W,3,,00000003__      ,5.5,2,2,2,1,1,1,1,1,,,,,,,,55,,,,N,,40,16:45,120P04738
2018025618-16675               ,BERGEN      ,RUTHERFORD BORO         ,8/9/2018,TH,303,1,RUTHERFORD PD            ,,0,1,0,0,I,B,N,N,11,1,NJ 3                                              ,W,3,,00000003__      ,6.4,2,,2,2,6,2,1,1,,,,,,,,55,,,,N,,88,3:05,120+04737
2015090815-015995              ,HUDSON      ,NORTH BERGEN TWP        ,10/27/2015,TU,719,1,SECAUCUS PD              ,HEADQUARTERS   ,0,0,0,0,P,B,N,N,1,2,NJ 3                                              ,W,3,,00000003__      ,10.46,2,1,2,1,1,1,1,1,200,FE,W,NJ 495                             ,,,,50,,,,N,NONE                                                                            ,164,7:20,120+04729
201302562013-010070            ,BERGEN      ,RUTHERFORD BORO         ,8/17/2013,SA,1203,1,RUTHERFORD PD            ,,0,1,0,0,I,B,N,N,1,2,NJ 3                                              ,W,3,,00000003__      ,5.4,2,1,2,1,1,1,1,2,,,,,,,,,,,,N,,87,12:05,120P04738
2017025617-16092               ,BERGEN      ,RUTHERFORD BORO         ,8/29/2017,TU,1440,1,RUTHERFORD PD            ,,0,0,0,0,P,B,N,N,11,1,NJ 3                                              ,W,3,,00000003__      ,5.5,2,,2,1,1,1,1,,,,,,,,,55,,,,N,MINOR DAMAGE TO BASE OF THE SOUND WALL                                          ,65,14:40,120P04738
2018025618-16717               ,BERGEN      ,RUTHERFORD BORO         ,8/9/2018,TH,1832,1,RUTHERFORD PD            ,,0,0,0,0,P,B,N,N,1,2,NJ 3                                              ,W,3,,00000003__      ,5.5,2,,2,1,1,1,1,2,,,,,,,,55,,,,N,,88,18:30,120P04738
2014025614-24730               ,BERGEN      ,RUTHERFORD BORO         ,11/25/2014,TU,1047,1,RUTHERFORD PD            ,,0,0,0,0,P,B,N,N,1,2,NJ 3                                              ,W,3,,00000003__      ,5.7,2,1,2,1,1,1,1,1,,,,,,,,55,,40.81606,74.1125,N,,85,10:45,120+04738
201302562013-010072            ,BERGEN      ,RUTHERFORD BORO         ,8/17/2013,SA,1354,1,RUTHERFORD PD            ,,0,0,0,0,P,B,N,N,2,2,NJ 3                                              ,W,3,,00000003__      ,4.95,2,5,2,1,1,1,2,2,,,,,F,MARGINAL ROAD            ,WB,50,,,,N,,87,13:55,120+04739
2014025614-24836               ,BERGEN      ,RUTHERFORD BORO         ,11/26/2014,W ,1446,1,RUTHERFORD PD            ,,0,1,0,0,I,B,N,N,1,2,NJ 3                                              ,W,3,,00000003__      ,5,2,2,2,5,1,3,1,1,,,W,,,,,55,,40.82242,74.12299,N,,63,14:45,120+04739
2018025618-16779               ,BERGEN      ,RUTHERFORD BORO         ,8/10/2018,FR,1559,1,RUTHERFORD PD            ,,0,0,0,0,P,B,N,N,2,2,NJ 3                                              ,W,3,,00000003__      ,6.4,2,,2,1,1,1,1,1,,,,,,,,55,,,,N,,99,16:00,120+04737
2016025616-22013               ,BERGEN      ,RUTHERFORD BORO         ,10/13/2016,TH,1717,1,RUTHERFORD PD            ,,0,0,0,0,P,B,N,N,1,2,NJ 3                                              ,W,3,,00000003__      ,6.7,2,2,1,1,1,1,1,1,,,W,,,,,55,,,,N,,53,17:15,120+04737
2017025617-16282               ,BERGEN      ,RUTHERFORD BORO         ,9/1/2017,FR,1651,1,RUTHERFORD PD            ,,0,0,0,0,P,B,N,N,2,2,NJ 3                                              ,W,3,,00000003__      ,5.3,2,,2,1,1,1,1,1,,,,,,,,55,,,,N,,65,16:50,120P04738
2018025618-16789               ,BERGEN      ,RUTHERFORD BORO         ,8/10/2018,FR,1722,1,RUTHERFORD PD            ,,0,0,0,0,P,B,N,N,2,2,NJ 3                                              ,W,3,,00000003__      ,5.4,2,,2,1,1,1,1,2,,,,,,,,55,,,,N,,99,17:20,120P04738
201302562013-010140            ,BERGEN      ,RUTHERFORD BORO         ,8/19/2013,M ,105,1,RUTHERFORD PD            ,,0,0,0,0,P,B,N,N,1,2,NJ 3                                              ,W,3,,00000003__      ,5.7,2,1,2,1,6,1,1,2,,,,,,,,45,,,,N,,69,1:05,120+04738
2014025614-24845               ,BERGEN      ,RUTHERFORD BORO         ,11/26/2014,W ,1752,1,RUTHERFORD PD            ,,0,0,0,0,P,I,N,N,2,2,NJ 3                                              ,W,3,,00000003__      ,6.36,2,2,2,2,6,2,1,1,,AT,N,NJ 17                              ,,,,55,,40.81059,74.10006,N,,,17:50,120+04737
2016025616-22019               ,BERGEN      ,RUTHERFORD BORO         ,10/13/2016,TH,1804,1,RUTHERFORD PD            ,,0,0,0,0,P,B,N,N,1,2,NJ 3                                              ,W,3,,00000003__      ,6.8,2,2,2,1,1,1,1,1,,,,,,,,55,,,,N,,85,18:05,120+04737
2.02E+15,HUDSON      ,NORTH BERGEN TWP        ,1/3/2015,SA,457,1,NORTH BERGEN PD          ,15000571,0,1,0,0,I,B,N,N,1,2,NJ 3                                              ,W,3,,00000003__      ,,2,4,2,1,6,1,3,1,,,,,,,,50,,,,N,,11,4:55,120+07449
201302562013-010171            ,BERGEN      ,RUTHERFORD BORO         ,8/19/2013,M ,1629,1,RUTHERFORD PD            ,,0,0,0,0,P,B,N,N,1,2,NJ 3                                              ,W,3,,00000003__      ,5,2,5,2,1,1,1,1,2,,,,,F,RIVERSIDE AVENUE         ,SB,45,,,,N,,84,16:30,120+04739
2016025616-22583               ,BERGEN      ,RUTHERFORD BORO         ,10/21/2016,F ,1533,1,RUTHERFORD PD            ,,0,3,0,0,I,B,N,N,1,2,NJ 3                                              ,W,3,,00000003__      ,5.5,2,1,2,2,1,5,1,1,,,,,,,,55,,,,N,,56,15:35,120P04738
2018025618-16846               ,BERGEN      ,RUTHERFORD BORO         ,8/11/2018,SA,1658,1,RUTHERFORD PD            ,,0,0,0,0,P,B,N,N,1,2,NJ 3                                              ,W,3,,00000003__      ,6.4,2,,2,2,1,2,1,1,,,,,,,,55,,,,N,,95,17:00,120+04737
2.02E+15,HUDSON      ,NORTH BERGEN TWP        ,1/6/2015,TU,929,1,NORTH BERGEN PD          ,15001556,0,0,0,0,P,B,N,N,1,2,NJ 3                                              ,W,3,,00000003__      ,,2,1,2,3,1,3,1,1,,,,,,,,25,,,,N,NONE                                                                            ,33,9:30,120+07449
2017025617-16332               ,BERGEN      ,RUTHERFORD BORO         ,9/2/2017,SA,2018,1,RUTHERFORD PD            ,,0,1,0,0,I,B,N,N,11,1,NJ 3                                              ,W,3,,00000003__      ,5.6,2,,2,2,6,2,1,1,,,,,,,,55,,,,N,,77,20:20,120+04738
201302562013-010216            ,BERGEN      ,RUTHERFORD BORO         ,8/20/2013,TU,1734,1,RUTHERFORD PD            ,,0,0,0,0,P,B,N,N,1,2,NJ 3                                              ,W,3,,00000003__      ,6.3,2,1,2,1,1,1,1,2,,,,,,,,45,,,,N,,56,17:35,120P04737
2016025616-22630               ,BERGEN      ,RUTHERFORD BORO         ,10/22/2016,SA,1013,1,RUTHERFORD PD            ,,0,0,0,0,P,B,N,N,15,1,NJ 3                                              ,W,3,,00000003__      ,6.3,2,2,2,2,1,5,1,1,,,,,,,,55,,,,N,,56,10:15,120P04737
2018025618-16947               ,BERGEN      ,RUTHERFORD BORO         ,8/13/2018,MO,618,1,RUTHERFORD PD            ,,0,0,0,0,P,B,N,N,2,2,NJ 3                                              ,W,3,,00000003__      ,6.5,2,,2,2,1,2,1,1,,,W,,,,,55,,,,N,,61,6:20,120+04737
2.02E+15,HUDSON      ,NORTH BERGEN TWP        ,1/8/2015,TH,1936,1,NORTH BERGEN PD          ,15002302,0,2,0,0,I,B,N,N,1,2,NJ 3                                              ,W,3,,00000003__      ,10.33,2,6,2,1,7,1,4,,,,,,T,495,WB,45,,,,N,,,19:35,120P04729
201302562013-010219            ,BERGEN      ,RUTHERFORD BORO         ,8/20/2013,TU,1813,1,RUTHERFORD PD            ,,0,0,0,0,P,B,N,N,1,3,NJ 3                                              ,W,3,,00000003__      ,4.95,2,2,2,1,1,1,1,2,,,,,,,,45,,,,N,,86,18:15,120+04739
2017025617-16359               ,BERGEN      ,RUTHERFORD BORO         ,9/3/2017,SU,1136,1,RUTHERFORD PD            ,,0,0,0,0,P,B,N,N,11,1,NJ 3                                              ,W,3,,00000003__      ,5,2,,1,2,1,2,1,1,,,W,,,,,55,,,,N,,67,11:35,120+04739
2018025618-16984               ,BERGEN      ,RUTHERFORD BORO         ,8/13/2018,MO,1722,1,RUTHERFORD PD            ,,0,0,0,0,P,B,N,N,1,2,NJ 3                                              ,W,3,,00000003__      ,5.3,2,,2,2,1,2,1,2,,,,,,,,55,,,,N,,62,17:20,120P04738
2016025616-22640               ,BERGEN      ,RUTHERFORD BORO         ,10/22/2016,SA,1241,1,RUTHERFORD PD            ,,0,0,0,0,P,B,N,N,2,2,NJ 3                                              ,W,3,,00000003__      ,6.2,2,1,2,2,5,2,1,1,,,W,,,,,55,,,,N,,76,12:40,120P04737
2.02E+15,HUDSON      ,NORTH BERGEN TWP        ,1/9/2015,F ,2312,1,NORTH BERGEN PD          ,15002624,0,0,0,0,P,B,N,N,11,1,NJ 3                                              ,W,3,,00000003__      ,,2,1,2,1,6,1,4,,,,,,,,,45,,,,N,,55,23:10,120+07449
2017025617-16488               ,BERGEN      ,RUTHERFORD BORO         ,9/5/2017,TU,1728,1,RUTHERFORD PD            ,,0,0,0,0,P,B,N,N,1,2,NJ 3                                              ,W,3,,00000003__      ,5.3,2,,2,1,1,1,1,1,,,,,,,,55,,,,N,,89,17:30,120P04738
2018025618-16985               ,BERGEN      ,RUTHERFORD BORO         ,8/13/2018,MO,1744,1,RUTHERFORD PD            ,,0,1,0,0,I,B,N,N,1,2,NJ 3                                              ,W,3,,00000003__      ,5.3,2,,2,2,1,2,1,2,,,,,,,,55,,,,N,,62,17:45,120P04738
201302562013-010266            ,BERGEN      ,RUTHERFORD BORO         ,8/21/2013,W ,2103,1,RUTHERFORD PD            ,,0,0,0,0,P,B,N,N,15,1,NJ 3                                              ,W,3,,00000003__      ,6.1,2,2,2,1,6,1,1,1,,,,,,,,45,,,,N,,84,21:05,120P04737
201302562013-010273            ,BERGEN      ,RUTHERFORD BORO         ,8/22/2013,TH,31,1,RUTHERFORD PD            ,,0,0,0,0,P,B,N,N,1,2,NJ 3                                              ,W,3,,00000003__      ,5,2,3,2,1,6,1,1,2,,,,,F,RIVERSIDE AVE            ,NB,45,,,,N,,65,3:30,120+04739
2016025616-22787               ,BERGEN      ,RUTHERFORD BORO         ,10/24/2016,M ,1641,1,RUTHERFORD PD            ,,0,0,0,0,P,B,N,N,2,2,NJ 3                                              ,W,3,,00000003__      ,5,2,2,2,1,1,1,1,1,,,W,,,,,55,,,,N,,88,16:40,120+04739
2017025617-16531               ,BERGEN      ,RUTHERFORD BORO         ,9/6/2017,WE,1607,1,RUTHERFORD PD            ,,0,1,0,0,I,B,N,N,1,3,NJ 3                                              ,W,3,,00000003__      ,5,2,,2,2,1,2,1,1,,,,,,,,55,,,,N,,91,16:05,120+04739
2018025618-16987               ,BERGEN      ,RUTHERFORD BORO         ,8/13/2018,MO,1758,1,RUTHERFORD PD            ,,0,0,0,0,P,B,N,N,1,2,NJ 3                                              ,W,3,,00000003__      ,5.3,2,,2,2,1,2,1,1,,,,,,,,55,,,,N,,98,18:00,120P04738
2.02E+15,HUDSON      ,NORTH BERGEN TWP        ,1/18/2015,S ,1632,1,NORTH BERGEN PD          ,15-005153      ,0,5,0,0,I,B,N,N,1,3,NJ 3                                              ,W,3,,00000003__      ,,2,1,2,2,6,2,4,1,,,,,,,,40,,,,N,NONE                                                                            ,,16:30,120+07449
201302562013-010434            ,BERGEN      ,RUTHERFORD BORO         ,8/25/2013,S ,1535,1,RUTHERFORD PD            ,,0,2,0,0,I,B,N,N,1,2,NJ 3                                              ,W,3,,00000003__      ,4.95,2,5,2,1,1,1,1,2,,,,,F,RIVERSIDE AVE            ,WB,45,,,,N,,85,15:35,120+04739
2018025618-17138               ,BERGEN      ,RUTHERFORD BORO         ,8/15/2018,WE,1801,1,RUTHERFORD PD            ,,0,0,0,0,P,B,N,N,1,3,NJ 3                                              ,W,3,,00000003__      ,5.3,2,,2,1,1,1,1,1,,,W,,,,,55,,,,N,,,18:00,120P04738
2017025617-16534               ,BERGEN      ,RUTHERFORD BORO         ,9/6/2017,WE,1737,1,RUTHERFORD PD            ,,0,0,0,0,P,B,N,N,1,2,NJ 3                                              ,W,3,,00000003__      ,5.4,2,,2,2,1,2,1,1,,,,,,,,55,,,,N,,91,17:35,120P04738
2014025614-25746               ,BERGEN      ,RUTHERFORD BORO         ,12/9/2014,TU,729,1,RUTHERFORD PD            ,,0,0,0,0,P,B,N,N,1,2,NJ 3                                              ,W,3,,00000003__      ,6.2,2,5,2,2,1,2,1,1,,,,,,,,55,,40.81178,74.10341,N,,40,7:30,120P04737
2016025616-22788               ,BERGEN      ,RUTHERFORD BORO         ,10/24/2016,M ,1731,1,RUTHERFORD PD            ,,0,0,0,0,P,B,N,N,2,2,NJ 3                                              ,W,3,,00000003__      ,6.4,2,5,2,1,1,1,1,1,,,,,,,,55,,,,N,,86,17:30,120+04737
2014025614-25777               ,BERGEN      ,RUTHERFORD BORO         ,12/9/2014,TU,1436,1,RUTHERFORD PD            ,,0,1,0,0,I,B,N,N,11,1,NJ 3                                              ,W,3,,00000003__      ,5,2,5,2,2,1,2,1,1,,,,,,,,55,,,,N,,40,14:35,120+04739
2018025618-17140               ,BERGEN      ,RUTHERFORD BORO         ,8/15/2018,WE,1808,1,RUTHERFORD PD            ,,0,0,0,0,P,B,N,N,1,2,NJ 3                                              ,W,3,,00000003__      ,5.3,2,,2,1,1,1,1,2,,,,,,,,55,,,,N,,99,18:10,120P04738
2017025617-16613               ,BERGEN      ,RUTHERFORD BORO         ,9/7/2017,TH,1900,1,RUTHERFORD PD            ,,0,1,0,0,I,B,N,N,1,2,NJ 3                                              ,W,3,,00000003__      ,5.6,2,,2,1,1,1,1,1,,,,,,,,55,,,,N,,93,19:00,120+04738
201302562013-010582            ,BERGEN      ,RUTHERFORD BORO         ,8/28/2013,W ,1859,1,RUTHERFORD PD            ,,0,0,0,0,P,B,N,N,2,2,NJ 3                                              ,W,3,,00000003__      ,6.2,2,1,2,1,3,1,1,2,,,,,,,,45,,,,N,,84,19:00,120P04737
2014025614-25782               ,BERGEN      ,RUTHERFORD BORO         ,12/9/2014,TU,1512,1,RUTHERFORD PD            ,,0,0,0,0,P,B,N,N,2,2,NJ 3                                              ,W,3,,00000003__      ,5,2,5,2,2,1,2,1,1,,,N,,,,,55,,,,N,,40,15:10,120+04739
2016025616-22879               ,BERGEN      ,RUTHERFORD BORO         ,10/25/2016,TU,1641,1,RUTHERFORD PD            ,,0,0,0,0,P,B,N,N,1,2,NJ 3                                              ,W,3,,00000003__      ,5.5,2,2,2,1,1,1,1,1,,,N,,,,,55,,,,N,,88,16:40,120P04738
2017025617-16614               ,BERGEN      ,RUTHERFORD BORO         ,9/7/2017,TH,1901,1,RUTHERFORD PD            ,,0,1,0,0,I,B,N,N,1,2,NJ 3                                              ,W,3,,00000003__      ,5.5,2,,2,1,1,1,1,1,,,,,,,,55,,,,N,,86,19:00,120P04738
2.02E+15,HUDSON      ,NORTH BERGEN TWP        ,2/3/2015,TU,1037,1,NORTH BERGEN PD          ,,0,2,0,0,I,B,N,N,1,2,NJ 3                                              ,W,3,,00000003__      ,,2,1,2,2,1,1,2,1,,,,,,,,50,,,,N,,,10:35,120+07449
2016025616-22883               ,BERGEN      ,RUTHERFORD BORO         ,10/25/2016,TU,1832,1,RUTHERFORD PD            ,,0,0,0,0,P,B,N,N,1,2,NJ 3                                              ,W,3,,00000003__      ,5.3,2,1,2,1,6,1,1,1,,,W,,,,,55,,,,N,,69,18:30,120P04738
2017025617-16622               ,BERGEN      ,RUTHERFORD BORO         ,9/7/2017,TH,2017,1,RUTHERFORD PD            ,,0,0,0,0,P,B,N,N,1,2,NJ 3                                              ,W,3,,00000003__      ,5.5,2,,2,1,3,1,1,1,,,,,,,,55,,,,N,,62,20:15,120P04738
2018025618-17216               ,BERGEN      ,RUTHERFORD BORO         ,8/16/2018,TH,1955,1,RUTHERFORD PD            ,,0,0,0,0,P,B,N,N,2,2,NJ 3                                              ,W,3,,00000003__      ,6.2,2,,2,1,1,1,1,1,,,,,,,,55,,,,N,,97,19:55,120P04737
2014025614-25864               ,BERGEN      ,RUTHERFORD BORO         ,12/10/2014,W ,1649,1,RUTHERFORD PD            ,,0,0,0,0,P,B,N,N,1,2,NJ 3                                              ,W,3,,00000003__      ,6.3,2,3,2,2,6,3,1,1,,,,,,,,55,,,,N,,56,16:50,120P04737
2017025617-16819               ,BERGEN      ,RUTHERFORD BORO         ,9/11/2017,MO,827,1,RUTHERFORD PD            ,,0,0,0,0,P,B,N,N,1,2,NJ 3                                              ,W,3,,00000003__      ,5,2,,2,1,1,1,1,1,,,,,,,,55,,,,N,,93,8:25,120+04739
2014025614-26020               ,BERGEN      ,RUTHERFORD BORO         ,12/12/2014,F ,1729,1,RUTHERFORD PD            ,,0,0,0,0,P,B,N,N,2,2,NJ 3                                              ,W,3,,00000003__      ,5.2,2,2,1,1,6,1,1,1,,,,,,,,55,,40.82063,74.11999,N,,,17:30,120P04738
2016025616-22889               ,BERGEN      ,RUTHERFORD BORO         ,10/25/2016,TU,1859,1,RUTHERFORD PD            ,,0,0,0,0,P,B,N,N,1,2,NJ 3                                              ,W,3,,00000003__      ,5.2,2,1,2,1,6,1,1,1,,,,,,,,55,,,,N,,69,19:00,120P04738
2018025618-17227               ,BERGEN      ,RUTHERFORD BORO         ,8/16/2018,TH,2240,1,RUTHERFORD PD            ,,0,0,0,0,P,B,N,N,1,2,NJ 3                                              ,W,3,,00000003__      ,6.5,2,,2,1,6,1,1,1,,,,,,,,55,,,,N,,97,22:40,120+04737
2014025614-26022               ,BERGEN      ,RUTHERFORD BORO         ,12/12/2014,F ,1751,1,RUTHERFORD PD            ,,0,0,0,0,P,B,N,N,1,2,NJ 3                                              ,W,3,,00000003__      ,5.1,2,2,1,1,6,1,1,1,,,,,,,,55,,,,N,,86,17:50,120+04739
2016025616-22893               ,BERGEN      ,RUTHERFORD BORO         ,10/25/2016,TU,1924,1,RUTHERFORD PD            ,,0,0,0,0,P,B,N,N,2,2,NJ 3                                              ,W,3,,00000003__      ,5.9,2,1,2,1,6,1,1,1,,,,,,,,55,,,,N,,67,19:25,120P04737
201302562013-010977            ,BERGEN      ,RUTHERFORD BORO         ,9/6/2013,F ,1211,1,RUTHERFORD PD            ,,0,0,0,0,P,B,N,N,1,2,NJ 3                                              ,W,3,,00000003__      ,6.1,2,1,2,1,1,1,1,2,,,,,F,ROUTE 17                 ,SB,45,,,,N,NONE                                                                            ,43,12:10,120P04737
2017025617-16900               ,BERGEN      ,RUTHERFORD BORO         ,9/12/2017,TU,1250,1,RUTHERFORD PD            ,,0,0,0,0,P,B,N,N,1,2,NJ 3                                              ,W,3,,00000003__      ,6.4,2,,2,1,1,1,1,1,,,,,,,,55,,,,N,,62,12:50,120+04737
2.02E+15,HUDSON      ,NORTH BERGEN TWP        ,3/10/2015,TU,703,1,NORTH BERGEN PD          ,15019406,0,0,0,0,P,I,N,N,1,2,NJ 3                                              ,W,3,,00000003__      ,10.84,2,4,2,1,1,1,1,1,,AT,,US 1 / US 9                        ,,,,40,40,,,N,NONE                                                                            ,108,7:05,120P13767
201302562013-011038            ,BERGEN      ,RUTHERFORD BORO         ,9/7/2013,SA,1731,1,RUTHERFORD PD            ,,0,0,0,0,P,B,N,N,1,2,NJ 3                                              ,W,3,,00000003__      ,5,2,5,2,1,1,1,1,2,,,,,F,RIVERSIDE AVE            ,NB,45,,,,N,,85,17:30,120+04739
2016025616-22967               ,BERGEN      ,RUTHERFORD BORO         ,10/26/2016,W ,1743,1,RUTHERFORD PD            ,,0,0,0,0,P,B,N,N,2,2,NJ 3                                              ,W,3,,00000003__      ,5,2,2,2,1,1,1,1,1,,,,,,,,55,,,,N,,76,17:45,120+04739
2014025614-26249               ,BERGEN      ,RUTHERFORD BORO         ,12/15/2014,M ,1720,1,RUTHERFORD PD            ,,0,0,0,0,P,B,N,N,1,2,NJ 3                                              ,W,3,,00000003__      ,6.3,2,1,2,1,6,1,1,1,,,,,,,,55,,,,N,,56,17:20,120P04737
2018025618-17467               ,BERGEN      ,RUTHERFORD BORO         ,8/21/2018,TU,1618,1,RUTHERFORD PD            ,,0,1,0,0,I,B,N,N,1,3,NJ 3                                              ,W,3,,00000003__      ,6.4,2,,2,1,1,1,1,1,,,,,,,,55,,,,N,,,16:20,120+04737
2018025618-17470               ,BERGEN      ,RUTHERFORD BORO         ,8/21/2018,TU,1742,1,RUTHERFORD PD            ,,0,1,0,0,I,B,N,N,1,2,NJ 3                                              ,W,3,,00000003__      ,5,2,,2,1,1,1,1,1,,,,,,,,55,,,,N,,97,17:40,120+04739
2014025614-26254               ,BERGEN      ,RUTHERFORD BORO         ,12/15/2014,M ,1752,1,RUTHERFORD PD            ,,0,0,0,0,P,B,N,N,1,2,NJ 3                                              ,W,3,,00000003__      ,6.3,2,2,2,1,6,1,1,1,,,,,,,,55,,,,N,,56,17:50,120P04737
2014025614-26404               ,BERGEN      ,RUTHERFORD BORO         ,12/17/2014,W ,1633,1,RUTHERFORD PD            ,,0,0,0,0,P,I,N,N,1,2,NJ 3                                              ,W,3,,00000003__      ,5,2,1,1,1,6,1,1,1,,AT,W,,,,,55,,40.82242,74.12299,N,,,16:35,120+04739
2016025616-23154               ,BERGEN      ,RUTHERFORD BORO         ,10/28/2016,F ,1935,1,RUTHERFORD PD            ,,0,1,0,0,I,B,Y,N,1,2,NJ 3                                              ,W,3,,00000003__      ,5.7,2,1,2,1,6,1,1,1,,,,,,,,55,,,,N,,91,19:35,120+04738
2.02E+15,HUDSON      ,NORTH BERGEN TWP        ,4/5/2015,S ,1525,1,NORTH BERGEN PD          ,,0,0,0,0,P,I,N,N,99,2,NJ 3                                              ,W,3,,00000003__      ,0,2,4,2,1,1,1,2,1,,AT,,NJ 3                               ,,,,40,40,,,N,NONE                                                                            ,,15:25,120+07449
2014025614-26477               ,BERGEN      ,RUTHERFORD BORO         ,12/18/2014,TH,1823,1,RUTHERFORD PD            ,,0,0,0,0,P,B,N,N,1,2,NJ 3                                              ,W,3,,00000003__      ,5,2,2,2,1,6,1,1,1,,,,,,,,55,,,,N,,69,18:25,120+04739
2016025616-23177               ,BERGEN      ,RUTHERFORD BORO         ,10/29/2016,SA,604,1,RUTHERFORD PD            ,,0,1,0,0,I,B,N,N,1,2,NJ 3                                              ,W,3,,00000003__      ,5,2,1,1,1,6,1,5,1,,,E,,,,,55,,,,N,,93,6:05,120+04739
201302562013-011230            ,BERGEN      ,RUTHERFORD BORO         ,9/12/2013,TH,801,1,RUTHERFORD PD            ,,0,0,0,0,P,B,N,N,1,2,NJ 3                                              ,W,3,,00000003__      ,5,2,6,2,1,1,1,1,2,,,,,F,RIVERSIDE AVENUE         ,NB,45,,,,N,,76,8:00,120+04739
2014025614-26785               ,BERGEN      ,RUTHERFORD BORO         ,12/22/2014,M ,1817,1,RUTHERFORD PD            ,,0,1,0,0,I,B,N,N,1,2,NJ 3                                              ,W,3,,00000003__      ,5,2,1,2,2,6,2,1,1,,,,,,,,55,,40.82242,74.12299,N,,84,18:15,120+04739
2018025618-17665               ,BERGEN      ,RUTHERFORD BORO         ,8/24/2018,FR,1600,1,RUTHERFORD PD            ,,0,0,0,0,P,B,N,N,2,2,NJ 3                                              ,W,3,,00000003__      ,5,2,,2,1,1,1,1,1,,,,,,,,55,,,,N,,97,16:00,120+04739
2016025616-23244               ,BERGEN      ,RUTHERFORD BORO         ,10/30/2016,S ,857,1,RUTHERFORD PD            ,,0,0,0,0,P,B,N,N,2,2,NJ 3                                              ,W,3,,00000003__      ,5.8,2,1,2,1,1,1,1,1,,,E,,,,,55,,,,N,,93,8:55,120+04738
2014025614-26812               ,BERGEN      ,RUTHERFORD BORO         ,12/23/2014,TU,651,1,RUTHERFORD PD            ,,0,0,0,0,P,B,N,N,2,2,NJ 3                                              ,W,3,,00000003__      ,5.5,2,2,2,2,2,2,1,1,,,,,,,,55,,40.81781,74.11557,N,,,6:50,120P04738
201302562013-011270            ,BERGEN      ,RUTHERFORD BORO         ,9/12/2013,TH,2205,1,RUTHERFORD PD            ,,0,2,0,0,I,B,N,N,1,2,NJ 3                                              ,W,3,,00000003__      ,6.1,2,4,2,2,6,1,2,2,,,,,F,ROUTE 17                 ,SB,45,,,,N,,86,22:05,120P04737
2016025616-23390               ,BERGEN      ,RUTHERFORD BORO         ,11/1/2016,TU,918,1,RUTHERFORD PD            ,,0,0,0,0,P,B,N,N,1,2,NJ 3                                              ,W,3,,00000003__      ,6.4,2,1,2,1,1,1,1,1,,,,,,,,55,,,,N,,53,9:20,120+04737
2017025617-17373               ,BERGEN      ,RUTHERFORD BORO         ,9/19/2017,TU,1957,1,RUTHERFORD PD            ,,0,1,0,0,I,B,N,N,1,2,NJ 3                                              ,W,3,,00000003__      ,5,2,,1,2,6,2,1,1,,,,,,,,55,,,,N,,89,19:55,120+04739
2014025614-26850               ,BERGEN      ,RUTHERFORD BORO         ,12/23/2014,TU,1513,1,RUTHERFORD PD            ,,0,0,0,0,P,B,N,N,2,2,NJ 3                                              ,W,3,,00000003__      ,5.3,2,2,2,2,1,2,1,1,,,,,,,,55,,40.81967,74.11856,N,,93,15:15,120P04738
2018025618-17733               ,BERGEN      ,RUTHERFORD BORO         ,8/25/2018,SA,1635,1,RUTHERFORD PD            ,,0,0,0,0,P,B,N,N,1,2,NJ 3                                              ,W,3,,00000003__      ,5.5,2,,2,1,1,1,1,2,,,N,,,,,55,,,,N,,97,16:35,120P04738
2017025617-17770               ,BERGEN      ,RUTHERFORD BORO         ,9/25/2017,MO,1726,1,RUTHERFORD PD            ,,0,0,0,0,P,B,N,N,2,2,NJ 3                                              ,W,3,,00000003__      ,5,2,,1,1,1,1,1,1,,,,,,,,55,,,,N,,93,17:25,120+04739
2018025618-17740               ,BERGEN      ,RUTHERFORD BORO         ,8/25/2018,SA,1711,1,RUTHERFORD PD            ,,0,1,0,0,I,B,N,N,1,2,NJ 3                                              ,W,3,,00000003__      ,6.12,2,,2,1,1,1,5,1,1000,FE,N,ORIENT WAY                         ,,,,40,35,,,N,,97,17:10,120P04737
201302562013-011439            ,BERGEN      ,RUTHERFORD BORO         ,9/16/2013,M ,1623,1,RUTHERFORD PD            ,,0,0,0,0,P,B,N,N,2,2,NJ 3                                              ,W,3,,00000003__      ,6.5,2,2,2,1,1,1,1,2,,,,,,,,45,,,,N,,85,16:25,120+04737
201302562013-011496            ,BERGEN      ,RUTHERFORD BORO         ,9/17/2013,TU,1917,1,RUTHERFORD PD            ,,0,1,0,0,I,B,N,N,2,2,NJ 3                                              ,W,3,,00000003__      ,5.5,2,1,2,1,6,1,1,2,,,,,,,,45,,,,N,,76,19:15,120P04738
2014025614-27455               ,BERGEN      ,RUTHERFORD BORO         ,12/30/2014,TU,1727,1,RUTHERFORD PD            ,,0,0,0,0,P,B,N,N,1,2,NJ 3                                              ,W,3,,00000003__      ,5.5,2,1,2,1,6,1,1,1,,,,,,,,55,,40.81781,74.11557,N,,56,17:25,120P04738
2018025618-17776               ,BERGEN      ,RUTHERFORD BORO         ,8/26/2018,SU,444,1,RUTHERFORD PD            ,,0,1,0,0,I,B,N,N,11,1,NJ 3                                              ,W,3,,00000003__      ,5.8,2,,2,1,6,1,1,2,,,,,,,,55,,,,N,,99,4:45,120+04738
2017025617-17858               ,BERGEN      ,RUTHERFORD BORO         ,9/27/2017,WE,134,1,RUTHERFORD PD            ,,0,0,0,0,P,B,N,N,11,1,NJ 3                                              ,W,3,,00000003__      ,6.4,2,,2,1,6,1,2,1,,,,,T,ROUTE 17                 ,NB,55,,,,N,,91,1:35,120+04737