CRASH_ID,CTY_NAME,MUN_NAME,DATE,DAY,TIME,POL_CODE,POL_DEPT,POL_STA,KILLED,INJURED,PED_KILL,PED_INJ,SEVERITY,INTERSEC,ALCOHOL,HAZMAT,CRASH_TYPE,VEH_COUNT,LOCATION,LOC_DIR,ROUTE,RT_SFX,SRI,MP,RD_SYS,RD_CHAR,RD_SURF,SURF_COND,LIGHT,WEATHER,RD_DIV,RD_WRKZN,X_DIST,DIST_UNT,X_DIR,X_NAME,IS_RAMP,RAMP_RT,RAMP_DIR,SPD_LMT,SPD_X,LAT,LONG,CELL_USE,PROP_DMG,BADGE,TIME_ROUND,TMC
2014025614-3416                ,BERGEN      ,RUTHERFORD BORO         ,3/27/2014,TH,1933,1,CLIFTON PD               ,,0,0,0,0,P,B,N,N,1,2,NJ 3                                              ,W,3,,00000003__      ,5.04,2,2,2,1,3,1,1,1,792,FE,E,NJ 21                              ,,,,55,55,40.82206,74.12235,N,NONE                                                                            ,5007,19:35,120+04739
2016025616-23694               ,BERGEN      ,RUTHERFORD BORO         ,11/4/2016,F ,2009,1,RUTHERFORD PD            ,,0,0,0,0,P,B,N,N,1,2,NJ 3                                              ,W,3,,00000003__      ,5.2,2,2,2,1,6,1,1,1,,,,,,,,55,,,,N,,85,20:10,120P04738
201302562013-011509            ,BERGEN      ,RUTHERFORD BORO         ,9/18/2013,W ,818,1,RUTHERFORD PD            ,,0,1,0,0,I,B,N,N,1,2,NJ 3                                              ,W,3,,00000003__      ,5.7,2,2,2,1,1,1,1,2,,,,,,,,45,,,,N,,40,8:20,120+04738
2018025618-18046               ,BERGEN      ,RUTHERFORD BORO         ,8/30/2018,TH,731,1,RUTHERFORD PD            ,,0,0,0,0,P,B,N,N,2,2,NJ 3                                              ,W,3,,00000003__      ,6.5,2,,2,1,1,1,1,1,,,,,,,,55,,,,N,,76,7:30,120+04737
2.02E+15,HUDSON      ,NORTH BERGEN TWP        ,5/16/2015,SA,2326,1,NORTH BERGEN PD          ,,0,0,0,0,P,B,N,N,2,2,NJ 3                                              ,W,3,,00000003__      ,,2,1,2,2,6,2,4,1,,,,,,,,40,,,,N,,,23:25,120+07449
2017025617-17913               ,BERGEN      ,RUTHERFORD BORO         ,9/27/2017,WE,1633,1,RUTHERFORD PD            ,,0,0,0,0,P,B,N,N,1,2,NJ 3                                              ,W,3,,00000003__      ,6.2,2,,2,1,1,1,1,1,,,,,,,,55,,,,N,,83,16:35,120P04737
20140256BC-14-012676           ,BERGEN      ,RUTHERFORD BORO         ,3/21/2014,F ,1610,3,BERGEN CO PD             ,PARAMUS        ,0,0,0,0,P,I,N,N,1,2,NJ 3                                              ,W,3,,00000003__      ,6.36,2,1,2,1,1,1,1,2,,AT,N,NJ 17                              ,,,,50,50,40.81059,74.10006,N,NONE                                                                            ,295,16:10,120+04737
2016025616-23881               ,BERGEN      ,RUTHERFORD BORO         ,11/7/2016,M ,807,1,RUTHERFORD PD            ,,0,0,0,0,P,B,N,N,1,2,NJ 3                                              ,W,3,,00000003__      ,5,2,2,1,1,1,1,1,1,,,,,,,,55,,,,N,,89,8:05,120+04739
201302562013-011652            ,BERGEN      ,RUTHERFORD BORO         ,9/21/2013,SA,1507,1,RUTHERFORD PD            ,,0,1,0,0,I,B,N,N,1,2,NJ 3                                              ,W,3,,00000003__      ,5.5,2,1,2,1,1,1,1,2,,,,,,,,45,,,,N,,84,15:05,120P04738
2018025618-18094               ,BERGEN      ,RUTHERFORD BORO         ,8/30/2018,TH,2116,1,RUTHERFORD PD            ,,0,0,0,0,P,B,N,N,6,2,NJ 3                                              ,W,3,,00000003__      ,6.5,2,,2,1,6,1,1,2,,,,,,,,55,,,,N,,99,21:15,120+04737
201302562013-011655            ,BERGEN      ,RUTHERFORD BORO         ,9/21/2013,SA,1601,1,RUTHERFORD PD            ,,0,0,0,0,P,B,N,N,1,2,NJ 3                                              ,W,3,,00000003__      ,5,2,2,2,1,1,1,1,2,,,,,F,RIVERSIDE AVENUE         ,SB,45,,,,N,,84,16:00,120+04739
2017025617-18321               ,BERGEN      ,RUTHERFORD BORO         ,10/4/2017,WE,1623,1,RUTHERFORD PD            ,,0,0,0,0,P,B,N,N,1,2,NJ 3                                              ,W,3,,00000003__      ,5.7,2,,2,1,1,1,1,1,,,,,,,,55,,,,N,,62,16:25,120+04738
2018025618-18101               ,BERGEN      ,RUTHERFORD BORO         ,8/30/2018,TH,2208,1,RUTHERFORD PD            ,,0,0,0,0,P,B,N,N,1,3,NJ 3                                              ,W,3,,00000003__      ,6.7,2,,1,1,6,1,1,1,,,,,,,,55,,,,N,,,22:10,120+04737
2018025618-18103               ,BERGEN      ,RUTHERFORD BORO         ,8/30/2018,TH,2225,1,RUTHERFORD PD            ,,0,0,0,0,P,B,N,N,1,2,NJ 3                                              ,W,3,,00000003__      ,6.5,2,,2,1,6,1,1,2,,,,,,,,55,,,,N,,99,22:25,120+04737
201302562013-011769            ,BERGEN      ,RUTHERFORD BORO         ,9/24/2013,TU,915,1,RUTHERFORD PD            ,,0,1,0,0,I,B,N,N,2,3,NJ 3                                              ,W,3,,00000003__      ,5,2,1,1,1,1,1,1,2,,,,,,,,45,,,,N,,76,9:15,120+04739
2018025618-18114               ,BERGEN      ,RUTHERFORD BORO         ,8/31/2018,FR,8,1,RUTHERFORD PD            ,,0,0,0,0,P,B,N,N,2,2,NJ 3                                              ,W,3,,00000003__      ,5,2,,2,1,6,1,1,2,,,,,,,,55,,,,N,,99,8:10,120+04739
2016025616-24135               ,BERGEN      ,RUTHERFORD BORO         ,11/10/2016,TH,1842,1,RUTHERFORD PD            ,,0,0,0,0,P,B,N,N,1,2,NJ 3                                              ,W,3,,00000003__      ,5.3,2,1,2,1,6,1,1,1,,,,,,,,55,,,,N,,83,18:40,120P04738
2017025617-18338               ,BERGEN      ,RUTHERFORD BORO         ,10/9/2017,MO,1351,1,RUTHERFORD PD            ,,0,0,0,0,P,B,N,N,1,2,NJ 3                                              ,W,3,,00000003__      ,6.1,2,,2,2,1,2,1,1,,,,,,,,55,,,,N,,61,13:50,120P04737
2.02E+15,HUDSON      ,NORTH BERGEN TWP        ,6/23/2015,TU,1707,1,NORTH BERGEN PD          ,,0,0,0,0,P,I,N,N,2,2,NJ 3                                              ,W,3,,00000003__      ,10.24,2,4,2,1,1,1,1,1,,AT,,US 1                               ,,,,40,,,,N,NONE                                                                            ,,17:05,120P04729
2018025618-18447               ,BERGEN      ,RUTHERFORD BORO         ,9/4/2018,TU,1410,1,RUTHERFORD PD            ,,0,0,0,0,P,B,N,N,11,1,NJ 3                                              ,W,3,,00000003__      ,5,2,,2,1,1,1,1,2,,,,,,,,55,,,,N,APPROXIMATELY 5 CARBRO CONSTRUCTION BARRELS DAMAGED.                            ,97,14:10,120+04739
2017025617-18436               ,BERGEN      ,RUTHERFORD BORO         ,10/6/2017,FR,1608,1,RUTHERFORD PD            ,,0,0,0,0,P,B,N,N,1,2,NJ 3                                              ,W,3,,00000003__      ,5.1,2,,2,1,1,1,1,1,,,,,,,,55,,,,N,,56,16:10,120+04739
201302562013-011770            ,BERGEN      ,RUTHERFORD BORO         ,9/24/2013,TU,933,1,RUTHERFORD PD            ,,0,0,0,0,P,I,N,N,3,2,NJ 3                                              ,W,3,,00000003__      ,5.5,2,1,2,1,1,1,5,2,,AT,W,,F,MARGINAL ROAD            ,,45,,,,N,,87,9:35,120P04738
2016025616-24145               ,BERGEN      ,RUTHERFORD BORO         ,11/10/2016,TH,1934,1,RUTHERFORD PD            ,,0,0,0,0,P,I,N,N,2,2,NJ 3                                              ,W,3,,00000003__      ,6.4,2,1,2,1,6,1,1,1,,AT,W,,,,,55,,,,N,,83,19:35,120+04737
2018025618-18653               ,BERGEN      ,RUTHERFORD BORO         ,9/6/2018,TH,1921,1,RUTHERFORD PD            ,,0,1,0,0,I,B,N,N,1,4,NJ 3                                              ,W,3,,00000003__      ,5.5,2,,2,2,6,1,1,1,,,,,,,,55,,,,N,,65,19:20,120P04738
201302562013-011801            ,BERGEN      ,RUTHERFORD BORO         ,9/24/2013,TU,2039,1,RUTHERFORD PD            ,,0,0,0,0,P,B,N,N,1,2,NJ 3                                              ,W,3,,00000003__      ,5.7,2,2,2,1,6,1,5,2,,,,,T,RIDGE ROAD               ,SB,45,,,,N,,86,20:40,120+04738
2017025617-18539               ,BERGEN      ,RUTHERFORD BORO         ,10/8/2017,SU,816,1,RUTHERFORD PD            ,,0,1,0,0,I,B,N,N,11,1,NJ 3                                              ,W,3,,00000003__      ,6.3,2,,2,2,1,2,1,1,,,,,,,,55,,,,N,,53,8:15,120P04737
2018025618-18656               ,BERGEN      ,RUTHERFORD BORO         ,9/6/2018,TH,1935,1,RUTHERFORD PD            ,,0,0,0,0,P,B,N,N,1,2,NJ 3                                              ,W,3,,00000003__      ,5.5,2,,2,2,3,1,1,1,,,,,,,,55,,,,N,,98,19:35,120P04738
2016025616-24337               ,BERGEN      ,RUTHERFORD BORO         ,11/13/2016,S ,1725,1,RUTHERFORD PD            ,,0,0,0,0,P,B,N,N,1,2,NJ 3                                              ,W,3,,00000003__      ,6.8,2,1,2,1,6,1,1,1,,,W,,,,,55,,,,N,,67,17:25,120+04737
2.01E+15,HUDSON      ,NORTH BERGEN TWP        ,2/11/2014,TU,609,1,NORTH BERGEN PD          ,14-011728      ,0,1,0,0,I,B,N,N,6,2,NJ 3                                              ,W,3,,00000003__      ,10.5,2,5,2,1,6,1,1,1,500,FE,W,NJ 495                             ,,,,40,40,,,N,,,6:10,120P13767
201302562013-011816            ,BERGEN      ,RUTHERFORD BORO         ,9/25/2013,W ,1006,1,RUTHERFORD PD            ,,0,1,0,0,I,B,N,N,1,2,NJ 3                                              ,W,3,,00000003__      ,5,2,5,2,1,1,1,1,2,,,,,F,RT 507 / RIVERSIDE ?     ,,45,,,,N,,50,10:05,120+04739
2016025616-24404               ,BERGEN      ,RUTHERFORD BORO         ,11/14/2016,M ,1605,1,RUTHERFORD PD            ,,0,0,0,0,P,B,N,N,1,2,NJ 3                                              ,W,3,,00000003__      ,5.2,2,1,2,1,6,1,1,1,,,N,,,,,55,,,,N,,95,16:05,120P04738
2.02E+15,HUDSON      ,NORTH BERGEN TWP        ,7/8/2015,W ,810,1,NORTH BERGEN PD          ,15-055281      ,0,0,0,0,P,B,N,N,1,3,NJ 3                                              ,W,3,,00000003__      ,10.85,2,1,1,1,1,1,4,1,,,S,US 1 / US 9                        ,,,,40,40,,,N,,,8:10,120P13767
2016025616-24448               ,BERGEN      ,RUTHERFORD BORO         ,11/15/2016,TU,630,1,RUTHERFORD PD            ,,0,0,0,0,P,I,N,N,3,2,NJ 3                                              ,W,3,,00000003__      ,5.93,2,1,2,2,2,2,5,1,,AT,N,ORIENT WAY                         ,,,,40,35,,,N,,93,6:30,120P04737
201302562013-011887            ,BERGEN      ,RUTHERFORD BORO         ,9/26/2013,TH,2101,1,RUTHERFORD PD            ,,0,1,0,0,I,I,N,N,15,1,NJ 3                                              ,W,3,,00000003__      ,5,2,2,2,1,6,1,1,2,,AT,W,,,,,45,,,,N,,86,21:00,120+04739
2.01E+15,HUDSON      ,NORTH BERGEN TWP        ,4/1/2014,TU,1344,1,NORTH BERGEN PD          ,14-025264      ,0,0,0,0,P,B,N,N,1,2,NJ 3                                              ,W,3,,00000003__      ,,2,1,2,1,1,1,5,1,,,,,,,,50,,,,N,NONE                                                                            ,,13:45,120+07449
2.02E+15,HUDSON      ,NORTH BERGEN TWP        ,7/31/2015,F ,1105,1,NORTH BERGEN PD          ,,0,2,0,0,I,B,N,N,1,3,NJ 3                                              ,W,3,,00000003__      ,,2,1,2,1,1,1,1,1,,,,,,,,40,,,,N,,,11:05,120+07449
2016025616-24736               ,BERGEN      ,RUTHERFORD BORO         ,11/18/2016,F ,1804,1,RUTHERFORD PD            ,,0,0,0,0,P,B,N,N,1,2,NJ 3                                              ,W,3,,00000003__      ,5.6,2,1,2,1,6,1,1,1,,,W,,,,,55,,,,N,,83,18:05,120+04738
2.01E+15,HUDSON      ,NORTH BERGEN TWP        ,4/7/2014,M ,1002,1,NORTH BERGEN PD          ,14-026961      ,0,0,0,0,P,I,N,N,1,2,NJ 3                                              ,W,3,,00000003__      ,10.84,2,1,2,1,1,1,1,1,,AT,,US 1 / US 9                        ,,,,50,40,40.77298,74.04226,N,,,10:00,120P13767
201302562013-012120            ,BERGEN      ,RUTHERFORD BORO         ,10/1/2013,TU,1605,1,RUTHERFORD PD            ,,0,1,0,0,I,B,N,N,1,2,NJ 3                                              ,W,3,,00000003__      ,6.4,2,1,2,1,1,1,1,2,,,,,,,,55,,,,N,,85,16:05,120+04737
201302562013-012155            ,BERGEN      ,RUTHERFORD BORO         ,10/2/2013,W ,858,1,RUTHERFORD PD            ,,0,0,0,0,P,B,N,N,15,1,NJ 3                                              ,W,3,,00000003__      ,5,2,2,1,1,1,1,1,2,,,,,,,,45,,,,N,,87,9:00,120+04739
2016025616-24944               ,BERGEN      ,RUTHERFORD BORO         ,11/21/2016,M ,1754,1,RUTHERFORD PD            ,,0,0,0,0,P,B,N,N,1,2,NJ 3                                              ,W,3,,00000003__      ,5,2,2,1,1,6,1,1,1,,,W,,,,,55,,,,N,,88,17:55,120+04739
2017025617-18701               ,BERGEN      ,RUTHERFORD BORO         ,10/10/2017,TU,1538,1,RUTHERFORD PD            ,,0,1,0,0,I,B,N,N,1,2,NJ 3                                              ,W,3,,00000003__      ,5.5,2,,2,1,1,1,1,1,,,,,,,,55,,,,N,,65,15:40,120P04738
2018025618-18840               ,BERGEN      ,RUTHERFORD BORO         ,9/9/2018,SU,1658,1,RUTHERFORD PD            ,,0,0,0,0,P,B,N,N,2,2,NJ 3                                              ,W,3,,00000003__      ,6.4,2,,2,2,1,2,1,1,,,,,,,,55,,,,N,,97,17:00,120+04737
2.01E+15,HUDSON      ,NORTH BERGEN TWP        ,4/11/2014,F ,840,1,NORTH BERGEN PD          ,14-028249      ,0,0,0,0,P,B,N,N,1,2,NJ 3                                              ,W,3,,00000003__      ,7.9,2,1,2,1,1,1,1,1,,,,BEFORE TURNPIKE                    ,,,,40,,,,N,NONE                                                                            ,,8:40,120+04734
2.02E+15,HUDSON      ,NORTH BERGEN TWP        ,8/24/2015,M ,545,1,NORTH BERGEN PD          ,15-068311      ,0,0,0,0,P,B,N,N,1,2,NJ 3                                              ,W,3,,00000003__      ,,2,1,2,1,6,1,1,1,,,,,,,,40,,,,N,NONE                                                                            ,,5:45,120+07449
2016025616-25101               ,BERGEN      ,RUTHERFORD BORO         ,11/23/2016,W ,1723,1,RUTHERFORD PD            ,,0,0,0,0,P,B,N,N,1,2,NJ 3                                              ,W,3,,00000003__      ,5,2,2,2,1,6,1,1,1,,,W,,,,,55,,,,N,,87,17:25,120+04739
201302562013-012197            ,BERGEN      ,RUTHERFORD BORO         ,10/3/2013,TH,701,1,RUTHERFORD PD            ,,0,0,0,0,P,B,N,N,1,2,NJ 3                                              ,W,3,,00000003__      ,5.6,2,1,2,1,1,1,1,2,,,,,,,,45,,,,N,,52,7:00,120+04738
2017025617-18771               ,BERGEN      ,RUTHERFORD BORO         ,10/11/2017,WE,1458,1,RUTHERFORD PD            ,,0,1,0,0,I,B,N,N,1,3,NJ 3                                              ,W,3,,00000003__      ,6.3,2,,2,1,1,1,1,1,,,,,,,,55,,,,N,MINOR SCRPAES TO CONCRETE BARRIER MEDIAN.                                       ,89,15:00,120P04737
2.02E+15,HUDSON      ,NORTH BERGEN TWP        ,8/24/2015,M ,930,1,NORTH BERGEN PD          ,15-068345      ,0,0,0,0,P,B,N,N,2,2,NJ 3                                              ,W,3,,00000003__      ,,2,1,2,1,1,1,5,1,,,,,,,,50,,,,N,NONE                                                                            ,,9:30,120+07449
201302562013-012198            ,BERGEN      ,RUTHERFORD BORO         ,10/3/2013,TH,701,1,RUTHERFORD PD            ,,0,0,0,0,P,I,N,N,1,2,NJ 3                                              ,W,3,,00000003__      ,5.1,2,1,2,1,1,1,1,2,,AT,W,,,,,45,,,,N,,60,7:00,120+04739
2017025617-18786               ,BERGEN      ,RUTHERFORD BORO         ,10/11/2017,WE,1729,1,RUTHERFORD PD            ,,0,0,0,0,P,B,N,N,1,2,NJ 3                                              ,W,3,,00000003__      ,5.5,2,,2,1,1,5,1,1,,,,,,,,55,,,,N,,89,17:30,120P04738
2016025616-25175               ,BERGEN      ,RUTHERFORD BORO         ,11/24/2016,TH,1659,1,RUTHERFORD PD            ,,0,0,0,0,P,B,N,N,1,3,NJ 3                                              ,W,3,,00000003__      ,5.7,2,2,2,2,6,2,1,1,,,N,,T,NJ 17                    ,,40,,,,N,,89,17:00,120+04738
2016025616-25180               ,BERGEN      ,RUTHERFORD BORO         ,11/24/2016,TH,1808,1,RUTHERFORD PD            ,,0,0,0,0,P,B,N,N,1,2,NJ 3                                              ,W,3,,00000003__      ,5,2,2,1,2,6,2,1,1,,,W,,,,,55,,,,N,,76,18:10,120+04739
201302562013-012203            ,BERGEN      ,RUTHERFORD BORO         ,10/3/2013,TH,941,1,RUTHERFORD PD            ,,0,0,0,0,P,I,N,N,1,3,NJ 3                                              ,W,3,,00000003__      ,5.4,2,1,2,1,1,1,1,2,,AT,W,,,,,45,,,,N,,60,9:40,120P04738
2018025618-19118               ,BERGEN      ,RUTHERFORD BORO         ,9/13/2018,TH,1755,1,RUTHERFORD PD            ,,0,0,0,0,P,B,N,N,1,2,NJ 3                                              ,W,3,,00000003__      ,6.4,2,,2,1,1,1,1,1,,,,,,,,55,,,,N,,97,17:55,120+04737
2.01E+15,HUDSON      ,NORTH BERGEN TWP        ,4/23/2014,W ,2010,1,NORTH BERGEN PD          ,14-031653      ,0,0,0,0,P,B,N,N,1,2,NJ 3                                              ,W,3,,00000003__      ,,2,1,2,1,6,1,4,1,,,,,,,,35,,,,N,NONE                                                                            ,,20:10,120+07449
2016025616-25229               ,BERGEN      ,RUTHERFORD BORO         ,11/25/2016,F ,1646,1,RUTHERFORD PD            ,,0,0,0,0,P,B,N,N,1,2,NJ 3                                              ,W,3,,00000003__      ,5,2,1,1,1,6,1,1,1,,,W,,,,,55,,,,N,,91,16:45,120+04739
201302562013-012206            ,BERGEN      ,RUTHERFORD BORO         ,10/3/2013,TH,952,1,RUTHERFORD PD            ,,0,0,0,0,P,B,N,N,2,2,NJ 3                                              ,W,3,,00000003__      ,5.1,2,1,2,1,1,1,1,2,,,,,,,,45,,,,N,,60,9:50,120+04739
2017025617-18869               ,BERGEN      ,RUTHERFORD BORO         ,10/12/2017,TH,1723,1,RUTHERFORD PD            ,,0,0,0,0,P,B,N,N,1,2,NJ 3                                              ,W,3,,00000003__      ,6.8,2,,1,1,1,1,1,1,,,,,,,,55,,,,N,,89,17:25,120+04737
2.02E+15,HUDSON      ,NORTH BERGEN TWP        ,9/11/2015,F ,1905,1,NORTH BERGEN PD          ,15-073495      ,0,0,0,0,P,B,N,N,1,2,NJ 3                                              ,W,3,,00000003__      ,10.85,2,1,2,1,1,1,4,1,,,,US 1 / US 9                        ,,,,40,,,,N,,,19:05,120P13767
201302562013-012214            ,BERGEN      ,RUTHERFORD BORO         ,10/3/2013,TH,1428,1,RUTHERFORD PD            ,,0,0,0,0,P,B,N,N,1,2,NJ 3                                              ,W,3,,00000003__      ,5.1,2,2,2,1,1,1,1,2,,,,,,,,45,,,,N,,52,14:30,120+04739
2016025616-25370               ,BERGEN      ,RUTHERFORD BORO         ,11/28/2016,M ,744,1,RUTHERFORD PD            ,,0,0,0,0,P,B,N,N,15,1,NJ 3                                              ,W,3,,00000003__      ,5,2,2,2,1,1,1,1,1,,,W,,,,,55,,,,N,,94,7:45,120+04739
201302562013-012318            ,BERGEN      ,RUTHERFORD BORO         ,10/5/2013,SA,1935,1,RUTHERFORD PD            ,,0,0,0,0,P,I,N,N,1,2,NJ 3                                              ,W,3,,00000003__      ,5.7,2,1,2,1,6,1,1,2,,AT,W,,,,,45,,,,N,,84,19:35,120+04738
2017025617-19054               ,BERGEN      ,RUTHERFORD BORO         ,10/15/2017,SU,1719,1,RUTHERFORD PD            ,,0,1,0,0,I,B,N,N,1,3,NJ 3                                              ,W,3,,00000003__      ,6.3,2,,2,1,1,1,1,1,,,W,,,,,55,,,,N,,,17:20,120P04737
2.02E+15,HUDSON      ,NORTH BERGEN TWP        ,10/2/2015,F ,1049,1,NORTH BERGEN PD          ,,0,0,0,0,P,B,N,N,1,2,NJ 3                                              ,W,3,,00000003__      ,,2,1,2,2,1,2,1,1,,,,,,,,50,,,,N,YES  SIGN KNOCKED DOWN                                                          ,,10:50,120+07449
201302562013-012395            ,BERGEN      ,RUTHERFORD BORO         ,10/7/2013,M ,1758,1,RUTHERFORD PD            ,,0,0,0,0,P,I,N,N,1,2,NJ 3                                              ,W,3,,00000003__      ,5.4,2,2,2,2,3,2,1,2,,AT,W,,,,,45,,,,N,,85,18:00,120P04738
2016025616-25371               ,BERGEN      ,RUTHERFORD BORO         ,11/28/2016,M ,751,1,RUTHERFORD PD            ,,0,0,0,0,P,B,N,N,15,1,NJ 3                                              ,W,3,,00000003__      ,6.2,2,2,2,1,1,1,1,1,,,,,,,,55,,,,N,,56,7:50,120P04737
201302562013-012430            ,BERGEN      ,RUTHERFORD BORO         ,10/8/2013,TU,1211,1,RUTHERFORD PD            ,,0,0,0,0,P,B,N,N,11,1,NJ 3                                              ,W,3,,00000003__      ,5,2,1,2,1,1,1,1,2,,,,,F,RIVERSIDE AVE /RT 507    ,,45,,,,N,30' SECTION OF NJDOT GUARDRAIL                                                  ,43,12:10,120+04739
2017025617-19333               ,BERGEN      ,RUTHERFORD BORO         ,10/19/2017,TH,1612,1,RUTHERFORD PD            ,,0,0,0,0,P,B,N,N,1,4,NJ 3                                              ,W,3,,00000003__      ,5.1,2,,2,1,1,1,1,1,,,,,,,,55,,,,N,,65,16:10,120+04739
2018025618-19217               ,BERGEN      ,RUTHERFORD BORO         ,9/14/2018,FR,1938,1,RUTHERFORD PD            ,,0,1,0,0,I,B,N,N,1,3,NJ 3                                              ,W,3,,00000003__      ,5.8,2,,2,1,6,1,1,2,,,,,,,,55,,,,N,,,19:40,120+04738
2016025616-25373               ,BERGEN      ,RUTHERFORD BORO         ,11/28/2016,M ,802,1,RUTHERFORD PD            ,,0,0,0,0,P,I,N,N,15,5,NJ 3                                              ,W,3,,00000003__      ,6.4,2,1,2,1,1,1,1,1,,AT,W,,,,,55,,,,N,,87,8:00,120+04737
2.02E+15,HUDSON      ,NORTH BERGEN TWP        ,10/3/2015,SA,857,1,NORTH BERGEN PD          ,,0,1,0,0,I,B,N,N,15,1,NJ 3                                              ,W,3,,00000003__      ,,2,1,2,2,3,2,4,1,,,,,,,,50,,,,N,MINIMUM TO A POLE/NO UTILITY POLE NUMBER AT THIS TIME.                          ,,8:55,120+07449
2017025617-19349               ,BERGEN      ,RUTHERFORD BORO         ,10/19/2017,TH,1952,1,RUTHERFORD PD            ,,0,0,0,0,P,B,N,N,1,2,NJ 3                                              ,W,3,,00000003__      ,5,2,,2,1,6,1,1,1,,,,,,,,55,,,,N,,88,19:50,120+04739
2018025618-19235               ,BERGEN      ,RUTHERFORD BORO         ,9/14/2018,FR,2331,1,RUTHERFORD PD            ,,0,1,0,0,I,B,N,N,1,2,NJ 3                                              ,W,3,,00000003__      ,5.5,2,,2,1,6,1,1,2,,,,,,,,55,,,,N,,62,23:30,120P04738
201302562013-012434            ,BERGEN      ,RUTHERFORD BORO         ,10/8/2013,TU,1313,1,RUTHERFORD PD            ,,0,1,0,0,I,I,N,N,1,2,NJ 3                                              ,W,3,,00000003__      ,5.6,2,1,2,1,1,1,1,2,,AT,W,,,,,45,,,,N,,60,13:15,120+04738
2016025616-25377               ,BERGEN      ,RUTHERFORD BORO         ,11/28/2016,M ,821,1,RUTHERFORD PD            ,,0,0,0,0,P,B,N,N,1,2,NJ 3                                              ,W,3,,00000003__      ,6.2,2,2,2,1,1,1,1,1,,,W,,,,,55,,,,N,,56,8:20,120P04737
2.02E+15,HUDSON      ,NORTH BERGEN TWP        ,10/3/2015,SA,1611,1,NORTH BERGEN PD          ,15-080091      ,0,1,0,0,I,B,N,N,3,2,NJ 3                                              ,W,3,,00000003__      ,,2,1,3,1,1,1,4,1,,,,,,,,40,,,,N,,,16:10,120+07449
201302562013-012506            ,BERGEN      ,RUTHERFORD BORO         ,10/9/2013,W ,1847,1,RUTHERFORD PD            ,,0,0,0,0,P,I,N,N,1,2,NJ 3                                              ,W,3,,00000003__      ,5.7,2,1,2,1,6,1,1,2,,AT,W,,,,,45,,,,N,,85,18:45,120+04738
2017025617-19412               ,BERGEN      ,RUTHERFORD BORO         ,10/20/2017,FR,1946,1,RUTHERFORD PD            ,,0,1,0,0,I,B,N,N,2,2,NJ 3                                              ,W,3,,00000003__      ,5.7,2,,2,1,6,1,1,1,,,,,,,,55,,,,N,,76,19:45,120+04738
2018025618-19354               ,BERGEN      ,RUTHERFORD BORO         ,9/16/2018,SU,1754,1,RUTHERFORD PD            ,,0,0,0,0,P,B,N,N,1,2,NJ 3                                              ,W,3,,00000003__      ,6,2,,2,1,1,1,1,2,,,,,,,,55,,,,N,,56,17:55,120P04737
2.01E+15,HUDSON      ,NORTH BERGEN TWP        ,5/24/2014,SA,2333,1,NORTH BERGEN PD          ,14-039826      ,0,0,0,0,P,I,N,N,11,1,NJ 3                                              ,W,3,,00000003__      ,10.46,2,4,2,1,6,1,3,1,,AT,W,NJ 495                             ,,,,25,25,40.7777,74.0457,N,NONE                                                                            ,,23:35,120+04729
2.02E+15,HUDSON      ,NORTH BERGEN TWP        ,10/10/2015,SA,742,1,NORTH BERGEN PD          ,,0,1,0,0,I,B,N,N,1,2,NJ 3                                              ,W,3,,00000003__      ,10.85,2,1,2,1,1,1,1,1,,,,US 1 / US 9                        ,,,,55,,,,N,NONE                                                                            ,,7:40,120P13767
201302562013-012721            ,BERGEN      ,RUTHERFORD BORO         ,10/15/2013,TU,845,1,RUTHERFORD PD            ,,0,0,0,0,P,I,N,N,1,2,NJ 3                                              ,W,3,,00000003__      ,5,2,2,2,1,1,1,1,2,,AT,W,,,,,45,,,,N,,60,8:45,120+04739
2018025618-19403               ,BERGEN      ,RUTHERFORD BORO         ,9/17/2018,MO,1538,1,RUTHERFORD PD            ,,0,0,0,0,P,B,N,N,1,2,NJ 3                                              ,W,3,,00000003__      ,5.1,2,,2,1,1,1,1,1,,,,,,,,55,,,,N,,99,15:40,120+04739
2016025616-25529               ,BERGEN      ,RUTHERFORD BORO         ,11/30/2016,W ,818,1,RUTHERFORD PD            ,,0,0,0,0,P,B,N,N,1,2,NJ 3                                              ,W,3,,00000003__      ,5.2,2,1,2,2,1,2,1,1,,,,,,,,55,,,,N,,91,8:20,120P04738
2.01E+15,HUDSON      ,NORTH BERGEN TWP        ,5/29/2014,TH,959,1,NORTH BERGEN PD          ,14-041057      ,0,0,0,0,P,I,N,N,1,2,NJ 3                                              ,W,3,,00000003__      ,10.9,2,4,2,1,1,1,1,1,,AT,N,TONNELLE AVE                       ,,,,40,40,,,N,,,10:00,120P13767
201302562013-012734            ,BERGEN      ,RUTHERFORD BORO         ,10/15/2013,TU,1228,1,RUTHERFORD PD            ,,0,0,0,0,P,I,N,N,2,2,NJ 3                                              ,W,3,,00000003__      ,5.2,2,1,2,1,1,1,1,2,,AT,W,,,,,45,,,,N,,67,12:30,120P04738
2018025618-19461               ,BERGEN      ,RUTHERFORD BORO         ,9/18/2018,TU,1445,1,RUTHERFORD PD            ,,0,1,0,0,I,B,N,N,1,2,NJ 3                                              ,W,3,,00000003__      ,5.3,2,,2,2,1,2,1,1,,,,,,,,55,,,,N,,,14:45,120P04738
2016025616-25550               ,BERGEN      ,RUTHERFORD BORO         ,11/30/2016,W ,1403,1,RUTHERFORD PD            ,,0,0,0,0,P,B,N,N,2,2,NJ 3                                              ,W,3,,00000003__      ,6.4,2,3,2,2,1,2,1,1,,,,,,,,55,,,,N,,65,14:05,120+04737
201302562013-012736            ,BERGEN      ,RUTHERFORD BORO         ,10/15/2013,TU,1246,1,RUTHERFORD PD            ,,0,0,0,0,P,I,N,N,2,2,NJ 3                                              ,W,3,,00000003__      ,5,2,1,2,1,1,1,1,2,,AT,W,,,,,45,,,,N,,67,12:45,120+04739
2018025618-19662               ,BERGEN      ,RUTHERFORD BORO         ,9/21/2018,FR,813,1,RUTHERFORD PD            ,,0,0,0,0,P,B,N,N,1,2,NJ 3                                              ,W,3,,00000003__      ,5,2,,2,1,1,1,1,1,,,,,,,,55,,,,N,,99,8:15,120+04739
2017025617-19545               ,BERGEN      ,RUTHERFORD BORO         ,10/22/2017,SU,2021,1,RUTHERFORD PD            ,,0,0,0,0,P,B,N,N,1,3,NJ 3                                              ,W,3,,00000003__      ,6.8,2,,1,1,6,1,1,1,,,W,,,,,55,,,,N,,83,20:20,120+04737
2.01E+15,HUDSON      ,NORTH BERGEN TWP        ,6/29/2014,S ,1126,1,NORTH BERGEN PD          ,14-049622      ,0,0,0,0,P,I,N,N,1,2,NJ 3                                              ,W,3,,00000003__      ,,2,1,2,1,1,1,1,,,AT,,,T,TURNPIKE ENTRAN          ,WB,65,,,,N,NONE                                                                            ,,11:25,120+07449