CRASH_ID,CTY_NAME,MUN_NAME,DATE,DAY,TIME,POL_CODE,POL_DEPT,POL_STA,KILLED,INJURED,PED_KILL,PED_INJ,SEVERITY,INTERSEC,ALCOHOL,HAZMAT,CRASH_TYPE,VEH_COUNT,LOCATION,LOC_DIR,ROUTE,RT_SFX,SRI,MP,RD_SYS,RD_CHAR,RD_SURF,SURF_COND,LIGHT,WEATHER,RD_DIV,RD_WRKZN,X_DIST,DIST_UNT,X_DIR,X_NAME,IS_RAMP,RAMP_RT,RAMP_DIR,SPD_LMT,SPD_X,LAT,LONG,CELL_USE,PROP_DMG,BADGE,TIME_ROUND,TMC
2.02E+15,HUDSON      ,NORTH BERGEN TWP        ,10/16/2015,F ,849,1,NORTH BERGEN PD          ,15-083768      ,0,0,0,0,P,B,N,N,1,2,NJ 3                                              ,W,3,,00000003__      ,,2,1,2,1,1,1,1,1,,,,,,,,45,,,,N,,,8:50,120+07449
2018025618-19687               ,BERGEN      ,RUTHERFORD BORO         ,9/21/2018,FR,1541,1,RUTHERFORD PD            ,,0,0,0,0,P,B,N,N,2,2,NJ 3                                              ,W,3,,00000003__      ,5,2,,2,1,1,1,1,1,,,,,,,,55,,,,N,,99,15:40,120+04739
2016025616-25710               ,BERGEN      ,RUTHERFORD BORO         ,12/2/2016,F ,1723,1,RUTHERFORD PD            ,,0,0,0,0,P,B,N,N,2,2,NJ 3                                              ,W,3,,00000003__      ,5.3,2,1,2,1,3,1,1,1,,,,,,,,55,,,,N,,95,17:25,120P04738
2017025617-19549               ,BERGEN      ,RUTHERFORD BORO         ,10/22/2017,SU,2125,1,RUTHERFORD PD            ,,0,0,0,0,P,B,N,N,11,1,NJ 3                                              ,W,3,,00000003__      ,5.7,2,,2,1,6,1,1,1,,,W,,,,,55,,,,N,,83,21:25,120+04738
201302562013-012749            ,BERGEN      ,RUTHERFORD BORO         ,10/15/2013,TU,1835,1,RUTHERFORD PD            ,,0,0,0,0,P,I,N,N,1,2,NJ 3                                              ,W,3,,00000003__      ,5.9,2,1,2,1,3,1,1,2,,AT,W,,,,,45,,,,N,,85,18:35,120P04737
2.02E+15,HUDSON      ,NORTH BERGEN TWP        ,10/21/2015,W ,620,1,NORTH BERGEN PD          ,,0,1,0,0,I,B,N,N,10,1,NJ 3                                              ,W,3,,00000003__      ,,2,4,2,1,2,1,1,1,,,,,F,RT 495                   ,WB,50,,,,N,,,6:20,120+07449
2016025616-25887               ,BERGEN      ,RUTHERFORD BORO         ,12/5/2016,M ,1557,1,RUTHERFORD PD            ,,0,0,0,0,P,B,N,N,1,2,NJ 3                                              ,W,3,,00000003__      ,5,2,2,2,1,1,1,1,1,,,W,,,,,55,,,,N,,88,15:55,120+04739
2017025617-19592               ,BERGEN      ,RUTHERFORD BORO         ,10/23/2017,MO,1428,1,RUTHERFORD PD            ,,0,1,0,0,I,B,N,N,2,2,NJ 3                                              ,W,3,,00000003__      ,6.3,2,,2,1,1,1,1,1,,,,,,,,55,,,,N,,65,14:30,120P04737
2.01E+15,HUDSON      ,NORTH BERGEN TWP        ,7/7/2014,M ,903,1,NORTH BERGEN PD          ,14-051928      ,0,0,0,0,P,B,N,N,1,2,NJ 3                                              ,W,3,,00000003__      ,,2,4,2,1,1,1,4,1,,,,,,,,25,,,,N,NONE                                                                            ,,9:05,120+07449
201302562013-012930            ,BERGEN      ,RUTHERFORD BORO         ,10/19/2013,SA,1211,1,RUTHERFORD PD            ,,0,0,0,0,P,I,N,N,1,2,NJ 3                                              ,W,3,,00000003__      ,5,2,2,2,1,1,1,1,2,,AT,W,,F,RIVERSIDE AVENUE         ,,45,,,,N,,52,12:10,120+04739
2017025617-19596               ,BERGEN      ,RUTHERFORD BORO         ,10/23/2017,MO,1627,1,RUTHERFORD PD            ,,0,0,0,0,P,B,N,N,1,2,NJ 3                                              ,W,3,,00000003__      ,6.1,2,,2,1,1,1,1,1,,,,,,,,55,,,,N,,67,16:25,120P04737
2018025618-19829               ,BERGEN      ,RUTHERFORD BORO         ,9/23/2018,SU,1327,1,RUTHERFORD PD            ,,0,2,0,0,I,B,N,N,1,2,NJ 3                                              ,W,3,,00000003__      ,6.4,2,,2,1,1,1,1,1,,,,,F,NJ 17                    ,NB,55,,,,N,,,13:25,120+04737
201302562013-012933            ,BERGEN      ,RUTHERFORD BORO         ,10/19/2013,SA,1330,1,RUTHERFORD PD            ,,0,0,0,0,P,I,N,N,1,2,NJ 3                                              ,W,3,,00000003__      ,5.01,2,2,2,1,1,1,1,2,,AT,W,ROUTE 507 / RIVERSIDE AVE          ,,,,45,,,,N,,50,13:30,120+04739
2016025616-26043               ,BERGEN      ,RUTHERFORD BORO         ,12/7/2016,W ,1703,1,RUTHERFORD PD            ,,0,0,0,0,P,B,N,N,2,2,NJ 3                                              ,W,3,,00000003__      ,5.1,2,1,2,1,6,1,5,1,,,W,,,,,55,,,,N,,83,17:05,120+04739
2018025618-19893               ,BERGEN      ,RUTHERFORD BORO         ,9/24/2018,MO,1604,1,RUTHERFORD PD            ,,0,1,0,0,I,B,N,N,1,2,NJ 3                                              ,W,3,,00000003__      ,6.7,2,,2,1,1,1,1,1,,,,,,,,55,,,,N,,69,16:05,120+04737
2.01E+15,HUDSON      ,NORTH BERGEN TWP        ,7/26/2014,SA,828,1,NORTH BERGEN PD          ,14-057456      ,0,0,0,0,P,B,N,N,1,2,NJ 3                                              ,W,3,,00000003__      ,,2,1,2,1,1,1,1,1,,,,,,,,50,,,,N,NONE                                                                            ,,8:30,120+07449
2.02E+15,HUDSON      ,NORTH BERGEN TWP        ,11/10/2015,TU,713,1,NORTH BERGEN PD          ,,0,0,0,0,P,B,N,N,1,3,NJ 3                                              ,W,3,,00000003__      ,,2,1,2,,1,1,1,1,,,,,,,,40,,,,N,NONE                                                                            ,,7:15,120+07449
201302562013-012996            ,BERGEN      ,RUTHERFORD BORO         ,10/21/2013,M ,1129,1,RUTHERFORD PD            ,,0,0,0,0,P,I,N,N,1,2,NJ 3                                              ,W,3,,00000003__      ,5.01,2,3,2,1,1,1,2,2,,AT,W,ROUTE 507 / RIVERSIDE AVE          ,,,,45,,,,N,,50,11:30,120+04739
2016025616-26183               ,BERGEN      ,RUTHERFORD BORO         ,12/9/2016,F ,1604,1,RUTHERFORD PD            ,,0,1,0,0,I,B,N,N,1,2,NJ 3                                              ,W,3,,00000003__      ,5.5,2,2,2,1,1,1,1,1,,,,,,,,55,,,,N,,,16:05,120P04738
2.01E+15,HUDSON      ,NORTH BERGEN TWP        ,7/26/2014,SA,1319,1,NORTH BERGEN PD          ,14-057511      ,0,0,0,0,P,B,N,N,1,2,NJ 3                                              ,W,3,,00000003__      ,,2,1,2,1,1,1,1,1,,,,,,,,50,,,,N,NONE                                                                            ,,13:20,120+07449
2018025618-20028               ,BERGEN      ,RUTHERFORD BORO         ,9/26/2018,WE,757,1,RUTHERFORD PD            ,,0,1,0,0,I,B,N,N,1,2,NJ 3                                              ,W,3,,00000003__      ,5,2,,2,2,1,1,1,1,,,,,,,,55,,,,N,,99,7:55,120+04739
201302562013-013064            ,BERGEN      ,RUTHERFORD BORO         ,10/23/2013,W ,703,1,RUTHERFORD PD            ,,0,0,0,0,P,I,N,N,1,2,NJ 3                                              ,W,3,,00000003__      ,5.01,2,5,2,1,2,1,2,2,,AT,W,ROUTE 507 / RIVERSIDE AVE          ,,,,25,,,,N,,40,7:05,120+04739
2016025616-26315               ,BERGEN      ,RUTHERFORD BORO         ,12/12/2016,M ,410,1,RUTHERFORD PD            ,,0,0,0,0,P,B,N,N,11,1,NJ 3                                              ,W,3,,00000003__      ,6.4,2,4,2,2,6,2,2,1,,,W,,T,RT. 17 N / SERVICE ?     ,NB,55,,,,N,,91,4:10,120+04737
2.02E+15,HUDSON      ,NORTH BERGEN TWP        ,11/12/2015,TH,1521,1,NORTH BERGEN PD          ,,0,0,0,0,P,B,N,N,1,2,NJ 3                                              ,W,3,,00000003__      ,10.24,2,1,2,1,1,1,1,1,,,,,,,,50,,,,N,NONE                                                                            ,,15:20,120P04729
2.01E+15,HUDSON      ,NORTH BERGEN TWP        ,7/27/2014,S ,914,1,NORTH BERGEN PD          ,14-057727      ,0,0,0,0,P,B,N,N,11,1,NJ 3                                              ,W,3,,00000003__      ,,2,1,2,1,1,1,1,1,,,,,,,,50,,,,N,NONE                                                                            ,,9:15,120+07449
201302562013-013070            ,BERGEN      ,RUTHERFORD BORO         ,10/23/2013,W ,802,1,RUTHERFORD PD            ,,0,0,0,0,P,I,N,N,1,2,NJ 3                                              ,W,3,,00000003__      ,5,2,1,2,1,1,1,1,2,,AT,W,,F,RIVERSIDE AVE (BC50?     ,,45,,,,N,NONE                                                                            ,43,8:00,120+04739
2018025618-20031               ,BERGEN      ,RUTHERFORD BORO         ,9/26/2018,WE,802,1,RUTHERFORD PD            ,,0,0,0,0,P,B,N,N,1,2,NJ 3                                              ,W,3,,00000003__      ,5.1,2,,2,2,1,1,1,1,,,,,,,,55,,,,N,,95,8:00,120+04739
2017025617-19858               ,BERGEN      ,RUTHERFORD BORO         ,10/27/2017,FR,1700,1,RUTHERFORD PD            ,,0,0,0,0,P,B,N,N,1,2,NJ 3                                              ,W,3,,00000003__      ,5.6,2,,2,1,1,1,1,1,,,,,,,,55,,,,N,,67,17:00,120+04738
2016025616-26334               ,BERGEN      ,RUTHERFORD BORO         ,12/12/2016,M ,1037,1,RUTHERFORD PD            ,,0,1,0,0,I,B,N,N,11,1,NJ 3                                              ,W,3,,00000003__      ,6.4,2,1,2,2,1,5,1,1,,,W,,,,,55,,,,N,,83,10:35,120+04737
2.02E+15,HUDSON      ,NORTH BERGEN TWP        ,11/13/2015,F ,1215,1,NORTH BERGEN PD          ,,0,0,0,0,P,B,N,N,1,2,NJ 3                                              ,W,3,,00000003__      ,10.85,2,1,1,1,1,1,4,1,,,S,US 1 / US 9                        ,,,,40,40,,,N,NONE                                                                            ,,12:15,120P13767
201302562013-013089            ,BERGEN      ,RUTHERFORD BORO         ,10/23/2013,W ,1317,1,RUTHERFORD PD            ,,0,0,0,0,P,B,N,N,2,2,NJ 3                                              ,W,3,,00000003__      ,5,2,2,2,1,1,5,1,2,,,,,,,,45,,,,N,,40,13:15,120+04739
2017025617-19931               ,BERGEN      ,RUTHERFORD BORO         ,10/28/2017,SA,1825,1,RUTHERFORD PD            ,,0,0,0,0,P,B,N,N,1,2,NJ 3                                              ,W,3,,00000003__      ,5.2,2,,2,1,6,1,1,1,,,,,,,,55,,,,N,,93,18:25,120P04738
2.01E+15,HUDSON      ,NORTH BERGEN TWP        ,8/5/2014,TU,1701,1,NORTH BERGEN PD          ,14-060325      ,0,0,0,0,P,B,N,N,1,2,NJ 3                                              ,W,3,,00000003__      ,,2,1,2,1,1,1,1,1,,,,,,,,50,,,,N,NONE                                                                            ,,17:00,120+07449
2.02E+15,HUDSON      ,NORTH BERGEN TWP        ,11/13/2015,F ,1909,1,NORTH BERGEN PD          ,,0,0,0,0,P,B,N,N,2,2,NJ 3                                              ,W,3,,00000003__      ,,2,1,2,1,6,1,1,0,,,,,,,,40,,,,N,NONE                                                                            ,,19:10,120+07449
2016025616-26665               ,BERGEN      ,RUTHERFORD BORO         ,12/16/2016,F ,1253,1,RUTHERFORD PD            ,,0,1,0,0,I,B,N,N,1,2,NJ 3                                              ,W,3,,00000003__      ,5,2,1,2,1,1,1,1,1,,,,,,,,55,,,,N,,83,12:55,120+04739
2017025617-19933               ,BERGEN      ,RUTHERFORD BORO         ,10/28/2017,SA,1836,1,RUTHERFORD PD            ,,0,0,0,0,P,B,N,N,1,2,NJ 3                                              ,W,3,,00000003__      ,5.2,2,,2,1,6,1,1,1,,,,,,,,55,,,,N,,93,18:35,120P04738
201302562013-013114            ,BERGEN      ,RUTHERFORD BORO         ,10/23/2013,W ,2334,1,RUTHERFORD PD            ,,0,5,0,0,I,I,N,N,1,4,NJ 3                                              ,W,3,,00000003__      ,5.7,2,1,2,1,6,1,1,2,,AT,W,,,,,45,,,,N,,69,23:35,120+04738
2.02E+15,HUDSON      ,NORTH BERGEN TWP        ,11/14/2015,SA,1846,1,NORTH BERGEN PD          ,15-092452      ,0,0,0,0,P,B,N,N,2,2,NJ 3                                              ,W,3,,00000003__      ,,2,1,2,1,6,1,4,1,,,,,,,,40,,,,N,,,18:45,120+07449
2016025616-26688               ,BERGEN      ,RUTHERFORD BORO         ,12/16/2016,F ,1748,1,RUTHERFORD PD            ,,0,0,0,0,P,B,N,N,1,2,NJ 3                                              ,W,3,,00000003__      ,5.5,2,1,2,1,6,1,1,1,,,W,,,,,55,,,,N,,53,17:50,120P04738
201302562013-013278            ,BERGEN      ,RUTHERFORD BORO         ,10/27/2013,S ,1502,1,RUTHERFORD PD            ,,0,0,0,0,P,I,N,N,15,1,NJ 3                                              ,W,3,,00000003__      ,6.3,2,2,2,1,1,1,1,2,,AT,N,,,,,45,,,,N,,86,15:00,120P04737
2.01E+15,HUDSON      ,NORTH BERGEN TWP        ,8/21/2014,TH,103,1,NORTH BERGEN PD          ,14-064872      ,0,0,0,0,P,B,N,N,2,2,NJ 3                                              ,W,3,,00000003__      ,10.5,2,4,2,1,6,1,3,1,500,FE,W,NJ 495                             ,,,,25,25,,,N,NONE                                                                            ,,1:05,120P13767
201302562013-013299            ,BERGEN      ,RUTHERFORD BORO         ,10/28/2013,M ,804,1,RUTHERFORD PD            ,,0,0,0,0,P,I,N,N,1,3,NJ 3                                              ,W,3,,00000003__      ,5.7,2,1,2,1,1,1,1,2,,AT,W,,,,,45,,,,N,NONE                                                                            ,43,8:05,120+04738
2.01E+15,HUDSON      ,NORTH BERGEN TWP        ,8/27/2014,W ,519,1,NORTH BERGEN PD          ,14-066561      ,0,2,0,0,I,I,N,N,4,2,NJ 3                                              ,W,3,,00000003__      ,0,2,4,2,1,2,1,2,1,,AT,,RAMP A                             ,,,,40,15,,,N,,,5:20,120+07449
201302562013-013326            ,BERGEN      ,RUTHERFORD BORO         ,10/28/2013,M ,1848,1,RUTHERFORD PD            ,,0,0,0,0,P,I,N,N,2,2,NJ 3                                              ,W,3,,00000003__      ,5.7,2,2,2,1,6,1,5,1,,AT,W,,T,RIDGE ROAD               ,,45,,,,N,,62,18:50,120+04738
2018025618-20422               ,BERGEN      ,RUTHERFORD BORO         ,10/1/2018,MO,1600,1,RUTHERFORD PD            ,,0,1,0,0,I,B,N,N,1,2,NJ 3                                              ,W,3,,00000003__      ,6.3,2,,2,1,1,1,1,2,,,,,,,,55,,,,N,,99,16:00,120P04737
2017025617-20077               ,BERGEN      ,RUTHERFORD BORO         ,10/30/2017,MO,1646,1,RUTHERFORD PD            ,,0,0,0,0,P,B,N,N,2,2,NJ 3                                              ,W,3,,00000003__      ,6.4,2,,2,1,1,1,1,1,,,,,,,,55,,,,N,,94,16:45,120+04737
2.02E+15,HUDSON      ,NORTH BERGEN TWP        ,11/21/2015,SA,57,1,NORTH BERGEN PD          ,15-094556      ,0,0,0,0,P,B,N,N,2,2,NJ 3                                              ,W,3,,00000003__      ,,2,1,2,1,6,1,4,1,,,,,,,,50,,,,N,,,5:55,120+07449
2018025618-20427               ,BERGEN      ,RUTHERFORD BORO         ,10/1/2018,MO,1636,1,RUTHERFORD PD            ,,0,0,0,0,P,B,N,N,1,2,NJ 3                                              ,W,3,,00000003__      ,5.7,2,,2,1,1,1,1,2,,,,,,,,55,,,,N,,99,16:35,120+04738
2016025616-26890               ,BERGEN      ,RUTHERFORD BORO         ,12/20/2016,TU,721,1,RUTHERFORD PD            ,,0,0,0,0,P,B,N,N,1,2,NJ 3                                              ,W,3,,00000003__      ,6.4,2,5,2,1,1,1,1,1,,,,,T,ROUTE 17                 ,NB,55,,,,N,,62,7:20,120+04737
2.01E+15,HUDSON      ,NORTH BERGEN TWP        ,9/5/2014,F ,2135,1,NORTH BERGEN PD          ,14-069362      ,0,4,0,0,I,I,N,N,1,2,NJ 3                                              ,W,3,,00000003__      ,10.9,2,1,2,1,6,1,4,1,,AT,E,TONNELLE AVE                       ,,,,40,40,,,N,,,21:35,120P13767
201302562013-013372            ,BERGEN      ,RUTHERFORD BORO         ,10/29/2013,TU,1902,1,RUTHERFORD PD            ,,0,0,0,0,P,I,N,N,1,2,NJ 3                                              ,W,3,,00000003__      ,5,2,5,2,1,6,1,1,2,,AT,W,,F,RIVERSIDE AVENUE         ,SB,50,,,,N,,84,19:00,120+04739
2.01E+15,HUDSON      ,NORTH BERGEN TWP        ,9/19/2014,F ,1520,1,NORTH BERGEN PD          ,14-073141      ,0,1,0,0,I,B,N,N,2,2,NJ 3                                              ,W,3,,00000003__      ,,2,1,2,1,1,1,1,1,,,,,,,,50,,,,N,,,15:20,120+07449
2.02E+15,HUDSON      ,NORTH BERGEN TWP        ,12/11/2015,F ,1730,1,NORTH BERGEN PD          ,15-100407      ,0,0,0,0,P,B,N,N,1,2,NJ 3                                              ,W,3,,00000003__      ,,2,1,2,1,6,1,4,1,,,,,,,,45,,,,N,NONE                                                                            ,,17:30,120+07449
201302562013-013373            ,BERGEN      ,RUTHERFORD BORO         ,10/29/2013,TU,1933,1,RUTHERFORD PD            ,,0,0,0,0,P,B,N,N,2,2,NJ 3                                              ,W,3,,00000003__      ,6.2,2,1,2,1,6,1,1,2,,,,,,,,45,,,,N,,85,19:35,120P04737
2.01E+15,HUDSON      ,NORTH BERGEN TWP        ,10/9/2014,TH,1450,1,NORTH BERGEN PD          ,14-079124      ,0,0,0,0,P,B,N,N,1,2,NJ 3                                              ,W,3,,00000003__      ,,2,4,2,1,1,1,2,1,,,,,,,,55,,,,N,NONE                                                                            ,,14:50,120+07449
2018025618-20584               ,BERGEN      ,RUTHERFORD BORO         ,10/3/2018,WE,1902,1,RUTHERFORD PD            ,,0,2,0,0,I,B,N,N,1,2,NJ 3                                              ,W,3,,00000003__      ,6.2,2,,2,1,6,99,1,2,,,,,,,,55,,,,N,,96,19:00,120P04737
20150908SO-15-010606           ,HUDSON      ,NORTH BERGEN TWP        ,4/28/2015,TU,1854,3,HUDSON CO SHERIFFS DEPT  ,PATROL DIVISION,0,1,0,0,I,B,N,N,2,2,NJ 3                                              ,W,3,,00000003__      ,10.3,2,1,2,1,1,1,2,1,1056,FE,W,NJ 495                             ,,,,50,45,,,N,,415,18:55,120P04729
2016025616-27065               ,BERGEN      ,RUTHERFORD BORO         ,12/22/2016,TH,1800,1,RUTHERFORD PD            ,,0,0,0,0,P,B,N,N,1,2,NJ 3                                              ,W,3,,00000003__      ,5.2,2,1,2,1,6,1,1,1,,,W,,,,,55,,,,N,,95,18:00,120P04738
2018025618-20651               ,BERGEN      ,RUTHERFORD BORO         ,10/4/2018,TH,1654,1,RUTHERFORD PD            ,,0,0,0,0,P,B,N,N,1,2,NJ 3                                              ,W,3,,00000003__      ,5.5,2,,2,1,1,1,1,2,,,,,,,,55,,,,N,,65,16:55,120P04738
20150908SO-15-022034           ,HUDSON      ,NORTH BERGEN TWP        ,8/15/2015,SA,1320,3,HUDSON CO SHERIFFS DEPT  ,PATROL         ,0,0,0,0,P,B,N,N,2,2,NJ 3                                              ,W,3,,00000003__      ,,2,1,2,1,1,1,1,1,,,,,,,,45,,,,N,,1073,13:20,120+07449
2016025616-27077               ,BERGEN      ,RUTHERFORD BORO         ,12/22/2016,TH,2135,1,RUTHERFORD PD            ,,0,0,0,0,P,B,N,N,1,2,NJ 3                                              ,W,3,,00000003__      ,5.7,2,3,2,1,6,1,1,1,,,W,,T,NJ 17 RIDGE ROAD         ,,55,,,,N,,56,21:35,120+04738
2.01E+15,HUDSON      ,NORTH BERGEN TWP        ,11/3/2014,M ,1527,1,NORTH BERGEN PD          ,14-086373      ,0,0,0,0,P,B,N,N,2,2,NJ 3                                              ,W,3,,00000003__      ,,2,5,2,1,1,1,1,1,,,S,,,,,40,,,,N,,,15:25,120+07449
2016025616-27131               ,BERGEN      ,RUTHERFORD BORO         ,12/24/2016,SA,214,1,RUTHERFORD PD            ,,0,0,0,0,P,B,N,N,11,1,NJ 3                                              ,W,3,,00000003__      ,5.6,2,1,2,1,6,1,1,1,,,,,,,,55,,,,Y,,91,2:15,120+04738
201302562013-013580            ,BERGEN      ,RUTHERFORD BORO         ,11/3/2013,S ,1634,1,RUTHERFORD PD            ,,0,0,0,0,P,I,N,N,1,2,NJ 3                                              ,W,3,,00000003__      ,5.8,2,1,2,1,1,1,1,2,,AT,N,,,,,45,,,,N,,S33  ,16:35,120+04738
2018025618-20744               ,BERGEN      ,RUTHERFORD BORO         ,10/6/2018,SA,620,1,RUTHERFORD PD            ,,0,0,0,0,P,B,N,N,11,1,NJ 3                                              ,W,3,,00000003__      ,6.1,2,,2,1,6,1,1,2,,,,,,,,55,,,,N,DEPARTMENT OF TRANSPORTATION LIGHT POLE.                                        ,94,6:20,120P04737
2017025617-20608               ,BERGEN      ,RUTHERFORD BORO         ,11/7/2017,TU,741,1,RUTHERFORD PD            ,,0,1,0,0,I,B,N,N,1,2,NJ 3                                              ,W,3,,00000003__      ,6.3,2,,2,1,1,1,1,1,,,W,,T,NJ 17                    ,NB,55,,,,N,,93,7:40,120P04737
2018025618-20785               ,BERGEN      ,RUTHERFORD BORO         ,10/6/2018,SA,1905,1,RUTHERFORD PD            ,,0,0,0,0,P,B,N,N,1,3,NJ 3                                              ,W,3,,00000003__      ,5.2,2,,2,2,6,2,1,1,,,,,,,,55,,,,N,,53,19:05,120P04738
201302562013-013586            ,BERGEN      ,RUTHERFORD BORO         ,11/3/2013,S ,1808,1,RUTHERFORD PD            ,,0,1,0,0,I,I,N,N,1,3,NJ 3                                              ,W,3,,00000003__      ,5.5,2,1,2,1,6,1,1,2,,AT,W,,,,,45,,,,N,,78,18:10,120P04738
2017025617-20647               ,BERGEN      ,RUTHERFORD BORO         ,11/7/2017,TU,1945,1,RUTHERFORD PD            ,,0,0,0,0,P,B,N,N,1,3,NJ 3                                              ,W,3,,00000003__      ,5.5,2,,2,2,6,2,1,1,,,W,,,,,55,,,,N,,,19:45,120P04738
2.01E+15,HUDSON      ,NORTH BERGEN TWP        ,11/27/2014,TH,16,1,NORTH BERGEN PD          ,14-093388      ,0,0,0,0,P,B,N,N,1,2,NJ 3                                              ,W,3,,00000003__      ,,2,4,2,2,6,1,1,1,,,,,,,,40,,,,N,,,1:15,120+07449
201302562013-013590            ,BERGEN      ,RUTHERFORD BORO         ,11/3/2013,S ,1831,1,RUTHERFORD PD            ,,0,0,0,0,P,I,N,N,1,3,NJ 3                                              ,W,3,,00000003__      ,5,2,1,2,1,6,1,1,2,,AT,W,,,,,45,,,,N,,78,18:30,120+04739
2018025618-20992               ,BERGEN      ,RUTHERFORD BORO         ,10/9/2018,TU,1611,1,RUTHERFORD PD            ,,0,0,0,0,P,B,N,N,1,3,NJ 3                                              ,W,3,,00000003__      ,5.2,2,,2,1,1,1,1,2,,,,,,,,55,,,,N,,96,16:10,120P04738
2017025617-20664               ,BERGEN      ,RUTHERFORD BORO         ,11/8/2017,WE,116,1,RUTHERFORD PD            ,,0,0,0,0,P,B,N,N,11,1,NJ 3                                              ,W,3,,00000003__      ,6.1,2,,2,2,6,1,1,1,,,,,F,NJ 17                    ,SB,40,,,,N,,65,1:15,120P04737
2.01E+15,HUDSON      ,NORTH BERGEN TWP        ,11/29/2014,SA,1829,1,NORTH BERGEN PD          ,14-094049      ,0,0,0,0,P,B,N,N,1,2,NJ 3                                              ,W,3,,00000003__      ,,2,2,2,1,6,1,1,1,,,,,,,,40,,,,N,,,18:30,120+07449
2015090915-000780              ,HUDSON      ,SECAUCUS TOWN           ,1/16/2015,F ,500,1,SECAUCUS PD              ,HQ             ,0,1,0,0,I,B,Y,N,2,2,NJ 3                                              ,W,3,,00000003__      ,8.8,2,1,2,1,6,1,1,1,10,FE,W,MAPLE ST EXIT RAMP                 ,,,,,,,,N,NONE                                                                            ,151,5:00,120+04733
2018025618-21008               ,BERGEN      ,RUTHERFORD BORO         ,10/9/2018,TU,1858,1,RUTHERFORD PD            ,,0,0,0,0,P,B,N,N,1,2,NJ 3                                              ,W,3,,00000003__      ,5,2,,2,1,6,1,1,2,,,,,,,,55,,,,N,,91,19:00,120+04739
201302562013-013618            ,BERGEN      ,RUTHERFORD BORO         ,11/4/2013,M ,1747,1,RUTHERFORD PD            ,,0,0,0,0,P,I,N,N,1,2,NJ 3                                              ,W,3,,00000003__      ,5.7,2,1,2,1,6,1,1,2,,AT,W,,,,,45,,,,N,,84,17:45,120+04738
2017025617-21060               ,BERGEN      ,RUTHERFORD BORO         ,11/14/2017,TU,1752,1,RUTHERFORD PD            ,,0,0,0,0,P,B,N,N,2,2,NJ 3                                              ,W,3,,00000003__      ,5.7,2,,2,1,6,1,1,1,,,,,T,RIDGE ROAD               ,,55,,,,N,,61,17:50,120+04738
2016025616-27267               ,BERGEN      ,RUTHERFORD BORO         ,12/26/2016,M ,2153,1,RUTHERFORD PD            ,,0,0,0,0,P,B,N,N,11,1,NJ 3                                              ,W,3,,00000003__      ,6.1,2,5,2,2,6,2,3,1,,,,,F,NJ 17                    ,SB,55,,,,N,,94,21:55,120P04737
2.01E+15,HUDSON      ,NORTH BERGEN TWP        ,12/6/2014,SA,1631,1,NORTH BERGEN PD          ,14096036,0,0,0,0,P,B,N,N,4,2,NJ 3                                              ,W,3,,00000003__      ,,2,4,2,2,6,2,4,1,,,,,,,,25,,,,N,,103,16:30,120+07449
2017025617-21290               ,BERGEN      ,RUTHERFORD BORO         ,11/17/2017,FR,1740,1,RUTHERFORD PD            ,,0,0,0,0,P,B,N,N,2,2,NJ 3                                              ,W,3,,00000003__      ,5,2,,2,1,3,1,1,1,,,,,,,,55,,,,N,,83,17:40,120+04739
201302562013-013679            ,BERGEN      ,RUTHERFORD BORO         ,11/6/2013,W ,1330,1,RUTHERFORD PD            ,,0,0,0,0,P,B,N,N,2,2,NJ 3                                              ,W,3,,00000003__      ,5.1,2,1,2,1,1,1,1,2,,,,,,,,45,,,,N,,50,13:30,120+04739
2016025616-27303               ,BERGEN      ,RUTHERFORD BORO         ,12/27/2016,TU,1727,1,RUTHERFORD PD            ,,0,0,0,0,P,B,N,N,1,4,NJ 3                                              ,W,3,,00000003__      ,5.7,2,1,2,1,6,1,1,1,,,,,,,,55,,,,N,,83,17:25,120+04738
2018025618-21075               ,BERGEN      ,RUTHERFORD BORO         ,10/10/2018,WE,1636,1,RUTHERFORD PD            ,,0,0,0,0,P,B,N,N,1,2,NJ 3                                              ,W,3,,00000003__      ,6.8,2,,2,1,1,1,1,1,,,,,,,,55,,,,N,,90,16:35,120+04737
201302562013-013683            ,BERGEN      ,RUTHERFORD BORO         ,11/6/2013,W ,1556,1,RUTHERFORD PD            ,,0,1,0,0,I,B,N,N,1,2,NJ 3                                              ,W,3,,00000003__      ,5,2,5,2,1,1,1,1,2,,,,,F,RIVERSIDE AVENUE         ,SB,45,,,,N,,84,15:55,120+04739
2016025616-27312               ,BERGEN      ,RUTHERFORD BORO         ,12/27/2016,TU,1915,1,RUTHERFORD PD            ,,0,0,0,0,P,B,N,N,1,2,NJ 3                                              ,W,3,,00000003__      ,5,2,2,1,1,6,1,1,1,,,,,,,,55,,,,N,,94,19:15,120+04739
2018025618-21076               ,BERGEN      ,RUTHERFORD BORO         ,10/10/2018,WE,1647,1,RUTHERFORD PD            ,,0,2,0,0,I,B,N,N,1,3,NJ 3                                              ,W,3,,00000003__      ,5.5,2,,2,1,1,1,1,2,,,,,,,,55,,,,N,,90,16:45,120P04738
2017025617-21301               ,BERGEN      ,RUTHERFORD BORO         ,11/17/2017,FR,1924,1,RUTHERFORD PD            ,,0,0,0,0,P,B,N,N,1,2,NJ 3                                              ,W,3,,00000003__      ,6.2,2,,2,1,6,1,1,1,,,,,,,,55,,,,N,,89,19:25,120P04737
2.01E+15,HUDSON      ,NORTH BERGEN TWP        ,12/10/2014,W ,823,1,NORTH BERGEN PD          ,14097031,0,2,0,0,I,B,N,N,2,3,NJ 3                                              ,W,3,,00000003__      ,10.45,2,4,2,2,1,2,1,1,5280,FE,W,,,,,40,,40.77782,74.04573,N,,65,8:25,120+04729
2015090915-001187              ,HUDSON      ,SECAUCUS TOWN           ,1/24/2015,SA,356,1,SECAUCUS PD              ,HQ             ,0,1,0,0,I,B,N,N,11,1,NJ 3                                              ,W,3,,00000003__      ,8.8,2,1,2,3,6,3,1,1,30,FE,W,MAPLE ST EXIT RAMP                 ,,,,,,,,N,NONE.                                                                           ,151,3:55,120+04733
2017025617-21336               ,BERGEN      ,RUTHERFORD BORO         ,11/18/2017,SA,1307,1,RUTHERFORD PD            ,,0,0,0,0,P,B,N,N,3,2,NJ 3                                              ,W,3,,00000003__      ,5,2,,2,1,1,5,2,1,,,,,F,CR 507                   ,,55,,,,N,,90,13:05,120+04739