CRASH_ID,CTY_NAME,MUN_NAME,DATE,DAY,TIME,POL_CODE,POL_DEPT,POL_STA,KILLED,INJURED,PED_KILL,PED_INJ,SEVERITY,INTERSEC,ALCOHOL,HAZMAT,CRASH_TYPE,VEH_COUNT,LOCATION,LOC_DIR,ROUTE,RT_SFX,SRI,MP,RD_SYS,RD_CHAR,RD_SURF,SURF_COND,LIGHT,WEATHER,RD_DIV,RD_WRKZN,X_DIST,DIST_UNT,X_DIR,X_NAME,IS_RAMP,RAMP_RT,RAMP_DIR,SPD_LMT,SPD_X,LAT,LONG,CELL_USE,PROP_DMG,BADGE,TIME_ROUND,TMC
201302562013-013786            ,BERGEN      ,RUTHERFORD BORO         ,11/8/2013,F ,1813,1,RUTHERFORD PD            ,,0,1,0,0,I,B,N,N,1,2,NJ 3                                              ,W,3,,00000003__      ,5.8,2,1,2,1,1,1,1,2,,,,,,,,45,,,,N,,55,18:15,120+04738
2018025618-21104               ,BERGEN      ,RUTHERFORD BORO         ,10/11/2018,TH,830,1,RUTHERFORD PD            ,,0,0,0,0,P,B,N,N,1,2,NJ 3                                              ,W,3,,00000003__      ,6.5,2,,2,1,1,1,2,1,,,,,,,,55,,,,N,,90,8:30,120+04737
2.01E+15,HUDSON      ,NORTH BERGEN TWP        ,12/15/2014,M ,1438,1,NORTH BERGEN PD          ,14-098577      ,0,0,0,0,P,B,N,N,5,2,NJ 3                                              ,W,3,,00000003__      ,,2,4,2,1,1,1,4,1,,,,,F,RT 3                     ,WB,25,,,,N,,,14:40,120+07449
201302562013-013892            ,BERGEN      ,RUTHERFORD BORO         ,11/11/2013,M ,1649,1,RUTHERFORD PD            ,,0,0,0,0,P,B,N,N,1,2,NJ 3                                              ,W,3,,00000003__      ,5,2,1,2,1,6,1,1,2,,,,,,,,45,,,,N,,53,16:50,120+04739
2017025617-21495               ,BERGEN      ,RUTHERFORD BORO         ,11/20/2017,MO,1745,1,RUTHERFORD PD            ,,0,0,0,0,P,B,N,N,1,2,NJ 3                                              ,W,3,,00000003__      ,6.8,2,,1,1,6,1,1,1,,,W,,,,,55,,,,N,,88,17:45,120+04737
2.01E+15,HUDSON      ,NORTH BERGEN TWP        ,12/16/2014,TU,2218,1,NORTH BERGEN PD          ,14099043,0,0,0,0,P,B,N,N,6,2,NJ 3                                              ,W,3,,00000003__      ,,2,1,1,2,1,2,4,0,,,,,,,,50,,,,N,,81,22:20,120+07449
2018025618-21220               ,BERGEN      ,RUTHERFORD BORO         ,10/12/2018,FR,1504,1,RUTHERFORD PD            ,,0,1,0,0,I,B,N,N,1,2,NJ 3                                              ,W,3,,00000003__      ,5.2,2,,2,1,1,1,1,1,,,,,,,,55,,,,N,,62,15:05,120P04738
2017025617-21551               ,BERGEN      ,RUTHERFORD BORO         ,11/21/2017,TU,1833,1,RUTHERFORD PD            ,,0,0,0,0,P,B,N,N,2,2,NJ 3                                              ,W,3,,00000003__      ,5.4,2,,2,1,6,1,1,1,,,,,,,,55,,,,N,,91,18:35,120P04738
2015090915-001852              ,HUDSON      ,SECAUCUS TOWN           ,2/8/2015,S ,1358,1,SECAUCUS PD              ,HEADQUARTERS   ,0,2,0,0,I,B,N,N,2,3,NJ 3                                              ,W,3,,00000003__      ,9.8,2,1,2,1,1,1,2,1,,,,,,,,55,,,,Y,GUARD RAIL  BARRIER  TURNPIKE NORTH OVERPASS SUPPORT COLUMN                     ,149,14:00,120+04730
2.01E+15,HUDSON      ,NORTH BERGEN TWP        ,12/17/2014,W ,2018,1,NORTH BERGEN PD          ,14099336,0,0,0,0,P,I,N,N,2,2,NJ 3                                              ,W,3,,00000003__      ,10.84,2,4,2,1,6,1,1,1,,AT,,US 1 / US 9                        ,,,,35,,40.77298,74.04226,N,,65,20:20,120P13767
2018025618-21287               ,BERGEN      ,RUTHERFORD BORO         ,10/13/2018,SA,1222,1,RUTHERFORD PD            ,,0,0,0,0,P,B,N,N,1,2,NJ 3                                              ,W,3,,00000003__      ,5.3,2,,2,1,1,5,1,2,,,,,,,,55,,,,N,,62,12:20,120P04738
20160256BS-16-057565           ,BERGEN      ,RUTHERFORD BORO         ,9/30/2016,F ,1613,3,BERGEN CO SHERIFFS DEPT  ,PARAMUS        ,0,0,0,0,P,B,N,N,2,2,NJ 3                                              ,W,3,,00000003__      ,5.71,2,1,2,2,1,2,1,1,200,FE,E,RIDGE RD                           ,,,,50,35,,,N,NONE                                                                            ,303,16:15,120+04738
2017025617-21587               ,BERGEN      ,RUTHERFORD BORO         ,11/22/2017,WE,926,1,RUTHERFORD PD            ,,0,0,0,0,P,I,N,N,3,2,NJ 3                                              ,W,3,,00000003__      ,5.93,2,,2,2,1,2,5,1,,AT,N,ORIENT WAY                         ,,,,40,35,,,N,,97,9:25,120P04737
201302562013-013928            ,BERGEN      ,RUTHERFORD BORO         ,11/12/2013,TU,1702,1,RUTHERFORD PD            ,,0,0,0,0,P,B,N,N,1,2,NJ 3                                              ,W,3,,00000003__      ,6.4,2,2,2,1,6,5,1,1,,,,,,,,55,,,,N,,62,17:00,120+04737
2018025618-21296               ,BERGEN      ,RUTHERFORD BORO         ,10/13/2018,SA,1413,1,RUTHERFORD PD            ,,0,0,0,0,P,B,N,N,1,2,NJ 3                                              ,W,3,,00000003__      ,5.11,2,,2,1,1,5,1,1,,,,,F,MARGINAL ROAD            ,,55,,,,N,,62,14:15,120+04739
2017025617-21767               ,BERGEN      ,RUTHERFORD BORO         ,11/25/2017,SA,1657,1,RUTHERFORD PD            ,,0,0,0,0,P,B,N,N,1,2,NJ 3                                              ,W,3,,00000003__      ,5.3,2,,2,1,6,1,1,1,,,,,,,,55,,,,N,,91,16:55,120P04738
201302562013-013951            ,BERGEN      ,RUTHERFORD BORO         ,11/13/2013,W ,932,1,RUTHERFORD PD            ,,0,0,0,0,P,B,N,N,1,2,NJ 3                                              ,W,3,,00000003__      ,5.7,2,1,2,1,1,1,1,2,,,,,,,,45,,,,N,,52,9:30,120+04738
2.02E+15,HUDSON      ,NORTH BERGEN TWP        ,1/6/2016,W ,1359,1,NORTH BERGEN PD          ,16-001509      ,0,2,0,0,I,B,N,N,1,2,NJ 3                                              ,W,3,,00000003__      ,,2,4,2,1,1,1,1,1,,,,,,,,55,,,,N,NONE                                                                            ,,14:00,120+07449
201302562013-013954            ,BERGEN      ,RUTHERFORD BORO         ,11/13/2013,W ,944,1,RUTHERFORD PD            ,,0,0,0,0,P,B,N,N,99,2,NJ 3                                              ,W,3,,00000003__      ,5.7,2,1,2,1,1,1,1,2,,,,,,,,45,,,,N,,52,9:45,120+04738
2017025617-21771               ,BERGEN      ,RUTHERFORD BORO         ,11/25/2017,SA,1857,1,RUTHERFORD PD            ,,0,0,0,0,P,B,N,N,2,2,NJ 3                                              ,W,3,,00000003__      ,6.1,2,,2,1,6,1,1,1,,,,,,,,55,,,,N,,91,18:55,120P04737
2015090915-002337              ,HUDSON      ,SECAUCUS TOWN           ,2/17/2015,TU,1353,1,SECAUCUS PD              ,HEADQUARTERS   ,0,0,0,0,P,B,N,N,1,2,NJ 3                                              ,W,3,,00000003__      ,9.12,2,1,2,1,1,1,2,1,,,,,,,,55,,,,N,NONE                                                                            ,155,13:55,120+04732
201302562013-014001            ,BERGEN      ,RUTHERFORD BORO         ,11/14/2013,TH,1236,1,RUTHERFORD PD            ,,0,0,0,0,P,I,N,N,1,2,NJ 3                                              ,W,3,,00000003__      ,5,2,2,2,1,1,1,1,2,,AT,,,F,RIVERSIDE AVE(RT507)     ,,45,,,,N,NONE                                                                            ,43,12:35,120+04739
2018025618-21429               ,BERGEN      ,RUTHERFORD BORO         ,10/15/2018,MO,1703,1,RUTHERFORD PD            ,,0,0,0,0,P,B,N,N,1,2,NJ 3                                              ,W,3,,00000003__      ,5.2,2,,2,1,1,1,1,2,,,,,,,,55,,,,N,,76,17:05,120P04738
2017025617-21944               ,BERGEN      ,RUTHERFORD BORO         ,11/28/2017,TU,1825,1,RUTHERFORD PD            ,,0,0,0,0,P,I,N,N,2,2,NJ 3                                              ,W,3,,00000003__      ,5.8,2,,2,1,6,1,1,1,,AT,,,,,,55,,,,N,,89,18:25,120+04738
201302562013-014005            ,BERGEN      ,RUTHERFORD BORO         ,11/14/2013,TH,1319,1,RUTHERFORD PD            ,,0,1,0,0,I,I,N,N,1,2,NJ 3                                              ,W,3,,00000003__      ,5,2,2,2,1,1,1,1,2,,AT,,,F,RIVERSIDE AVE(RT507)     ,,45,,,,N,NONE                                                                            ,43,13:20,120+04739
2018025618-21438               ,BERGEN      ,RUTHERFORD BORO         ,10/15/2018,MO,1914,1,RUTHERFORD PD            ,,0,1,0,0,I,B,N,N,1,2,NJ 3                                              ,W,3,,00000003__      ,5,2,,2,1,6,1,1,1,,,,,,,,55,,,,N,,99,19:15,120+04739
201302562013-014037            ,BERGEN      ,RUTHERFORD BORO         ,11/15/2013,F ,1016,1,RUTHERFORD PD            ,,0,0,0,0,P,B,N,N,2,2,NJ 3                                              ,W,3,,00000003__      ,6.2,2,5,2,1,1,1,1,1,,,,,,,,55,,,,N,,40,10:15,120P04737
2015090915-002474              ,HUDSON      ,SECAUCUS TOWN           ,2/20/2015,F ,642,1,SECAUCUS PD              ,HQTS           ,0,1,0,0,I,B,N,N,11,1,NJ 3                                              ,W,3,,00000003__      ,9.2,2,1,2,1,1,1,1,1,,,,,,,,55,,,,N,SCRAPES ON CONCRETE BARRIER                                                     ,150,6:40,120+04732
2.02E+15,HUDSON      ,NORTH BERGEN TWP        ,1/29/2016,F ,1742,1,NORTH BERGEN PD          ,16-008321      ,0,0,0,0,P,B,N,N,1,2,NJ 3                                              ,W,3,,00000003__      ,,2,1,2,1,6,1,1,1,,,,,,,,40,,,,Y,,,17:40,120+07449
2018025618-21498               ,BERGEN      ,RUTHERFORD BORO         ,10/16/2018,TU,1911,1,RUTHERFORD PD            ,,0,1,0,0,I,B,N,N,1,2,NJ 3                                              ,W,3,,00000003__      ,6.6,2,,2,1,6,1,1,1,,,,,,,,55,,,,N,,93,19:10,120+04737
2014090914-001389              ,HUDSON      ,SECAUCUS TOWN           ,1/21/2014,TU,2200,1,SECAUCUS PD              ,HEADQUARTERS   ,0,0,0,0,P,B,N,N,11,1,NJ 3                                              ,W,3,,00000003__      ,8.57,2,2,2,3,6,3,5,1,150,FE,W,MEADOWLANDS PKWY                   ,,,,50,,40.79658,74.06355,N,,135,22:00,120+04733
2.02E+15,HUDSON      ,NORTH BERGEN TWP        ,1/30/2016,SA,1816,1,NORTH BERGEN PD          ,16-008652      ,0,0,0,0,P,B,N,N,2,2,NJ 3                                              ,W,3,,00000003__      ,,2,4,2,1,6,1,1,1,,,,,,,,55,,,,N,NONE                                                                            ,,18:15,120+07449
2017025617-22362               ,BERGEN      ,RUTHERFORD BORO         ,12/4/2017,MO,1536,1,RUTHERFORD PD            ,,0,0,0,0,P,B,N,N,1,2,NJ 3                                              ,W,3,,00000003__      ,5,2,,2,1,1,1,1,1,,,,,,,,55,,,,N,,69,15:35,120+04739
2018025618-21601               ,BERGEN      ,RUTHERFORD BORO         ,10/18/2018,TH,918,1,RUTHERFORD PD            ,,0,2,0,0,I,B,N,N,1,3,NJ 3                                              ,W,3,,00000003__      ,5,2,,2,1,1,1,1,1,,,W,,,,,55,,,,N,,,9:20,120+04739
2014090914-001510              ,HUDSON      ,SECAUCUS TOWN           ,1/23/2014,TH,1805,1,SECAUCUS PD              ,HEADQUARTERS   ,0,0,0,0,P,B,N,N,1,2,NJ 3                                              ,W,3,,00000003__      ,10.5,2,1,2,1,6,1,5,1,300,FE,W,RAMP TO NORTH BERGEN               ,,,,45,,,,Y,,149,18:05,120P13767
2018025618-21865               ,BERGEN      ,RUTHERFORD BORO         ,10/22/2018,MO,1810,1,RUTHERFORD PD            ,,0,0,0,0,P,B,N,N,1,2,NJ 3                                              ,W,3,,00000003__      ,6.2,2,,2,1,1,1,1,2,,,,,,,,55,,,,N,,65,18:10,120P04737
201302562013-014160            ,BERGEN      ,RUTHERFORD BORO         ,11/18/2013,M ,812,1,RUTHERFORD PD            ,,0,0,0,0,P,B,N,N,11,1,NJ 3                                              ,W,3,,00000003__      ,6.6,2,2,2,1,1,1,1,2,,,,,,,,45,,,,N,,50,8:10,120+04737
2014090914-001579              ,HUDSON      ,SECAUCUS TOWN           ,1/24/2014,F ,1752,1,SECAUCUS PD              ,HQTS           ,0,0,0,0,P,B,N,N,1,3,NJ 3                                              ,W,3,,00000003__      ,8.9,2,1,2,1,6,1,1,1,,,,,,,,50,,40.79522,74.06002,N,,141,17:50,120+04732
2.02E+15,HUDSON      ,NORTH BERGEN TWP        ,2/7/2016,S ,1729,1,NORTH BERGEN PD          ,NORTH BERGEN   ,0,1,0,0,I,B,N,N,2,2,NJ 3                                              ,W,3,,00000003__      ,,2,1,2,1,3,1,1,1,,,,,,,,40,,,,N,,346,17:30,120+07449
201302562013-014163            ,BERGEN      ,RUTHERFORD BORO         ,11/18/2013,M ,854,1,RUTHERFORD PD            ,,0,0,0,0,P,I,N,N,1,3,NJ 3                                              ,W,3,,00000003__      ,5.6,2,1,2,1,1,1,1,2,,AT,,,,,,45,,,,N,,78,8:55,120+04738
2018025618-22003               ,BERGEN      ,RUTHERFORD BORO         ,10/24/2018,WE,1715,1,RUTHERFORD PD            ,,0,0,0,0,P,B,N,N,2,2,NJ 3                                              ,W,3,,00000003__      ,6,2,,2,1,1,1,1,2,,,,,,,,55,,,,N,,83,17:15,120P04737
2017025617-22958               ,BERGEN      ,RUTHERFORD BORO         ,12/14/2017,TH,1750,1,RUTHERFORD PD            ,,0,0,0,0,P,B,N,N,1,2,NJ 3                                              ,W,3,,00000003__      ,6.4,2,,2,1,6,1,2,1,,,W,,,,,55,,,,N,,88,17:50,120+04737
2014090914-002033              ,HUDSON      ,SECAUCUS TOWN           ,1/31/2014,F ,1005,1,SECAUCUS PD              ,HQS            ,0,0,0,0,P,B,N,N,15,1,NJ 3                                              ,W,3,,00000003__      ,8.6,2,2,2,1,1,5,2,1,20,FE,N,MEADOWLANDS PKWY                   ,,,,,,40.79649,74.0632,N,,129,10:05,120+04733
2015090915-003190              ,HUDSON      ,SECAUCUS TOWN           ,3/5/2015,TH,933,1,SECAUCUS PD              ,HQTS           ,0,0,0,0,P,B,N,N,1,2,NJ 3                                              ,W,3,,00000003__      ,10.5,2,1,2,3,1,3,2,1,5280,FE,W,NJ 495                             ,,,,50,50,,,N,NONE                                                                            ,158,9:35,120P13767
2.02E+15,HUDSON      ,NORTH BERGEN TWP        ,2/10/2016,W ,1108,1,NORTH BERGEN PD          ,NORTH BERGEN   ,0,0,0,0,P,B,N,N,11,1,NJ 3                                              ,W,3,,00000003__      ,,2,1,2,1,1,1,1,1,,,,,,,,40,,,,N,DAMAGE TO BASE OF THE TRAFFIC LIGHT POLE                                        ,481,11:10,120+07449
2018025618-22076               ,BERGEN      ,RUTHERFORD BORO         ,10/25/2018,TH,1747,1,RUTHERFORD PD            ,,0,0,0,0,P,B,N,N,2,2,NJ 3                                              ,W,3,,00000003__      ,5,2,,2,1,1,1,1,1,,,,,,,,55,,,,N,,90,17:45,120+04739
201302562013-014164            ,BERGEN      ,RUTHERFORD BORO         ,11/18/2013,M ,907,1,RUTHERFORD PD            ,,0,0,0,0,P,B,N,N,1,2,NJ 3                                              ,W,3,,00000003__      ,6.4,2,1,2,1,1,1,2,2,,,,,F,NJ 17                    ,NB,45,,,,N,,50,9:05,120+04737
2015090915-003197              ,HUDSON      ,SECAUCUS TOWN           ,3/5/2015,TH,1049,1,SECAUCUS PD              ,HEADQUARTERS   ,0,0,0,0,P,B,N,N,11,1,NJ 3                                              ,W,3,,00000003__      ,9.95,2,4,2,4,1,3,2,,500,FE,W,CR 681 / PATERSON PLANK RD         ,,,,40,,,,N,,164,10:50,120P04729
201302562013-014172            ,BERGEN      ,RUTHERFORD BORO         ,11/18/2013,M ,1344,1,RUTHERFORD PD            ,,0,2,0,0,I,B,N,N,15,1,NJ 3                                              ,W,3,,00000003__      ,5.4,2,1,2,1,1,1,1,2,,,,,,,,45,,,,N,,50,13:45,120P04738
2018025618-22131               ,BERGEN      ,RUTHERFORD BORO         ,10/26/2018,FR,1440,1,RUTHERFORD PD            ,,0,0,0,0,P,B,N,N,1,2,NJ 3                                              ,W,3,,00000003__      ,5.8,2,,2,1,1,1,1,2,,,,,,,,55,,,,N,,62,14:40,120+04738
2017025617-23040               ,BERGEN      ,RUTHERFORD BORO         ,12/15/2017,FR,2040,1,RUTHERFORD PD            ,,0,0,0,0,P,B,N,N,2,2,NJ 3                                              ,W,3,,00000003__      ,6.4,2,,2,4,6,3,2,1,,,,,T,NJ 17                    ,SB,55,,,,N,,97,20:40,120+04737
2014090914-002296              ,HUDSON      ,SECAUCUS TOWN           ,2/4/2014,TU,835,1,SECAUCUS PD              ,HQTS           ,0,1,0,0,I,B,N,N,11,2,NJ 3                                              ,W,3,,00000003__      ,0,2,3,1,2,1,1,5,1,100,FE,E,BRIDGE CREST                       ,,,,50,,,,N,NONE                                                                            ,132,8:35,120+07449
2.02E+15,HUDSON      ,NORTH BERGEN TWP        ,2/18/2016,TH,1200,1,NORTH BERGEN PD          ,NORTH BERGEN   ,0,0,0,0,P,B,N,N,1,2,NJ 3                                              ,W,3,,00000003__      ,,2,1,2,1,1,1,4,,,,,,,,,40,,,,N,,372,12:00,120+07449
201302562013-014173            ,BERGEN      ,RUTHERFORD BORO         ,11/18/2013,M ,1410,1,RUTHERFORD PD            ,,0,0,0,0,P,B,N,N,11,1,NJ 3                                              ,W,3,,00000003__      ,5.3,2,2,2,1,1,1,1,2,,,,,,,,45,,,,N,,50,14:10,120P04738
2017025617-23053               ,BERGEN      ,RUTHERFORD BORO         ,12/16/2017,SA,51,1,RUTHERFORD PD            ,,0,0,0,0,P,B,N,N,1,2,NJ 3                                              ,W,3,,00000003__      ,6.4,2,,2,4,6,1,1,1,,,,,,,,55,,,,N,,97,5:50,120+04737
2014090914-002382              ,HUDSON      ,SECAUCUS TOWN           ,2/5/2014,W ,1114,1,SECAUCUS PD              ,HQ             ,0,0,0,0,P,B,N,N,1,2,NJ 3                                              ,W,3,,00000003__      ,10.24,2,1,2,4,1,6,1,1,,,,,,,,55,,40.78055,74.04731,N,,156,11:15,120P04729
2018025618-22145               ,BERGEN      ,RUTHERFORD BORO         ,10/26/2018,FR,1717,1,RUTHERFORD PD            ,,0,0,0,0,P,B,N,N,1,2,NJ 3                                              ,W,3,,00000003__      ,5,2,,2,1,6,1,1,1,,,,,,,,55,,,,N,,67,17:15,120+04739
201302562013-014174            ,BERGEN      ,RUTHERFORD BORO         ,11/18/2013,M ,1411,1,RUTHERFORD PD            ,,0,0,0,0,P,B,N,N,11,1,NJ 3                                              ,W,3,,00000003__      ,5.4,2,1,2,1,1,1,1,2,,,,,,,,45,,,,N,,50,14:10,120P04738
2017025617-23134               ,BERGEN      ,RUTHERFORD BORO         ,12/17/2017,SU,1723,1,RUTHERFORD PD            ,,0,0,0,0,P,B,N,N,1,2,NJ 3                                              ,W,3,,00000003__      ,6.5,2,,2,1,6,1,1,1,,,,,,,,55,,,,N,,56,17:25,120+04737
2018025618-22148               ,BERGEN      ,RUTHERFORD BORO         ,10/26/2018,FR,1750,1,RUTHERFORD PD            ,,0,1,0,0,I,B,N,N,1,2,NJ 3                                              ,W,3,,00000003__      ,6,2,,2,1,1,1,1,2,,,,,,,,55,,,,N,,96,17:50,120P04737
2017025617-23135               ,BERGEN      ,RUTHERFORD BORO         ,12/17/2017,SU,1727,1,RUTHERFORD PD            ,,0,0,0,0,P,B,N,N,1,2,NJ 3                                              ,W,3,,00000003__      ,6.2,2,,2,1,3,1,1,1,,,,,,,,55,,,,N,,95,17:25,120P04737
201302562013-014184            ,BERGEN      ,RUTHERFORD BORO         ,11/18/2013,M ,1836,1,RUTHERFORD PD            ,,0,0,0,0,P,I,N,N,1,2,NJ 3                                              ,W,3,,00000003__      ,6.8,2,2,2,1,6,1,1,2,,AT,W,,,,,45,,,,N,,86,18:35,120+04737
2.02E+15,HUDSON      ,NORTH BERGEN TWP        ,2/28/2016,S ,1122,1,NORTH BERGEN PD          ,NORTH BERGEN   ,0,0,0,0,P,B,N,N,2,2,NJ 3                                              ,W,3,,00000003__      ,,2,4,2,1,1,1,3,,,,,,,,,40,,,,N,,339,11:20,120+07449
201302562013-014199            ,BERGEN      ,RUTHERFORD BORO         ,11/19/2013,TU,800,1,RUTHERFORD PD            ,,0,0,0,0,P,B,N,N,1,4,NJ 3                                              ,W,3,,00000003__      ,5,2,2,1,1,1,1,1,2,,,,,,,,45,,,,N,,87,8:00,120+04739
2017025617-23229               ,BERGEN      ,RUTHERFORD BORO         ,12/18/2017,MO,1605,1,RUTHERFORD PD            ,,0,1,0,0,I,B,N,N,1,2,NJ 3                                              ,W,3,,00000003__      ,6.4,2,,2,1,1,1,1,1,,,,,,,,55,,,,N,,67,16:05,120+04737
2014090914-003081              ,HUDSON      ,SECAUCUS TOWN           ,2/16/2014,S ,1230,1,SECAUCUS PD              ,HQ             ,0,1,0,0,I,B,N,N,1,2,NJ 3                                              ,W,3,,00000003__      ,8.57,2,2,2,1,1,1,1,1,150,FE,W,MEADOWLANDS PKWY                   ,,,,55,25,40.79658,74.06355,N,NONE                                                                            ,156,12:30,120+04733
2.02E+15,HUDSON      ,NORTH BERGEN TWP        ,2/29/2016,M ,835,1,NORTH BERGEN PD          ,,0,0,0,0,P,I,N,N,3,2,NJ 3                                              ,W,3,,00000003__      ,10.46,2,1,2,1,1,1,4,1,,AT,,NJ 495                             ,,,,40,40,,,N,NONE                                                                            ,389,8:35,120+04729
201302562013-014226            ,BERGEN      ,RUTHERFORD BORO         ,11/20/2013,W ,101,1,RUTHERFORD PD            ,,0,0,0,0,P,B,N,N,1,2,NJ 3                                              ,W,3,,00000003__      ,5,2,2,2,1,6,1,1,2,,,,,,,,45,,,,N,,77,1:00,120+04739
2017025617-23419               ,BERGEN      ,RUTHERFORD BORO         ,12/20/2017,WE,1538,1,RUTHERFORD PD            ,,0,0,0,0,P,B,N,N,1,2,NJ 3                                              ,W,3,,00000003__      ,5,2,,2,1,1,1,1,1,,,,,,,,55,,,,N,,99,15:40,120+04739
201302562013-014245            ,BERGEN      ,RUTHERFORD BORO         ,11/20/2013,W ,1358,1,RUTHERFORD PD            ,,0,0,0,0,P,I,N,N,2,2,NJ 3                                              ,W,3,,00000003__      ,5,2,1,2,1,1,1,1,2,,AT,N,,F,RIVERSIDE AVE            ,,45,,,,N,,67,14:00,120+04739
2018025618-22289               ,BERGEN      ,RUTHERFORD BORO         ,10/29/2018,MO,128,1,RUTHERFORD PD            ,,0,0,0,0,P,B,N,N,11,1,NJ 3                                              ,W,3,,00000003__      ,,2,,2,2,5,2,2,1,,,,,F,NJ 17                    ,SB,55,,,,N,TWO TREES WERE STRUCK OFF THE ROADWAY AND DAMAGED BY THE VEHICLE.               ,98,1:30,120+07449
201302562013-014253            ,BERGEN      ,RUTHERFORD BORO         ,11/20/2013,W ,1925,1,RUTHERFORD PD            ,,0,0,0,0,P,B,N,N,1,2,NJ 3                                              ,W,3,,00000003__      ,6.5,2,2,2,1,6,1,1,1,,,,,,,,55,,,,N,,85,19:25,120+04737
201302562013-014315            ,BERGEN      ,RUTHERFORD BORO         ,11/22/2013,F ,1110,1,RUTHERFORD PD            ,,0,0,0,0,P,I,N,N,11,1,NJ 3                                              ,W,3,,00000003__      ,5,2,1,2,1,1,1,1,2,,AT,N,,,,,45,,,,N,,87,11:10,120+04739
2018025618-22301               ,BERGEN      ,RUTHERFORD BORO         ,10/29/2018,MO,848,1,RUTHERFORD PD            ,,0,0,0,0,P,B,N,N,1,2,NJ 3                                              ,W,3,,00000003__      ,5,2,,2,1,1,1,1,1,,,,,,,,55,,,,N,,97,8:50,120+04739
2.02E+15,HUDSON      ,NORTH BERGEN TWP        ,3/8/2016,TU,1435,1,NORTH BERGEN PD          ,,0,0,0,0,P,B,N,N,2,2,NJ 3                                              ,W,3,,00000003__      ,10.84,2,1,2,1,1,1,1,1,,,,US 1 / US 9                        ,,,,25,,,,Y,,387,14:35,120P13767
2017025617-23568               ,BERGEN      ,RUTHERFORD BORO         ,12/22/2017,FR,1620,1,RUTHERFORD PD            ,,0,0,0,0,P,B,N,N,2,2,NJ 3                                              ,W,3,,00000003__      ,5,2,,2,1,3,1,1,1,,,,,,,,55,,,,N,,65,16:20,120+04739
201302562013-014328            ,BERGEN      ,RUTHERFORD BORO         ,11/22/2013,F ,1515,1,RUTHERFORD PD            ,,0,0,0,0,P,I,N,N,1,2,NJ 3                                              ,W,3,,00000003__      ,5.8,2,2,2,1,1,1,1,2,,AT,N,,,,,45,,,,N,,86,15:15,120+04738
2018025618-22325               ,BERGEN      ,RUTHERFORD BORO         ,10/29/2018,MO,1511,1,RUTHERFORD PD            ,,0,0,0,0,P,I,N,N,3,2,NJ 3                                              ,W,3,,00000003__      ,6.5,2,,2,1,1,1,5,1,,AT,,THOMAS E. DUNN MEMORIAL            ,,,,55,40,,,N,,,15:10,120+04737
2014090914-004024              ,HUDSON      ,SECAUCUS TOWN           ,3/2/2014,S ,436,1,SECAUCUS PD              ,HQS.           ,0,0,0,0,P,B,N,N,1,2,NJ 3                                              ,W,3,,00000003__      ,10.07,2,1,2,1,6,1,1,1,150,FE,E,CR 681 / PATERSON PLANK RD         ,,,,50,25,40.78296,74.04758,N,NONE                                                                            ,124,4:35,120P04729
2017025617-23611               ,BERGEN      ,RUTHERFORD BORO         ,12/23/2017,SA,1123,1,RUTHERFORD PD            ,,0,1,0,0,I,B,N,N,11,2,NJ 3                                              ,W,3,,00000003__      ,6.3,2,,2,2,1,2,2,1,,,,,,,,55,,,,N,,67,11:25,120P04737
201302562013-014338            ,BERGEN      ,RUTHERFORD BORO         ,11/22/2013,F ,1834,1,RUTHERFORD PD            ,,0,0,0,0,P,I,N,N,1,2,NJ 3                                              ,W,3,,00000003__      ,,2,1,2,1,6,1,1,2,,AT,N,,,,,45,,,,N,,86,18:35,120+07449
201302562013-014340            ,BERGEN      ,RUTHERFORD BORO         ,11/22/2013,F ,1916,1,RUTHERFORD PD            ,,0,0,0,0,P,I,N,N,1,2,NJ 3                                              ,W,3,,00000003__      ,5.9,2,2,2,1,6,1,1,2,,AT,N,,,,,45,,,,N,,86,19:15,120P04737
2014090914-004455              ,HUDSON      ,SECAUCUS TOWN           ,3/7/2014,F ,2110,1,SECAUCUS PD              ,HEADQUARTERS   ,0,1,0,0,I,B,N,N,2,2,NJ 3                                              ,W,3,,00000003__      ,8.8,2,1,2,1,6,1,1,1,250,FE,E,MILL CREEK DR.                     ,,,,55,,,,N,NONE                                                                            ,155,21:10,120+04733
2018025618-22482               ,BERGEN      ,RUTHERFORD BORO         ,10/31/2018,WE,1337,1,RUTHERFORD PD            ,,0,1,0,0,I,B,N,N,2,2,NJ 3                                              ,W,3,,00000003__      ,5.2,2,,2,1,1,1,1,1,,,,,,,,55,,,,N,,88,13:35,120P04738
2017025617-23658               ,BERGEN      ,RUTHERFORD BORO         ,12/24/2017,SU,1246,1,RUTHERFORD PD            ,,0,0,0,0,P,B,N,N,2,2,NJ 3                                              ,W,3,,00000003__      ,6.4,2,,1,1,1,1,1,1,,,,,,,,55,,,,N,,91,12:45,120+04737
2014090914-004544              ,HUDSON      ,SECAUCUS TOWN           ,3/9/2014,S ,1705,1,SECAUCUS PD              ,HQTS           ,0,0,0,0,P,B,N,N,1,2,NJ 3                                              ,W,3,,00000003__      ,,2,4,2,1,1,1,5,1,,,,,F,MILL CREEK DRIVE         ,SB,40,,,,N,NONE                                                                            ,156,17:05,120+07449
2.02E+15,HUDSON      ,NORTH BERGEN TWP        ,3/27/2016,S ,29,1,NORTH BERGEN PD          ,16026321,0,1,0,0,I,I,N,N,11,1,NJ 3                                              ,W,3,,00000003__      ,0,2,4,2,1,6,1,1,1,,AT,,RAMP A                             ,,,,40,25,,,N,,115,2:30,120+07449
201302562013-014450            ,BERGEN      ,RUTHERFORD BORO         ,11/25/2013,M ,1918,1,RUTHERFORD PD            ,,0,0,0,0,P,I,N,N,1,2,NJ 3                                              ,W,3,,00000003__      ,5.5,2,1,2,1,6,1,1,2,,AT,N,,,,,45,,,,N,,84,19:20,120P04738
2.02E+15,HUDSON      ,NORTH BERGEN TWP        ,3/31/2016,TH,100,1,NORTH BERGEN PD          ,NORTH BERGEN   ,0,0,0,0,P,B,Y,N,6,2,NJ 3                                              ,W,3,,00000003__      ,10.46,2,4,2,1,6,1,5,2,,,,NJ 495                             ,,,,25,25,,,N,,239,1:00,120+04729
2018025618-22516               ,BERGEN      ,RUTHERFORD BORO         ,10/31/2018,WE,1849,1,RUTHERFORD PD            ,,0,1,0,1,I,B,N,N,13,1,NJ 3                                              ,W,3,,00000003__      ,,2,,5,2,5,1,2,1,,,,,T,NJ 17                    ,NB,55,,,,N,,98,18:50,120+07449