CRASH_ID,CTY_NAME,MUN_NAME,DATE,DAY,TIME,POL_CODE,POL_DEPT,POL_STA,KILLED,INJURED,PED_KILL,PED_INJ,SEVERITY,INTERSEC,ALCOHOL,HAZMAT,CRASH_TYPE,VEH_COUNT,LOCATION,LOC_DIR,ROUTE,RT_SFX,SRI,MP,RD_SYS,RD_CHAR,RD_SURF,SURF_COND,LIGHT,WEATHER,RD_DIV,RD_WRKZN,X_DIST,DIST_UNT,X_DIR,X_NAME,IS_RAMP,RAMP_RT,RAMP_DIR,SPD_LMT,SPD_X,LAT,LONG,CELL_USE,PROP_DMG,BADGE,TIME_ROUND,TMC
2018025618-22556               ,BERGEN      ,RUTHERFORD BORO         ,11/1/2018,TH,748,1,RUTHERFORD PD            ,,0,0,0,0,P,B,N,N,1,2,NJ 3                                              ,W,3,,00000003__      ,5.3,2,,2,1,1,1,1,1,,,,,,,,55,,,,N,,96,7:50,120P04738
201302562013-014451            ,BERGEN      ,RUTHERFORD BORO         ,11/25/2013,M ,1933,1,RUTHERFORD PD            ,,0,0,0,0,P,I,N,N,2,2,NJ 3                                              ,W,3,,00000003__      ,5.5,2,1,2,1,6,1,1,2,,AT,N,,,,,45,,,,N,,84,19:35,120P04738
2014090914-004877              ,HUDSON      ,SECAUCUS TOWN           ,3/14/2014,F ,924,1,SECAUCUS PD              ,HQTS           ,0,1,0,0,I,B,N,N,1,2,NJ 3                                              ,W,3,,00000003__      ,8,2,1,2,1,1,1,5,1,200,FE,W,ROOSEVELT AVE.                     ,,,,40,,,,N,NONE                                                                            ,156,9:25,120+04734
2015090915-004663              ,HUDSON      ,SECAUCUS TOWN           ,3/31/2015,TU,1841,1,SECAUCUS PD              ,HQTS           ,0,0,0,0,P,I,N,N,1,2,NJ 3                                              ,W,3,,00000003__      ,,2,4,2,1,1,5,5,1,,AT,,,,,,45,,,,N,NONE                                                                            ,143,18:40,120+07449
2017025617-24103               ,BERGEN      ,RUTHERFORD BORO         ,12/31/2017,SU,43,1,RUTHERFORD PD            ,,0,0,0,0,P,B,N,N,11,1,NJ 3                                              ,W,3,,00000003__      ,6.1,2,,2,2,6,1,2,1,,,,,F,NJ 17                    ,SB,55,,,,N,,53,4:45,120P04737
2.01E+17,BERGEN      ,RUTHERFORD BORO         ,5/8/2013,W ,1939,1,RUTHERFORD PD            ,,0,1,0,0,I,B,N,N,1,2,NJ 3                                              ,W,3,,00000003__      ,4.95,2,4,2,1,3,1,5,2,,,,,F,RIVERSIDE AVE 507        ,,45,,,,N,,50,19:40,120+04739
2017025617-24106               ,BERGEN      ,RUTHERFORD BORO         ,12/31/2017,SU,253,1,RUTHERFORD PD            ,,0,2,0,0,I,B,Y,N,1,2,NJ 3                                              ,W,3,,00000003__      ,5.93,2,,2,4,6,1,5,1,5,FE,W,ORIENT WAY                         ,,,,40,35,,,N,,83,2:55,120P04737
2.02E+15,HUDSON      ,NORTH BERGEN TWP        ,4/19/2016,TU,1114,1,NORTH BERGEN PD          ,,0,0,0,0,P,B,N,N,1,2,NJ 3                                              ,W,3,,00000003__      ,,2,1,2,1,1,1,1,1,,,,,,,,50,,,,N,,470,11:15,120+07449
2018025618-22871               ,BERGEN      ,RUTHERFORD BORO         ,11/6/2018,TU,1539,1,RUTHERFORD PD            ,,0,0,0,0,P,B,N,N,1,2,NJ 3                                              ,W,3,,00000003__      ,5.1,2,,2,2,1,2,1,1,,,,,,,,55,,,,N,,98,15:40,120+04739
2.01E+17,BERGEN      ,RUTHERFORD BORO         ,5/10/2013,F ,428,1,RUTHERFORD PD            ,,0,0,0,0,P,B,N,N,11,1,NJ 3                                              ,W,3,,00000003__      ,6.2,2,1,2,1,6,1,1,2,,,,,,,,45,,,,N,,78,4:30,120P04737
2.02E+15,HUDSON      ,NORTH BERGEN TWP        ,4/24/2016,S ,2209,1,NORTH BERGEN PD          ,16-034830      ,0,0,0,0,P,B,N,N,2,2,NJ 3                                              ,W,3,,00000003__      ,,2,4,2,1,6,1,4,1,,,,,,,,45,,,,N,NONE                                                                            ,,22:10,120+07449
2018025618-22946               ,BERGEN      ,RUTHERFORD BORO         ,11/7/2018,WE,1848,1,RUTHERFORD PD            ,,0,0,0,0,P,B,N,N,1,2,NJ 3                                              ,W,3,,00000003__      ,6.4,2,,2,1,6,1,1,1,,,,,,,,55,,,,N,,83,18:50,120+04737
2018025618-22990               ,BERGEN      ,RUTHERFORD BORO         ,11/8/2018,TH,1444,1,RUTHERFORD PD            ,,0,1,0,0,I,B,N,N,1,4,NJ 3                                              ,W,3,,00000003__      ,5.3,2,,2,1,1,1,1,2,,,,,,,,55,,,,N,,,14:45,120P04738
2015090915-005489              ,HUDSON      ,SECAUCUS TOWN           ,4/15/2015,W ,2053,1,SECAUCUS PD              ,HEADQUARTERS   ,0,2,0,0,I,B,Y,N,1,2,NJ 3                                              ,W,3,,00000003__      ,10.03,2,1,2,1,6,1,5,1,50,FE,W,CR 681 / PATERSON PLANK RD         ,,,,45,,,,N,NONE                                                                            ,161,20:55,120P04729
2.02E+15,HUDSON      ,NORTH BERGEN TWP        ,1/9/2017,MO,2346,1,NORTH BERGEN PD          ,NORTH BERGEN PD,0,0,0,0,P,B,N,N,2,2,NJ 3                                              ,W,3,,00000003__      ,,2,,2,1,6,1,4,1,,,,,,,,45,,,,N,,483,23:45,120+07449
2018025618-23017               ,BERGEN      ,RUTHERFORD BORO         ,11/8/2018,TH,1848,1,RUTHERFORD PD            ,,0,0,0,0,P,B,N,N,1,2,NJ 3                                              ,W,3,,00000003__      ,6.5,2,,2,1,6,1,1,1,,,,,,,,55,,,,N,,76,18:50,120+04737
2014090914-005835              ,HUDSON      ,SECAUCUS TOWN           ,3/28/2014,F ,654,1,SECAUCUS PD              ,HEADQUARTERS   ,0,0,0,0,P,B,N,N,2,2,NJ 3                                              ,W,3,,00000003__      ,9.4,2,1,2,1,1,5,2,1,10,FE,W,PLAZA CENTRE RD                    ,,,,40,25,,,N,,158,6:55,120+04732
2.02E+15,HUDSON      ,NORTH BERGEN TWP        ,5/5/2016,TH,1417,1,NORTH BERGEN PD          ,,0,0,0,0,P,B,N,N,1,2,NJ 3                                              ,W,3,,00000003__      ,10.82,2,1,2,1,1,1,1,1,,FE,W,US 1 / US 9                        ,,,,25,,,,N,NONE                                                                            ,314,14:15,120P13767
2018025618-23281               ,BERGEN      ,RUTHERFORD BORO         ,11/13/2018,TU,840,1,RUTHERFORD PD            ,,0,0,0,0,P,B,N,N,11,1,NJ 3                                              ,W,3,,00000003__      ,6.5,2,,2,2,1,2,1,1,,,,,,,,55,,,,N,,93,8:40,120+04737
2.02E+15,HUDSON      ,NORTH BERGEN TWP        ,5/5/2016,TH,1424,1,NORTH BERGEN PD          ,NORTH BERGEN   ,0,0,0,0,P,B,N,N,1,2,NJ 3                                              ,W,3,,00000003__      ,10.84,2,1,2,1,1,1,1,,,,,US 1 / US 9                        ,,,,25,,,,N,,460,14:25,120P13767
2.02E+15,HUDSON      ,NORTH BERGEN TWP        ,1/30/2017,MO,655,1,NORTH BERGEN PD          ,,0,0,0,0,P,B,N,N,2,2,NJ 3                                              ,W,3,,00000003__      ,10.5,2,,2,1,1,1,3,1,,,,NJ 495                             ,,,,50,,,,N,,276,6:55,120P13767
2018025618-23399               ,BERGEN      ,RUTHERFORD BORO         ,11/14/2018,WE,1359,1,RUTHERFORD PD            ,,0,0,0,0,P,B,N,N,2,2,NJ 3                                              ,W,3,,00000003__      ,,2,,2,1,1,1,1,1,,,,,F,RIVERSIDE AVE            ,,55,,,,N,,67,14:00,120+07449
2014090914-006543              ,HUDSON      ,SECAUCUS TOWN           ,4/7/2014,M ,1252,1,SECAUCUS PD              ,HQ             ,0,0,0,0,P,I,N,N,2,2,NJ 3                                              ,W,3,,00000003__      ,10.04,2,4,2,1,1,5,2,1,,AT,E,CR 681 / PATERSON PLANK RD         ,,,,45,25,40.78339,74.04772,N,NONE                                                                            ,111,12:50,120P04729
2.01E+15,HUDSON      ,NORTH BERGEN TWP        ,2/17/2013,S ,410,1,NORTH BERGEN PD          ,13-011569      ,0,0,0,0,P,B,N,N,2,2,NJ 3                                              ,W,3,,00000003__      ,,2,5,2,1,6,1,3,1,,,,,,,,50,,,,N,,51,4:10,120+07449
2.02E+15,HUDSON      ,NORTH BERGEN TWP        ,2/19/2017,SU,1945,1,NORTH BERGEN PD          ,NORTH BERGEN   ,0,0,0,0,P,B,N,N,8,2,NJ 3                                              ,W,3,,00000003__      ,10.83,2,,2,1,6,1,1,1,50,FE,W,US 1 / US 9                        ,,,,40,40,,,N,,481,19:45,120P13767
2014090914-006563              ,HUDSON      ,SECAUCUS TOWN           ,4/7/2014,M ,1822,1,SECAUCUS PD              ,HQTS           ,0,0,0,0,P,B,N,N,11,1,NJ 3                                              ,W,3,,00000003__      ,,2,5,2,3,,1,5,1,,,,,F,PATERSON PLANK RD        ,,40,,,,N,CHAIN LINK FENCE BEHIND SHOWPLACE THEATRES                                      ,150,18:20,120+07449
2018025618-23621               ,BERGEN      ,RUTHERFORD BORO         ,11/16/2018,FR,1946,1,RUTHERFORD PD            ,,0,0,0,0,P,B,N,N,2,2,NJ 3                                              ,W,3,,00000003__      ,6.5,2,,2,1,6,1,1,1,,,,,,,,55,,,,N,,76,19:45,120+04737
2014090914-007115              ,HUDSON      ,SECAUCUS TOWN           ,4/16/2014,W ,1519,1,SECAUCUS PD              ,HQ             ,0,0,0,0,P,B,N,N,2,2,NJ 3                                              ,W,3,,00000003__      ,9.6,2,1,2,1,1,2,1,1,,,,,,,,45,,40.78901,74.05145,N,NONE                                                                            ,111,15:20,120+04731
2.02E+15,HUDSON      ,NORTH BERGEN TWP        ,2/23/2017,TH,1853,1,NORTH BERGEN PD          ,,0,0,0,0,P,B,N,N,2,2,NJ 3                                              ,W,3,,00000003__      ,10.46,2,,2,1,3,1,2,1,,,W,NJ 495                             ,,,,40,40,,,N,,355,18:55,120+04729
2.01E+15,HUDSON      ,NORTH BERGEN TWP        ,3/9/2013,SA,316,1,NORTH BERGEN PD          ,13-016481      ,0,0,0,0,P,B,N,N,2,2,NJ 3                                              ,W,3,,00000003__      ,,2,1,2,1,6,1,1,1,,,,,,,,50,,,,N,NONE                                                                            ,160,3:15,120+07449
2.02E+15,HUDSON      ,NORTH BERGEN TWP        ,5/14/2016,SA,1530,1,NORTH BERGEN PD          ,NORTH BERGEN PD,0,0,0,0,P,B,N,N,2,2,NJ 3                                              ,W,3,,00000003__      ,,2,1,2,1,1,1,1,1,,,,,,,,50,,,,N,,471,15:30,120+07449
2.02E+15,HUDSON      ,NORTH BERGEN TWP        ,3/8/2017,WE,640,1,NORTH BERGEN PD          ,,0,0,0,0,P,B,N,N,11,1,NJ 3                                              ,W,3,,00000003__      ,10.46,2,,2,2,2,2,1,1,,,,,T,I-95                     ,SB,55,,,,N,,500,6:40,120+04729
2.02E+15,HUDSON      ,NORTH BERGEN TWP        ,6/1/2016,W ,2018,1,NORTH BERGEN PD          ,,0,0,0,0,P,B,N,N,1,2,NJ 3                                              ,W,3,,00000003__      ,10.83,2,1,2,1,1,1,1,1,50,FE,W,US 1 / US 9                        ,,,,40,40,,,N,NONE                                                                            ,314,20:20,120P13767
2.01E+15,HUDSON      ,NORTH BERGEN TWP        ,3/20/2013,W ,450,1,NORTH BERGEN PD          ,13-019041      ,0,1,0,0,I,B,N,N,11,1,NJ 3                                              ,W,3,,00000003__      ,10.84,2,4,2,4,6,1,1,1,,,,,,,,40,,,,N,GUARD RAIL                                                                      ,139,4:50,120P13767
2.01E+15,HUDSON      ,NORTH BERGEN TWP        ,4/7/2013,S ,1310,1,NORTH BERGEN PD          ,13-023499      ,0,1,0,0,I,B,N,N,99,1,NJ 3                                              ,W,3,,00000003__      ,,2,1,2,8,1,1,1,1,,,,,,,,40,,,,N,NONE                                                                            ,93,13:10,120+07449
2015090915-007074              ,HUDSON      ,SECAUCUS TOWN           ,5/12/2015,TU,1616,1,SECAUCUS PD              ,HQTS           ,0,0,0,0,P,B,N,N,2,3,NJ 3                                              ,W,3,,00000003__      ,9.4,2,1,2,1,1,1,1,1,1000,FE,W,PLAZA CENTER                       ,,,,50,25,,,N,NONE                                                                            ,160,16:15,120+04732
2.01E+15,HUDSON      ,NORTH BERGEN TWP        ,4/12/2013,F ,1607,1,NORTH BERGEN PD          ,13-024807      ,0,2,0,0,I,B,N,N,1,2,NJ 3                                              ,W,3,,00000003__      ,,2,1,2,2,1,2,5,1,,,,,,,,40,,,,N,,179,16:05,120+07449
2.02E+15,HUDSON      ,NORTH BERGEN TWP        ,7/7/2016,TH,844,1,NORTH BERGEN PD          ,16-057268      ,0,1,0,0,I,B,N,N,1,2,NJ 3                                              ,W,3,,00000003__      ,,2,1,2,1,1,1,2,1,,,,,,,,40,,,,N,NONE                                                                            ,,8:45,120+07449
2.01E+15,HUDSON      ,NORTH BERGEN TWP        ,4/15/2013,M ,547,1,NORTH BERGEN PD          ,13025412,0,0,0,0,P,B,N,N,2,2,NJ 3                                              ,W,3,,00000003__      ,,2,1,2,1,6,1,1,1,,,,,,,,45,,,,N,NONE                                                                            ,160,5:45,120+07449
2.02E+15,HUDSON      ,NORTH BERGEN TWP        ,4/10/2017,MO,759,1,NORTH BERGEN PD          ,,0,0,0,0,P,B,N,N,1,3,NJ 3                                              ,W,3,,00000003__      ,,2,,2,1,1,1,1,1,,,,,,,,40,,,,N,,,8:00,120+07449
2018025618-24267               ,BERGEN      ,RUTHERFORD BORO         ,11/26/2018,MO,1753,1,RUTHERFORD PD            ,,0,0,0,0,P,B,N,N,1,2,NJ 3                                              ,W,3,,00000003__      ,6.6,2,,2,2,6,2,1,1,,,,,,,,55,,,,N,,90,17:55,120+04737
2014090914-008130              ,HUDSON      ,SECAUCUS TOWN           ,4/30/2014,W ,748,1,SECAUCUS PD              ,HQ             ,0,1,0,0,I,B,N,N,1,2,NJ 3                                              ,W,3,,00000003__      ,10.1,2,1,2,2,1,2,1,1,,,,,,,,55,,40.78254,74.04745,N,NONE                                                                            ,136,7:50,120P04729
2.02E+15,HUDSON      ,NORTH BERGEN TWP        ,4/14/2017,FR,1519,1,NORTH BERGEN PD          ,17-034801      ,0,0,0,0,P,B,N,N,2,2,NJ 3                                              ,W,3,,00000003__      ,,2,,2,1,1,1,4,1,,,,,,,,50,,,,N,,424,15:20,120+07449
2018025618-24271               ,BERGEN      ,RUTHERFORD BORO         ,11/26/2018,MO,1813,1,RUTHERFORD PD            ,,0,0,0,0,P,B,N,N,2,2,NJ 3                                              ,W,3,,00000003__      ,6,2,,2,2,6,2,1,2,,,,,,,,55,,,,N,,97,18:15,120P04737
2015090915-007829              ,HUDSON      ,SECAUCUS TOWN           ,5/26/2015,TU,844,1,SECAUCUS PD              ,HEADQUARTERS   ,0,0,0,0,P,B,N,N,1,3,NJ 3                                              ,W,3,,00000003__      ,8.51,2,1,1,1,1,1,5,1,450,FE,W,MEADOWLANDS PKWY                   ,,,,50,,,,N,NONE                                                                            ,131,8:45,120P04733
2.01E+15,HUDSON      ,NORTH BERGEN TWP        ,4/15/2013,M ,919,1,NORTH BERGEN PD          ,13-025444      ,0,1,0,0,I,B,N,N,2,2,NJ 3                                              ,W,3,,00000003__      ,,2,1,2,1,1,1,2,1,,,,,,,,,,,,N,NONE                                                                            ,140,9:20,120+07449
2.02E+15,HUDSON      ,NORTH BERGEN TWP        ,7/21/2016,TH,2337,1,NORTH BERGEN PD          ,,0,0,0,0,P,B,N,N,1,2,NJ 3                                              ,W,3,,00000003__      ,,2,1,1,1,6,1,4,1,,,,,,,,35,,,,N,,,23:35,120+07449
2015090915-007938              ,HUDSON      ,SECAUCUS TOWN           ,5/28/2015,TH,301,1,SECAUCUS PD              ,MUNICIPAL      ,0,0,0,0,P,B,N,N,11,1,NJ 3                                              ,W,3,,00000003__      ,8.58,2,1,2,1,6,1,5,1,100,FE,W,MEADOWLANDS PKWY                   ,,,,55,,,,N,,121,3:00,120+04733
2.02E+15,HUDSON      ,NORTH BERGEN TWP        ,7/22/2016,F ,2257,1,NORTH BERGEN PD          ,,0,1,0,0,I,B,N,N,1,2,NJ 3                                              ,W,3,,00000003__      ,,2,1,2,1,6,1,4,1,,,,,,,,35,,,,N,,,22:55,120+07449
2018025618-24336               ,BERGEN      ,RUTHERFORD BORO         ,11/27/2018,TU,1542,1,RUTHERFORD PD            ,,0,0,0,0,P,B,N,N,1,2,NJ 3                                              ,W,3,,00000003__      ,5.3,2,,2,1,1,1,1,2,,,,,,,,55,,,,N,,,15:40,120P04738
2.02E+15,HUDSON      ,NORTH BERGEN TWP        ,8/3/2016,W ,925,1,NORTH BERGEN PD          ,,0,0,0,0,P,B,N,N,2,2,NJ 3                                              ,W,3,,00000003__      ,,2,5,2,1,1,1,1,1,,,,,,,,40,,,,N,,207,9:25,120+07449
2014090914-008357              ,HUDSON      ,SECAUCUS TOWN           ,5/3/2014,SA,234,1,SECAUCUS PD              ,HQS.           ,0,0,0,0,P,I,N,N,99,1,NJ 3                                              ,W,3,,00000003__      ,8.6,2,1,2,1,6,1,3,1,,AT,E,MEADOWLANDS PKWY                   ,,,,50,,40.79649,74.0632,N,NONE                                                                            ,124,2:35,120+04733
2015090915-008055              ,HUDSON      ,SECAUCUS TOWN           ,5/30/2015,SA,310,1,SECAUCUS PD              ,HEADQUARTERS   ,0,2,0,0,I,I,N,N,2,2,NJ 3                                              ,W,3,,00000003__      ,8.6,2,3,2,1,4,1,5,1,,AT,,MEADOWLANDS PKWY                   ,,,,50,,,,N,NONE                                                                            ,139,3:10,120+04733
2.02E+15,HUDSON      ,NORTH BERGEN TWP        ,5/14/2017,SU,2137,1,NORTH BERGEN PD          ,NORTH BERGEN   ,0,0,0,0,P,B,N,N,1,2,NJ 3                                              ,W,3,,00000003__      ,10.84,2,,2,1,6,1,4,1,,,,US 1 / US 9                        ,,,,45,,,,N,,337,21:35,120P13767
2.01E+15,HUDSON      ,NORTH BERGEN TWP        ,5/31/2013,F ,740,1,NORTH BERGEN PD          ,13-036792      ,0,0,0,0,P,B,N,N,1,3,NJ 3                                              ,W,3,,00000003__      ,10.85,2,1,2,1,1,1,1,1,,,,US 1 / US 9                        ,,,,,,,,N,,176,7:40,120P13767
2.02E+15,HUDSON      ,NORTH BERGEN TWP        ,8/8/2016,M ,159,1,NORTH BERGEN PD          ,16-066121      ,0,0,0,0,P,B,N,N,2,2,NJ 3                                              ,W,3,,00000003__      ,,2,1,2,1,6,1,4,1,,,,,,,,45,,,,N,,,2:00,120+07449
2018025618-24482               ,BERGEN      ,RUTHERFORD BORO         ,11/29/2018,TH,1920,1,RUTHERFORD PD            ,,0,0,0,0,P,B,N,N,1,2,NJ 3                                              ,W,3,,00000003__      ,6.6,2,,2,1,6,1,1,1,,,,,,,,55,,,,N,,96,19:20,120+04737
2.01E+15,HUDSON      ,NORTH BERGEN TWP        ,6/4/2013,TU,1630,1,NORTH BERGEN PD          ,13-037795      ,0,0,0,0,P,B,N,N,11,1,NJ 3                                              ,W,3,,00000003__      ,,2,1,2,1,1,1,1,1,,,,,,,,50,,,,N,NONE                                                                            ,D91  ,16:30,120+07449
2018025618-24494               ,BERGEN      ,RUTHERFORD BORO         ,11/29/2018,TH,2126,1,RUTHERFORD PD            ,,0,0,0,0,P,B,N,N,2,2,NJ 3                                              ,W,3,,00000003__      ,5,2,,2,1,6,1,1,1,,,,,F,RIVERSIDE AVENUE         ,,55,,,,N,,62,21:25,120+04739
2.01E+15,HUDSON      ,NORTH BERGEN TWP        ,6/5/2013,W ,1750,1,NORTH BERGEN PD          ,13-038053      ,0,1,0,0,I,B,N,N,1,3,NJ 3                                              ,W,3,,00000003__      ,10.85,2,1,2,1,1,1,1,,,,,US 1 / US 9                        ,,,,40,,,,N,NONE                                                                            ,,17:50,120P13767
2.02E+15,HUDSON      ,NORTH BERGEN TWP        ,9/24/2016,SA,229,1,NORTH BERGEN PD          ,,0,0,0,0,P,B,N,N,1,2,NJ 3                                              ,W,3,,00000003__      ,,2,4,2,2,7,2,1,1,,FE,W,,,,,45,,,,N,,390,2:30,120+07449
2018025618-24626               ,BERGEN      ,RUTHERFORD BORO         ,12/1/2018,SA,1756,1,RUTHERFORD PD            ,,0,0,0,0,P,B,N,N,1,2,NJ 3                                              ,W,3,,00000003__      ,5.1,2,,2,2,6,2,1,1,,,,,,,,55,,,,N,,76,17:55,120+04739
2.01E+15,HUDSON      ,NORTH BERGEN TWP        ,6/9/2013,S ,2216,1,NORTH BERGEN PD          ,13-039050      ,0,0,0,0,P,I,N,N,2,2,NJ 3                                              ,W,3,,00000003__      ,10.9,2,1,2,1,6,1,3,1,,AT,,TONNELLE AVE                       ,,,,40,40,,,N,,,22:15,120P13767
2.02E+15,HUDSON      ,NORTH BERGEN TWP        ,10/2/2016,S ,1504,1,NORTH BERGEN PD          ,,0,0,0,0,P,B,N,N,5,2,NJ 3                                              ,W,3,,00000003__      ,10.46,2,1,2,1,1,1,4,1,,,,NJ 495                             ,,,,40,,,,N,,485,15:05,120+04729
2.02E+15,HUDSON      ,NORTH BERGEN TWP        ,5/18/2017,TH,1902,1,NORTH BERGEN PD          ,,0,0,0,0,P,B,N,N,2,2,NJ 3                                              ,W,3,,00000003__      ,,2,,2,1,1,1,2,1,,,,,,,,40,,,,N,,207,19:00,120+07449
2018025618-24689               ,BERGEN      ,RUTHERFORD BORO         ,12/2/2018,SU,1634,1,RUTHERFORD PD            ,,0,1,0,0,I,B,N,N,1,3,NJ 3                                              ,W,3,,00000003__      ,6.4,2,,2,2,3,5,1,2,,,,,,,,55,,,,N,,99,16:35,120+04737
2.02E+15,HUDSON      ,NORTH BERGEN TWP        ,5/25/2017,TH,1329,1,NORTH BERGEN PD          ,,0,0,0,0,P,I,N,N,1,2,NJ 3                                              ,W,3,,00000003__      ,10.84,2,,2,2,1,2,1,,,AT,,US 1 / US 9                        ,,,,40,,,,N,,461,13:30,120P13767
2.02E+15,HUDSON      ,NORTH BERGEN TWP        ,10/19/2016,W ,1759,1,NORTH BERGEN PD          ,16-089011      ,0,0,0,0,P,B,N,N,1,2,NJ 3                                              ,W,3,,00000003__      ,,2,4,2,1,6,1,2,1,,,,,F,PARK & RIDE              ,WB,50,,,,N,NONE                                                                            ,,18:00,120+07449
2015090915-009129              ,HUDSON      ,SECAUCUS TOWN           ,6/18/2015,TH,1742,1,SECAUCUS PD              ,HQTS           ,0,0,0,0,P,B,N,N,1,2,NJ 3                                              ,W,3,,00000003__      ,8.56,2,1,2,1,1,5,2,1,200,FE,W,MEADOWLANDS PKWY                   ,,,,50,25,,,N,NONE                                                                            ,157,17:40,120+04733
2.02E+15,HUDSON      ,NORTH BERGEN TWP        ,10/22/2016,SA,1858,1,NORTH BERGEN PD          ,NORTH BERGEN   ,0,1,0,0,I,B,N,N,11,1,NJ 3                                              ,W,3,,00000003__      ,10.75,2,1,2,2,5,2,1,1,500,FE,W,US 1 / US 9                        ,,,,40,40,,,N,NONE                                                                            ,289,19:00,120P13767
2014090914-009708              ,HUDSON      ,SECAUCUS TOWN           ,5/23/2014,F ,245,1,SECAUCUS PD              ,SPD HEADQUARTE?,0,0,0,0,P,I,N,N,11,1,NJ 3                                              ,W,3,,00000003__      ,8.6,2,2,2,2,6,4,5,1,,AT,W,MEADOWLANDS PKWY                   ,,,,55,,40.79649,74.0632,N,NONE                                                                            ,152,2:45,120+04733
2.01E+15,HUDSON      ,NORTH BERGEN TWP        ,7/14/2013,S ,1753,1,NORTH BERGEN PD          ,13-047218      ,0,0,0,0,P,B,N,N,2,2,NJ 3                                              ,W,3,,00000003__      ,,2,4,2,1,1,1,3,,,,,,,,,40,,,,N,,,17:55,120+07449
2015090915-009228              ,HUDSON      ,SECAUCUS TOWN           ,6/20/2015,SA,1236,1,SECAUCUS PD              ,HEADQUARTERS   ,0,0,0,0,P,B,N,N,1,2,NJ 3                                              ,W,3,,00000003__      ,,2,1,2,2,1,2,5,1,10,FE,W,,F,MILLCREEK DR             ,NB,45,,,,N,NONE                                                                            ,161,12:35,120+07449
2018025618-24902               ,BERGEN      ,RUTHERFORD BORO         ,12/4/2018,TU,2241,1,RUTHERFORD PD            ,,0,0,0,0,P,B,N,N,2,2,NJ 3                                              ,W,3,,00000003__      ,6.2,2,,2,1,6,1,1,2,,,,,F,ROUTE 17                 ,SB,55,,,,N,,65,22:40,120P04737
2.02E+15,HUDSON      ,NORTH BERGEN TWP        ,10/29/2016,SA,2209,1,NORTH BERGEN PD          ,,0,0,0,0,P,B,N,N,12,1,NJ 3                                              ,W,3,,00000003__      ,,2,1,2,1,6,1,4,1,,,,,,,,35,,,,N,,485,22:10,120+07449
2018025618-24937               ,BERGEN      ,RUTHERFORD BORO         ,12/5/2018,WE,936,1,RUTHERFORD PD            ,,0,0,0,0,P,B,N,N,1,2,NJ 3                                              ,W,3,,00000003__      ,5.1,2,,2,1,1,1,1,1,,,,,,,,55,,,,N,,97,9:35,120+04739
2018025618-25455               ,BERGEN      ,RUTHERFORD BORO         ,12/11/2018,TU,1949,1,RUTHERFORD PD            ,,0,0,0,0,P,B,N,N,1,2,NJ 3                                              ,W,3,,00000003__      ,5.4,2,,2,1,6,1,1,2,,,,,,,,55,,,,N,,93,19:50,120P04738
2015090915-009316              ,HUDSON      ,SECAUCUS TOWN           ,6/22/2015,M ,1159,1,SECAUCUS PD              ,HQ             ,0,0,0,0,P,B,N,N,15,1,NJ 3                                              ,W,3,,00000003__      ,10.05,2,1,2,1,1,1,1,1,,,W,,,,,55,,,,N,,162,12:00,120P04729
2.01E+15,HUDSON      ,NORTH BERGEN TWP        ,8/3/2013,SA,11,1,NORTH BERGEN PD          ,,0,0,0,0,P,B,N,N,1,2,NJ 3                                              ,W,3,,00000003__      ,,2,1,2,1,6,1,1,2,,,,,,,,35,,,,N,,152,1:10,120+07449
2018025618-25552               ,BERGEN      ,RUTHERFORD BORO         ,12/12/2018,WE,1743,1,RUTHERFORD PD            ,,0,0,0,0,P,B,N,N,1,2,NJ 3                                              ,W,3,,00000003__      ,5.2,2,,2,1,6,1,1,1,,,,,,,,55,,,,N,,94,17:45,120P04738
2018025618-25768               ,BERGEN      ,RUTHERFORD BORO         ,12/14/2018,FR,1811,1,RUTHERFORD PD            ,,0,0,0,0,P,B,N,N,2,2,NJ 3                                              ,W,3,,00000003__      ,5.1,2,,2,,6,,1,1,,,,,,,,55,,,,N,,95,18:10,120+04739
2.02E+15,HUDSON      ,NORTH BERGEN TWP        ,6/28/2017,WE,1154,1,NORTH BERGEN PD          ,NORTH BERGEN PD,0,0,0,0,P,B,N,N,3,2,NJ 3                                              ,W,3,,00000003__      ,10.48,2,,2,1,1,1,1,1,150,FE,W,NJ 3 CIRCLE                        ,,,,40,40,,,N,,398,11:55,120P13767
2.01E+15,HUDSON      ,NORTH BERGEN TWP        ,8/25/2013,S ,1218,1,NORTH BERGEN PD          ,13-056937      ,0,0,0,0,P,I,N,N,3,2,NJ 3                                              ,W,3,,00000003__      ,10.57,2,1,2,1,1,1,5,1,,AT,,RAMP H                             ,,,,25,25,,,N,NONE                                                                            ,117,12:20,120P13767
2018025618-25775               ,BERGEN      ,RUTHERFORD BORO         ,12/14/2018,FR,1900,1,RUTHERFORD PD            ,,0,0,0,0,P,B,N,N,1,3,NJ 3                                              ,W,3,,00000003__      ,6.6,2,,2,2,6,2,1,1,,,,,,,,55,,,,N,,,19:00,120+04737
2014090914-011129              ,HUDSON      ,SECAUCUS TOWN           ,6/16/2014,M ,1813,1,SECAUCUS PD              ,HEADQUARTERS   ,0,0,0,0,P,I,N,N,1,2,NJ 3                                              ,W,3,,00000003__      ,9.7,2,1,2,1,1,1,2,1,,AT,W,NEW JERSEY TURNPIKE                ,,,,50,,40.78792,74.05018,N,NONE                                                                            ,135,18:15,120+04730
2.01E+15,HUDSON      ,NORTH BERGEN TWP        ,8/26/2013,M ,941,1,NORTH BERGEN PD          ,13-057125      ,0,0,0,0,P,I,N,N,3,2,NJ 3                                              ,W,3,,00000003__      ,10.57,2,4,2,1,1,1,5,1,,AT,,,,RAMP H                   ,,25,,,,N,NONE                                                                            ,,9:40,120P13767