CRASH_ID,CTY_NAME,MUN_NAME,DATE,DAY,TIME,POL_CODE,POL_DEPT,POL_STA,KILLED,INJURED,PED_KILL,PED_INJ,SEVERITY,INTERSEC,ALCOHOL,HAZMAT,CRASH_TYPE,VEH_COUNT,LOCATION,LOC_DIR,ROUTE,RT_SFX,SRI,MP,RD_SYS,RD_CHAR,RD_SURF,SURF_COND,LIGHT,WEATHER,RD_DIV,RD_WRKZN,X_DIST,DIST_UNT,X_DIR,X_NAME,IS_RAMP,RAMP_RT,RAMP_DIR,SPD_LMT,SPD_X,LAT,LONG,CELL_USE,PROP_DMG,BADGE,TIME_ROUND,TMC
2.02E+15,HUDSON      ,NORTH BERGEN TWP        ,7/13/2017,TH,1719,1,NORTH BERGEN PD          ,17-063807      ,0,0,0,0,P,B,N,N,2,2,NJ 3                                              ,W,3,,00000003__      ,10.84,2,,2,1,1,5,4,1,,,,,F,US 1                     ,EB,40,,,,N,,472,17:20,120P13767
2.02E+15,HUDSON      ,NORTH BERGEN TWP        ,11/29/2016,TU,1924,1,NORTH BERGEN PD          ,NORTH BERGEN   ,0,0,0,0,P,B,N,N,1,2,NJ 3                                              ,W,3,,00000003__      ,10.5,2,4,2,1,6,1,2,1,,,,NJ 495                             ,,,,50,,,,N,,267,19:25,120P13767
2018025618-25919               ,BERGEN      ,RUTHERFORD BORO         ,12/17/2018,MO,1701,1,RUTHERFORD PD            ,,0,0,0,0,P,B,N,N,2,2,NJ 3                                              ,W,3,,00000003__      ,6.3,2,,2,1,6,5,1,2,,,E,,,,,55,,,,N,,62,17:00,120P04737
2.02E+15,HUDSON      ,NORTH BERGEN TWP        ,7/15/2017,SA,2348,1,NORTH BERGEN PD          ,,0,0,0,0,P,B,N,N,2,2,NJ 3                                              ,W,3,,00000003__      ,10.84,2,,2,1,6,1,1,1,,,,US 1 / US 9                        ,,,,40,,,,N,,368,23:50,120P13767
2014090914-012363              ,HUDSON      ,SECAUCUS TOWN           ,7/11/2014,F ,2025,1,SECAUCUS PD              ,HEADQUARTERS   ,0,0,0,0,P,I,N,N,1,2,NJ 3                                              ,W,3,,00000003__      ,8.8,2,1,2,1,1,1,4,1,,AT,W,MILL CREEK DRIVE                   ,,,,45,25,,,N,NONE                                                                            ,155,20:25,120+04733
2018025618-25957               ,BERGEN      ,RUTHERFORD BORO         ,12/18/2018,TU,815,1,RUTHERFORD PD            ,,0,0,0,0,P,B,N,N,1,2,NJ 3                                              ,W,3,,00000003__      ,5.2,2,,2,1,1,1,1,1,,,,,,,,55,,,,Y,,61,8:15,120P04738
2.02E+15,HUDSON      ,NORTH BERGEN TWP        ,7/24/2017,MO,2144,1,NORTH BERGEN PD          ,17-067068      ,0,0,0,0,P,B,N,N,2,2,NJ 3                                              ,W,3,,00000003__      ,10.46,2,,2,1,6,1,1,1,,,,NJ 495                             ,,,,50,,,,N,,373,21:45,120+04729
2014090914-012367              ,HUDSON      ,SECAUCUS TOWN           ,7/12/2014,SA,56,1,SECAUCUS PD              ,HQS            ,0,0,0,0,P,I,N,N,1,2,NJ 3                                              ,W,3,,00000003__      ,10.5,2,1,2,1,6,1,1,1,,AT,W,RT 495                             ,,,,50,,,,N,NONE                                                                            ,124,5:55,120P13767
2015090915-010337              ,HUDSON      ,SECAUCUS TOWN           ,7/11/2015,SA,202,1,SECAUCUS PD              ,HEADQUARTERS   ,0,0,0,0,P,B,N,N,2,2,NJ 3                                              ,W,3,,00000003__      ,9.12,2,1,2,1,6,1,3,1,20,FE,W,HUDSON COUNTY 681                  ,,,,50,,,,N,NONE                                                                            ,118,2:00,120+04732
2018025618-25958               ,BERGEN      ,RUTHERFORD BORO         ,12/18/2018,TU,822,1,RUTHERFORD PD            ,,0,0,0,0,P,B,N,N,1,5,NJ 3                                              ,W,3,,00000003__      ,5.2,2,,2,1,1,1,1,1,,,,,,,,55,,,,N,,,8:20,120P04738
2014090914-012832              ,HUDSON      ,SECAUCUS TOWN           ,7/22/2014,TU,730,1,SECAUCUS PD              ,HEADQUARTERS   ,0,0,0,0,P,B,N,N,11,1,NJ 3                                              ,W,3,,00000003__      ,,2,2,2,1,1,1,1,1,150,FE,E,,T,MEADOWLANDS PARKWAY      ,SB,,,,,N,,137,7:30,120+07449
2018025618-25989               ,BERGEN      ,RUTHERFORD BORO         ,12/18/2018,TU,1620,1,RUTHERFORD PD            ,,0,0,0,0,P,B,N,N,2,2,NJ 3                                              ,W,3,,00000003__      ,5.2,2,,2,1,1,1,1,2,,,,,,,,55,,,,N,,96,16:20,120P04738
2014090914-013306              ,HUDSON      ,SECAUCUS TOWN           ,8/2/2014,SA,27,1,SECAUCUS PD              ,HQS            ,0,1,0,0,I,I,N,N,3,2,NJ 3                                              ,W,3,,00000003__      ,9.6,2,1,2,1,6,1,1,1,,AT,,MILLCREEK DRIVE                    ,,,,45,,40.78901,74.05145,N,,112,2:25,120+04731
2.01E+15,HUDSON      ,NORTH BERGEN TWP        ,10/13/2013,S ,1757,1,NORTH BERGEN PD          ,13-069064      ,0,0,0,0,P,B,N,N,2,2,NJ 3                                              ,W,3,,00000003__      ,10.84,2,1,2,1,1,1,1,1,50,FE,W,US 1 / US 9                        ,,,,50,40,,,N,,,17:55,120P13767
2015090915-010742              ,HUDSON      ,SECAUCUS TOWN           ,7/18/2015,SA,455,1,SECAUCUS PD              ,HQTS           ,0,0,0,0,P,B,N,N,99,1,NJ 3                                              ,W,3,,00000003__      ,,2,4,2,1,6,1,1,1,,,,,T,MAPLE ST                 ,,50,,,,N,TIRE MARKS ON GRASS MEDIAN  SCRAPE MARKS ON BLACK TOP AND CURBS                 ,144,4:55,120+07449
2.02E+15,HUDSON      ,NORTH BERGEN TWP        ,12/27/2016,TU,1804,1,NORTH BERGEN PD          ,,0,0,0,0,P,B,N,N,2,2,NJ 3                                              ,W,3,,00000003__      ,,2,5,2,1,7,1,4,1,40,FE,E,,,,,50,,,,N,,353,18:05,120+07449
2.02E+15,HUDSON      ,NORTH BERGEN TWP        ,8/4/2017,FR,55,1,NORTH BERGEN PD          ,,0,0,0,0,P,B,Y,N,11,1,NJ 3                                              ,W,3,,00000003__      ,,2,,2,1,6,1,1,1,,,,,,,,40,,,,N,,368,5:55,120+07449
2018025618-26090               ,BERGEN      ,RUTHERFORD BORO         ,12/19/2018,WE,1818,1,RUTHERFORD PD            ,,0,0,0,0,P,B,N,N,2,2,NJ 3                                              ,W,3,,00000003__      ,5.2,2,,2,1,1,1,1,1,,,,,,,,55,,,,N,,56,18:20,120P04738
2014090914-013309              ,HUDSON      ,SECAUCUS TOWN           ,8/2/2014,SA,301,1,SECAUCUS PD              ,HQ             ,0,0,0,0,P,I,Y,N,2,2,NJ 3                                              ,W,3,,00000003__      ,8.6,2,2,1,1,6,5,1,1,,AT,W,MEADOWLANDS PKWY                   ,,,,50,40,40.79649,74.0632,N,,95,3:00,120+04733
2018025618-26126               ,BERGEN      ,RUTHERFORD BORO         ,12/20/2018,TH,514,1,RUTHERFORD PD            ,,0,0,0,0,P,B,N,N,15,1,NJ 3                                              ,W,3,,00000003__      ,5.8,2,,2,1,6,1,1,2,,,N,,,,,55,,,,N,,99,5:15,120+04738
2015090915-011003              ,HUDSON      ,SECAUCUS TOWN           ,7/23/2015,TH,447,1,SECAUCUS PD              ,HQTS           ,0,1,0,0,I,B,N,N,10,1,NJ 3                                              ,W,3,,00000003__      ,8.6,2,3,2,1,7,1,1,1,20,FE,W,MEADOWLANDS PKWY                   ,,,,50,,,,N,NONE                                                                            ,148,4:45,120+04733
2.02E+14,HUDSON      ,NORTH BERGEN TWP        ,12/27/2016,TU,1804,1,NORTH BERGEN PD          ,,0,0,0,0,P,B,N,N,2,2,NJ 3                                              ,W,3,,00000003__      ,,2,5,2,1,7,1,4,1,40,FE,E,,,,,50,,,,N,,353,18:05,120+07449
2018025618-26129               ,BERGEN      ,RUTHERFORD BORO         ,12/20/2018,TH,524,1,RUTHERFORD PD            ,,0,0,0,0,P,B,N,N,15,1,NJ 3                                              ,W,3,,00000003__      ,5.8,2,,2,1,6,1,1,2,,,,,,,,55,,,,N,,99,5:25,120+04738
2014090914-013442              ,HUDSON      ,SECAUCUS TOWN           ,8/5/2014,TU,1350,1,SECAUCUS PD              ,HQTS           ,0,0,0,0,P,B,N,N,2,2,NJ 3                                              ,W,3,,00000003__      ,9.6,2,1,2,1,1,1,1,5,,,,,,,,55,,40.78901,74.05145,N,NONE                                                                            ,156,13:50,120+04731
2.02E+15,HUDSON      ,NORTH BERGEN TWP        ,9/6/2017,WE,705,1,NORTH BERGEN PD          ,,0,1,0,0,I,I,N,N,1,2,NJ 3                                              ,W,3,,00000003__      ,10.84,2,,2,2,1,2,1,1,,AT,,US 1 / US 9                        ,,,,25,40,,,N,,489,7:05,120P13767
2.01E+15,HUDSON      ,NORTH BERGEN TWP        ,10/26/2013,SA,1841,1,NORTH BERGEN PD          ,13-072772      ,0,0,0,0,P,B,N,N,2,2,NJ 3                                              ,W,3,,00000003__      ,,2,5,2,1,5,1,99,1,,,,,,,,50,,,,N,NONE                                                                            ,,18:40,120+07449
2018025618-26232               ,BERGEN      ,RUTHERFORD BORO         ,12/21/2018,FR,952,1,RUTHERFORD PD            ,,0,0,0,0,P,B,N,N,11,2,NJ 3                                              ,W,3,,00000003__      ,6.5,2,,2,2,1,2,1,1,,,,,,,,55,,,,N,,96,9:50,120+04737
2015090915-0111003             ,HUDSON      ,SECAUCUS TOWN           ,7/23/2015,TH,447,1,SECAUCUS PD              ,HQTS           ,0,1,0,0,I,B,N,N,99,1,NJ 3                                              ,W,3,,00000003__      ,8.6,2,3,2,1,7,1,1,1,20,FE,W,MEADOWLANDS PKWY                   ,,,,50,,,,N,NONE                                                                            ,148,4:45,120+04733
20160908SO-16-034757           ,HUDSON      ,NORTH BERGEN TWP        ,12/8/2016,TH,49,3,HUDSON CO SHERIFFS DEPT  ,PATROL         ,0,1,0,0,I,B,N,N,11,1,NJ 3                                              ,W,3,,00000003__      ,10.31,2,1,2,1,6,1,3,1,1000,FE,W,NJ 495                             ,,,,50,50,,,N,UTILITY POLE 63335                                                              ,1037,4:50,120P04729
2.01E+15,HUDSON      ,NORTH BERGEN TWP        ,11/12/2013,TU,2152,1,NORTH BERGEN PD          ,13-077713      ,0,1,0,0,I,B,N,N,1,3,NJ 3                                              ,W,3,,00000003__      ,10.65,2,1,2,1,6,1,1,,1000,FE,W,US 1 / US 9                        ,,,,40,40,,,N,,,21:50,120P13767
2.02E+15,HUDSON      ,NORTH BERGEN TWP        ,9/8/2017,FR,730,1,NORTH BERGEN PD          ,17-080482      ,0,0,0,0,P,B,N,N,2,2,NJ 3                                              ,W,3,,00000003__      ,,2,,2,1,1,1,1,1,,,,,,,,50,,,,N,,489,7:30,120+07449
2014090914-013485              ,HUDSON      ,SECAUCUS TOWN           ,8/6/2014,W ,1126,1,SECAUCUS PD              ,HQTS           ,0,1,0,0,I,I,N,N,99,1,NJ 3                                              ,W,3,,00000003__      ,8.6,2,1,2,1,1,1,2,4,,AT,E,MEADOWLANDS PKWY                   ,,,,55,35,40.79649,74.0632,N,NONE                                                                            ,156,11:25,120+04733
2015090915-011569              ,HUDSON      ,SECAUCUS TOWN           ,8/2/2015,S ,407,1,SECAUCUS PD              ,HEADQUARTERS   ,0,0,0,0,P,B,N,N,2,2,NJ 3                                              ,W,3,,00000003__      ,9.8,2,1,2,1,6,1,2,1,,,W,,,,,55,,,,N,NONE                                                                            ,159,4:05,120+04730
2018025618-26284               ,BERGEN      ,RUTHERFORD BORO         ,12/21/2018,FR,1848,1,RUTHERFORD PD            ,,0,0,0,0,P,B,N,N,1,2,NJ 3                                              ,W,3,,00000003__      ,5.1,2,,2,2,6,1,1,1,,,,,,,,55,,,,N,,67,18:50,120+04739
2015090915-011715              ,HUDSON      ,SECAUCUS TOWN           ,8/4/2015,TU,1644,1,SECAUCUS PD              ,HQTS           ,0,0,0,0,P,B,N,N,1,3,NJ 3                                              ,W,3,,00000003__      ,8.51,2,2,1,1,1,1,5,1,500,FE,W,MEADOWLANDS PKWY                   ,,,,50,,,,N,,117,16:45,120P04733
2.01E+15,HUDSON      ,NORTH BERGEN TWP        ,12/13/2013,F ,1830,1,NORTH BERGEN PD          ,13-086119      ,0,0,0,0,P,B,N,N,1,2,NJ 3                                              ,W,3,,00000003__      ,10.85,2,1,2,1,6,1,4,,,FE,,US 1 / US 9                        ,,,,40,,,,Y,NONE                                                                            ,,18:30,120P13767
2018025618-26298               ,BERGEN      ,RUTHERFORD BORO         ,12/21/2018,FR,2309,1,RUTHERFORD PD            ,,0,0,0,0,P,B,N,N,11,2,NJ 3                                              ,W,3,,00000003__      ,6.3,2,,2,2,6,1,2,1,,,,,,,,55,,,,N,,67,23:10,120P04737
2015090915-011716              ,HUDSON      ,SECAUCUS TOWN           ,8/4/2015,TU,1726,1,SECAUCUS PD              ,HQ             ,0,0,0,0,P,B,N,N,2,2,NJ 3                                              ,W,3,,00000003__      ,9.77,2,1,2,1,1,1,2,1,100,FE,N,NEW JERSEY TURNPIKE                ,,,,,,,,N,,162,17:25,120+04730
2.01E+15,HUDSON      ,NORTH BERGEN TWP        ,12/26/2013,TH,1717,1,NORTH BERGEN PD          ,13-089255      ,0,0,0,0,P,B,N,N,2,2,NJ 3                                              ,W,3,,00000003__      ,,2,4,2,1,6,1,3,1,,,,,,,,25,,,,N,,,17:15,120+07449
2014090914-013745              ,HUDSON      ,SECAUCUS TOWN           ,8/12/2014,TU,1629,1,SECAUCUS PD              ,HQS            ,0,1,0,0,I,B,N,N,3,2,NJ 3                                              ,W,3,,00000003__      ,,2,4,2,2,1,2,2,1,55,FE,W,,F,PATERSON PLANK ROAD      ,,,,,,N,NONE.                                                                           ,137,16:30,120+07449
2018025618-26643               ,BERGEN      ,RUTHERFORD BORO         ,12/28/2018,FR,1447,1,RUTHERFORD PD            ,,0,0,0,0,P,B,N,N,11,1,NJ 3                                              ,W,3,,00000003__      ,6.5,2,,2,2,1,2,5,1,,,,,F,THOMAS E. DUNN           ,WB,55,,,,N,,76,14:45,120+04737
2.02E+15,HUDSON      ,NORTH BERGEN TWP        ,10/1/2017,SU,2108,1,NORTH BERGEN PD          ,17-087807      ,0,0,0,0,P,B,N,N,1,2,NJ 3                                              ,W,3,,00000003__      ,10.84,2,,2,1,6,1,1,1,,,,,T,US 1&9/TONNELLE AVE      ,SB,55,,,,N,,472,21:10,120P13767
2.02E+17,BERGEN      ,RUTHERFORD BORO         ,1/16/2018,TU,1956,1,CLIFTON PD               ,,0,0,0,0,P,B,N,N,2,2,NJ 3                                              ,W,3,,00000003__      ,4.98,2,,1,1,6,1,1,1,500,FE,E,NJ 21                              ,,,,55,55,40.82313,74.12405,N,,7257,19:55,120+04739
2013090913-000340              ,HUDSON      ,SECAUCUS TOWN           ,1/6/2013,S ,1810,1,SECAUCUS PD              ,HQTS           ,0,0,0,0,P,B,N,N,2,2,NJ 3                                              ,W,3,,00000003__      ,,2,1,2,1,6,1,4,1,,,,,,,,45,,,,N,,150,18:10,120+07449
20180256ER-18-05250            ,BERGEN      ,RUTHERFORD BORO         ,7/7/2018,SA,849,1,EAST RUTHERFORD PD       ,,0,0,0,0,P,B,N,N,15,2,NJ 3                                              ,W,3,,00000003__      ,6.8,2,,2,1,1,1,1,1,,,,,,,,55,,,,N,DOT NOTIFIED TO RESPOND TO CLEAN UP DEBRIS ON HWY. RT 3 W.                      ,144,8:50,120+04737
2014090914-013939              ,HUDSON      ,SECAUCUS TOWN           ,8/17/2014,S ,942,1,SECAUCUS PD              ,HQTS           ,0,0,0,0,P,I,N,N,99,1,NJ 3                                              ,W,3,,00000003__      ,10.04,2,4,2,2,1,5,2,1,,AT,W,CR 681 / PATERSON PLANK RD         ,,,,25,,40.78339,74.04772,N,NONE                                                                            ,156,9:40,120P04729
2.02E+15,HUDSON      ,NORTH BERGEN TWP        ,10/9/2017,MO,1305,1,NORTH BERGEN PD          ,,0,1,0,0,I,B,N,N,10,1,NJ 3                                              ,W,3,,00000003__      ,10.5,2,,2,2,1,2,3,1,,,,NJ 495                             ,,,,50,50,,,N,,267,13:05,120P13767
2013090913-000540              ,HUDSON      ,SECAUCUS TOWN           ,1/9/2013,W ,1731,1,SECAUCUS PD              ,HQS            ,0,2,0,0,I,B,N,N,1,2,NJ 3                                              ,W,3,,00000003__      ,,2,2,1,1,6,1,5,1,,,,,,,,,,,,N,NONE.                                                                           ,137,17:30,120+07449
2016090916-000489              ,HUDSON      ,SECAUCUS TOWN           ,1/10/2016,S ,1221,1,SECAUCUS PD              ,HQTS           ,0,0,0,0,P,B,N,N,2,2,NJ 3                                              ,W,3,,00000003__      ,9.4,2,1,2,2,1,2,5,1,,,,,,,,55,,,,N,,168,12:20,120+04732
2.02E+15,HUDSON      ,NORTH BERGEN TWP        ,10/17/2017,TU,1726,1,NORTH BERGEN PD          ,,0,0,0,0,P,B,N,N,2,2,NJ 3                                              ,W,3,,00000003__      ,10.84,2,,2,1,1,1,2,1,,,,US 1 / US 9                        ,,,,40,,,,N,,348,17:25,120P13767
2013090913-000702              ,HUDSON      ,SECAUCUS TOWN           ,1/11/2013,F ,2224,1,SECAUCUS PD              ,HEADQUARTERS   ,0,0,0,0,P,B,N,N,2,2,NJ 3                                              ,W,3,,00000003__      ,9.19,2,1,2,2,4,2,2,1,300,FE,W,MAPLE STREET RAMP                  ,,,,50,,,,N,NONE.                                                                           ,125,22:25,120+04732
2014090914-014021              ,HUDSON      ,SECAUCUS TOWN           ,8/19/2014,TU,1058,1,SECAUCUS PD              ,HQTS           ,0,1,0,0,I,I,N,N,2,2,NJ 3                                              ,W,3,,00000003__      ,9.4,2,1,2,1,1,1,2,1,,AT,W,PLAZA DR                           ,,,,40,25,,,N,NONE                                                                            ,156,11:00,120+04732
2.02E+15,HUDSON      ,NORTH BERGEN TWP        ,10/18/2017,WE,1104,1,NORTH BERGEN PD          ,17-092738      ,0,0,0,0,P,B,N,N,1,2,NJ 3                                              ,W,3,,00000003__      ,10.85,2,,2,1,1,1,4,1,,,,US 1                               ,,,,40,,,,N,,307,11:05,120P13767
2015090915-012747              ,HUDSON      ,SECAUCUS TOWN           ,8/24/2015,M ,1507,1,SECAUCUS PD              ,HQ'S           ,0,0,0,0,P,B,N,N,2,2,NJ 3                                              ,W,3,,00000003__      ,9.6,2,1,2,1,1,1,2,1,,,,,,,,45,,,,N,NONE                                                                            ,165,15:05,120+04731
2018090818-054384              ,HUDSON      ,NORTH BERGEN TWP        ,6/24/2018,SU,539,1,NORTH BERGEN PD          ,18-054384      ,0,0,0,0,P,B,N,N,2,2,NJ 3                                              ,W,3,,00000003__      ,,2,,2,2,6,2,4,1,,,,,,,,55,,,,N,,,5:40,120+07449
2016090916-001050              ,HUDSON      ,SECAUCUS TOWN           ,1/21/2016,TH,830,1,SECAUCUS PD              ,HQTS           ,0,1,0,0,I,B,N,N,1,2,NJ 3                                              ,W,3,,00000003__      ,8.9,2,1,2,1,1,1,5,1,,,,,,,,55,,,,N,,168,8:30,120+04732
2014090914-014106              ,HUDSON      ,SECAUCUS TOWN           ,8/21/2014,TH,16,1,SECAUCUS PD              ,HEADQUARTERS   ,0,0,0,0,P,I,N,N,2,2,NJ 3                                              ,W,3,,00000003__      ,9.89,2,1,2,1,6,1,2,2,,AT,E,HARMON MEADOW BLVD                 ,,,,45,25,40.7855,74.04848,N,NONE                                                                            ,139,1:15,120+04730
2015090915-012880              ,HUDSON      ,SECAUCUS TOWN           ,8/27/2015,TH,844,1,SECAUCUS PD              ,HQTS           ,0,1,0,0,I,B,N,N,1,2,NJ 3                                              ,W,3,,00000003__      ,8.6,2,2,2,1,1,1,1,1,25,FE,,MEADOWLANDS PKWY                   ,,,,55,,,,N,NONE                                                                            ,148,8:45,120+04733
2.02E+15,HUDSON      ,NORTH BERGEN TWP        ,11/15/2017,WE,442,1,NORTH BERGEN PD          ,17-101134      ,0,1,0,0,I,B,N,N,1,2,NJ 3                                              ,W,3,,00000003__      ,,2,,2,1,6,1,2,1,,,,,,,,40,,,,N,,368,4:40,120+07449
2018090818-060180              ,HUDSON      ,NORTH BERGEN TWP        ,7/8/2018,SU,2133,1,NORTH BERGEN PD          ,,0,0,0,0,P,B,N,N,1,3,NJ 3                                              ,W,3,,00000003__      ,,2,,2,1,6,1,4,1,,,,,,,,50,,,,N,,,21:35,120+07449
2015090915-012949              ,HUDSON      ,SECAUCUS TOWN           ,8/28/2015,F ,1453,1,SECAUCUS PD              ,SPD            ,0,0,0,0,P,B,N,N,2,2,NJ 3                                              ,W,3,,00000003__      ,8.58,2,2,2,1,1,1,5,1,100,FE,W,MEADOWLANDS PKWY                   ,,,,55,,,,N,NONE                                                                            ,167,14:55,120+04733
2014090914-014316              ,HUDSON      ,SECAUCUS TOWN           ,8/25/2014,M ,1752,1,SECAUCUS PD              ,HQTS           ,0,0,0,0,P,I,N,N,2,2,NJ 3                                              ,W,3,,00000003__      ,8.6,2,1,2,1,1,1,2,1,,AT,E,MEADOWLANDS PKWY                   ,,,,55,,40.79649,74.0632,N,NONE                                                                            ,156,17:50,120+04733
2.02E+15,HUDSON      ,NORTH BERGEN TWP        ,12/3/2017,SU,215,1,NORTH BERGEN PD          ,17-106381      ,0,0,0,0,P,B,N,N,2,2,NJ 3                                              ,W,3,,00000003__      ,10.84,2,,2,1,6,1,1,1,,,,US 1 / US 9                        ,,,,40,,,,N,,368,2:15,120P13767
2013090913-001128              ,HUDSON      ,SECAUCUS TOWN           ,1/18/2013,F ,2025,1,SECAUCUS PD              ,HEADQUARTERS   ,0,0,0,0,P,B,N,N,2,2,NJ 3                                              ,W,3,,00000003__      ,,2,1,2,1,7,1,2,1,,,,,T,RT 3 WEST SERVICE        ,WB,50,,,,N,NONE.                                                                           ,125,20:25,120+07449
2016090916-001104              ,HUDSON      ,SECAUCUS TOWN           ,1/22/2016,F ,2,1,SECAUCUS PD              ,HEADQUARTERS   ,0,0,0,0,P,B,N,N,2,2,NJ 3                                              ,W,3,,00000003__      ,,2,3,2,1,6,1,5,1,,,,,,,,55,,,,N,,139,2:00,120+07449
2018090818-066252              ,HUDSON      ,NORTH BERGEN TWP        ,7/25/2018,WE,1418,1,NORTH BERGEN PD          ,18066252,0,0,0,0,P,B,N,N,2,2,NJ 3                                              ,W,3,,00000003__      ,10.5,2,,2,2,1,2,1,,,,,NJ 495                             ,,,,45,,,,N,,124,14:20,120P13767
2014090914-014607              ,HUDSON      ,SECAUCUS TOWN           ,9/1/2014,M ,1541,1,SECAUCUS PD              ,HQ             ,0,0,0,0,P,I,N,N,1,2,NJ 3                                              ,W,3,,00000003__      ,9.89,2,1,2,1,1,1,2,1,,AT,E,HARMON MEADOW BLVD                 ,,,,50,25,40.7855,74.04848,N,NONE                                                                            ,142,15:40,120+04730
2018090818-067387              ,HUDSON      ,NORTH BERGEN TWP        ,7/29/2018,SU,200,1,NORTH BERGEN PD          ,18-067387      ,0,1,0,0,I,B,N,N,2,2,NJ 3                                              ,W,3,,00000003__      ,10.5,2,,2,1,6,1,4,1,,,,,T,RAMP A                   ,NB,40,,,,N,,138,2:00,120P13767
2013090913-001919              ,HUDSON      ,SECAUCUS TOWN           ,1/30/2013,W ,1947,1,SECAUCUS PD              ,HQTS           ,0,0,0,0,P,B,N,N,99,2,NJ 3                                              ,W,3,,00000003__      ,,2,1,2,2,6,2,1,1,,,,,,,,50,,,,N,NONE.                                                                           ,141,19:45,120+07449
2013090913-002000              ,HUDSON      ,SECAUCUS TOWN           ,1/31/2013,TH,2105,1,SECAUCUS PD              ,HEADQUARTERS   ,0,1,0,0,I,B,N,N,10,1,NJ 3                                              ,W,3,,00000003__      ,4.39,2,1,2,1,6,1,3,1,40,FE,S,300 RT 3 WEST                      ,,,,55,,,,N,,152,21:05,120+04740
2014090914-014765              ,HUDSON      ,SECAUCUS TOWN           ,9/4/2014,TH,1340,1,SECAUCUS PD              ,HQ             ,0,0,0,0,P,B,N,N,1,2,NJ 3                                              ,W,3,,00000003__      ,10,2,1,2,1,1,1,1,1,,,,,,,,45,,40.78396,74.0479,N,NONE                                                                            ,111,13:40,120P04729
2013090913-002442              ,HUDSON      ,SECAUCUS TOWN           ,2/8/2013,F ,1819,1,SECAUCUS PD              ,HEADQUARTERS   ,0,0,0,0,P,I,N,N,11,1,NJ 3                                              ,W,3,,00000003__      ,9.8,2,2,2,3,6,3,3,1,,AT,,,T,NJ 3                     ,WB,55,,,,N,ALUMINUM LAMP POST OWNED BY NJDOT AT MILE MARKER 9.8.                           ,134,18:20,120+04730
2018090818-076413              ,HUDSON      ,NORTH BERGEN TWP        ,8/22/2018,WE,2057,1,NORTH BERGEN PD          ,18-076413      ,0,0,0,0,P,B,N,N,1,2,NJ 3                                              ,W,3,,00000003__      ,10.42,2,,2,2,6,1,2,1,200,FE,W,NJ 495                             ,,,,25,4,,,N,,16,20:55,120+04729
2.02E+15,HUDSON      ,NORTH BERGEN TWP        ,12/21/2017,TH,1451,1,NORTH BERGEN PD          ,17-111896      ,0,0,0,0,P,B,N,N,1,2,NJ 3                                              ,W,3,,00000003__      ,,2,,2,1,1,1,1,1,,,,,,,,45,,,,N,,484,14:50,120+07449
2014090914-015322              ,HUDSON      ,SECAUCUS TOWN           ,9/17/2014,W ,822,1,SECAUCUS PD              ,HQTS           ,0,0,0,0,P,B,N,N,1,2,NJ 3                                              ,W,3,,00000003__      ,9.7,2,1,2,1,1,1,2,1,,,,,,,,40,,40.78792,74.05018,N,NONE.                                                                           ,141,8:20,120+04730
2018090818-079115              ,HUDSON      ,NORTH BERGEN TWP        ,8/30/2018,TH,1811,1,NORTH BERGEN PD          ,18-079115      ,0,0,0,0,P,B,N,N,2,2,NJ 3                                              ,W,3,,00000003__      ,10.84,2,,2,1,1,1,4,,,,W,US 1 / US 9                        ,,,,40,40,,,N,,100,18:10,120P13767
2017090917-000012              ,HUDSON      ,SECAUCUS TOWN           ,1/1/2017,SU,628,1,SECAUCUS PD              ,HEADQUARTERS   ,0,1,0,0,I,B,N,N,1,2,NJ 3                                              ,W,3,,00000003__      ,8.5,2,,2,1,6,1,1,1,,,,,,,,55,,,,N,,159,6:30,120P04733
2013090913-002995              ,HUDSON      ,SECAUCUS TOWN           ,2/17/2013,S ,1552,1,SECAUCUS PD              ,HEADQUARTERS   ,0,0,0,0,P,B,N,N,15,1,NJ 3                                              ,W,3,,00000003__      ,8.66,2,1,2,1,1,1,3,1,300,FE,E,MEADOWLANDS PKWY                   ,,,,55,25,,,N,NONE                                                                            ,134,15:50,120+04733
2015090915-013694              ,HUDSON      ,SECAUCUS TOWN           ,9/12/2015,SA,1732,1,SECAUCUS PD              ,HQ             ,0,0,0,0,P,B,N,N,1,2,NJ 3                                              ,W,3,,00000003__      ,8.75,2,1,2,1,1,1,1,1,800,FE,E,MEADOWLANDS PKWY                   ,,,,50,,,,N,,162,17:30,120+04733
2018090818-080830              ,HUDSON      ,NORTH BERGEN TWP        ,9/4/2018,TU,1933,1,NORTH BERGEN PD          ,18080830,0,0,0,0,P,B,N,N,2,2,NJ 3                                              ,W,3,,00000003__      ,10.46,2,,2,1,3,1,5,1,,,,NJ 495                             ,,,,55,,,,N,,,19:35,120+04729
2015090915-013976              ,HUDSON      ,SECAUCUS TOWN           ,9/17/2015,TH,2250,1,SECAUCUS PD              ,HQTS           ,0,0,0,0,P,B,N,N,99,1,NJ 3                                              ,W,3,,00000003__      ,9.1,2,1,2,1,6,1,1,1,,,,,,,,55,,,,N,NONE                                                                            ,168,22:50,120+04732