CRASH_ID,CTY_NAME,MUN_NAME,DATE,DAY,TIME,POL_CODE,POL_DEPT,POL_STA,KILLED,INJURED,PED_KILL,PED_INJ,SEVERITY,INTERSEC,ALCOHOL,HAZMAT,CRASH_TYPE,VEH_COUNT,LOCATION,LOC_DIR,ROUTE,RT_SFX,SRI,MP,RD_SYS,RD_CHAR,RD_SURF,SURF_COND,LIGHT,WEATHER,RD_DIV,RD_WRKZN,X_DIST,DIST_UNT,X_DIR,X_NAME,IS_RAMP,RAMP_RT,RAMP_DIR,SPD_LMT,SPD_X,LAT,LONG,CELL_USE,PROP_DMG,BADGE,TIME_ROUND,TMC
2016090916-001775              ,HUDSON      ,SECAUCUS TOWN           ,2/2/2016,TU,1630,1,SECAUCUS PD              ,HQ'S           ,0,0,0,0,P,B,N,N,1,2,NJ 3                                              ,W,3,,00000003__      ,9.89,2,1,2,1,1,1,1,1,5,FE,W,HARMON MEADOW BLVD                 ,,,,40,,,,N,2011 AUDI VIN- WAUCVAFR3BA033336 (FRONT-END)                                    ,122,16:30,120+04730
2018090818-082454              ,HUDSON      ,NORTH BERGEN TWP        ,9/9/2018,SU,424,1,NORTH BERGEN PD          ,18-082454      ,0,0,0,0,P,B,N,N,2,2,NJ 3                                              ,W,3,,00000003__      ,10.84,2,,2,2,6,2,2,1,,,,US 1 / US 9                        ,,,,55,,,,N,,104,4:25,120P13767
2013090913-003300              ,HUDSON      ,SECAUCUS TOWN           ,2/22/2013,F ,1039,1,SECAUCUS PD              ,HQ             ,0,1,0,0,I,B,N,N,11,1,NJ 3                                              ,W,3,,00000003__      ,8.69,2,1,2,1,1,1,2,1,500,FE,E,MEADOWLANDS PKWY                   ,,,,55,,,,N,NONE                                                                            ,142,10:40,120+04733
2013090913-003303              ,HUDSON      ,SECAUCUS TOWN           ,2/22/2013,F ,1116,1,SECAUCUS PD              ,HQ             ,0,0,0,0,P,B,N,N,2,2,NJ 3                                              ,W,3,,00000003__      ,8.56,2,2,2,1,1,1,1,2,200,FE,W,MEADOWLANDS PKWY                   ,,,,55,,,,N,NONE                                                                            ,142,11:15,120+04733
2015090915-014276              ,HUDSON      ,SECAUCUS TOWN           ,9/23/2015,W ,2233,1,SECAUCUS PD              ,HQTS           ,0,0,0,0,P,B,N,N,9,2,NJ 3                                              ,W,3,,00000003__      ,9.5,2,1,2,1,6,1,1,1,,,,,,,,50,,,,N,NONE                                                                            ,160,22:35,120+04731
2018090818-082834              ,HUDSON      ,NORTH BERGEN TWP        ,9/10/2018,MO,814,1,NORTH BERGEN PD          ,18-082834      ,0,0,0,0,P,I,N,N,2,2,NJ 3                                              ,W,3,,00000003__      ,10.84,2,,2,2,1,2,2,1,,AT,,US 1 / US 9                        ,,,,4,,,,N,,,8:15,120P13767
2017090917-000513              ,HUDSON      ,SECAUCUS TOWN           ,1/10/2017,TU,828,1,SECAUCUS PD              ,HEADQUARTERS   ,0,0,0,0,P,B,N,N,11,1,NJ 3                                              ,W,3,,00000003__      ,10.04,2,,2,4,1,1,3,1,,,,,F,PATERSON PLANK ROAD      ,EB,55,,,,N,,173,8:30,120P04729
2018090818-089688              ,HUDSON      ,NORTH BERGEN TWP        ,9/28/2018,FR,1511,1,NORTH BERGEN PD          ,18-089688      ,0,0,0,0,P,B,N,N,1,2,NJ 3                                              ,W,3,,00000003__      ,10.46,2,,2,1,1,1,4,1,,,,NJ 495                             ,,,,45,,,,N,,,15:10,120+04729
2018090818-092182              ,HUDSON      ,NORTH BERGEN TWP        ,10/5/2018,FR,516,1,NORTH BERGEN PD          ,18-092182      ,0,0,0,0,P,I,N,N,2,2,NJ 3                                              ,W,3,,00000003__      ,10.84,2,,2,1,6,1,4,1,,AT,,US 1 / US 9                        ,,,,40,,,,N,,,5:15,120P13767
2013090913-003844              ,HUDSON      ,SECAUCUS TOWN           ,3/3/2013,S ,725,1,SECAUCUS PD              ,HQTS           ,0,0,0,0,P,B,N,N,2,2,NJ 3                                              ,W,3,,00000003__      ,,2,3,1,1,1,1,5,1,,,,,,,,50,,,,N,NONE                                                                            ,148,7:25,120+07449
2015090915-014581              ,HUDSON      ,SECAUCUS TOWN           ,9/30/2015,W ,1426,1,SECAUCUS PD              ,,0,0,0,0,P,B,N,N,1,2,NJ 3                                              ,W,3,,00000003__      ,9.6,2,4,2,1,1,1,5,1,,,,,,,,55,,,,N,,168,14:25,120+04731
2013090913-003972              ,HUDSON      ,SECAUCUS TOWN           ,3/5/2013,TU,847,1,SECAUCUS PD              ,HQTS           ,0,0,0,0,P,B,N,N,2,3,NJ 3                                              ,W,3,,00000003__      ,10,2,1,2,1,1,1,3,1,,,,,,,,,,,,N,NONE                                                                            ,148,8:45,120P04729
2018090818-095225              ,HUDSON      ,NORTH BERGEN TWP        ,10/13/2018,SA,237,1,NORTH BERGEN PD          ,18-095225      ,0,1,0,0,I,B,N,N,3,2,NJ 3                                              ,W,3,,00000003__      ,10.46,2,,2,1,7,1,4,1,,,,,T,NJ 495                   ,WB,2,,,,N,,55,2:35,120+04729
2013090913-004085              ,HUDSON      ,SECAUCUS TOWN           ,3/7/2013,TH,1227,1,SECAUCUS PD              ,HEADQUARTERS   ,0,1,0,0,I,B,N,N,1,2,NJ 3                                              ,W,3,,00000003__      ,9.12,2,1,2,2,1,3,1,1,,,,,,,,55,,,,N,NONE                                                                            ,134,12:25,120+04732
2016090916-002222              ,HUDSON      ,SECAUCUS TOWN           ,2/10/2016,W ,1756,1,SECAUCUS PD              ,HEADQUARTERS   ,0,0,0,0,P,B,N,N,2,2,NJ 3                                              ,W,3,,00000003__      ,9.2,2,1,2,1,6,1,3,1,,,,,,,,55,,,,N,NONE                                                                            ,161,17:55,120+04732
2015090915-014649              ,HUDSON      ,SECAUCUS TOWN           ,10/1/2015,TH,1758,1,SECAUCUS PD              ,HEADQUARTERS   ,0,0,0,0,P,B,N,N,1,2,NJ 3                                              ,W,3,,00000003__      ,9.8,2,1,2,2,1,2,5,1,,,,,,,,55,,,,N,NONE                                                                            ,161,18:00,120+04730
2013090913-004320              ,HUDSON      ,SECAUCUS TOWN           ,3/11/2013,M ,1134,1,SECAUCUS PD              ,HEADQUARTERS   ,0,0,0,0,P,B,N,N,2,2,NJ 3                                              ,W,3,,00000003__      ,9.95,2,1,2,1,1,1,1,2,,,,,,,,50,,,,N,NONE                                                                            ,134,11:35,120P04729
2018090818-098804              ,HUDSON      ,NORTH BERGEN TWP        ,10/22/2018,MO,2206,1,NORTH BERGEN PD          ,18-098804      ,0,0,0,0,P,B,N,N,11,1,NJ 3                                              ,W,3,,00000003__      ,10.46,2,,2,1,6,1,1,1,,,N,NJ 495                             ,,,,55,,,,N,METAL BARRIER  PULLED UNTO THE GRASS AREA  NON HAZARDOUS                        ,,22:05,120+04729
2015090915-014713              ,HUDSON      ,SECAUCUS TOWN           ,10/2/2015,F ,2018,1,SECAUCUS PD              ,HEADQUARTERS   ,0,0,0,0,P,B,N,N,2,2,NJ 3                                              ,W,3,,00000003__      ,,2,1,2,2,6,2,5,1,,,,,,,,55,,,,N,NONE                                                                            ,161,20:20,120+07449
2017090917-001190              ,HUDSON      ,SECAUCUS TOWN           ,1/22/2017,SU,1747,1,SECAUCUS PD              ,HQTS           ,0,0,0,0,P,B,N,N,11,1,NJ 3                                              ,W,3,,00000003__      ,9.2,2,,2,2,6,2,1,1,,,,,,,,55,,,,N,,168,17:45,120+04732
2013090913-004385              ,HUDSON      ,SECAUCUS TOWN           ,3/12/2013,TU,946,1,SECAUCUS PD              ,HEADQUARTERS   ,0,0,0,0,P,B,N,N,2,2,NJ 3                                              ,W,3,,00000003__      ,10.2,2,1,2,2,1,2,1,1,,,,,,,,50,,,,N,NONE                                                                            ,134,9:45,120P04729
2017090917-001394              ,HUDSON      ,SECAUCUS TOWN           ,1/26/2017,TH,18,1,SECAUCUS PD              ,HEADQUARTERS   ,0,0,0,0,P,B,N,N,11,1,NJ 3                                              ,W,3,,00000003__      ,8.58,2,,1,1,6,1,5,1,100,FE,W,MEADOWLANDS PKWY                   ,,,,55,,,,N,,139,1:20,120+04733
2014090914-016914              ,HUDSON      ,SECAUCUS TOWN           ,10/21/2014,TU,825,1,SECAUCUS PD              ,HQTS           ,0,0,0,0,P,B,N,N,1,2,NJ 3                                              ,W,3,,00000003__      ,9.67,2,1,2,1,1,5,2,1,150,FE,W,NEW JERSEY TURNPIKE                ,,,,45,25,40.78825,74.05053,N,NONE                                                                            ,156,8:25,120+04730
2013090913-004514              ,HUDSON      ,SECAUCUS TOWN           ,3/14/2013,TH,1111,1,SECAUCUS PD              ,HQTS           ,0,0,0,0,P,B,N,N,1,2,NJ 3                                              ,W,3,,00000003__      ,9.7,2,1,2,1,1,1,1,1,100,FE,W,ISLAND BLVD                        ,,,,50,,,,N,NONE.                                                                           ,151,11:10,120+04730
2017090917-001507              ,HUDSON      ,SECAUCUS TOWN           ,1/27/2017,FR,2112,1,SECAUCUS PD              ,HEADQUARTERS   ,0,0,0,0,P,B,N,N,2,2,NJ 3                                              ,W,3,,00000003__      ,9.6,2,,2,1,6,1,1,1,,,,,,,,55,,,,N,,171,21:10,120+04731
2013090913-004577              ,HUDSON      ,SECAUCUS TOWN           ,3/15/2013,F ,737,1,SECAUCUS PD              ,HEADQUARTERS   ,0,0,0,0,P,B,N,N,1,2,NJ 3                                              ,W,3,,00000003__      ,10.02,2,1,2,1,1,1,1,1,100,FE,W,CR 681 / PATERSON PLANK RD         ,,,,50,,,,N,NONE.                                                                           ,125,7:35,120P04729
2017090917-001715              ,HUDSON      ,SECAUCUS TOWN           ,2/1/2017,WE,903,1,SECAUCUS PD              ,HQ             ,0,0,0,0,P,I,N,N,2,2,NJ 3                                              ,W,3,,00000003__      ,9.8,2,,2,1,1,1,4,1,,AT,W,,F,RAMP P                   ,,45,,,,N,,172,9:05,120+04730
2018090818-103900              ,HUDSON      ,NORTH BERGEN TWP        ,11/4/2018,SU,1616,1,NORTH BERGEN PD          ,18-103900      ,0,2,0,0,I,B,N,N,1,3,NJ 3                                              ,W,3,,00000003__      ,10.82,2,,2,1,1,1,1,1,100,FE,W,US 1 / US 9                        ,,,,40,40,,,N,,,16:15,120P13767
2017090917-001866              ,HUDSON      ,SECAUCUS TOWN           ,2/3/2017,FR,2116,1,SECAUCUS PD              ,HQTS           ,0,1,0,0,I,B,N,N,3,2,NJ 3                                              ,W,3,,00000003__      ,9.8,2,,2,1,6,1,4,1,,FE,,HARMON MEADOW BLVD                 ,,,,50,,,,N,,149,21:15,120+04730
2013090913-004804              ,HUDSON      ,SECAUCUS TOWN           ,3/19/2013,TU,522,1,SECAUCUS PD              ,HQ             ,0,0,0,0,P,B,N,N,11,1,NJ 3                                              ,W,3,,00000003__      ,9.9,2,1,2,2,6,2,3,1,200,FE,E,HARMON MEADOW BLVD                 ,,,,50,25,,,N,,95,5:20,120+04730
2016090916-003039              ,HUDSON      ,SECAUCUS TOWN           ,2/24/2016,W ,1934,1,SECAUCUS PD              ,HEADQUARTERS   ,0,2,0,0,I,B,N,N,2,2,NJ 3                                              ,W,3,,00000003__      ,8.6,2,1,2,2,5,2,5,1,,,,,F,MEADOWLANDS PARKWAY      ,NB,25,,,,N,GUARDRAIL (ROUTE 3 WEST OFF RAMP)                                               ,166,19:35,120+04733
2016090916-003155              ,HUDSON      ,SECAUCUS TOWN           ,2/26/2016,F ,1503,1,SECAUCUS PD              ,SPD            ,0,0,0,0,P,B,N,N,2,2,NJ 3                                              ,W,3,,00000003__      ,9.8,2,1,2,1,1,1,2,1,,,,,,,,55,,,,N,,167,15:05,120+04730
2015090915-015090              ,HUDSON      ,SECAUCUS TOWN           ,10/9/2015,F ,2215,1,SECAUCUS PD              ,HQTS           ,0,0,0,0,P,B,N,N,1,2,NJ 3                                              ,W,3,,00000003__      ,9.4,2,1,2,2,6,1,2,1,,,,,,,,45,,,,N,NONE                                                                            ,169,22:15,120+04732
2013090913-005554              ,HUDSON      ,SECAUCUS TOWN           ,3/30/2013,SA,1558,1,SECAUCUS PD              ,HQ             ,0,0,0,0,P,B,N,N,2,2,NJ 3                                              ,W,3,,00000003__      ,,2,1,2,1,1,1,1,1,,,,,,,,50,,,,N,NONE                                                                            ,142,16:00,120+07449
2016090916-003448              ,HUDSON      ,SECAUCUS TOWN           ,3/3/2016,TH,1844,1,SECAUCUS PD              ,HQTS           ,0,0,0,0,P,B,N,N,2,2,NJ 3                                              ,W,3,,00000003__      ,10.2,2,1,2,1,3,1,,,,,,,,,,40,,,,N,NONE                                                                            ,169,18:45,120P04729
2018090818-109118              ,HUDSON      ,NORTH BERGEN TWP        ,11/18/2018,SU,1834,1,NORTH BERGEN PD          ,18-109118      ,0,0,0,0,P,B,N,N,2,2,NJ 3                                              ,W,3,,00000003__      ,10.5,2,,2,1,6,1,4,1,,,,NJ 495                             ,,,,45,,,,N,,,18:35,120P13767
2013090913-005555              ,HUDSON      ,SECAUCUS TOWN           ,3/30/2013,SA,1614,1,SECAUCUS PD              ,HQTS           ,0,0,0,0,P,B,N,N,15,1,NJ 3                                              ,W,3,,00000003__      ,8.6,2,1,2,1,1,1,1,1,,FE,E,MEADOWLANDS PKWY                   ,,,,50,,,,N,NONE                                                                            ,144,16:15,120+04733
2014090914-017734              ,HUDSON      ,SECAUCUS TOWN           ,11/8/2014,SA,1737,1,SECAUCUS PD              ,HQS            ,0,0,0,0,P,B,N,N,2,2,NJ 3                                              ,W,3,,00000003__      ,,2,4,2,1,6,1,2,1,,,,,,,,,,,,N,,137,17:35,120+07449
2013090913-005720              ,HUDSON      ,SECAUCUS TOWN           ,4/2/2013,TU,2024,1,SECAUCUS PD              ,HQTS           ,0,0,0,0,P,B,N,N,2,2,NJ 3                                              ,W,3,,00000003__      ,8.69,2,1,2,1,6,1,1,1,500,FE,E,MEADOWLANDS PKWY                   ,,,,50,,,,N,NONE                                                                            ,144,20:25,120+04733
2014090914-017785              ,HUDSON      ,SECAUCUS TOWN           ,11/10/2014,M ,1358,1,SECAUCUS PD              ,HEADQUARTERS   ,0,1,0,0,I,I,N,N,1,2,NJ 3                                              ,W,3,,00000003__      ,8.8,2,4,2,1,1,1,2,1,,AT,,MILL CREEK DRIVE                   ,,,,55,25,,,N,NONE                                                                            ,159,14:00,120+04733
2016090916-003683              ,HUDSON      ,SECAUCUS TOWN           ,3/8/2016,TU,1855,1,SECAUCUS PD              ,HQTS           ,0,0,0,0,P,B,N,N,2,2,NJ 3                                              ,W,3,,00000003__      ,9.01,2,2,2,1,6,1,1,1,,,,,,,,55,,,,N,,150,18:55,120+04732
2014090914-018089              ,HUDSON      ,SECAUCUS TOWN           ,11/17/2014,M ,522,1,SECAUCUS PD              ,HQ             ,0,1,0,0,I,B,N,N,11,2,NJ 3                                              ,W,3,,00000003__      ,10.5,2,4,2,2,6,2,1,1,60,FE,W,N BERGEN RAMP                      ,,,,,,,,N,NONE                                                                            ,151,5:20,120P13767
2016090916-004026              ,HUDSON      ,SECAUCUS TOWN           ,3/15/2016,TU,1630,1,SECAUCUS PD              ,HQTS           ,0,0,0,0,P,B,N,N,2,2,NJ 3                                              ,W,3,,00000003__      ,10,2,1,2,1,1,1,2,1,,,,,,,,40,,,,N,,169,16:30,120P04729
2017090917-003749              ,HUDSON      ,SECAUCUS TOWN           ,3/7/2017,TU,1753,1,SECAUCUS PD              ,HQS            ,0,0,0,0,P,B,N,N,2,2,NJ 3                                              ,W,3,,00000003__      ,10.24,2,,2,1,6,5,2,1,,,,,,,,,,,,N,,129,17:55,120P04729
2018090818-121021              ,HUDSON      ,NORTH BERGEN TWP        ,12/18/2018,TU,1447,1,NORTH BERGEN PD          ,18121021,0,0,0,0,P,I,N,N,2,2,NJ 3                                              ,W,3,,00000003__      ,10.46,2,,2,1,1,1,4,1,,AT,W,NJ 495                             ,,,,40,50,,,N,,92,14:45,120+04729
2013090913-005966              ,HUDSON      ,SECAUCUS TOWN           ,4/6/2013,SA,1911,1,SECAUCUS PD              ,HQTS           ,0,0,0,0,P,B,N,N,2,2,NJ 3                                              ,W,3,,00000003__      ,8.6,2,1,2,1,1,1,1,1,100,FE,,MEADOWLANDS PKWY                   ,,,,50,,,,N,,144,19:10,120+04733
2014090914-018480              ,HUDSON      ,SECAUCUS TOWN           ,11/25/2014,TU,50,1,SECAUCUS PD              ,HEADQUARTERS   ,0,1,0,0,I,B,N,N,11,2,NJ 3                                              ,W,3,,00000003__      ,9.1,2,1,2,1,6,1,1,1,,,,,,,,50,,40.79405,74.05817,N,MINOR SCRAPES ON CONCRETE TRAFFIC BARRIER                                       ,139,5:50,120+04732
2016090916-004032              ,HUDSON      ,SECAUCUS TOWN           ,3/15/2016,TU,1756,1,SECAUCUS PD              ,HEADQUARTERS   ,0,1,0,0,I,B,N,N,11,2,NJ 3                                              ,W,3,,00000003__      ,9.4,2,1,2,1,1,1,1,1,,,,,,,,50,,,,Y,APPROX. 500' OF CONCRETE JERSEY DIVIDER LONG WITH THE FENCING AND POLES ON TOP ?,149,17:55,120+04732
2017090917-003970              ,HUDSON      ,SECAUCUS TOWN           ,3/11/2017,SA,1617,1,SECAUCUS PD              ,HQTS           ,0,0,0,0,P,B,N,N,2,2,NJ 3                                              ,W,3,,00000003__      ,10,2,,2,1,1,1,1,1,,,,,,,,40,,,,N,,169,16:15,120P04729
2017090917-004202              ,HUDSON      ,SECAUCUS TOWN           ,3/15/2017,WE,1715,1,SECAUCUS PD              ,HEADQUARTERS   ,0,0,0,0,P,B,N,N,15,1,NJ 3                                              ,W,3,,00000003__      ,9.5,2,,2,1,1,1,4,1,,,W,,,,,55,,,,N,,163,17:15,120+04731
2016090916-004502              ,HUDSON      ,SECAUCUS TOWN           ,3/24/2016,TH,815,1,SECAUCUS PD              ,HEADQUARTERS   ,0,0,0,0,P,B,N,N,11,1,NJ 3                                              ,W,3,,00000003__      ,9.9,2,1,2,1,1,1,4,1,,,,,,,,55,,,,N,NONE.                                                                           ,163,8:15,120+04730
2017090917-004265              ,HUDSON      ,SECAUCUS TOWN           ,3/16/2017,TH,1451,1,SECAUCUS PD              ,HEADQUARTERS   ,0,0,0,0,P,B,N,N,11,1,NJ 3                                              ,W,3,,00000003__      ,9.2,2,,2,4,1,1,4,1,,,,MEADOWLANDS PKWY                   ,,,,55,,,,N,IMPACT ATTENUATOR                                                               ,163,14:50,120+04732
2013090913-006154              ,HUDSON      ,SECAUCUS TOWN           ,4/9/2013,TU,1736,1,SECAUCUS PD              ,HQ'S           ,0,1,0,0,I,B,N,N,1,2,NJ 3                                              ,W,3,,00000003__      ,9.72,2,1,2,1,1,1,2,1,100,FE,N,NEW JERSEY TURNPIKE                ,,,,,,,,N,NONE.                                                                           ,122,17:35,120+04730
2014090914-018859              ,HUDSON      ,SECAUCUS TOWN           ,12/4/2014,TH,20,1,SECAUCUS PD              ,HEADQUARTERS   ,0,0,0,0,P,B,N,N,8,2,NJ 3                                              ,W,3,,00000003__      ,9.91,2,1,2,1,6,1,3,2,100,FE,E,HARMON MEADOW BLVD                 ,,,,50,,40.78522,74.04835,N,NONE                                                                            ,139,2:20,120+04730
2015090915-016847              ,HUDSON      ,SECAUCUS TOWN           ,11/10/2015,TU,1743,1,SECAUCUS PD              ,HEADQUARTERS   ,0,0,0,0,P,B,N,N,2,2,NJ 3                                              ,W,3,,00000003__      ,9.4,2,1,2,2,6,2,1,1,,,,,,,,55,,,,N,NONE                                                                            ,159,17:45,120+04732
2013090913-006424              ,HUDSON      ,SECAUCUS TOWN           ,4/14/2013,S ,212,1,SECAUCUS PD              ,HQS            ,0,0,0,0,P,B,N,N,1,2,NJ 3                                              ,W,3,,00000003__      ,3.91,2,1,2,1,6,1,1,1,,,,ACROSS FROM 255                    ,,,,50,,,,N,NONE                                                                            ,124,2:10,120+07442
2014090914-018949              ,HUDSON      ,SECAUCUS TOWN           ,12/5/2014,F ,1829,1,SECAUCUS PD              ,HEADQUARTERS   ,0,0,0,0,P,B,N,N,1,3,NJ 3                                              ,W,3,,00000003__      ,8.8,2,1,2,2,6,2,2,1,250,FE,W,MAPLE ST. RAMP                     ,,,,50,,,,N,NONE                                                                            ,125,18:30,120+04733
2016090916-004974              ,HUDSON      ,SECAUCUS TOWN           ,4/2/2016,SA,348,1,SECAUCUS PD              ,1,0,0,0,0,P,B,N,N,11,1,NJ 3                                              ,W,3,,00000003__      ,,2,4,2,2,5,2,1,1,,,,,T,MAPLE ST                 ,,50,,,,N,TIRE MARKS ON GRASS MEDIAN  SCRAPE MARKS ON CURBS                               ,157,3:50,120+07449
2014090914-018953              ,HUDSON      ,SECAUCUS TOWN           ,12/5/2014,F ,1848,1,SECAUCUS PD              ,HQTS           ,0,0,0,0,P,B,N,N,2,2,NJ 3                                              ,W,3,,00000003__      ,9.5,2,1,2,2,6,2,4,1,,,,,,,,50,,40.79005,74.0528,N,NONE                                                                            ,156,18:50,120+04731
2.02E+15,HUDSON      ,NORTH BERGEN TWP        ,1/12/2018,FR,657,1,NORTH BERGEN PD          ,18-003198      ,0,0,0,0,P,B,N,N,1,4,NJ 3                                              ,W,3,,00000003__      ,10.49,2,,2,2,2,2,1,1,75,FE,W,NJ 495                             ,,,,50,25,,,N,,,6:55,120P13767
2.02E+15,HUDSON      ,NORTH BERGEN TWP        ,1/12/2018,FR,706,1,NORTH BERGEN PD          ,18-003199      ,0,0,0,0,P,B,N,N,1,3,NJ 3                                              ,W,3,,00000003__      ,10.46,2,,2,2,1,2,1,1,,,,,T,NJ 495                   ,,50,,,,N,,,7:05,120+04729
2015090915-017026              ,HUDSON      ,SECAUCUS TOWN           ,11/13/2015,F ,1830,1,SECAUCUS PD              ,HQTS           ,0,0,0,0,P,B,N,N,1,3,NJ 3                                              ,W,3,,00000003__      ,8.64,2,1,2,1,3,1,1,1,200,FE,E,MEADOWLANDS PKWY                   ,,,,40,,,,N,,169,18:30,120+04733
2014090914-018984              ,HUDSON      ,SECAUCUS TOWN           ,12/6/2014,SA,1827,1,SECAUCUS PD              ,HQ             ,0,0,0,0,P,B,N,N,1,2,NJ 3                                              ,W,3,,00000003__      ,9.89,2,1,2,2,6,2,2,1,20,FE,E,HARMON MEADOW BLVD                 ,,,,45,25,40.7855,74.04848,N,NONE                                                                            ,142,18:25,120+04730
2013090913-006810              ,HUDSON      ,SECAUCUS TOWN           ,4/11/2013,TH,1644,3,HUDSON CO SHERIFFS DEPT  ,PATROL         ,0,0,0,0,P,B,N,N,4,2,NJ 3                                              ,W,3,,00000003__      ,,2,1,2,1,1,1,4,1,,FE,,,F,RT 3                     ,WB,25,,,,N,,1052,16:45,120+07449
2.02E+15,HUDSON      ,NORTH BERGEN TWP        ,1/31/2018,WE,1710,1,NORTH BERGEN PD          ,18-009097      ,0,1,0,0,I,B,N,N,1,2,NJ 3                                              ,W,3,,00000003__      ,,2,,2,1,1,1,4,1,,,,,,,,40,,,,N,,207,17:10,120+07449
2015090915-017030              ,HUDSON      ,SECAUCUS TOWN           ,11/13/2015,F ,1911,1,SECAUCUS PD              ,HEADQUARTERS   ,0,0,0,0,P,B,N,N,1,2,NJ 3                                              ,W,3,,00000003__      ,9.6,2,1,2,1,6,1,5,1,,,,,,,,55,,,,N,NONE.                                                                           ,166,19:10,120+04731
2013090913-007049              ,HUDSON      ,SECAUCUS TOWN           ,4/24/2013,W ,900,1,SECAUCUS PD              ,HQTS           ,0,0,0,0,P,B,N,N,2,2,NJ 3                                              ,W,3,,00000003__      ,,2,4,2,1,1,1,2,1,,,,,F,MEADOWLANDS PARKWAY      ,NB,50,,,,N,,141,9:00,120+07449
2014090914-019098              ,HUDSON      ,SECAUCUS TOWN           ,12/9/2014,TU,1354,1,SECAUCUS PD              ,HQTS           ,0,1,0,0,I,B,N,N,1,2,NJ 3                                              ,W,3,,00000003__      ,8.61,2,2,2,2,1,2,1,1,50,FE,E,MEADOWLANDS PKWY                   ,,,,50,35,40.79645,74.06309,N,NONE                                                                            ,156,13:55,120+04733
2.02E+15,HUDSON      ,NORTH BERGEN TWP        ,2/5/2018,MO,857,1,NORTH BERGEN PD          ,18-010408      ,0,0,0,0,P,B,N,N,1,2,NJ 3                                              ,W,3,,00000003__      ,,2,,2,1,1,1,1,1,,,,,T,I-95  NJ TURNPIKE        ,NB,50,,,,N,,267,8:55,120+07449
2013090913-007145              ,HUDSON      ,SECAUCUS TOWN           ,4/26/2013,F ,51,1,SECAUCUS PD              ,HQS.           ,0,0,0,0,P,B,N,N,15,1,NJ 3                                              ,W,3,,00000003__      ,8.6,2,2,1,1,6,1,5,1,25,FE,W,MEADOWLANDS PARKWAY                ,,,,50,45,,,N,NONE                                                                            ,124,5:50,120+04733
2015090915-017351              ,HUDSON      ,SECAUCUS TOWN           ,11/19/2015,TH,1810,1,SECAUCUS PD              ,HQTS           ,0,0,0,0,P,B,N,N,2,2,NJ 3                                              ,W,3,,00000003__      ,8,2,1,2,2,6,2,1,1,50,FE,W,ROOSEVELT AVE                      ,,,,40,25,,,N,NONE.                                                                           ,132,18:10,120+04734
2015090915-017620              ,HUDSON      ,SECAUCUS TOWN           ,11/24/2015,TU,1806,1,SECAUCUS PD              ,HEADQUARTERS   ,0,0,0,0,P,B,N,N,2,2,NJ 3                                              ,W,3,,00000003__      ,8.59,2,1,2,1,6,1,4,1,30,FE,W,MEADOWLANDS PKWY                   ,,,,55,,,,N,NONE.                                                                           ,163,18:05,120+04733
2016090916-005900              ,HUDSON      ,SECAUCUS TOWN           ,4/19/2016,TU,1047,1,SECAUCUS PD              ,HQTS           ,0,0,0,0,P,B,N,N,6,2,NJ 3                                              ,W,3,,00000003__      ,10.2,2,1,2,1,1,1,1,3,,,,,,,,50,,,,N,DENTED REAR BUMPER AND FLAT DRIVER'S-SIDE TIRE TO AN ATTENUATOR TRAILER.        ,160,10:45,120P04729
2.02E+15,HUDSON      ,NORTH BERGEN TWP        ,2/14/2018,WE,1848,1,NORTH BERGEN PD          ,18-013300      ,0,0,0,0,P,B,N,N,1,2,NJ 3                                              ,W,3,,00000003__      ,10.5,2,,2,2,6,1,1,1,,,,NJ 495                             ,,,,50,,,,N,,348,18:50,120P13767
2013090913-007557              ,HUDSON      ,SECAUCUS TOWN           ,5/2/2013,TH,841,1,SECAUCUS PD              ,HEADQUARTERS   ,0,0,0,0,P,B,N,N,2,4,NJ 3                                              ,W,3,,00000003__      ,8.54,2,3,2,1,1,1,5,1,300,FE,W,MEADOWLANDS PKWY                   ,,,,,,,,Y,,149,8:40,120P04733
2016090916-006121              ,HUDSON      ,SECAUCUS TOWN           ,4/23/2016,SA,2352,1,SECAUCUS PD              ,MUNICIPAL      ,0,0,0,0,P,B,N,N,2,3,NJ 3                                              ,W,3,,00000003__      ,10.1,2,1,2,1,6,1,5,1,,,W,,,,,55,,,,N,NONE                                                                            ,121,23:50,120P04729