CRASH_ID,CTY_NAME,MUN_NAME,DATE,DAY,TIME,POL_CODE,POL_DEPT,POL_STA,KILLED,INJURED,PED_KILL,PED_INJ,SEVERITY,INTERSEC,ALCOHOL,HAZMAT,CRASH_TYPE,VEH_COUNT,LOCATION,LOC_DIR,ROUTE,RT_SFX,SRI,MP,RD_SYS,RD_CHAR,RD_SURF,SURF_COND,LIGHT,WEATHER,RD_DIV,RD_WRKZN,X_DIST,DIST_UNT,X_DIR,X_NAME,IS_RAMP,RAMP_RT,RAMP_DIR,SPD_LMT,SPD_X,LAT,LONG,CELL_USE,PROP_DMG,BADGE,TIME_ROUND,TMC
2017090917-005392              ,HUDSON      ,SECAUCUS TOWN           ,4/5/2017,WE,1818,1,SECAUCUS PD              ,HQ'S           ,0,0,0,0,P,B,N,N,15,1,NJ 3                                              ,W,3,,00000003__      ,10.24,2,,2,1,1,1,1,1,250,FE,W,NJ 495                             ,,,,,,,,N,,122,18:20,120P04729
2.02E+15,HUDSON      ,NORTH BERGEN TWP        ,2/21/2018,WE,2131,1,NORTH BERGEN PD          ,18-015363      ,0,0,0,0,P,B,N,N,11,1,NJ 3                                              ,W,3,,00000003__      ,10.5,2,,2,2,5,2,4,2,,,,,F,NJ 495                   ,WB,50,,,,N,STATE YELLOW SAND BARRELS                                                       ,307,21:30,120P13767
2013090913-007915              ,HUDSON      ,SECAUCUS TOWN           ,5/8/2013,W ,926,1,SECAUCUS PD              ,HEADQUARTERS   ,0,1,0,0,I,B,N,N,1,2,NJ 3                                              ,W,3,,00000003__      ,8.58,2,2,2,2,1,2,5,1,100,FE,W,MEADOWLANDS PKWY                   ,,,,,,,,N,,149,9:25,120+04733
2016090916-006534              ,HUDSON      ,SECAUCUS TOWN           ,5/1/2016,S ,1938,1,SECAUCUS PD              ,HQTS           ,0,0,0,0,P,B,N,N,99,1,NJ 3                                              ,W,3,,00000003__      ,10,2,1,2,2,6,2,2,1,,,,,F,PATERSON PLANK ROAD      ,WB,50,,,,N,NONE                                                                            ,160,19:40,120P04729
2.02E+15,HUDSON      ,NORTH BERGEN TWP        ,3/17/2018,SA,1747,1,NORTH BERGEN PD          ,NORTH BERGEN PD,0,0,0,0,P,B,N,N,2,2,NJ 3                                              ,W,3,,00000003__      ,,2,,2,1,1,1,5,1,,,,,,,,45,,,,N,,479,17:45,120+07449
2013090913-008422              ,HUDSON      ,SECAUCUS TOWN           ,5/16/2013,TH,1002,1,SECAUCUS PD              ,HEADQUARTERS   ,0,0,0,0,P,I,N,N,99,2,NJ 3                                              ,W,3,,00000003__      ,8.6,2,2,2,1,1,1,1,1,,AT,,MEADOWLANDS PKWY                   ,,,,55,,,,N,NONE                                                                            ,147,10:00,120+04733
2017090917-005543              ,HUDSON      ,SECAUCUS TOWN           ,4/8/2017,SA,335,1,SECAUCUS PD              ,HEADQUARTERS   ,0,0,0,0,P,B,Y,N,3,2,NJ 3                                              ,W,3,,00000003__      ,10.1,2,,2,1,6,1,1,1,,,,,,,,55,,,,N,,121,3:35,120P04729
2016090916-006569              ,HUDSON      ,SECAUCUS TOWN           ,5/2/2016,M ,1231,1,SECAUCUS PD              ,HQ             ,0,3,0,0,I,B,N,N,1,2,NJ 3                                              ,W,3,,00000003__      ,,2,4,2,1,1,5,3,1,175,FE,,,F,CR 681                   ,NB,25,,,,N,NONE                                                                            ,155,12:30,120+07449
2016090916-006627              ,HUDSON      ,SECAUCUS TOWN           ,5/3/2016,TU,1159,1,SECAUCUS PD              ,HEADQUARTERS   ,0,0,0,0,P,B,N,N,1,2,NJ 3                                              ,W,3,,00000003__      ,9.5,2,1,2,2,1,2,5,1,,,,,,,,50,,,,N,GUARD RAIL                                                                      ,161,12:00,120+04731
2017090917-005995              ,HUDSON      ,SECAUCUS TOWN           ,4/15/2017,SA,449,1,SECAUCUS PD              ,HEADQUARTERS   ,0,0,0,0,P,B,N,N,11,1,NJ 3                                              ,W,3,,00000003__      ,9.2,2,,2,1,6,1,1,1,,,,,,,,55,,,,N,CONCRETE BARRIER: SCRAPES.                                                      ,166,4:50,120+04732
2014090914-020704              ,HUDSON      ,SECAUCUS TOWN           ,12/23/2014,TU,1542,3,HUDSON CO SHERIFFS DEPT  ,PATROL         ,0,0,0,0,P,B,N,N,11,1,NJ 3                                              ,W,3,,00000003__      ,,2,4,2,2,1,2,5,1,,,,,T,RT. 3                    ,WB,35,,,,N,,1070,15:40,120+07449
2.02E+15,HUDSON      ,NORTH BERGEN TWP        ,4/10/2018,TU,2106,1,NORTH BERGEN PD          ,NORTH BERGEN PD,0,1,0,0,I,B,N,N,1,2,NJ 3                                              ,W,3,,00000003__      ,,2,,2,1,6,1,4,1,,,,,,,,40,,,,N,,342,21:05,120+07449
20140909SO-14-005093           ,HUDSON      ,SECAUCUS TOWN           ,4/13/2014,S ,820,1,SECAUCUS PD              ,PATROL         ,0,0,0,0,P,I,N,N,8,2,NJ 3                                              ,W,3,,00000003__      ,8.8,2,1,2,1,1,1,5,1,,AT,E,MILL CREEK DR                      ,,,,25,25,,,N,,1024,8:20,120+04733
2017090917-006353              ,HUDSON      ,SECAUCUS TOWN           ,4/20/2017,TH,926,1,SECAUCUS PD              ,HQTS           ,0,0,0,0,P,B,N,N,11,1,NJ 3                                              ,W,3,,00000003__      ,9.12,2,,2,2,1,2,5,1,100,FE,,,F,PATERSON PLANK ROAD      ,NB,35,,,,N,,168,9:25,120+04732
20140909SO-14-012617           ,HUDSON      ,SECAUCUS TOWN           ,8/5/2014,TU,1907,1,SECAUCUS PD              ,257 CORNELISON?,0,0,0,0,P,I,N,N,2,2,NJ 3                                              ,W,3,,00000003__      ,9.7,2,1,2,1,1,1,1,1,,AT,E,ISLAND BLVD                        ,,,,45,25,,,N,NONE                                                                            ,296,19:05,120+04730
2013090913-008896              ,HUDSON      ,SECAUCUS TOWN           ,5/23/2013,TH,2301,1,SECAUCUS PD              ,,0,1,0,0,I,B,N,N,1,2,NJ 3                                              ,W,3,,00000003__      ,9.6,2,1,2,1,6,1,1,1,5280,FE,E,MEADOWLANDS PKWY                   ,,,,50,,,,N,NONE                                                                            ,144,23:00,120+04731
2017090917-006463              ,HUDSON      ,SECAUCUS TOWN           ,4/21/2017,FR,153,1,SECAUCUS PD              ,SECAUCUS PD    ,0,0,0,0,P,B,N,N,11,1,NJ 3                                              ,W,3,,00000003__      ,9.7,2,,2,2,7,2,1,1,500,FE,W,GATEWAY PLAZA                      ,,,,55,25,,,N,,152,1:55,120+04730
2015090915-019063              ,HUDSON      ,SECAUCUS TOWN           ,12/21/2015,M ,1716,1,SECAUCUS PD              ,HEADQUARTERS   ,0,0,0,0,P,B,N,N,1,3,NJ 3                                              ,W,3,,00000003__      ,9,2,1,2,1,6,1,1,1,,,,,,,,55,,,,N,NONE                                                                            ,159,17:15,120+04732
2.02E+15,HUDSON      ,NORTH BERGEN TWP        ,4/28/2018,SA,451,1,NORTH BERGEN PD          ,18-035128      ,0,0,0,0,P,B,N,N,2,2,NJ 3                                              ,W,3,,00000003__      ,10.7,2,,2,1,6,1,4,1,,,,PENHORN AVE                        ,,,,40,,,,N,,485,4:50,120P13767
2015090915-019130              ,HUDSON      ,SECAUCUS TOWN           ,12/22/2015,TU,1752,1,SECAUCUS PD              ,HQTS           ,0,1,0,0,I,B,N,N,1,2,NJ 3                                              ,W,3,,00000003__      ,9.2,2,1,2,2,6,1,1,1,,,,,,,,55,,,,N,NONE                                                                            ,150,17:50,120+04732
2016090916-007177              ,HUDSON      ,SECAUCUS TOWN           ,5/13/2016,F ,1657,1,SECAUCUS PD              ,HEADQUARTERS   ,0,0,0,0,P,B,N,N,11,1,NJ 3                                              ,W,3,,00000003__      ,10,2,1,2,2,1,2,4,1,,,,,F,PATERSON PLANK RD        ,WB,,,,,N,FENCE  AND GRASS                                                                ,163,16:55,120P04729
2016090916-007180              ,HUDSON      ,SECAUCUS TOWN           ,5/13/2016,F ,1737,1,SECAUCUS PD              ,HEADQUARTERS   ,0,0,0,0,P,B,N,N,99,1,NJ 3                                              ,W,3,,00000003__      ,9.3,2,1,2,2,1,2,4,1,,,,,F,HUDSON COUNTY 681        ,WB,,,,,N,,163,17:35,120+04732
2.02E+15,HUDSON      ,NORTH BERGEN TWP        ,5/8/2018,TU,742,1,NORTH BERGEN PD          ,18-038139      ,0,0,0,0,P,I,N,N,2,2,NJ 3                                              ,W,3,,00000003__      ,10.84,2,,2,1,1,1,1,,,AT,,US 1 / US 9                        ,,,,50,25,,,N,,87,7:40,120P13767
2014160214-10021               ,PASSAIC     ,CLIFTON CITY            ,9/19/2014,F ,1822,1,CLIFTON PD               ,CLIFTON        ,0,1,0,0,I,B,N,N,1,2,NJ 3                                              ,W,3,,00000003__      ,,2,1,2,1,1,1,1,1,600,FE,E,,T,CR 622                   ,,50,,,,N,NONE                                                                            ,10047,18:20,120+07449
2.02E+15,HUDSON      ,NORTH BERGEN TWP        ,5/10/2018,TH,1253,1,NORTH BERGEN PD          ,18-038825      ,0,0,0,0,P,I,N,N,1,2,NJ 3                                              ,W,3,,00000003__      ,10.46,2,,2,1,1,1,1,,,AT,,NJ 495                             ,,,,50,50,,,N,,87,12:55,120+04729
2014160214-100372              ,PASSAIC     ,CLIFTON CITY            ,12/12/2014,F ,52,1,CLIFTON PD               ,,0,1,0,0,I,B,N,N,11,1,NJ 3                                              ,W,3,,00000003__      ,4.8,2,2,2,1,6,1,1,1,500,FE,W,NJ 21                              ,,,,55,55,40.82401,74.12604,N,NONE                                                                            ,10048,5:50,120P04739
20150909S0-15-036046           ,HUDSON      ,SECAUCUS TOWN           ,12/22/2015,TU,1511,3,HUDSON CO SHERIFFS DEPT  ,PATROL         ,0,0,0,0,P,I,N,N,1,2,NJ 3                                              ,W,3,,00000003__      ,8.8,2,1,2,2,1,1,1,1,,AT,,MILL CREEK DRIVE                   ,,,,45,25,,,N,,389,15:10,120+04733
2013090913-009821              ,HUDSON      ,SECAUCUS TOWN           ,6/8/2013,SA,1139,1,SECAUCUS PD              ,HQTS           ,0,0,0,0,P,B,N,N,15,2,NJ 3                                              ,W,3,,00000003__      ,9.14,2,1,2,1,1,1,1,1,90,FE,W,PAT PLK RD. OVERPASS CR 681        ,,,,55,,,,N,,150,11:40,120+04732
2016090916-007565              ,HUDSON      ,SECAUCUS TOWN           ,5/20/2016,F ,122,1,SECAUCUS PD              ,HEADQUARTERS   ,0,1,0,0,I,B,N,N,11,1,NJ 3                                              ,W,3,,00000003__      ,9.4,2,1,2,1,6,1,1,1,,,,,,,,55,,,,N,SLIGHT CHIPS ON CONCRETE TRAFFIC BARRIER                                        ,139,1:20,120+04732
20150909SO-15-023309           ,HUDSON      ,SECAUCUS TOWN           ,8/29/2015,SA,1410,3,HUDSON CO SHERIFFS DEPT  ,PATROL 1       ,0,0,0,0,P,B,N,N,1,2,NJ 3                                              ,W,3,,00000003__      ,,2,1,2,1,1,1,1,1,,,,,,,,25,,,,N,,1073,14:10,120+07449
2014160214-100628              ,PASSAIC     ,CLIFTON CITY            ,12/13/2014,SA,1658,1,CLIFTON PD               ,,0,0,0,0,P,B,N,N,1,2,NJ 3                                              ,W,3,,00000003__      ,0.62,2,1,2,1,6,1,1,1,600,FE,E,CR 623 / GROVE ST                  ,,,,55,25,40.86391,74.18143,N,NONE                                                                            ,239,17:00,120P07448
2017090917-006971              ,HUDSON      ,SECAUCUS TOWN           ,4/30/2017,SU,1120,1,SECAUCUS PD              ,HQTRS          ,0,0,0,0,P,B,N,N,2,2,NJ 3                                              ,W,3,,00000003__      ,8.6,2,,2,1,1,1,5,1,,,,MEADOWLANDS PKWY                   ,,,,55,,,,N,,161,11:20,120+04733
2018090918-000248              ,HUDSON      ,SECAUCUS TOWN           ,1/4/2018,TH,1738,1,SECAUCUS PD              ,HQTS           ,0,0,0,0,P,B,N,N,11,1,NJ 3                                              ,W,3,,00000003__      ,10,2,,2,3,7,3,5,1,,,,,T,CR 681                   ,WB,50,,,,N,,160,17:40,120P04729
2017090917-007177              ,HUDSON      ,SECAUCUS TOWN           ,5/3/2017,WE,1023,1,SECAUCUS PD              ,HEADQUARTERS   ,0,0,0,0,P,B,N,N,2,2,NJ 3                                              ,W,3,,00000003__      ,9.65,2,,2,1,1,1,2,1,,,,,,,,40,,,,N,,134,10:25,120+04730
2017090917-007200              ,HUDSON      ,SECAUCUS TOWN           ,5/3/2017,WE,1749,1,SECAUCUS PD              ,HEADQUARTERS   ,0,0,0,0,P,B,N,N,2,2,NJ 3                                              ,W,3,,00000003__      ,8.49,2,,2,1,1,1,4,1,,,,MEADOWLANDS PKWY                   ,,,,55,,,,N,,163,17:50,120P04733
2016090916-008502              ,HUDSON      ,SECAUCUS TOWN           ,6/3/2016,F ,1603,1,SECAUCUS PD              ,HQS            ,0,1,0,0,I,B,N,N,11,1,NJ 3                                              ,W,3,,00000003__      ,8.8,2,1,2,1,1,1,5,1,40,FE,W,300 NJ RT. 3 EAST                  ,,,,,,,,N,PAINT TRANSFER TO GUARDRAIL                                                     ,165,16:05,120+04733
2017090917-007254              ,HUDSON      ,SECAUCUS TOWN           ,5/4/2017,TH,1720,1,SECAUCUS PD              ,HEADQUARTERS   ,0,0,0,0,P,B,N,N,1,3,NJ 3                                              ,W,3,,00000003__      ,8.58,2,,2,1,1,1,1,1,100,FE,W,MEADOWLANDS PKWY                   ,,,,55,,,,N,,,17:20,120+04733
2016090916-008527              ,HUDSON      ,SECAUCUS TOWN           ,6/4/2016,SA,317,1,SECAUCUS PD              ,HEADQUARTERS   ,0,0,0,0,P,B,N,N,1,2,NJ 3                                              ,W,3,,00000003__      ,9.3,2,1,2,1,6,1,1,1,,,,,,,,55,,,,N,NONE.                                                                           ,147,3:15,120+04732
2015132215-5627                ,MONMOUTH    ,KEYPORT BORO            ,10/14/2015,W ,2051,1,KEYPORT PD               ,,0,0,0,0,P,B,N,N,1,2,MONMOUTH COUNTY 3                                 ,W,3,,13000003__      ,13.21,5,4,2,1,6,1,2,1,10,FE,W,NJ 35                              ,,,,35,50,,,N,,#24  ,20:50,120P13767
2014160214-100751              ,PASSAIC     ,CLIFTON CITY            ,12/14/2014,S ,1705,1,CLIFTON PD               ,CLIFTON        ,0,0,0,0,P,I,N,N,1,2,NJ 3                                              ,W,3,,00000003__      ,,2,2,2,1,3,1,1,1,,AT,,,T,MAIN AVE.                ,WB,55,,,,N,,7029,17:05,120+07449
2014160214-100758              ,PASSAIC     ,CLIFTON CITY            ,12/14/2014,S ,1827,1,CLIFTON PD               ,,0,2,0,0,I,B,N,N,1,2,NJ 3                                              ,W,3,,00000003__      ,1.44,2,1,2,1,5,1,1,1,150,FE,E,GSW                                ,,,,55,55,,,N,NONE                                                                            ,256,18:25,120P07446
2018090918-000563              ,HUDSON      ,SECAUCUS TOWN           ,1/9/2018,TU,1547,1,SECAUCUS PD              ,HQTS           ,0,0,0,0,P,B,N,N,2,2,NJ 3                                              ,W,3,,00000003__      ,9.8,2,,2,1,1,1,2,1,350,FE,E,ISLAND BLVD                        ,,,,50,25,,,N,,160,15:45,120+04730
2014160214-100783              ,PASSAIC     ,CLIFTON CITY            ,12/14/2014,S ,2113,1,CLIFTON PD               ,,0,1,0,0,I,B,N,N,1,3,NJ 3                                              ,W,3,,00000003__      ,,2,1,2,1,6,1,1,1,,,,,T,BROAD ST                 ,WB,55,,,,N,,260,21:15,120+07449
2014160214-100835              ,PASSAIC     ,CLIFTON CITY            ,12/15/2014,M ,746,1,CLIFTON PD               ,,0,0,0,0,P,B,N,N,2,2,NJ 3                                              ,W,3,,00000003__      ,3.41,2,2,2,1,1,1,1,1,50,FE,W,CR 603 / PASSAIC AVE               ,,,,55,35,40.83446,74.14876,N,NONE                                                                            ,5006,7:45,120+07443
2017090917-007461              ,HUDSON      ,SECAUCUS TOWN           ,5/8/2017,MO,1110,1,SECAUCUS PD              ,HQTS           ,0,0,0,0,P,B,N,N,1,2,NJ 3                                              ,W,3,,00000003__      ,9.5,2,,2,1,1,1,5,1,,,,,,,,50,,,,N,,149,11:10,120+04731
2013090913-010698              ,HUDSON      ,SECAUCUS TOWN           ,6/21/2013,F ,2353,1,SECAUCUS PD              ,HQ             ,0,0,0,0,P,B,N,N,2,2,NJ 3                                              ,W,3,,00000003__      ,8.6,2,2,1,1,6,1,2,2,,,W,MEADOWLANDS PKWY                   ,,,,,,,,N,,123,23:55,120+04733
2015132615MN02508              ,MONMOUTH    ,MANALAPAN TWP           ,2/1/2015,S ,1931,1,MANALAPAN TWP PD         ,,0,0,0,0,P,B,N,N,12,1,MONMOUTH COUNTY 3                                 ,W,3,,13000003__      ,1.72,5,1,2,1,6,1,5,1,200,FE,N,DEVON DR N                         ,,,,40,25,,,N,NONE                                                                            ,26148,19:30,120+07445
2016090916-008777              ,HUDSON      ,SECAUCUS TOWN           ,6/8/2016,W ,1550,1,SECAUCUS PD              ,HEADQUARTERS   ,0,1,0,0,I,B,N,N,1,3,NJ 3                                              ,W,3,,00000003__      ,8.9,2,1,2,2,1,5,5,1,,,,,,,,55,,,,N,NONE.                                                                           ,121,15:50,120+04732
2013090913-010900              ,HUDSON      ,SECAUCUS TOWN           ,6/25/2013,TU,1524,1,SECAUCUS PD              ,HEADQUARTERS   ,0,2,0,0,I,I,N,N,1,2,NJ 3                                              ,W,3,,00000003__      ,9.9,2,1,2,1,1,1,1,1,,AT,N,,,,,50,,,,N,,146,15:25,120+04730
2013090913-010937              ,HUDSON      ,SECAUCUS TOWN           ,6/26/2013,W ,824,1,SECAUCUS PD              ,HEADQUARTERS   ,0,0,0,0,P,B,N,N,2,2,NJ 3                                              ,W,3,,00000003__      ,8,2,1,2,1,1,1,2,1,10,FE,W,ROOSEVELT AVE                      ,,,,40,15,,,N,NONE                                                                            ,147,8:25,120+04734
2014160214-100842              ,PASSAIC     ,CLIFTON CITY            ,12/15/2014,M ,823,1,CLIFTON PD               ,CLIFTON        ,0,0,0,0,P,B,N,N,1,2,NJ 3                                              ,W,3,,00000003__      ,,2,1,2,1,1,1,5,1,1000,FE,E,,,RT 444                   ,NB,55,,,,N,,269,8:25,120+07449
2014160214-100926              ,PASSAIC     ,CLIFTON CITY            ,12/15/2014,M ,1838,1,CLIFTON PD               ,CLIFTON        ,0,0,0,0,P,B,N,N,1,2,NJ 3                                              ,W,3,,00000003__      ,0.6,2,2,2,1,6,1,1,,500,FE,E,CR 623 / GROVE ST                  ,,,,55,,40.86417,74.18156,N,NONE                                                                            ,522,18:40,120P07448
2013090913-011264              ,HUDSON      ,SECAUCUS TOWN           ,7/1/2013,M ,1640,1,SECAUCUS PD              ,HQTS           ,0,1,0,0,I,I,N,N,11,1,NJ 3                                              ,W,3,,00000003__      ,0,2,4,2,2,1,2,2,1,,AT,N,RAMP L                             ,,,,,,,,N,TREE AND A FENCE ON RAMP L BEHIND THE KERASOTES THEATER.                        ,151,16:40,120+07449
2014160214-100992              ,PASSAIC     ,CLIFTON CITY            ,12/16/2014,TU,713,1,CLIFTON PD               ,,0,0,0,0,P,B,N,N,1,2,NJ 3                                              ,W,3,,00000003__      ,,2,5,2,2,1,1,2,,,,,,F,MAIN AVE                 ,,55,,,,N,NONE                                                                            ,7037,7:15,120+07449
2014160214-101 762             ,PASSAIC     ,CLIFTON CITY            ,12/21/2014,S ,1741,1,CLIFTON PD               ,PATROL         ,0,1,0,0,I,B,N,N,1,2,NJ 3                                              ,W,3,,00000003__      ,2.7,2,1,2,1,6,1,1,1,300,FE,E,CR 622 / BLOOMFIELD AVE            ,,,,55,35,,,N,NONE                                                                            ,6019,17:40,120+07444
2017090917-008055              ,HUDSON      ,SECAUCUS TOWN           ,5/18/2017,TH,933,1,SECAUCUS PD              ,HQTS           ,0,0,0,0,P,B,N,N,11,2,NJ 3                                              ,W,3,,00000003__      ,9.88,2,,2,1,1,1,2,1,30,FE,S,HARMON MEADOW BLVD                 ,,,,55,25,,,N,PAINT TRANSFER ON THE LEFT SIDE CURB OF NJ ROUTE 3 WEST SERVICE RD.             ,170,9:35,120+04730
2017090917-008096              ,HUDSON      ,SECAUCUS TOWN           ,5/19/2017,FR,157,1,SECAUCUS PD              ,HQTS           ,0,0,0,0,P,B,N,N,12,1,NJ 3                                              ,W,3,,00000003__      ,10,2,,2,1,6,1,3,1,,,,,,,,45,,,,N,,169,1:55,120P04729
2016090916-009228              ,HUDSON      ,SECAUCUS TOWN           ,6/16/2016,TH,1744,1,SECAUCUS PD              ,HEADQUARTERS   ,0,0,0,0,P,B,N,N,2,2,NJ 3                                              ,W,3,,00000003__      ,10.2,2,1,2,1,1,1,5,1,,,,,,,,55,,,,N,NONE.                                                                           ,166,17:45,120P04729
2014160214-101158              ,PASSAIC     ,CLIFTON CITY            ,12/17/2014,W ,812,1,CLIFTON PD               ,POST 6         ,0,0,0,0,P,B,N,N,1,2,NJ 3                                              ,W,3,,00000003__      ,1.51,2,1,2,1,1,1,1,1,1320,FE,E,ROUTE 509 / BROAD ST               ,,,,50,25,40.85233,74.17546,N,NONE                                                                            ,7033,8:10,120+07445
2014160214-101267              ,PASSAIC     ,CLIFTON CITY            ,12/17/2014,W ,2237,1,CLIFTON PD               ,,0,0,0,0,P,I,N,N,2,2,NJ 3                                              ,W,3,,00000003__      ,,2,2,2,1,6,1,5,1,,AT,,,F,PASSAIC AVE              ,,45,,,,N,NONE                                                                            ,508,22:35,120+07449
2014160214-101307              ,PASSAIC     ,CLIFTON CITY            ,12/18/2014,TH,856,1,CLIFTON PD               ,CLIFTON        ,0,0,0,0,P,I,N,N,1,3,NJ 3                                              ,W,3,,00000003__      ,1.78,2,1,2,1,1,1,1,1,,AT,,HEPBURN RD                         ,,,,50,25,40.84914,74.17248,N,,187,8:55,120+07445
2018090918-001377              ,HUDSON      ,SECAUCUS TOWN           ,1/22/2018,MO,2337,1,SECAUCUS PD              ,HEADQUARTERS   ,0,0,0,0,P,B,N,N,11,1,NJ 3                                              ,W,3,,00000003__      ,10.04,2,,2,2,6,4,5,1,,,,,F,PATERSON PLANK ROAD      ,,55,,,,N,CHAIN LINK FENCE.                                                               ,166,23:35,120P04729
2016090916-009745              ,HUDSON      ,SECAUCUS TOWN           ,6/27/2016,M ,701,1,SECAUCUS PD              ,HEADQUARTERS   ,0,1,0,0,I,B,N,N,1,2,NJ 3                                              ,W,3,,00000003__      ,8.8,2,1,2,1,1,1,5,1,,FE,E,MEADOWLANDS PKWY                   ,,,,55,,,,Y,NONE                                                                            ,149,7:00,120+04733
2018090918-001477              ,HUDSON      ,SECAUCUS TOWN           ,1/24/2018,WE,1215,1,SECAUCUS PD              ,HQTS           ,0,0,0,0,P,B,N,N,1,2,NJ 3                                              ,W,3,,00000003__      ,10,2,,1,1,1,1,1,1,,,,,F,CR 681/PATERSON PLANK RD ,,50,,,,N,,176,12:15,120P04729
2013090913-011890              ,HUDSON      ,SECAUCUS TOWN           ,7/12/2013,F ,635,1,SECAUCUS PD              ,HEADQUARTERS   ,0,0,0,0,P,B,N,N,1,2,NJ 3                                              ,W,3,,00000003__      ,,2,1,2,1,1,1,3,1,,,,,,,,50,,,,N,NONE                                                                            ,139,6:35,120+07449
2013090913-011939              ,HUDSON      ,SECAUCUS TOWN           ,7/12/2013,F ,2106,1,SECAUCUS PD              ,HQS            ,0,0,0,0,P,B,N,N,11,1,NJ 3                                              ,W,3,,00000003__      ,,2,1,2,2,6,2,2,1,,,,,,,,,,,,N,NONE.                                                                           ,137,21:05,120+07449
2014160214-101454              ,PASSAIC     ,CLIFTON CITY            ,12/19/2014,F ,920,1,CLIFTON PD               ,CLIFTON        ,0,1,0,0,I,B,N,N,1,2,NJ 3                                              ,W,3,,00000003__      ,,2,5,2,1,1,1,1,1,,,,,F,PASSAIC AVE              ,NB,55,,,,N,NONE                                                                            ,5008,9:20,120+07449
2014160214-101541              ,PASSAIC     ,CLIFTON CITY            ,12/19/2014,F ,1953,1,CLIFTON PD               ,POST 7         ,0,0,0,0,P,I,N,N,1,3,NJ 3                                              ,W,3,,00000003__      ,,2,1,2,1,6,1,1,1,,AT,,,T,MAIN AVE                 ,,55,,,,N,NONE                                                                            ,7030,19:55,120+07449
2016090916-009858              ,HUDSON      ,SECAUCUS TOWN           ,6/29/2016,W ,755,1,SECAUCUS PD              ,HQTS           ,0,1,0,0,I,B,N,N,2,2,NJ 3                                              ,W,3,,00000003__      ,9.6,2,1,2,1,1,1,1,1,200,FE,S,ISLAND BLVD.                       ,,,,50,25,,,N,BROKEN FENCE POST ATTACHED TO CENTER MEDIAN.                                    ,160,7:55,120+04731
2014160214-101610              ,PASSAIC     ,CLIFTON CITY            ,12/20/2014,SA,920,1,CLIFTON PD               ,,0,0,0,0,P,B,N,N,1,2,NJ 3                                              ,W,3,,00000003__      ,,2,2,2,1,1,1,1,1,,,,,F,MAIN AVE                 ,WB,55,,,,N,,260,9:20,120+07449
2018090918-001952              ,HUDSON      ,SECAUCUS TOWN           ,2/1/2018,TH,2323,1,SECAUCUS PD              ,HQTS           ,0,0,0,0,P,B,N,N,11,1,NJ 3                                              ,W,3,,00000003__      ,8.6,2,,2,2,6,2,2,1,500,FE,,,F,MEADOWLANDS PKWY         ,WB,55,,,,N,,144,23:25,120+04733
2014160214-101715              ,PASSAIC     ,CLIFTON CITY            ,12/21/2014,S ,613,1,CLIFTON PD               ,,0,0,0,0,P,B,N,N,2,2,NJ 3                                              ,W,3,,00000003__      ,,2,1,2,1,6,1,1,2,,,,,T,RT 21                    ,SB,55,,,,Y,NONE                                                                            ,12504,6:15,120+07449
2014160214-10178               ,PASSAIC     ,CLIFTON CITY            ,9/23/2014,TU,1815,1,CLIFTON PD               ,PATROL         ,0,0,0,0,P,B,N,N,1,2,NJ 3                                              ,W,3,,00000003__      ,1.22,2,1,2,1,1,1,1,1,200,FE,W,ROUTE 509 / BROAD ST               ,,,,55,35,40.85574,74.17858,N,NONE                                                                            ,6019,18:15,120P07447
2013090913-014082              ,HUDSON      ,SECAUCUS TOWN           ,8/18/2013,S ,148,1,SECAUCUS PD              ,HQS            ,0,0,0,0,P,B,N,N,99,1,NJ 3                                              ,W,3,,00000003__      ,9.88,2,1,2,1,6,1,99,2,50,FE,W,HARMON MEADOW BLVD                 ,,,,50,,,,N,NONE                                                                            ,124,1:50,120+04730
2014160214-10180               ,PASSAIC     ,CLIFTON CITY            ,9/23/2014,TU,1807,1,CLIFTON PD               ,PATROL         ,0,0,0,0,P,B,N,N,1,2,NJ 3                                              ,W,3,,00000003__      ,0.1,2,1,2,1,1,1,1,1,100,FE,E,VALLEY ROAD                        ,,,,55,35,,,N,NONE                                                                            ,6219,18:05,120+07449