CRASH_ID,CTY_NAME,MUN_NAME,DATE,DAY,TIME,POL_CODE,POL_DEPT,POL_STA,KILLED,INJURED,PED_KILL,PED_INJ,SEVERITY,INTERSEC,ALCOHOL,HAZMAT,CRASH_TYPE,VEH_COUNT,LOCATION,LOC_DIR,ROUTE,RT_SFX,SRI,MP,RD_SYS,RD_CHAR,RD_SURF,SURF_COND,LIGHT,WEATHER,RD_DIV,RD_WRKZN,X_DIST,DIST_UNT,X_DIR,X_NAME,IS_RAMP,RAMP_RT,RAMP_DIR,SPD_LMT,SPD_X,LAT,LONG,CELL_USE,PROP_DMG,BADGE,TIME_ROUND,TMC
2018090918-002254              ,HUDSON      ,SECAUCUS TOWN           ,2/7/2018,WE,1014,1,SECAUCUS PD              ,HEADQUARTERS   ,0,0,0,0,P,I,N,N,11,1,NJ 3                                              ,W,3,,00000003__      ,9.6,2,,2,3,1,3,2,1,,AT,,MILL CREEK DRIVE                   ,,,,45,25,,,N,CATCH BASIN  SIGN  & LANDSCAPE AT 450 NJ WEST (EXXON)                           ,134,10:15,120+04731
2018090918-002391              ,HUDSON      ,SECAUCUS TOWN           ,2/9/2018,FR,1031,1,SECAUCUS PD              ,HEADQUARTERS   ,0,2,0,0,I,B,N,N,11,2,NJ 3                                              ,W,3,,00000003__      ,9.16,2,,2,1,1,1,1,1,,,,,,,,55,,,,N,IMPACT SCRATCHES TO NJDOT CONCRETE BARRIER AND ROADWAY                          ,134,10:30,120+04732
2016090916-010303              ,HUDSON      ,SECAUCUS TOWN           ,7/8/2016,F ,1417,1,SECAUCUS PD              ,HEADQUARTERS   ,0,0,0,0,P,B,N,N,15,1,NJ 3                                              ,W,3,,00000003__      ,9.3,2,1,2,1,1,1,1,1,,,,,,,,55,,,,N,NONE                                                                            ,155,14:15,120+04732
2016090916-010520              ,HUDSON      ,SECAUCUS TOWN           ,7/13/2016,W ,718,1,SECAUCUS PD              ,HQTS           ,0,0,0,0,P,B,N,N,2,2,NJ 3                                              ,W,3,,00000003__      ,8.6,2,2,2,1,1,1,5,1,,,W,,T,MEADOWLANDS PW           ,,50,,,,N,,158,7:20,120+04733
2013090913-014660              ,HUDSON      ,SECAUCUS TOWN           ,8/28/2013,W ,904,1,SECAUCUS PD              ,HEADQUARTERS   ,0,0,0,0,P,B,N,N,11,2,NJ 3                                              ,W,3,,00000003__      ,10.03,2,1,2,1,1,1,1,1,75,FE,W,CR 681 / PATERSON PLANK RD         ,,,,55,,,,N,SCRAPES TO METAL AND CONCRETE GUARDRAILS.                                       ,147,9:05,120P04729
2014160214-102051              ,PASSAIC     ,CLIFTON CITY            ,12/23/2014,TU,1800,1,CLIFTON PD               ,,0,0,0,0,P,B,N,N,1,2,NJ 3                                              ,W,3,,00000003__      ,2.7,2,1,2,2,6,2,1,1,300,FE,E,CR 622 / BLOOMFIELD AVE            ,,,,55,25,40.83992,74.16021,N,NONE                                                                            ,515,18:00,120+07444
2013090913-015039              ,HUDSON      ,SECAUCUS TOWN           ,9/3/2013,TU,1629,1,SECAUCUS PD              ,HQTS           ,0,1,0,0,I,B,N,N,1,2,NJ 3                                              ,W,3,,00000003__      ,8.8,2,1,2,1,1,1,1,1,50,FE,E,MAPLE STREET RAMP                  ,,,,55,,,,N,,150,16:30,120+04733
2015132615MN10704              ,MONMOUTH    ,MANALAPAN TWP           ,4/27/2015,M ,1320,1,MANALAPAN TWP PD         ,,0,0,0,0,P,B,N,N,2,2,MONMOUTH COUNTY 3                                 ,W,3,,13000003__      ,3.62,5,1,1,1,1,1,4,1,2000,FE,E,TOWNE DR                           ,,,,45,,,,N,NONE                                                                            ,26098,13:20,120P07442
2018090918-002717              ,HUDSON      ,SECAUCUS TOWN           ,2/14/2018,WE,1815,1,SECAUCUS PD              ,SPD HEADQUARTE?,0,0,0,0,P,B,N,N,1,2,NJ 3                                              ,W,3,,00000003__      ,8.56,2,,2,1,7,1,1,1,200,FE,W,MEADOWLANDS PKWY                   ,,,,55,25,,,N,,152,18:15,120+04733
2016090916-010714              ,HUDSON      ,SECAUCUS TOWN           ,7/17/2016,S ,620,1,SECAUCUS PD              ,HEADQUARTERS   ,0,0,0,0,P,B,N,N,11,1,NJ 3                                              ,W,3,,00000003__      ,8.61,2,6,2,1,1,1,3,1,50,FE,E,MEADOWLANDS PKWY                   ,,,,30,,,,N,NONE                                                                            ,139,6:20,120+04733
2015132615MN10831              ,MONMOUTH    ,MANALAPAN TWP           ,4/28/2015,TU,1611,1,MANALAPAN TWP PD         ,MANALAPAN      ,0,0,0,0,P,B,N,N,1,2,MONMOUTH COUNTY 3                                 ,W,3,,13000003__      ,3.68,5,1,1,1,1,1,5,1,40,FE,E,GORDENS CORNER RD                  ,,,,35,35,,,N,NONE                                                                            ,26147,16:10,120+07442
2013090913-015633              ,HUDSON      ,SECAUCUS TOWN           ,9/13/2013,F ,943,1,SECAUCUS PD              ,SPD HEADQUARTE?,0,0,0,0,P,B,N,N,99,3,NJ 3                                              ,W,3,,00000003__      ,8.51,2,2,2,1,1,1,,1,500,FE,W,MEADOWLANDS PKWY                   ,,,,55,,,,N,NONE                                                                            ,152,9:45,120P04733
2015132615MN11242              ,MONMOUTH    ,MANALAPAN TWP           ,5/2/2015,SA,,1,MANALAPAN TWP PD         ,,0,2,0,0,I,I,N,N,5,2,MONMOUTH COUNTY 3                                 ,W,3,,13000003__      ,3.65,5,1,2,1,7,1,5,1,,AT,N,US 9                               ,,,,35,55,,,N,NONE                                                                            ,26142,#VALUE!,120+07442
2016090916-010924              ,HUDSON      ,SECAUCUS TOWN           ,7/21/2016,TH,746,1,SECAUCUS PD              ,HQ             ,0,0,0,0,P,B,N,N,1,2,NJ 3                                              ,W,3,,00000003__      ,8.7,2,1,2,1,1,1,5,1,,,,,,,,55,,,,N,NONE                                                                            ,162,7:45,120+04733
2017090917-010155              ,HUDSON      ,SECAUCUS TOWN           ,6/21/2017,WE,1834,1,SECAUCUS PD              ,HQ             ,0,0,0,0,P,B,N,N,2,2,NJ 3                                              ,W,3,,00000003__      ,9.2,2,,2,1,1,1,5,1,,,,,,,,55,,,,N,,162,18:35,120+04732
2014160214-10219               ,PASSAIC     ,CLIFTON CITY            ,9/24/2014,W ,1706,1,CLIFTON PD               ,PATROL/C1      ,0,1,0,0,I,B,N,N,1,2,NJ 3                                              ,W,3,,00000003__      ,,2,5,2,1,1,1,1,1,,,,,F,MAIN AVE                 ,WB,55,,,,N,NONE                                                                            ,501,17:05,120+07449
2014160214-10235               ,PASSAIC     ,CLIFTON CITY            ,9/25/2014,TH,833,1,CLIFTON PD               ,CLIFTON        ,0,0,0,0,P,B,N,N,11,1,NJ 3                                              ,W,3,,00000003__      ,2.14,2,1,2,2,1,2,1,1,2640,FE,W,CR 622 / BLOOMFIELD AVE            ,,,,50,25,40.8449,74.16854,N,GUARDRAIL                                                                       ,7033,8:35,120+07445
2018090918-003245              ,HUDSON      ,SECAUCUS TOWN           ,2/23/2018,FR,1845,1,SECAUCUS PD              ,HQTS           ,0,1,0,0,I,B,N,N,2,2,NJ 3                                              ,W,3,,00000003__      ,9.2,2,,2,2,6,2,4,1,,,,,,,,55,,,,N,,168,18:45,120+04732
2014160214-102357              ,PASSAIC     ,CLIFTON CITY            ,12/26/2014,F ,1713,1,CLIFTON PD               ,,0,0,0,0,P,B,N,N,2,2,NJ 3                                              ,W,3,,00000003__      ,3.91,2,1,2,1,6,1,1,1,500,FE,E,CR 601 / MAIN AVE                  ,,,,55,35,40.83067,74.14056,N,NONE                                                                            ,239,17:15,120+07442
2013090913-016119              ,HUDSON      ,SECAUCUS TOWN           ,9/21/2013,SA,924,1,SECAUCUS PD              ,HQTS           ,0,0,0,0,P,B,N,N,2,2,NJ 3                                              ,W,3,,00000003__      ,8.5,2,3,1,1,1,1,1,1,,,,,,,,50,,,,N,NONE.                                                                           ,153,9:25,120P04733
2013090913-016161              ,HUDSON      ,SECAUCUS TOWN           ,9/22/2013,S ,300,1,SECAUCUS PD              ,HQS.           ,0,2,0,0,I,B,Y,N,99,2,NJ 3                                              ,W,3,,00000003__      ,10.5,2,1,2,2,4,2,1,1,450,FE,W,NJ 495                             ,,,,50,55,,,N,,124,3:00,120P13767
2014160214-102376              ,PASSAIC     ,CLIFTON CITY            ,12/26/2014,F ,2013,1,CLIFTON PD               ,CLIFTON P.D.   ,0,1,0,0,I,B,N,N,2,2,NJ 3                                              ,W,3,,00000003__      ,,2,2,2,1,6,1,1,1,2640,FE,E,,T,MAIN AVE                 ,NB,55,,,,N,NONE                                                                            ,526,20:15,120+07449
2018090918-003598              ,HUDSON      ,SECAUCUS TOWN           ,3/1/2018,TH,1052,1,SECAUCUS PD              ,HQS            ,0,0,0,0,P,B,N,N,15,2,NJ 3                                              ,W,3,,00000003__      ,8.6,2,,2,1,1,1,5,1,25,FE,E,MEADOWLANDS PKWY                   ,,,,55,,,,N,,129,10:50,120+04733
2014160214-102493              ,PASSAIC     ,CLIFTON CITY            ,12/27/2014,SA,1752,1,CLIFTON PD               ,,0,0,0,0,P,B,N,N,1,2,NJ 3                                              ,W,3,,00000003__      ,,2,1,2,1,6,1,1,1,5,FE,W,,F,MAIN AVE                 ,,55,,,,N,NONE                                                                            ,521,17:50,120+07449
2014160214-102509              ,PASSAIC     ,CLIFTON CITY            ,12/27/2014,SA,2034,1,CLIFTON PD               ,,0,1,0,0,I,B,N,N,1,2,NJ 3                                              ,W,3,,00000003__      ,,2,5,2,1,6,1,1,1,,,,,F,CR 601                   ,,55,,,,N,NONE                                                                            ,315,20:35,120+07449
2018090918-003815              ,HUDSON      ,SECAUCUS TOWN           ,3/5/2018,MO,805,1,SECAUCUS PD              ,HQTS           ,0,0,0,0,P,B,N,N,2,3,NJ 3                                              ,W,3,,00000003__      ,9.1,2,,2,1,1,1,5,1,,,,,,,,50,,,,N,,,8:05,120+04732
2013090913-016813              ,HUDSON      ,SECAUCUS TOWN           ,10/2/2013,W ,750,1,SECAUCUS PD              ,HEADQUARTERS   ,0,1,0,0,I,B,N,N,1,2,NJ 3                                              ,W,3,,00000003__      ,9.89,2,1,2,1,1,1,1,1,,,W,HARMON MEADOW BLVD                 ,,,,55,,,,N,,147,7:50,120+04730
2017090917-010962              ,HUDSON      ,SECAUCUS TOWN           ,7/5/2017,WE,2009,1,SECAUCUS PD              ,HQTS           ,0,1,0,0,I,B,N,N,2,2,NJ 3                                              ,W,3,,00000003__      ,9.9,2,,2,1,3,1,1,1,,,,,,,,50,,,,N,,167,20:10,120+04730
2016090916-011344              ,HUDSON      ,SECAUCUS TOWN           ,7/29/2016,F ,949,1,SECAUCUS PD              ,HQTS           ,0,1,0,0,I,B,N,N,11,1,NJ 3                                              ,W,3,,00000003__      ,10,2,4,2,2,1,2,2,1,,,,,,,,50,,,,N,BROKEN SUPPORT CABLE TO UTILITY POLE # 5180SEC  DAMAGED ELECTRICAL BOX.         ,160,9:50,120P04729
2016090916-011410              ,HUDSON      ,SECAUCUS TOWN           ,7/30/2016,SA,1343,1,SECAUCUS PD              ,HQTS           ,0,0,0,0,P,B,N,N,11,1,NJ 3                                              ,W,3,,00000003__      ,10,2,4,2,2,1,5,2,1,,,W,,F,PATERSON PLANK RD.       ,WB,50,,,,N,NONE                                                                            ,160,13:45,120P04729
2014160214-102670              ,PASSAIC     ,CLIFTON CITY            ,12/29/2014,M ,1901,1,CLIFTON PD               ,POST 4         ,0,0,0,0,P,B,N,N,1,2,NJ 3                                              ,W,3,,00000003__      ,0.09,2,1,2,1,1,1,3,1,500,FE,E,US 46                              ,,,,50,50,40.87023,74.18843,N,NONE                                                                            ,268,19:00,120+07449
2017090917-010995              ,HUDSON      ,SECAUCUS TOWN           ,7/6/2017,TH,1130,1,SECAUCUS PD              ,HQTS           ,0,1,0,0,I,B,N,N,1,2,NJ 3                                              ,W,3,,00000003__      ,8.8,2,,2,1,1,1,1,1,,,,,,,,55,,,,N,,150,11:30,120+04733
2017090917-011058              ,HUDSON      ,SECAUCUS TOWN           ,7/7/2017,FR,1043,1,SECAUCUS PD              ,HQ             ,0,1,0,0,I,B,N,N,11,1,NJ 3                                              ,W,3,,00000003__      ,9.6,2,,2,2,1,2,1,1,,,,,,,,55,,,,N,,162,10:45,120+04731
2016090916-011809              ,HUDSON      ,SECAUCUS TOWN           ,8/6/2016,SA,2138,1,SECAUCUS PD              ,HEADQUARTERS   ,0,1,0,0,I,I,N,N,1,2,NJ 3                                              ,W,3,,00000003__      ,9.7,2,1,2,1,7,1,3,1,,AT,,PLAZA DRIVE                        ,,,,45,25,,,N,NONE                                                                            ,155,21:40,120+04730
2014160214-102773              ,PASSAIC     ,CLIFTON CITY            ,12/30/2014,TU,828,1,CLIFTON PD               ,CLIFTON        ,0,0,0,0,P,I,N,N,2,2,NJ 3                                              ,W,3,,00000003__      ,,2,2,2,1,2,1,1,1,,AT,,,T,PASSAIC COUNTY 601       ,NB,55,,,,N,NONE                                                                            ,283,8:30,120+07449
2015132615MN13345              ,MONMOUTH    ,MANALAPAN TWP           ,5/23/2015,SA,1951,1,MANALAPAN TWP PD         ,,0,0,0,0,P,B,N,N,1,2,MONMOUTH COUNTY 3                                 ,W,3,,13000003__      ,0.8,5,1,2,1,1,1,5,1,10,FE,N,ROUTE 522                          ,,,,35,40,,,N,NONE                                                                            ,26126,19:50,120+07448
2014160214-102784              ,PASSAIC     ,CLIFTON CITY            ,12/30/2014,TU,1039,1,CLIFTON PD               ,,0,0,0,0,P,I,N,N,1,2,NJ 3                                              ,W,3,,00000003__      ,3.82,2,5,2,1,1,1,1,1,,AT,,CR 601 / MAIN AVE                  ,,,,55,35,40.83136,74.14205,N,NONE                                                                            ,9041,10:40,120+07442
2018090918-004086              ,HUDSON      ,SECAUCUS TOWN           ,3/9/2018,FR,1918,1,SECAUCUS PD              ,HQ             ,0,1,0,0,I,I,N,N,2,2,NJ 3                                              ,W,3,,00000003__      ,9.5,2,,2,,6,1,2,1,,AT,,MILL CREEK DR                      ,,,,45,25,,,N,,142,19:20,120+04731
2013090913-017190              ,HUDSON      ,SECAUCUS TOWN           ,10/8/2013,TU,1543,1,SECAUCUS PD              ,SPD HEADQUARTE?,0,0,0,0,P,B,N,N,2,2,NJ 3                                              ,W,3,,00000003__      ,9.4,2,1,2,1,1,1,5,1,300,FE,W,PLAZA CENTER RD                    ,,,,55,,,,N,NONE                                                                            ,152,15:45,120+04732
2014160214-102820              ,PASSAIC     ,CLIFTON CITY            ,12/30/2014,TU,1641,1,CLIFTON PD               ,,0,0,0,0,P,B,N,N,1,2,NJ 3                                              ,W,3,,00000003__      ,,2,1,2,1,1,1,1,1,200,FE,E,,,CR 601                   ,,55,,,,N,NONE                                                                            ,10046,16:40,120+07449
2016090916-012704              ,HUDSON      ,SECAUCUS TOWN           ,8/23/2016,TU,2037,1,SECAUCUS PD              ,HQTS           ,0,0,0,0,P,B,N,N,2,2,NJ 3                                              ,W,3,,00000003__      ,9.6,2,1,2,1,6,1,3,1,,,,,,,,50,,,,N,NONE                                                                            ,160,20:35,120+04731
2016090916-012749              ,HUDSON      ,SECAUCUS TOWN           ,8/24/2016,W ,1708,1,SECAUCUS PD              ,HQTS           ,0,0,0,0,P,B,N,N,1,2,NJ 3                                              ,W,3,,00000003__      ,9.4,2,1,2,1,1,1,3,1,100,FE,E,ISLAND BLVD.                       ,,,,50,25,,,N,NONE                                                                            ,160,17:10,120+04732
2014160214-10287               ,PASSAIC     ,CLIFTON CITY            ,9/26/2014,F ,1313,1,CLIFTON PD               ,,0,0,0,0,P,B,N,N,2,2,NJ 3                                              ,W,3,,00000003__      ,,2,5,1,1,1,1,4,1,,,,,T,RT. 21                   ,NB,25,,,,N,,510,13:15,120+07449
2017090917-011531              ,HUDSON      ,SECAUCUS TOWN           ,7/15/2017,SA,1150,1,SECAUCUS PD              ,HEADQUARTERS   ,0,0,0,0,P,B,N,N,11,1,NJ 3                                              ,W,3,,00000003__      ,8.8,2,,2,1,1,1,5,1,,,,,,,,50,,,,N,,174,11:50,120+04733
2014160214-10326               ,PASSAIC     ,CLIFTON CITY            ,9/27/2014,SA,1223,1,CLIFTON PD               ,,0,0,0,0,P,B,N,N,1,2,NJ 3                                              ,W,3,,00000003__      ,1.44,2,1,2,1,1,1,1,1,500,FE,W,GARDEN STATE PARKWAY               ,,,,55,55,,,N,,260,12:25,120P07446
2017090917-011695              ,HUDSON      ,SECAUCUS TOWN           ,7/18/2017,TU,1312,1,SECAUCUS PD              ,HQTS           ,0,2,0,0,I,B,N,N,1,2,NJ 3                                              ,W,3,,00000003__      ,9.3,2,,2,1,1,1,5,1,,,,,,,,50,,,,N,,117,13:10,120+04732
2013090913-018297              ,HUDSON      ,SECAUCUS TOWN           ,10/25/2013,F ,1633,1,SECAUCUS PD              ,HQTS           ,0,0,0,0,P,I,N,N,2,2,NJ 3                                              ,W,3,,00000003__      ,10.5,2,1,2,1,1,1,1,1,,AT,W,INTERSTATE RT-495                  ,,,,55,,,,N,NONE                                                                            ,150,16:35,120P13767
2014160214-1039                ,PASSAIC     ,CLIFTON CITY            ,1/28/2014,TU,737,1,CLIFTON PD               ,CLIFTON        ,0,0,0,0,P,B,N,N,1,2,NJ 3                                              ,W,3,,00000003__      ,,2,1,2,1,1,1,5,1,1000,FE,E,,,ROUTE 46                 ,WB,55,,,,N,,269,7:35,120+07449
2014160214-1040                ,PASSAIC     ,CLIFTON CITY            ,1/28/2014,TU,753,1,CLIFTON PD               ,,0,0,0,0,P,I,N,N,1,2,NJ 3                                              ,W,3,,00000003__      ,3.42,2,1,2,1,1,1,1,1,,AT,W,CR 603 / PASSAIC AVE               ,,,,55,35,40.83439,74.1486,N,NONE                                                                            ,517,7:55,120+07443
2017090917-011935              ,HUDSON      ,SECAUCUS TOWN           ,7/22/2017,SA,1735,1,SECAUCUS PD              ,HEADQUARTERS   ,0,0,0,0,P,B,N,N,1,2,NJ 3                                              ,W,3,,00000003__      ,8.8,2,,2,1,1,1,1,1,,,,,,,,50,,,,N,,174,17:35,120+04733
2014160214-10489               ,PASSAIC     ,CLIFTON CITY            ,10/1/2014,W ,1048,1,CLIFTON PD               ,,0,0,0,0,P,I,N,N,1,2,NJ 3                                              ,W,3,,00000003__      ,,2,2,2,1,1,5,1,1,,AT,,,F,PASSAIC AVE              ,NB,55,,,,N,NONE                                                                            ,9041,10:50,120+07449
2016090916-013161              ,HUDSON      ,SECAUCUS TOWN           ,8/30/2016,TU,1743,1,SECAUCUS PD              ,HEADQUARTERS   ,0,0,0,0,P,B,N,N,1,2,NJ 3                                              ,W,3,,00000003__      ,8.6,2,1,2,1,1,1,3,1,,,,,,,,55,,,,N,NONE                                                                            ,155,17:45,120+04733
2017090917-012006              ,HUDSON      ,SECAUCUS TOWN           ,7/24/2017,MO,818,1,SECAUCUS PD              ,HQS            ,0,0,0,0,P,B,N,N,11,1,NJ 3                                              ,W,3,,00000003__      ,10.03,2,,2,2,1,2,2,1,50,FE,W,CR 681 / PATERSON PLANK RD         ,,,,25,,,,N,,129,8:20,120P04729
2014160214-10507               ,PASSAIC     ,CLIFTON CITY            ,10/2/2014,TH,658,1,CLIFTON PD               ,,0,0,0,0,P,B,N,N,1,2,NJ 3                                              ,W,3,,00000003__      ,0.6,2,1,2,1,2,1,1,1,500,FE,E,CR 623 / GROVE ST                  ,,,,55,35,40.86417,74.18156,N,NONE                                                                            ,8034,7:00,120P07448
2018090918-004766              ,HUDSON      ,SECAUCUS TOWN           ,3/21/2018,WE,1555,1,SECAUCUS PD              ,HEADQUARTERS   ,0,0,0,0,P,B,N,N,11,1,NJ 3                                              ,W,3,,00000003__      ,8.9,2,,2,3,1,3,1,1,,,,,,,,55,,,,N,GUARD RAIL.                                                                     ,159,15:55,120+04732
2016090916-013165              ,HUDSON      ,SECAUCUS TOWN           ,8/30/2016,TU,1842,1,SECAUCUS PD              ,HEADQUARTERS   ,0,0,0,0,P,B,N,N,4,4,NJ 3                                              ,W,3,,00000003__      ,9.5,2,2,1,1,1,4,1,1,,,,,,,,,,,,N,NONE                                                                            ,155,18:40,120+04731
2017090917-012061              ,HUDSON      ,SECAUCUS TOWN           ,7/24/2017,MO,2104,1,SECAUCUS PD              ,HQTS           ,0,2,0,0,I,B,N,N,1,2,NJ 3                                              ,W,3,,00000003__      ,10.1,2,,2,1,6,1,1,1,,,,,,,,55,,,,N,,150,21:05,120P04729
2016090916-013263              ,HUDSON      ,SECAUCUS TOWN           ,9/1/2016,TH,1958,1,SECAUCUS PD              ,HEADQUARTERS   ,0,0,0,0,P,B,N,N,1,3,NJ 3                                              ,W,3,,00000003__      ,8.6,2,1,2,1,6,1,5,1,,,,,,,,50,,,,N,NONE                                                                            ,161,20:00,120+04733
2017090917-012062              ,HUDSON      ,SECAUCUS TOWN           ,7/24/2017,MO,2105,1,SECAUCUS PD              ,HEADQUARTERS   ,0,2,0,0,I,B,N,N,1,2,NJ 3                                              ,W,3,,00000003__      ,10.2,2,,2,1,6,1,5,1,,,,,,,,50,,,,N,,174,21:05,120P04729
2014160214-1052                ,PASSAIC     ,CLIFTON CITY            ,1/28/2014,TU,1118,1,CLIFTON PD               ,,0,1,0,0,I,B,N,N,2,2,NJ 3                                              ,W,3,,00000003__      ,,2,2,2,1,1,1,1,1,,,,,F,PASSAIC COUNTY 601       ,,55,,,,N,GUIDERAIL @ RT3W & MAIV AVE                                                     ,260,11:20,120+07449
2014160214-10532               ,PASSAIC     ,CLIFTON CITY            ,10/2/2014,TH,1723,1,CLIFTON PD               ,,0,1,0,0,I,I,N,N,1,2,NJ 3                                              ,W,3,,00000003__      ,3.42,2,2,2,1,1,1,1,1,,AT,,CR 603 / PASSAIC AVE               ,,,,35,55,40.83439,74.1486,N,NONE                                                                            ,239,17:25,120+07443
2017090917-012116              ,HUDSON      ,SECAUCUS TOWN           ,7/25/2017,TU,1509,1,SECAUCUS PD              ,HQ             ,0,1,0,0,I,B,N,N,1,2,NJ 3                                              ,W,3,,00000003__      ,10.04,2,,1,1,1,1,5,1,,,W,,T,CR 681/PATERSON PLANK RD ,,15,,,,N,,162,15:10,120P04729
2016090916-013288              ,HUDSON      ,SECAUCUS TOWN           ,9/2/2016,F ,844,1,SECAUCUS PD              ,HEADQUARTERS   ,0,0,0,0,P,I,N,N,2,2,NJ 3                                              ,W,3,,00000003__      ,,2,4,2,1,1,1,5,1,,AT,,,F,MEADOWLANDS PARKWAY      ,,50,,,,N,NONE                                                                            ,143,8:45,120+07449
2014160214-10570               ,PASSAIC     ,CLIFTON CITY            ,10/3/2014,F ,1817,1,CLIFTON PD               ,PATROL         ,0,0,0,0,P,B,N,N,1,2,NJ 3                                              ,W,3,,00000003__      ,0.55,2,1,2,1,1,1,1,1,200,FE,E,CR 623 / GROVE ST                  ,,,,55,35,40.8648,74.18191,Y,NONE                                                                            ,6029,18:15,120+07449
2014160214-10607               ,PASSAIC     ,CLIFTON CITY            ,10/4/2014,SA,1621,1,CLIFTON PD               ,,0,0,0,0,P,B,N,N,1,2,NJ 3                                              ,W,3,,00000003__      ,,2,1,2,1,1,1,5,1,200,FE,E,,T,R 601                    ,,55,,,,N,NONE                                                                            ,508,16:20,120+07449
2017090917-012435              ,HUDSON      ,SECAUCUS TOWN           ,8/1/2017,TU,126,1,SECAUCUS PD              ,HQTS           ,0,1,0,0,I,B,N,N,15,3,NJ 3                                              ,W,3,,00000003__      ,9.5,2,,2,1,6,1,4,1,,,,,,,,50,,,,N,,,1:25,120+04731
2018090918-005294              ,HUDSON      ,SECAUCUS TOWN           ,3/30/2018,FR,1202,1,SECAUCUS PD              ,HQTS           ,0,0,0,0,P,B,N,N,2,2,NJ 3                                              ,W,3,,00000003__      ,8.7,2,,2,1,1,5,5,1,,,,,,,,55,,,,N,,148,12:00,120+04733
2013090913-020949              ,HUDSON      ,SECAUCUS TOWN           ,12/6/2013,F ,918,1,SECAUCUS PD              ,HQS            ,0,0,0,0,P,B,N,N,1,2,NJ 3                                              ,W,3,,00000003__      ,8,2,1,2,2,1,2,2,1,100,FE,W,ROOSEVELT AVE                      ,,,,,,,,N,,129,9:20,120+04734
2015132615MN21391              ,MONMOUTH    ,MANALAPAN TWP           ,8/6/2015,TH,1659,1,MANALAPAN TWP PD         ,,0,1,0,0,I,B,N,N,1,2,MONMOUTH COUNTY 3                                 ,W,3,,13000003__      ,0,5,1,2,1,1,1,5,1,5,FE,N,ROUTE 527 / MILLHURST RD           ,,,,40,45,,,N,NONE                                                                            ,26132,17:00,120+07449
2014160214-10688               ,PASSAIC     ,CLIFTON CITY            ,10/6/2014,M ,1559,1,CLIFTON PD               ,,0,0,0,0,P,I,N,N,2,2,NJ 3                                              ,W,3,,00000003__      ,3.82,2,2,2,1,1,1,1,1,,AT,,CR 601 / MAIN AVE                  ,,,,55,25,40.83136,74.14205,N,NONE                                                                            ,239,16:00,120+07442
2015132615MN21448              ,MONMOUTH    ,MANALAPAN TWP           ,8/7/2015,F ,1109,1,MANALAPAN TWP PD         ,,0,1,0,0,I,I,N,N,3,2,MONMOUTH COUNTY 3                                 ,W,3,,13000003__      ,0,5,1,2,1,1,1,5,1,,AT,,ROUTE 527 / MILLHURST RD           ,,,,35,35,,,N,NONE                                                                            ,26149,11:10,120+07449
2018090918-005536              ,HUDSON      ,SECAUCUS TOWN           ,4/3/2018,TU,1919,1,SECAUCUS PD              ,HQTS           ,0,0,0,0,P,B,N,N,1,2,NJ 3                                              ,W,3,,00000003__      ,8.8,2,,2,2,3,2,4,1,,,,,,,,45,,,,N,,157,19:20,120+04733
2013090913-021963              ,HUDSON      ,SECAUCUS TOWN           ,12/22/2013,S ,312,1,SECAUCUS PD              ,HEADQUARTERS   ,0,0,0,0,P,B,Y,N,11,1,NJ 3                                              ,W,3,,00000003__      ,10,2,1,2,2,5,2,1,1,23,FE,W,BEST BUY PARK LOT                  ,,,,55,,,,N,,118,3:10,120P04729
2014160214-10729               ,PASSAIC     ,CLIFTON CITY            ,10/7/2014,TU,1624,1,CLIFTON PD               ,CLIFTON        ,0,0,0,0,P,B,N,N,1,2,NJ 3                                              ,W,3,,00000003__      ,,2,1,2,1,1,1,1,1,800,FE,W,,T,CR 622                   ,NB,50,,,,N,NONE                                                                            ,10047,16:25,120+07449