CRASH_ID,CTY_NAME,MUN_NAME,DATE,DAY,TIME,POL_CODE,POL_DEPT,POL_STA,KILLED,INJURED,PED_KILL,PED_INJ,SEVERITY,INTERSEC,ALCOHOL,HAZMAT,CRASH_TYPE,VEH_COUNT,LOCATION,LOC_DIR,ROUTE,RT_SFX,SRI,MP,RD_SYS,RD_CHAR,RD_SURF,SURF_COND,LIGHT,WEATHER,RD_DIV,RD_WRKZN,X_DIST,DIST_UNT,X_DIR,X_NAME,IS_RAMP,RAMP_RT,RAMP_DIR,SPD_LMT,SPD_X,LAT,LONG,CELL_USE,PROP_DMG,BADGE,TIME_ROUND,TMC
2013090913-022000              ,HUDSON      ,SECAUCUS TOWN           ,12/22/2013,S ,1824,1,SECAUCUS PD              ,HQTS           ,0,0,0,0,P,B,N,N,11,1,NJ 3                                              ,W,3,,00000003__      ,9.25,2,5,2,2,6,5,2,1,,,,,T,PATERSON PLANK RD.       ,,40,,,,N,NONE.                                                                           ,141,18:25,120+04732
2016090916-015005              ,HUDSON      ,SECAUCUS TOWN           ,10/3/2016,M ,2008,1,SECAUCUS PD              ,HEADQUARTERS   ,1,0,0,0,F,B,N,N,11,1,NJ 3                                              ,W,3,,00000003__      ,9.4,2,1,2,1,6,1,1,1,,,,,,,,55,,,,N,SUPPORT CABLE TO POLE 5892SC  POLE 5892SC  SCRATCHES TO POLE P2228SC  LANDSCAPI?,134,20:10,120+04732
2017090917-012844              ,HUDSON      ,SECAUCUS TOWN           ,8/7/2017,MO,2023,1,SECAUCUS PD              ,HQTS           ,0,0,0,0,P,B,N,N,11,1,NJ 3                                              ,W,3,,00000003__      ,9.8,2,,2,2,7,2,2,1,,,,,F,PATERSON PLANK RD        ,WB,50,,,,N,TIRE MARKS ON GRASS  DAMAGED BUSHES AND BROKEN TREE.                            ,160,20:25,120+04730
2018090918-005663              ,HUDSON      ,SECAUCUS TOWN           ,4/5/2018,TH,1412,1,SECAUCUS PD              ,HQS            ,0,1,0,0,I,B,N,N,1,2,NJ 3                                              ,W,3,,00000003__      ,10.2,2,,2,1,1,1,2,1,,,,,,,,,,,,N,,129,14:10,120P04729
2013090950-13-008759           ,HUDSON      ,SECAUCUS TOWN           ,5/8/2013,W ,2337,3,HUDSON CO SHERIFFS DEPT  ,PATROL         ,0,1,0,0,I,B,N,N,1,2,NJ 3                                              ,W,3,,00000003__      ,,2,1,2,1,6,1,1,1,,,,,,,,55,,,,N,,1031,23:35,120+07449
2018090918-005734              ,HUDSON      ,SECAUCUS TOWN           ,4/6/2018,FR,1459,1,SECAUCUS PD              ,HQS            ,0,0,0,0,P,B,N,N,2,2,NJ 3                                              ,W,3,,00000003__      ,9.14,2,,2,1,1,1,2,1,,,,,,,,50,,,,N,,129,15:00,120+04732
2017090917-013122              ,HUDSON      ,SECAUCUS TOWN           ,8/12/2017,SA,1411,1,SECAUCUS PD              ,HQ             ,0,0,0,0,P,B,N,N,1,2,NJ 3                                              ,W,3,,00000003__      ,9.2,2,,2,1,1,1,2,1,,,,,,,,55,,,,N,,176,14:10,120+04732
20130909SO-13-006970           ,HUDSON      ,SECAUCUS TOWN           ,4/14/2013,S ,1126,3,HUDSON CO SHERIFFS DEPT  ,PATROL         ,0,0,0,0,P,B,N,N,11,1,NJ 3                                              ,W,3,,00000003__      ,,2,1,2,1,1,1,2,1,,,,,,,,25,,,,N,UNITED WATER FIRE HYDRANT # 198                                                 ,1049,11:25,120+07449
2014160214-1093                ,PASSAIC     ,CLIFTON CITY            ,1/29/2014,W ,903,1,CLIFTON PD               ,,0,0,0,0,P,I,N,N,15,1,NJ 3                                              ,W,3,,00000003__      ,4.89,2,2,2,2,1,1,1,2,,AT,E,NJ 21                              ,,,,55,25,40.82333,74.12466,N,,260,9:05,120P04739
2017090917-013353              ,HUDSON      ,SECAUCUS TOWN           ,8/16/2017,WE,1808,1,SECAUCUS PD              ,HQTS           ,0,0,0,0,P,B,N,N,2,2,NJ 3                                              ,W,3,,00000003__      ,9,2,,2,1,1,1,5,1,,,,,,,,55,,,,N,,167,18:10,120+04732
2013160213-0193                ,PASSAIC     ,CLIFTON CITY            ,1/6/2013,S ,1506,1,CLIFTON PD               ,PATROL CAR #7  ,0,0,0,0,P,B,N,N,2,2,NJ 3                                              ,W,3,,00000003__      ,,2,1,2,1,1,1,1,1,,,,,,,,55,,,,N,NONE                                                                            ,11502,15:05,120+07449
2014160214-10989               ,PASSAIC     ,CLIFTON CITY            ,10/15/2014,W ,714,1,CLIFTON PD               ,,0,0,0,0,P,B,N,N,11,1,NJ 3                                              ,W,3,,00000003__      ,,2,5,2,1,1,5,1,2,,,,,T,ROUTE 21                 ,NB,55,,,,N,NONE                                                                            ,5006,7:15,120+07449
2016090916-016287              ,HUDSON      ,SECAUCUS TOWN           ,10/24/2016,M ,1916,1,SECAUCUS PD              ,HQ'S           ,0,0,0,0,P,B,N,N,2,2,NJ 3                                              ,W,3,,00000003__      ,8.6,2,1,2,1,6,1,5,1,5,FE,W,MEADOWLANDS PKWY                   ,,,,,,,,N,NONE                                                                            ,122,19:15,120+04733
2015132615MN27360              ,MONMOUTH    ,MANALAPAN TWP           ,9/28/2015,M ,1541,1,MANALAPAN TWP PD         ,,0,0,0,0,P,R,N,N,11,1,MONMOUTH COUNTY 3                                 ,W,3,,13000003__      ,0.72,5,1,2,1,1,1,5,1,400,FE,S,ROUTE 522                          ,,,,35,40,,,N,CONRAIL RAILROAD LIGHT STATION                                                  ,26126,15:40,120+07448
2014160214-11078               ,PASSAIC     ,CLIFTON CITY            ,10/16/2014,TH,1852,1,CLIFTON PD               ,CLIFTON        ,0,0,0,0,P,B,N,N,1,2,NJ 3                                              ,W,3,,00000003__      ,1.53,2,1,2,1,6,1,1,1,250,FE,E,GARDEN STATE PARKWAY N             ,,,,55,,,,N,NONE                                                                            ,522,18:50,120+07445
2014160214-11093               ,PASSAIC     ,CLIFTON CITY            ,10/17/2014,F ,404,1,CLIFTON PD               ,CLIFTON        ,0,0,0,0,P,B,N,Y,11,1,NJ 3                                              ,W,3,,00000003__      ,,2,2,2,1,4,1,1,1,60,FE,E,,T,PASSAIC COUNTY 622       ,NB,55,,,,N,YES GUARDRAIL / OVERPASS B?                                                     ,12514,4:05,120+07449
2013160213-1015                ,PASSAIC     ,CLIFTON CITY            ,1/28/2013,M ,1210,1,CLIFTON PD               ,,0,0,0,0,P,B,N,N,1,2,NJ 3                                              ,W,3,,00000003__      ,3.8,2,2,2,2,1,6,1,1,,,,,F,MAIN AVE/CR 601          ,SB,55,,,,N,,260,12:10,120+07442
2017090917-013739              ,HUDSON      ,SECAUCUS TOWN           ,8/23/2017,WE,1228,1,SECAUCUS PD              ,HEADQUARTERS   ,0,0,0,0,P,B,N,N,2,2,NJ 3                                              ,W,3,,00000003__      ,9.4,2,,2,1,1,1,1,1,,,,,,,,50,,,,N,,174,12:30,120+04732
2013160213-10153               ,PASSAIC     ,CLIFTON CITY            ,9/10/2013,TU,2258,1,CLIFTON PD               ,CLIFTON        ,0,0,0,0,P,B,N,N,1,3,NJ 3                                              ,W,3,,00000003__      ,1.24,2,1,2,1,6,1,1,2,100,FE,W,ROUTE 509 / BROAD ST               ,,,,55,25,,,N,,258,23:00,120P07447
2013160213-10183               ,PASSAIC     ,CLIFTON CITY            ,9/11/2013,W ,1711,1,CLIFTON PD               ,CLIFTON        ,0,0,0,0,P,B,N,N,1,2,NJ 3                                              ,W,3,,00000003__      ,0.01,2,1,2,1,1,1,3,1,2640,FE,W,CR 623 / GROVE ST                  ,,,,55,25,,,N,,258,17:10,120+07449
2017090917-014019              ,HUDSON      ,SECAUCUS TOWN           ,8/27/2017,SU,701,1,SECAUCUS PD              ,HEADQUARTERS   ,0,0,0,0,P,B,Y,N,11,1,NJ 3                                              ,W,3,,00000003__      ,9.7,2,,2,1,1,1,2,1,,,,,,,,45,,,,N,,172,7:00,120+04730
2013160213-10185               ,PASSAIC     ,CLIFTON CITY            ,9/11/2013,W ,1747,1,CLIFTON PD               ,PATROL 12C     ,0,0,0,0,P,B,N,N,1,2,NJ 3                                              ,W,3,,00000003__      ,3.42,2,1,2,1,1,1,4,1,,,,,T,CR 603                   ,WB,55,,,,N,NONE                                                                            ,11498,17:45,120+07443
2018090918-007127              ,HUDSON      ,SECAUCUS TOWN           ,4/28/2018,SA,2245,1,SECAUCUS PD              ,HQTS           ,0,0,0,0,P,B,N,N,99,1,NJ 3                                              ,W,3,,00000003__      ,10,2,,2,2,7,2,2,1,450,FE,W,NJ 495                             ,,,,50,50,,,N,,160,22:45,120P04729
2013160213-10186               ,PASSAIC     ,CLIFTON CITY            ,9/11/2013,W ,1822,1,CLIFTON PD               ,CLIFTON        ,0,0,0,0,P,B,N,N,1,2,NJ 3                                              ,W,3,,00000003__      ,2.64,2,1,2,1,1,1,1,1,150,FE,E,,T,CR 622                   ,SB,55,,,,N,NONE                                                                            ,5008,18:20,120+07444
2017090917-014180              ,HUDSON      ,SECAUCUS TOWN           ,8/30/2017,WE,228,1,SECAUCUS PD              ,HQTS           ,0,1,0,0,I,B,N,N,11,1,NJ 3                                              ,W,3,,00000003__      ,8.8,2,,2,2,6,1,2,1,,,,,F,MEADOWLANDS PARKWAY      ,NB,50,,,,N,,169,2:30,120+04733
2016090916-017195              ,HUDSON      ,SECAUCUS TOWN           ,11/9/2016,W ,2001,1,SECAUCUS PD              ,HEADQUARTERS   ,0,0,0,0,P,B,N,N,2,2,NJ 3                                              ,W,3,,00000003__      ,10.1,2,1,2,2,6,2,3,1,,,,,,,,55,,,,N,NONE                                                                            ,155,20:00,120P04729
2013160213-10201               ,PASSAIC     ,CLIFTON CITY            ,9/12/2013,TH,754,1,CLIFTON PD               ,,0,0,0,0,P,B,N,N,1,2,NJ 3                                              ,W,3,,00000003__      ,0.19,2,1,2,1,1,5,1,1,1000,FE,E,US 46                              ,,,,55,30,,,N,NONE                                                                            ,5010,7:55,120+07449
2018090918-007371              ,HUDSON      ,SECAUCUS TOWN           ,5/3/2018,TH,514,1,SECAUCUS PD              ,HQTS           ,0,1,0,0,I,B,N,N,2,2,NJ 3                                              ,W,3,,00000003__      ,8.7,2,,2,1,2,1,2,,,,,,F,MEADOWLANDS PKWY         ,NB,55,,,,N,,,5:15,120+04733
2016090916-017299              ,HUDSON      ,SECAUCUS TOWN           ,11/11/2016,F ,1732,1,SECAUCUS PD              ,HQTS           ,0,0,0,0,P,B,N,N,2,2,NJ 3                                              ,W,3,,00000003__      ,9.7,2,1,2,1,3,1,5,1,,,,,,,,40,,,,N,NONE                                                                            ,169,17:30,120+04730
2017090917-014301              ,HUDSON      ,SECAUCUS TOWN           ,8/31/2017,TH,1732,1,SECAUCUS PD              ,HQTS           ,0,1,0,0,I,B,N,N,1,2,NJ 3                                              ,W,3,,00000003__      ,10.1,2,,2,1,1,1,1,1,,,,,,,,50,,,,N,,149,17:30,120P04729
2015132615MN30943              ,MONMOUTH    ,MANALAPAN TWP           ,10/29/2015,TH,848,1,MANALAPAN TWP PD         ,,0,1,0,0,I,B,N,N,1,2,MONMOUTH COUNTY 3                                 ,W,3,,13000003__      ,3.33,5,1,2,2,1,1,5,,500,FE,E,TOWNE DR                           ,,,,40,,,,N,,26137,8:50,120+07443
2014160214-11229               ,PASSAIC     ,CLIFTON CITY            ,10/21/2014,TU,806,1,CLIFTON PD               ,,0,0,0,0,P,B,N,N,2,2,NJ 3                                              ,W,3,,00000003__      ,3.43,2,2,2,1,1,1,1,1,50,FE,E,CR 603 / PASSAIC AVE               ,,,,55,35,40.83431,74.14844,N,,260,8:05,120+07443
2013160213-10260               ,PASSAIC     ,CLIFTON CITY            ,9/13/2013,F ,1155,1,CLIFTON PD               ,,0,0,0,0,P,B,N,N,1,2,NJ 3                                              ,W,3,,00000003__      ,4.7,2,2,2,1,1,1,1,2,,,,,F,NJ 21                    ,,55,,,,N,NONE                                                                            ,5006,11:55,120P04739
2016090916-017331              ,HUDSON      ,SECAUCUS TOWN           ,11/12/2016,SA,527,1,SECAUCUS PD              ,HQTS           ,0,1,0,0,I,B,N,N,1,2,NJ 3                                              ,W,3,,00000003__      ,9.6,2,1,2,1,6,1,1,1,,,,,,,,55,,,,N,NONE                                                                            ,144,5:25,120+04731
2014160214-11237               ,PASSAIC     ,CLIFTON CITY            ,10/21/2014,TU,1330,1,CLIFTON PD               ,,0,0,0,0,P,B,N,N,2,2,NJ 3                                              ,W,3,,00000003__      ,1.8,2,1,2,1,1,1,1,1,100,FE,E,HEPBURN RD                         ,,,,55,35,40.84891,74.17226,N,,260,13:30,120+07445
2015132615MN31572              ,MONMOUTH    ,MANALAPAN TWP           ,11/3/2015,TU,1909,1,MANALAPAN TWP PD         ,,0,1,0,0,I,I,N,N,3,2,MONMOUTH COUNTY 3                                 ,W,3,,13000003__      ,2.22,5,1,2,1,6,1,5,1,,AT,,TAYLORS MILLS RD                   ,,,,35,40,,,N,,26144,19:10,120+07445
2017090917-014312              ,HUDSON      ,SECAUCUS TOWN           ,8/31/2017,TH,1953,1,SECAUCUS PD              ,HQTS           ,0,0,0,0,P,B,N,N,2,2,NJ 3                                              ,W,3,,00000003__      ,8.65,2,,1,1,6,1,1,1,,,,,,,,55,,,,N,,149,19:55,120+04733
2014160214-11268               ,PASSAIC     ,CLIFTON CITY            ,10/22/2014,W ,807,1,CLIFTON PD               ,,0,0,0,0,P,B,N,N,1,2,NJ 3                                              ,W,3,,00000003__      ,0.1,2,1,2,2,1,2,1,1,250,FE,E,VALLEY ROAD                        ,,,,55,35,,,N,NONE                                                                            ,274,8:05,120+07449
2014160214-11287               ,PASSAIC     ,CLIFTON CITY            ,10/22/2014,W ,1731,1,CLIFTON PD               ,CLIFTON        ,0,2,0,0,I,B,N,N,1,2,NJ 3                                              ,W,3,,00000003__      ,2.69,2,2,2,2,1,2,1,1,250,FE,E,CR 622 / BLOOMFIELD AVE            ,,,,55,,40.84,74.16037,N,NONE                                                                            ,522,17:30,120+07444
2013160213-10373               ,PASSAIC     ,CLIFTON CITY            ,9/16/2013,M ,1223,1,CLIFTON PD               ,,0,1,0,0,I,B,N,N,2,2,NJ 3                                              ,W,3,,00000003__      ,4.7,2,1,2,1,1,1,1,1,100,FE,E,,T,NJ 21                    ,NB,55,,,,N,NONE                                                                            ,274,12:25,120P04739
2016090916-017403              ,HUDSON      ,SECAUCUS TOWN           ,11/13/2016,S ,1619,1,SECAUCUS PD              ,HQS            ,0,0,0,0,P,B,N,N,1,2,NJ 3                                              ,W,3,,00000003__      ,9.2,2,1,2,1,3,1,2,1,,,,,,,,,,,,N,,129,16:20,120+04732
2013160213-10408               ,PASSAIC     ,CLIFTON CITY            ,9/17/2013,TU,814,1,CLIFTON PD               ,,0,0,0,0,P,B,N,N,1,2,NJ 3                                              ,W,3,,00000003__      ,,2,2,2,1,1,1,1,1,50,FE,E,,,,,55,,,,N,,260,8:15,120+07449
2014160214-11290               ,PASSAIC     ,CLIFTON CITY            ,10/22/2014,W ,1801,1,CLIFTON PD               ,,0,0,0,0,P,B,N,N,1,2,NJ 3                                              ,W,3,,00000003__      ,,2,1,2,2,1,2,1,1,300,FE,E,,T,GARDEN STATE PKWY        ,NB,35,,,,N,NONE                                                                            ,521,18:00,120+07449
2013160213-10410               ,PASSAIC     ,CLIFTON CITY            ,9/17/2013,TU,851,1,CLIFTON PD               ,,0,0,0,0,P,B,N,N,1,2,NJ 3                                              ,W,3,,00000003__      ,3.78,2,2,2,1,1,1,1,2,200,FE,W,CR 601 / MAIN AVE                  ,,,,55,55,,,N,,260,8:50,120+07442
2016090916-017565              ,HUDSON      ,SECAUCUS TOWN           ,11/16/2016,W ,1352,1,SECAUCUS PD              ,HQTS           ,0,0,0,0,P,B,N,N,1,2,NJ 3                                              ,W,3,,00000003__      ,8.69,2,1,2,1,1,1,1,1,500,FE,N,MEADOWLANDS PKWY                   ,,,,50,25,,,N,NONE                                                                            ,160,13:50,120+04733
2017090917-014483              ,HUDSON      ,SECAUCUS TOWN           ,9/3/2017,SU,1050,1,SECAUCUS PD              ,HQTS           ,0,0,0,0,P,B,N,N,11,1,NJ 3                                              ,W,3,,00000003__      ,9.8,2,,2,2,1,2,2,1,,,,,F,CR 681/PATERSON PLANK RD ,WB,50,,,,N,,175,10:50,120+04730
2014160214-11308               ,PASSAIC     ,CLIFTON CITY            ,10/23/2014,TH,742,1,CLIFTON PD               ,,0,0,0,0,P,B,N,N,1,2,NJ 3                                              ,W,3,,00000003__      ,1.35,2,1,2,2,1,2,1,1,500,FE,E,ROUTE 509 / BROAD ST               ,,,,55,35,40.85423,74.1772,N,NONE                                                                            ,274,7:40,120P07446
2013160213-10414               ,PASSAIC     ,CLIFTON CITY            ,9/17/2013,TU,911,1,CLIFTON PD               ,,0,0,0,0,P,B,N,N,1,3,NJ 3                                              ,W,3,,00000003__      ,2.39,2,1,2,1,1,1,1,1,1320,FE,W,CR 622 / BLOOMFIELD AVE            ,,,,55,35,,,N,NONE                                                                            ,5006,9:10,120P07444
2013160213-10417               ,PASSAIC     ,CLIFTON CITY            ,9/17/2013,TU,1006,1,CLIFTON PD               ,CLIFTON        ,0,3,0,0,I,B,N,N,1,3,NJ 3                                              ,W,3,,00000003__      ,1.45,2,1,2,1,1,1,5,1,1000,FE,E,ROUTE 509 / BROAD ST               ,,,,55,,,,N,,269,10:05,120+07445
2014160214-11309               ,PASSAIC     ,CLIFTON CITY            ,10/23/2014,TH,817,1,CLIFTON PD               ,CLIFTON P.D.   ,0,0,0,0,P,B,N,N,1,2,NJ 3                                              ,W,3,,00000003__      ,,2,2,2,2,2,2,1,1,500,FE,W,,F,MAIN AVE                 ,WB,55,,,,N,NONE                                                                            ,526,8:15,120+07449
2017090917-014667              ,HUDSON      ,SECAUCUS TOWN           ,9/6/2017,WE,1744,1,SECAUCUS PD              ,HQTS           ,0,1,0,0,I,B,N,N,1,3,NJ 3                                              ,W,3,,00000003__      ,9.3,2,,2,2,6,2,5,1,,,,,,,,50,,,,N,,,17:45,120+04732
2013160213-10436               ,PASSAIC     ,CLIFTON CITY            ,9/17/2013,TU,1851,1,CLIFTON PD               ,PATROL         ,0,1,0,0,I,B,N,N,1,2,NJ 3                                              ,W,3,,00000003__      ,,2,5,2,1,3,1,1,1,,,,,F,MAIN AVE                 ,NB,50,,,,N,NONE                                                                            ,36,18:50,120+07449
2016090916-017702              ,HUDSON      ,SECAUCUS TOWN           ,11/18/2016,F ,1433,1,SECAUCUS PD              ,HEADQUARTERS   ,0,3,0,0,I,B,N,N,2,3,NJ 3                                              ,W,3,,00000003__      ,10.1,2,1,2,1,1,1,1,2,,,,,,,,55,,,,N,NONE                                                                            ,155,14:35,120P04729
2016090916-017716              ,HUDSON      ,SECAUCUS TOWN           ,11/18/2016,F ,1809,1,SECAUCUS PD              ,HQTS           ,0,0,0,0,P,B,N,N,1,2,NJ 3                                              ,W,3,,00000003__      ,9.1,2,1,2,1,6,1,5,1,,,,,,,,55,,,,N,NONE                                                                            ,168,18:10,120+04732
2013160213-10452               ,PASSAIC     ,CLIFTON CITY            ,9/18/2013,W ,805,1,CLIFTON PD               ,,0,0,0,0,P,B,N,N,1,2,NJ 3                                              ,W,3,,00000003__      ,3.86,2,1,2,1,1,1,1,2,200,FE,E,CR 601 / MAIN AVE                  ,,,,35,55,,,N,,260,8:05,120+07442
2015132615MN36133              ,MONMOUTH    ,MANALAPAN TWP           ,12/12/2015,SA,2241,1,MAHWAH TWP PD            ,,0,0,0,0,P,B,N,N,12,1,MONMOUTH COUNTY 3                                 ,W,3,,13000003__      ,4,5,2,2,1,5,1,5,,1320,FE,N,WICKATUNK RD                       ,,,,40,35,,,N,NONE                                                                            ,26149,22:40,120+07442
2016090916-017719              ,HUDSON      ,SECAUCUS TOWN           ,11/18/2016,F ,1841,1,SECAUCUS PD              ,HQTS           ,0,0,0,0,P,B,N,N,2,2,NJ 3                                              ,W,3,,00000003__      ,9.3,2,1,2,1,6,1,4,1,,,,,,,,45,,,,N,NONE                                                                            ,168,18:40,120+04732
2013160213-10453               ,PASSAIC     ,CLIFTON CITY            ,9/18/2013,W ,754,1,CLIFTON PD               ,CLIFTON        ,0,0,0,0,P,B,N,N,2,2,NJ 3                                              ,W,3,,00000003__      ,4.01,2,1,2,1,1,1,1,2,1000,FE,E,CR 601 / MAIN AVE                  ,,,,55,50,,,N,NONE                                                                            ,268,7:55,120+07442
2016090916-017726              ,HUDSON      ,SECAUCUS TOWN           ,11/18/2016,F ,1924,1,SECAUCUS PD              ,HEADQUARTERS   ,0,1,0,0,I,B,N,N,1,3,NJ 3                                              ,W,3,,00000003__      ,8.5,2,1,2,1,6,1,2,1,,FE,,MEADOWLANDS PKWY                   ,,,,55,,,,N,NONE                                                                            ,155,19:25,120P04733
2017090917-014782              ,HUDSON      ,SECAUCUS TOWN           ,9/8/2017,FR,1520,1,SECAUCUS PD              ,HEADQUARTERS   ,0,1,0,0,I,B,Y,N,10,1,NJ 3                                              ,W,3,,00000003__      ,9.9,2,,2,1,1,1,1,1,,,,,,,,50,,,,N,SHRUBS ON MEDIAN NEAR BEST BUY                                                  ,174,15:20,120+04730
2018090918-008338              ,HUDSON      ,SECAUCUS TOWN           ,5/18/2018,FR,1834,1,SECAUCUS PD              ,HEADQUARTERS   ,0,1,0,0,I,B,N,N,11,2,NJ 3                                              ,W,3,,00000003__      ,,2,,2,1,1,1,2,1,,,,,,,,50,,,,N,,161,18:35,120+07449
2016090916-017800              ,HUDSON      ,SECAUCUS TOWN           ,11/20/2016,S ,539,1,SECAUCUS PD              ,HEADQUARTERS   ,0,0,0,0,P,B,N,N,2,2,NJ 3                                              ,W,3,,00000003__      ,8.56,2,1,1,4,6,6,5,1,200,FE,W,MEADOWLANDS PKWY                   ,,,,50,20,,,N,,121,5:40,120+04733
2013160213-10455               ,PASSAIC     ,CLIFTON CITY            ,9/18/2013,W ,836,1,CLIFTON PD               ,,0,0,0,0,P,B,N,N,2,2,NJ 3                                              ,W,3,,00000003__      ,,2,2,2,1,1,1,1,2,,,,,F,NJ 21                    ,,55,,,,N,,260,8:35,120+07449
2018090918-008535              ,HUDSON      ,SECAUCUS TOWN           ,5/22/2018,TU,1813,1,SECAUCUS PD              ,HQ             ,0,0,0,0,P,B,N,N,1,2,NJ 3                                              ,W,3,,00000003__      ,9.12,2,,2,2,1,2,3,1,10,FE,W,,,CR 681/PATERSON PLANK RD ,,,,,,N,,162,18:15,120+04732
2017090917-014794              ,HUDSON      ,SECAUCUS TOWN           ,9/8/2017,FR,1923,1,SECAUCUS PD              ,HQTS           ,0,0,0,0,P,B,N,N,2,2,NJ 3                                              ,W,3,,00000003__      ,9.87,2,,2,1,1,1,2,1,100,FE,W,HARMON MEADOW BLVD                 ,,,,45,25,,,N,,157,19:25,120+04730
2016090916-017880              ,HUDSON      ,SECAUCUS TOWN           ,11/21/2016,M ,1628,1,SECAUCUS PD              ,HQTS           ,0,0,0,0,P,B,N,N,2,2,NJ 3                                              ,W,3,,00000003__      ,9.65,2,1,2,1,6,1,2,1,,,,,,,,40,,,,N,NONE.                                                                           ,150,16:30,120+04730
2013160213-10531               ,PASSAIC     ,CLIFTON CITY            ,9/20/2013,F ,1152,1,CLIFTON PD               ,CLIFTON        ,0,1,0,0,I,B,N,N,10,1,NJ 3                                              ,W,3,,00000003__      ,4.01,2,1,2,1,1,1,5,1,1000,FE,E,CR 601 / MAIN AVE                  ,,,,55,,,,N,NONE                                                                            ,269,11:50,120+07442
2013160213-10600               ,PASSAIC     ,CLIFTON CITY            ,9/22/2013,S ,1134,1,CLIFTON PD               ,CLIFTON        ,0,0,0,0,P,B,N,N,1,2,NJ 3                                              ,W,3,,00000003__      ,0.55,2,1,2,1,1,1,1,1,200,FE,E,CR 623 / GROVE ST                  ,,,,55,25,,,N,NONE                                                                            ,283,11:35,120+07449
2014160214-11478               ,PASSAIC     ,CLIFTON CITY            ,10/27/2014,M ,1716,1,CLIFTON PD               ,,0,0,0,0,P,B,N,N,2,2,NJ 3                                              ,W,3,,00000003__      ,2.69,2,1,2,1,1,1,1,1,250,FE,E,CR 622 / BLOOMFIELD AVE            ,,,,55,35,40.84,74.16037,N,NONE                                                                            ,239,17:15,120+07444
2014160214-11522               ,PASSAIC     ,CLIFTON CITY            ,10/28/2014,TU,1852,1,CLIFTON PD               ,CLIFTON        ,0,0,0,0,P,B,N,N,1,2,NJ 3                                              ,W,3,,00000003__      ,1.44,2,1,2,1,6,1,1,1,100,FE,E,PARKWAY SOUTH                      ,,,,50,35,,,N,NONE                                                                            ,10047,18:50,120P07446
2014160214-11524               ,PASSAIC     ,CLIFTON CITY            ,10/28/2014,TU,1940,1,CLIFTON PD               ,,0,1,0,0,I,I,N,N,2,2,NJ 3                                              ,W,3,,00000003__      ,3.82,2,2,2,1,6,1,1,1,,AT,,CR 601 / MAIN AVE                  ,,,,55,35,40.83136,74.14205,N,NONE                                                                            ,239,19:40,120+07442
2013160213-10603               ,PASSAIC     ,CLIFTON CITY            ,9/22/2013,S ,1437,1,CLIFTON PD               ,,0,0,0,0,P,B,N,N,2,2,NJ 3                                              ,W,3,,00000003__      ,3.91,2,1,2,1,1,1,1,2,500,FE,E,CR 601 / MAIN AVE                  ,,,,55,55,,,N,,260,14:35,120+07442
2014160214-11531               ,PASSAIC     ,CLIFTON CITY            ,10/28/2014,TU,2312,1,CLIFTON PD               ,,0,0,0,0,P,B,N,N,2,2,NJ 3                                              ,W,3,,00000003__      ,1.56,2,1,2,1,6,1,1,2,150,FE,E,GARDEN STATE PARKWAY               ,,,,55,,40.85172,74.17489,N,NONE                                                                            ,8034,23:10,120+07445
2018090918-009114              ,HUDSON      ,SECAUCUS TOWN           ,5/31/2018,TH,1944,1,SECAUCUS PD              ,HEADQUARTERS   ,0,0,0,0,P,B,N,N,2,2,NJ 3                                              ,W,3,,00000003__      ,9.4,2,,2,1,1,1,1,1,,,,,,,,55,,,,N,,174,19:45,120+04732
2016090916-018759              ,HUDSON      ,SECAUCUS TOWN           ,12/7/2016,W ,906,1,SECAUCUS PD              ,HQTS           ,0,0,0,0,P,B,N,N,1,2,NJ 3                                              ,W,3,,00000003__      ,10,2,1,2,2,1,5,5,1,,,,,F,PATERSON PLANK RD        ,EB,40,,,,N,NONE                                                                            ,169,9:05,120P04729