CRASH_ID,CTY_NAME,MUN_NAME,DATE,DAY,TIME,POL_CODE,POL_DEPT,POL_STA,KILLED,INJURED,PED_KILL,PED_INJ,SEVERITY,INTERSEC,ALCOHOL,HAZMAT,CRASH_TYPE,VEH_COUNT,LOCATION,LOC_DIR,ROUTE,RT_SFX,SRI,MP,RD_SYS,RD_CHAR,RD_SURF,SURF_COND,LIGHT,WEATHER,RD_DIV,RD_WRKZN,X_DIST,DIST_UNT,X_DIR,X_NAME,IS_RAMP,RAMP_RT,RAMP_DIR,SPD_LMT,SPD_X,LAT,LONG,CELL_USE,PROP_DMG,BADGE,TIME_ROUND,TMC
2013160213-1064                ,PASSAIC     ,CLIFTON CITY            ,1/29/2013,TU,1421,1,CLIFTON PD               ,CLIFTON        ,0,0,0,0,P,B,N,N,2,2,NJ 3                                              ,W,3,,00000003__      ,0.1,2,1,2,1,1,5,1,1,800,FE,E,PASSAIC COUNTY 621                 ,,,,55,30,,,N,NONE                                                                            ,268,14:20,120+07449
2017090917-015930              ,HUDSON      ,SECAUCUS TOWN           ,9/27/2017,WE,1716,1,SECAUCUS PD              ,HQTS           ,0,0,0,0,P,B,N,N,1,2,NJ 3                                              ,W,3,,00000003__      ,9.6,2,,2,1,1,1,1,1,,,,,,,,50,,,,N,,158,17:15,120+04731
2013160213-10654               ,PASSAIC     ,CLIFTON CITY            ,9/23/2013,M ,1808,1,CLIFTON PD               ,CLIFTON        ,0,0,0,0,P,B,N,N,1,2,NJ 3                                              ,W,3,,00000003__      ,,2,1,2,1,1,1,1,1,100,FE,W,,T,GARDEN STATE PARKWAY     ,SB,55,,,,N,NONE                                                                            ,12513,18:10,120+07449
2016090916-018909              ,HUDSON      ,SECAUCUS TOWN           ,12/9/2016,F ,1836,1,SECAUCUS PD              ,HEADQUARTERS   ,0,0,0,0,P,B,N,N,1,2,NJ 3                                              ,W,3,,00000003__      ,9.4,2,1,2,1,5,1,4,1,,,,,,,,,,,,N,NONE.                                                                           ,163,18:35,120+04732
2013160213-10659               ,PASSAIC     ,CLIFTON CITY            ,9/23/2013,M ,2030,1,CLIFTON PD               ,PATROL         ,0,0,0,0,P,I,N,N,1,2,NJ 3                                              ,W,3,,00000003__      ,,2,5,2,1,3,1,2,1,,AT,,,T,RT 3                     ,WB,20,,,,N,NONE                                                                            ,6019,20:30,120+07449
2014160214-11703               ,PASSAIC     ,CLIFTON CITY            ,11/2/2014,S ,1421,1,CLIFTON PD               ,,0,2,0,0,I,B,N,N,1,2,NJ 3                                              ,W,3,,00000003__      ,3.9,2,1,2,1,1,1,1,1,400,FE,E,CR 601 / MAIN AVE                  ,,,,55,35,40.83075,74.14073,N,,260,14:20,120+07442
2013160213-10664               ,PASSAIC     ,CLIFTON CITY            ,9/24/2013,TU,,1,CLIFTON PD               ,,0,0,0,0,P,B,N,N,2,2,NJ 3                                              ,W,3,,00000003__      ,4.85,2,2,2,1,1,1,1,2,200,FE,W,NJ 21                              ,,,,55,55,,,N,,260,#VALUE!,120P04739
2018090918-009588              ,HUDSON      ,SECAUCUS TOWN           ,6/7/2018,TH,2123,1,SECAUCUS PD              ,HQTS           ,0,0,0,0,P,B,N,N,1,2,NJ 3                                              ,W,3,,00000003__      ,8.49,2,,2,1,6,1,2,1,15,FE,W,MILL CREEK DR                      ,,,,40,25,,,N,,158,21:25,120P04733
2018090918-009630              ,HUDSON      ,SECAUCUS TOWN           ,6/8/2018,FR,1709,1,SECAUCUS PD              ,HQTS           ,0,0,0,0,P,B,N,N,1,2,NJ 3                                              ,W,3,,00000003__      ,9.4,2,,2,1,1,1,5,1,,,,,,,,50,,,,N,,149,17:10,120+04732
2017090917-016054              ,HUDSON      ,SECAUCUS TOWN           ,9/29/2017,FR,1927,1,SECAUCUS PD              ,HQTS           ,0,0,0,0,P,B,N,N,2,2,NJ 3                                              ,W,3,,00000003__      ,9.8,2,,2,1,6,1,2,1,,,,,,,,40,,,,N,,150,19:25,120+04730
2014160214-11724               ,PASSAIC     ,CLIFTON CITY            ,11/3/2014,M ,740,1,CLIFTON PD               ,CLIFTON        ,0,0,0,0,P,B,N,N,1,2,NJ 3                                              ,W,3,,00000003__      ,,2,1,2,1,1,1,1,1,50,FE,W,,F,NJ 21                    ,SB,55,,,,N,NONE                                                                            ,283,7:40,120+07449
2017090917-016198              ,HUDSON      ,SECAUCUS TOWN           ,10/2/2017,MO,1135,1,SECAUCUS PD              ,HEADQUARTERS   ,0,0,0,0,P,B,N,N,1,2,NJ 3                                              ,W,3,,00000003__      ,,2,,2,1,1,1,2,1,,,,,F,MILL CREEK DR            ,SB,55,,,,N,,159,11:35,120+07449
2014160214-11752               ,PASSAIC     ,CLIFTON CITY            ,11/3/2014,M ,1912,1,CLIFTON PD               ,,0,0,0,0,P,I,N,N,1,2,NJ 3                                              ,W,3,,00000003__      ,2.64,2,1,2,1,6,1,1,1,,AT,,CR 622 / BLOOMFIELD AVE            ,,,,55,35,40.84038,74.16117,N,NONE                                                                            ,239,19:10,120+07444
2016090916-019408              ,HUDSON      ,SECAUCUS TOWN           ,12/18/2016,S ,1540,1,SECAUCUS PD              ,HEADQUARTERS   ,0,0,0,0,P,B,N,N,1,2,NJ 3                                              ,W,3,,00000003__      ,9.89,2,4,2,2,1,2,2,1,20,FE,W,HARMON MEADOW BLVD                 ,,,,55,,,,N,,173,15:40,120+04730
2013160213-10714               ,PASSAIC     ,CLIFTON CITY            ,9/25/2013,W ,822,1,CLIFTON PD               ,,0,1,0,0,I,B,N,N,1,2,NJ 3                                              ,W,3,,00000003__      ,3.82,2,2,2,1,1,1,1,1,100,FE,W,MAIN AVENUE                        ,,,,55,25,,,N,NONE                                                                            ,231,8:20,120+07442
2014160214-11757               ,PASSAIC     ,CLIFTON CITY            ,11/3/2014,M ,2347,1,CLIFTON PD               ,,0,0,0,0,P,B,N,N,11,1,NJ 3                                              ,W,3,,00000003__      ,,2,5,2,1,6,1,2,1,100,FE,W,,T,CR 601                   ,EB,55,,,,N,GUARDRAIL                                                                       ,7028,23:45,120+07449
2013160213-10754               ,PASSAIC     ,CLIFTON CITY            ,9/26/2013,TH,752,1,CLIFTON PD               ,,0,0,0,0,P,B,N,N,1,2,NJ 3                                              ,W,3,,00000003__      ,1.59,2,1,2,1,1,1,1,1,1000,FE,W,HEPBURN RD                         ,,,,55,,,,N,NO                                                                              ,85163,7:50,120+07445
2013160213-10755               ,PASSAIC     ,CLIFTON CITY            ,9/26/2013,TH,1803,1,CLIFTON PD               ,CLIFTON        ,0,0,0,0,P,B,N,N,1,3,NJ 3                                              ,W,3,,00000003__      ,1.22,2,1,2,1,1,5,1,1,200,FE,W,ROUTE 509 / BROAD ST               ,,,,55,50,,,N,NONE                                                                            ,268,18:05,120P07447
2014160214-11792               ,PASSAIC     ,CLIFTON CITY            ,11/4/2014,TU,1922,1,CLIFTON PD               ,POST 7         ,0,0,0,0,P,B,N,N,2,2,NJ 3                                              ,W,3,,00000003__      ,,2,1,2,1,6,1,1,1,500,FE,W,,F,RT 21                    ,,55,,,,N,NONE                                                                            ,521,19:20,120+07449
2016090916-019581              ,HUDSON      ,SECAUCUS TOWN           ,12/21/2016,W ,736,1,SECAUCUS PD              ,HEADQUARTERS   ,0,0,0,0,P,B,N,N,1,2,NJ 3                                              ,W,3,,00000003__      ,8.8,2,1,2,1,1,1,4,1,50,FE,S,MILL CREEK DRIVE                   ,,,,,,,,N,,163,7:35,120+04733
2017090917-016847              ,HUDSON      ,SECAUCUS TOWN           ,10/11/2017,WE,1757,1,SECAUCUS PD              ,HQTS           ,0,0,0,0,P,B,N,N,1,2,NJ 3                                              ,W,3,,00000003__      ,8.69,2,,2,2,6,2,5,1,500,FE,E,MEADOWLANDS PKWY                   ,,,,55,,,,N,,175,17:55,120+04733
2014160214-11793               ,PASSAIC     ,CLIFTON CITY            ,11/4/2014,TU,1934,1,CLIFTON PD               ,,0,0,0,0,P,B,N,N,1,2,NJ 3                                              ,W,3,,00000003__      ,,2,1,2,1,6,1,1,1,,,,,,,,55,,,,N,NONE                                                                            ,517,19:35,120+07449
2014160214-11838               ,PASSAIC     ,CLIFTON CITY            ,11/5/2014,W ,2007,1,CLIFTON PD               ,,0,0,0,0,P,B,N,N,2,2,NJ 3                                              ,W,3,,00000003__      ,3.96,2,1,2,1,6,1,5,1,750,FE,E,CR 601 / MAIN AVE                  ,,,,55,35,40.83029,74.13973,N,NONE                                                                            ,239,20:05,120+07442
2018090918-011032              ,HUDSON      ,SECAUCUS TOWN           ,6/20/2018,WE,1834,1,SECAUCUS PD              ,,0,1,0,0,I,B,N,N,1,2,NJ 3                                              ,W,3,,00000003__      ,8,2,,2,1,1,1,1,1,35,FE,W,ROOSEVELT AVE                      ,,,,45,25,,,N,,179,18:35,120+04734
2018090918-011978              ,HUDSON      ,SECAUCUS TOWN           ,6/27/2018,WE,2136,1,SECAUCUS PD              ,,0,3,0,0,I,B,N,N,2,2,NJ 3                                              ,W,3,,00000003__      ,8.6,2,,2,2,6,1,5,1,25,FE,W,MEADOWLANDS PKWY                   ,,,,55,,,,N,,,21:35,120+04733
2016090916-081206              ,HUDSON      ,SECAUCUS TOWN           ,11/27/2016,S ,2343,1,SECAUCUS PD              ,HEADQUARTERS   ,0,0,0,0,P,B,N,N,1,2,NJ 3                                              ,W,3,,00000003__      ,10.1,2,1,2,1,6,1,3,1,,,,,,,,55,,,,N,NONE                                                                            ,139,23:45,120P04729
2016160216-04699               ,PASSAIC     ,CLIFTON CITY            ,7/1/2016,F ,1946,3,PASSAIC CO SHERIFFS DEPT ,SHERIFF PATROL ,0,0,0,0,P,B,N,N,1,2,NJ 3                                              ,W,3,,00000003__      ,0.53,2,1,2,1,1,1,1,1,100,FE,E,CR 623 / GROVE ST                  ,,,,50,25,,,N,,314,19:45,120+07449
2014160214-11899               ,PASSAIC     ,CLIFTON CITY            ,11/7/2014,F ,1325,1,CLIFTON PD               ,CLIFTON        ,0,0,0,0,P,B,N,N,1,2,NJ 3                                              ,W,3,,00000003__      ,,2,1,2,1,1,1,1,1,250,FE,E,,T,CR 622                   ,SB,55,,,,N,NONE                                                                            ,283,13:25,120+07449
2014160214-11908               ,PASSAIC     ,CLIFTON CITY            ,11/7/2014,F ,1615,1,CLIFTON PD               ,PATROL/C1      ,0,0,0,0,P,I,N,N,1,2,NJ 3                                              ,W,3,,00000003__      ,,2,2,2,1,1,1,1,1,,AT,,,F,CR 601                   ,WB,55,,,,N,NONE                                                                            ,501,16:15,120+07449
2015132815-020910              ,MONMOUTH    ,MARLBORO TWP            ,7/13/2015,M ,858,1,MARLBORO TWP PD          ,,0,0,0,0,P,B,N,N,1,2,MONMOUTH COUNTY 3                                 ,W,3,,13000003__      ,6.08,5,1,1,1,1,1,5,1,450,FE,E,ROUTE 520                          ,,,,35,45,,,N,NONE                                                                            ,94,9:00,120P04737
2014160214-11910               ,PASSAIC     ,CLIFTON CITY            ,11/7/2014,F ,1658,1,CLIFTON PD               ,PATROL/C1      ,0,0,0,0,P,I,N,N,2,2,NJ 3                                              ,W,3,,00000003__      ,,2,2,2,1,6,1,1,1,,AT,,,F,CR 603                   ,SB,45,,,,N,NONE                                                                            ,501,17:00,120+07449
2.02E+17,PASSAIC     ,CLIFTON CITY            ,1/2/2016,SA,1343,1,CLIFTON PD               ,,0,0,0,0,P,B,N,N,1,2,NJ 3                                              ,W,3,,00000003__      ,,2,5,2,1,1,1,2,1,,,,,F,MAIN AVE                 ,WB,50,,,,N,NONE                                                                            ,7130,13:45,120+07449
2.02E+17,PASSAIC     ,CLIFTON CITY            ,1/3/2016,S ,207,1,CLIFTON PD               ,,0,0,0,0,P,B,N,N,2,2,NJ 3                                              ,W,3,,00000003__      ,2.65,2,1,2,1,6,1,1,1,75,FE,E,CR 622 / BLOOMFIELD AVE            ,,,,55,,,,N,NONE                                                                            ,7225,2:05,120+07444
2015132815-021177              ,MONMOUTH    ,MARLBORO TWP            ,7/15/2015,W ,1910,1,MARLBORO TWP PD          ,,0,0,0,0,P,I,N,N,7,2,MONMOUTH COUNTY 3                                 ,W,3,,13000003__      ,9.95,5,1,2,2,3,1,4,1,,AT,,NOLAN RD                           ,,,,40,35,,,N,NONE                                                                            ,123,19:10,120P04729
2014160214-11916               ,PASSAIC     ,CLIFTON CITY            ,11/7/2014,F ,1833,1,CLIFTON PD               ,PATROL         ,0,0,0,0,P,B,N,N,2,2,NJ 3                                              ,W,3,,00000003__      ,0.51,2,1,2,1,6,1,1,1,100,FE,E,CR 623                             ,,,,55,35,,,N,NONE                                                                            ,6019,18:35,120+07449
2.02E+17,PASSAIC     ,CLIFTON CITY            ,1/3/2016,S ,213,1,CLIFTON PD               ,,0,1,0,0,I,B,N,N,1,2,NJ 3                                              ,W,3,,00000003__      ,2.66,2,1,2,1,6,1,1,1,100,FE,E,CR 622 / BLOOMFIELD AVE            ,,,,55,25,,,N,NONE                                                                            ,7222,2:15,120+07444
2015132815-021547              ,MONMOUTH    ,MARLBORO TWP            ,7/19/2015,S ,717,1,MARLBORO TWP PD          ,,0,0,0,0,P,I,N,N,3,2,MONMOUTH COUNTY 3                                 ,W,3,,13000003__      ,9.95,5,1,2,1,1,1,5,1,,AT,S,NOLAN RD                           ,,,,35,25,,,N,,83,7:15,120P04729
2018090918-012779              ,HUDSON      ,SECAUCUS TOWN           ,7/3/2018,TU,1910,1,SECAUCUS PD              ,,0,1,0,0,I,B,N,N,11,1,NJ 3                                              ,W,3,,00000003__      ,10.04,2,,2,2,1,2,2,1,,,,,F,CR 681/PATERSON PLANK RD ,WB,45,,,,N,TREE ON HARTZ MOUNTAIN PROPERTY                                                 ,,19:10,120P04729
2017090917-017856              ,HUDSON      ,SECAUCUS TOWN           ,10/29/2017,SU,1035,1,SECAUCUS PD              ,HEADQUARTERS   ,0,0,0,0,P,B,N,N,8,2,NJ 3                                              ,W,3,,00000003__      ,9.12,2,,2,2,1,2,3,1,,,,,T,HUDSON COUNTY 681        ,WB,50,,,,N,,174,10:35,120+04732
2.02E+17,PASSAIC     ,CLIFTON CITY            ,1/4/2016,M ,1640,1,CLIFTON PD               ,,0,0,0,0,P,B,N,N,2,2,NJ 3                                              ,W,3,,00000003__      ,,2,1,2,1,3,1,1,1,100,FE,E,,,GARDEN STATE PARKWAY     ,NB,50,,,,N,NONE                                                                            ,7213,16:40,120+07449
2014160214-11941               ,PASSAIC     ,CLIFTON CITY            ,11/8/2014,SA,,1,CLIFTON PD               ,CLIFTON        ,0,0,0,0,P,B,N,N,2,2,NJ 3                                              ,W,3,,00000003__      ,0.49,2,1,2,1,1,1,1,1,100,FE,W,CR 623 / GROVE ST                  ,,,,50,35,40.86563,74.18248,N,,268,#VALUE!,120+07449
2013160213-10937               ,PASSAIC     ,CLIFTON CITY            ,10/1/2013,TU,912,1,CLIFTON PD               ,,0,0,0,0,P,B,N,N,1,2,NJ 3                                              ,W,3,,00000003__      ,,2,2,2,1,1,1,1,2,,,,,F,RT 21                    ,,55,,,,N,,260,9:10,120+07449
2.02E+17,PASSAIC     ,CLIFTON CITY            ,1/5/2016,TU,820,1,CLIFTON PD               ,,0,0,0,0,P,B,N,N,1,2,NJ 3                                              ,W,3,,00000003__      ,,2,2,2,1,1,1,1,1,,,,,F,MAIN AVE                 ,WB,55,,,,N,NONE                                                                            ,7118,8:20,120+07449
2014160214-11952               ,PASSAIC     ,CLIFTON CITY            ,11/8/2014,SA,1156,1,CLIFTON PD               ,CLIFTON        ,0,0,0,0,P,B,N,N,1,2,NJ 3                                              ,W,3,,00000003__      ,0.05,2,1,2,1,1,1,1,1,250,FE,E,US 46                              ,,,,55,55,40.87059,74.18899,N,NONE                                                                            ,283,11:55,120+07449
2018090918-015543              ,HUDSON      ,SECAUCUS TOWN           ,7/25/2018,WE,827,1,SECAUCUS PD              ,,0,2,0,0,I,B,N,N,1,3,NJ 3                                              ,W,3,,00000003__      ,8.6,2,,2,2,1,2,5,1,,,W,MEADOWLANDS PKWY                   ,,,,45,25,,,N,,,8:25,120+04733
2.02E+17,PASSAIC     ,CLIFTON CITY            ,1/5/2016,TU,1911,1,CLIFTON PD               ,,0,2,0,0,I,B,N,N,2,3,NJ 3                                              ,W,3,,00000003__      ,,2,2,2,1,6,1,1,1,800,FE,E,,T,CR 603                   ,,55,,,,N,NONE                                                                            ,7176,19:10,120+07449
2014160214-11962               ,PASSAIC     ,CLIFTON CITY            ,11/8/2014,SA,1916,1,CLIFTON PD               ,PATROL         ,0,0,0,0,P,B,N,N,1,2,NJ 3                                              ,W,3,,00000003__      ,2.63,2,1,2,1,6,1,1,1,50,FE,W,CR 622 / BLOOMFIELD AVE            ,,,,55,25,40.84045,74.16133,N,NONE                                                                            ,500,19:15,120+07444
2015132815-025500              ,MONMOUTH    ,MARLBORO TWP            ,8/22/2015,SA,2208,1,MARLBORO TWP PD          ,,0,0,0,0,P,B,N,N,1,2,MONMOUTH COUNTY 3                                 ,W,3,,13000003__      ,9.42,5,1,2,1,6,1,4,1,20,FE,E,NJ 79                              ,,,,40,45,,,N,,113,22:10,120+04732
2013160213-10993               ,PASSAIC     ,CLIFTON CITY            ,10/2/2013,W ,1543,1,CLIFTON PD               ,PATROL         ,0,0,0,0,P,B,N,N,1,2,NJ 3                                              ,W,3,,00000003__      ,,2,5,2,1,1,1,1,1,,,,,F,MAIN AVE                 ,NB,50,,,,N,NONE                                                                            ,8036,15:45,120+07449
2.02E+17,PASSAIC     ,CLIFTON CITY            ,1/5/2016,TU,2122,1,CLIFTON PD               ,,0,2,0,0,I,B,N,N,1,2,NJ 3                                              ,W,3,,00000003__      ,,2,2,2,1,6,1,5,1,200,FE,W,,F,CR 601                   ,,55,,,,N,NONE                                                                            ,7211,21:20,120+07449
2013160213-11059               ,PASSAIC     ,CLIFTON CITY            ,10/4/2013,F ,602,1,CLIFTON PD               ,CLIFTON        ,0,1,0,0,I,B,N,N,11,1,NJ 3                                              ,W,3,,00000003__      ,4.88,2,2,2,1,2,1,1,2,50,FE,W,NJ 21                              ,,,,55,55,,,N,NONE                                                                            ,12514,6:00,120P04739
2018090918-015885              ,HUDSON      ,SECAUCUS TOWN           ,7/27/2018,FR,1709,1,SECAUCUS PD              ,,0,0,0,0,P,B,N,N,2,2,NJ 3                                              ,W,3,,00000003__      ,9.4,2,,2,2,1,2,5,1,,,,,T,HUDSON COUNTY 681        ,EB,,,,,N,,,17:10,120+04732
2013160213-11062               ,PASSAIC     ,CLIFTON CITY            ,10/4/2013,F ,908,1,CLIFTON PD               ,,0,1,0,0,I,B,N,N,2,2,NJ 3                                              ,W,3,,00000003__      ,3.4,2,2,2,1,1,1,1,1,100,FE,W,CR 603 / PASSAIC AVE               ,,,,55,35,,,N,NONE                                                                            ,5006,9:10,120+07443
2014160214-11998               ,PASSAIC     ,CLIFTON CITY            ,11/9/2014,S ,1634,1,CLIFTON PD               ,PATROL/C1      ,0,0,0,0,P,I,N,N,1,2,NJ 3                                              ,W,3,,00000003__      ,,2,2,2,1,1,1,1,1,,AT,,,F,MAIN AVE                 ,SB,55,,,,N,NONE                                                                            ,,16:35,120+07449
2013160213-11066               ,PASSAIC     ,CLIFTON CITY            ,10/4/2013,F ,1047,1,CLIFTON PD               ,,0,1,0,0,I,B,N,N,11,1,NJ 3                                              ,W,3,,00000003__      ,2.62,2,1,2,1,1,1,1,1,100,FE,W,CR 622 / BLOOMFIELD AVE            ,,,,55,35,,,N,SHRUBS ALONG ROUTE 3 WESTBOUND                                                  ,274,10:45,120+07444
2018090918-016659              ,HUDSON      ,SECAUCUS TOWN           ,8/3/2018,FR,406,1,SECAUCUS PD              ,,0,0,0,0,P,B,N,N,1,2,NJ 3                                              ,W,3,,00000003__      ,8.6,2,,2,2,6,1,5,1,,,,,,,,55,,,,N,,166,4:05,120+04733
2014160214-11999               ,PASSAIC     ,CLIFTON CITY            ,11/9/2014,S ,1617,1,CLIFTON PD               ,PATROL/C1      ,0,0,0,0,P,I,N,N,1,2,NJ 3                                              ,W,3,,00000003__      ,,2,2,2,1,1,1,1,1,,AT,,,F,MAIN AVE                 ,SB,35,,,,N,NONE                                                                            ,501,16:15,120+07449
2.02E+17,PASSAIC     ,CLIFTON CITY            ,1/10/2016,S ,1528,1,CLIFTON PD               ,,0,1,0,0,I,B,N,N,1,2,NJ 3                                              ,W,3,,00000003__      ,0.47,2,1,2,2,1,2,1,1,200,FE,W,CR 623 / GROVE ST                  ,,,,55,35,,,N,NONE                                                                            ,7189,15:30,120+07449
2017090917-018204              ,HUDSON      ,SECAUCUS TOWN           ,11/3/2017,FR,1143,1,SECAUCUS PD              ,HQ             ,0,0,0,0,P,B,N,N,2,2,NJ 3                                              ,W,3,,00000003__      ,10,2,,2,1,1,1,1,1,,,,,,,,45,,,,N,,142,11:45,120P04729
2014160214-12125               ,PASSAIC     ,CLIFTON CITY            ,11/12/2014,W ,1757,1,CLIFTON PD               ,CLIFTON        ,0,0,0,0,P,B,N,N,1,2,NJ 3                                              ,W,3,,00000003__      ,,2,1,2,1,6,1,1,1,500,FE,E,,T,GARDEN STATE PKWY        ,NB,55,,,,N,NONE                                                                            ,522,17:55,120+07449
2013160213-11090               ,PASSAIC     ,CLIFTON CITY            ,10/9/2013,W ,1903,1,CLIFTON PD               ,PATROL         ,0,0,0,0,P,B,N,N,1,2,NJ 3                                              ,W,3,,00000003__      ,2.68,2,1,2,1,6,1,1,1,200,FE,E,CR 622 / BLOOMFIELD AVE            ,,,,50,30,,,N,NONE                                                                            ,8036,19:05,120+07444
2014160214-12140               ,PASSAIC     ,CLIFTON CITY            ,11/13/2014,TH,221,1,CLIFTON PD               ,,0,0,0,0,P,B,N,N,11,1,NJ 3                                              ,W,3,,00000003__      ,3,2,2,2,1,6,1,1,1,500,MI,E,CR 603 / PASSAIC AVE               ,,,,55,25,40.83761,74.15538,N,NONE                                                                            ,10048,2:20,120+07444
2.02E+17,PASSAIC     ,CLIFTON CITY            ,1/11/2016,M ,857,1,CLIFTON PD               ,,0,0,0,0,P,B,N,N,1,2,NJ 3                                              ,W,3,,00000003__      ,3.74,2,2,2,1,1,1,1,1,400,FE,W,CR 601 / MAIN AVE                  ,,,,55,35,,,N,NONE                                                                            ,7118,8:55,120+07442
2017090917-018535              ,HUDSON      ,SECAUCUS TOWN           ,11/8/2017,WE,1609,1,SECAUCUS PD              ,HQTS           ,0,0,0,0,P,B,N,N,1,2,NJ 3                                              ,W,3,,00000003__      ,9.4,2,,1,1,1,2,5,1,,,,,F,MILL CREEK DRIVE         ,SB,55,,,,N,,160,16:10,120+04732
2015132815-031708              ,MONMOUTH    ,MARLBORO TWP            ,10/17/2015,SA,1254,1,MARLBORO TWP PD          ,,0,0,0,0,P,B,N,N,1,2,MONMOUTH COUNTY 3                                 ,W,3,,13000003__      ,9.71,5,1,2,1,1,1,5,1,300,FE,E,UNION AVE                          ,,,,40,25,,,N,,84,12:55,120+04730
2.02E+17,PASSAIC     ,CLIFTON CITY            ,1/12/2016,TU,1242,1,CLIFTON PD               ,,0,0,0,0,P,B,N,N,1,2,NJ 3                                              ,W,3,,00000003__      ,,2,5,2,1,1,1,1,1,,,,,F,MAIN AVE                 ,,55,,,,N,NONE                                                                            ,7179,12:40,120+07449
2.02E+17,PASSAIC     ,CLIFTON CITY            ,1/12/2016,TU,1755,1,CLIFTON PD               ,,0,0,0,0,P,B,N,N,1,2,NJ 3                                              ,W,3,,00000003__      ,0.76,2,1,2,1,6,1,1,1,1320,FE,E,CR 623 / GROVE ST                  ,,,,55,25,,,N,NONE                                                                            ,7240,17:55,120+07448
2013160213-11167               ,PASSAIC     ,CLIFTON CITY            ,10/7/2013,M ,801,1,CLIFTON PD               ,CLIFTON        ,0,0,0,0,P,B,N,N,2,2,NJ 3                                              ,W,3,,00000003__      ,0.89,2,1,2,1,1,5,5,1,2000,FE,E,CR 623 / GROVE ST                  ,,,,55,,,,N,,269,8:00,120+07448
2017090917-018689              ,HUDSON      ,SECAUCUS TOWN           ,11/11/2017,SA,1208,1,SECAUCUS PD              ,HEADQUARTERS   ,0,5,0,0,I,B,N,N,1,2,NJ 3                                              ,W,3,,00000003__      ,9.77,2,,2,1,1,1,2,1,,,,,,,,45,,,,N,NJ 3 WEST SERVICE RD LEFT LANE GUARD RAIL                                       ,134,12:10,120+04730
2013160213-11173               ,PASSAIC     ,CLIFTON CITY            ,10/7/2013,M ,840,1,CLIFTON PD               ,,0,0,0,0,P,I,N,N,2,2,NJ 3                                              ,W,3,,00000003__      ,,2,1,2,1,1,1,5,1,,AT,,,,NJ 21                    ,NB,55,,,,N,NONE                                                                            ,274,8:40,120+07449
2018090918-017949              ,HUDSON      ,SECAUCUS TOWN           ,8/13/2018,MO,1641,1,SECAUCUS PD              ,,0,0,0,0,P,B,N,N,2,2,NJ 3                                              ,W,3,,00000003__      ,9.3,2,,2,2,1,2,1,1,,,,,F,HUDSON COUNTY 681        ,WB,50,,,,N,,,16:40,120+04732
2017090917-018756              ,HUDSON      ,SECAUCUS TOWN           ,11/12/2017,SU,1735,1,SECAUCUS PD              ,HEADQUARTERS   ,0,3,0,0,I,B,N,N,1,4,NJ 3                                              ,W,3,,00000003__      ,10.04,2,,2,1,6,1,5,1,,,,,T,MAPLE ST                 ,WB,40,,,,N,,,17:35,120P04729
2014160214-12243               ,PASSAIC     ,CLIFTON CITY            ,11/15/2014,SA,1839,1,CLIFTON PD               ,PATROL         ,0,0,0,0,P,B,N,N,1,3,NJ 3                                              ,W,3,,00000003__      ,,2,1,2,1,6,1,1,1,1000,FE,E,,T,CR 601                   ,,55,,,,N,NONE                                                                            ,512,18:40,120+07449
2.02E+17,PASSAIC     ,CLIFTON CITY            ,1/13/2016,W ,1602,1,CLIFTON PD               ,,0,0,0,0,P,B,N,N,1,2,NJ 3                                              ,W,3,,00000003__      ,0.6,2,1,2,1,1,1,1,1,500,FE,E,CR 623 / GROVE ST                  ,,,,55,30,,,N,NONE                                                                            ,7105,16:00,120P07448
2013160213-1122                ,PASSAIC     ,CLIFTON CITY            ,1/30/2013,W ,1944,1,CLIFTON PD               ,CLIFTON        ,0,0,0,0,P,B,N,N,1,2,NJ 3                                              ,W,3,,00000003__      ,,2,5,2,2,4,2,1,2,,,,,F,RT 21                    ,NB,65,,,,N,NONE                                                                            ,12514,19:45,120+07449