CRASH_ID,CTY_NAME,MUN_NAME,DATE,DAY,TIME,POL_CODE,POL_DEPT,POL_STA,KILLED,INJURED,PED_KILL,PED_INJ,SEVERITY,INTERSEC,ALCOHOL,HAZMAT,CRASH_TYPE,VEH_COUNT,LOCATION,LOC_DIR,ROUTE,RT_SFX,SRI,MP,RD_SYS,RD_CHAR,RD_SURF,SURF_COND,LIGHT,WEATHER,RD_DIV,RD_WRKZN,X_DIST,DIST_UNT,X_DIR,X_NAME,IS_RAMP,RAMP_RT,RAMP_DIR,SPD_LMT,SPD_X,LAT,LONG,CELL_USE,PROP_DMG,BADGE,TIME_ROUND,TMC
2014160214-12318               ,PASSAIC     ,CLIFTON CITY            ,11/17/2014,M ,1804,1,CLIFTON PD               ,,0,0,0,0,P,B,N,N,1,2,NJ 3                                              ,W,3,,00000003__      ,1.44,2,1,2,2,6,2,1,1,250,FE,E,PKWY EXIT RAMP N                   ,,,,55,35,,,N,NONE                                                                            ,239,18:05,120P07446
2013160213-11230               ,PASSAIC     ,CLIFTON CITY            ,10/8/2013,TU,1217,1,CLIFTON PD               ,CLIFTON        ,0,1,0,0,I,B,N,N,1,2,NJ 3                                              ,W,3,,00000003__      ,4.01,2,1,2,1,1,1,1,2,1000,FE,E,CR 601 / MAIN AVE                  ,,,,45,25,,,N,NONE                                                                            ,7033,12:15,120+07442
2.02E+17,PASSAIC     ,CLIFTON CITY            ,1/14/2016,TH,1352,1,CLIFTON PD               ,,0,0,0,0,P,B,N,N,1,2,NJ 3                                              ,W,3,,00000003__      ,,2,2,2,1,1,1,1,1,,,,,F,CR 601                   ,WB,55,,,,N,NONE                                                                            ,7118,13:50,120+07449
2013160213-11248               ,PASSAIC     ,CLIFTON CITY            ,10/8/2013,TU,1858,1,CLIFTON PD               ,POST 7         ,0,1,0,0,I,B,N,N,1,2,NJ 3                                              ,W,3,,00000003__      ,,2,1,2,1,5,1,1,1,2640,FE,E,,T,CR 622                   ,,55,,,,N,NONE                                                                            ,7030,19:00,120+07449
2014160214-12357               ,PASSAIC     ,CLIFTON CITY            ,11/18/2014,TU,1808,1,CLIFTON PD               ,CLIFTON PD     ,0,0,0,0,P,B,N,N,1,2,NJ 3                                              ,W,3,,00000003__      ,,2,1,2,1,7,1,1,1,2640,FE,E,,T,GROVE ST.                ,,55,,,,N,NONE                                                                            ,526,18:10,120+07449
2014160214-12366               ,PASSAIC     ,CLIFTON CITY            ,11/19/2014,W ,721,1,CLIFTON PD               ,,0,0,0,0,P,B,N,N,2,2,NJ 3                                              ,W,3,,00000003__      ,3.36,2,2,2,1,1,1,1,1,300,FE,W,CR 603 / PASSAIC AVE               ,,,,55,35,40.83484,74.14957,N,,260,7:20,120+07443
2.02E+17,PASSAIC     ,CLIFTON CITY            ,1/16/2016,SA,1322,1,CLIFTON PD               ,,0,1,0,0,I,B,N,N,1,2,NJ 3                                              ,W,3,,00000003__      ,3.84,2,2,2,1,1,1,1,1,100,FE,E,CR 601 / MAIN AVE                  ,,,,55,35,,,N,NONE                                                                            ,7152,13:20,120+07442
2018090918-018515              ,HUDSON      ,SECAUCUS TOWN           ,8/18/2018,SA,102,1,SECAUCUS PD              ,,0,0,0,0,P,B,N,N,11,1,NJ 3                                              ,W,3,,00000003__      ,9.9,2,,2,2,6,2,1,1,,,,,F,CR 681/PATERSON PLANK RD ,EB,35,,,,N,DAMAGE TO FENCE ON THE GRASS PATCH.                                             ,144,1:00,120+04730
2013160213-11298               ,PASSAIC     ,CLIFTON CITY            ,10/10/2013,TH,1036,1,CLIFTON PD               ,,0,0,0,0,P,B,N,N,1,2,NJ 3                                              ,W,3,,00000003__      ,,2,1,2,2,1,5,1,1,,,,,F,CR 602                   ,WB,55,,,,N,,260,10:35,120+07449
2017090917-019365              ,HUDSON      ,SECAUCUS TOWN           ,11/22/2017,WE,1652,1,SECAUCUS PD              ,HQ             ,0,0,0,0,P,B,N,N,1,3,NJ 3                                              ,W,3,,00000003__      ,9,2,,2,1,6,1,1,1,,,,,,,,55,,,,N,,,16:50,120+04732
2015132815-034732              ,MONMOUTH    ,MARLBORO TWP            ,11/14/2015,SA,553,1,MARLBORO TWP PD          ,,0,2,0,0,I,B,N,N,11,1,MONMOUTH COUNTY 3                                 ,W,3,,13000003__      ,9.68,5,1,2,1,3,1,5,1,140,FE,E,UNION AVE                          ,,,,40,25,,,N,NONE                                                                            ,104,5:55,120+04730
2014160214-12432               ,PASSAIC     ,CLIFTON CITY            ,11/20/2014,TH,1553,1,CLIFTON PD               ,,0,0,0,0,P,B,N,N,1,2,NJ 3                                              ,W,3,,00000003__      ,,2,1,2,1,1,1,1,1,400,FE,E,,T,GSPARKWAY                ,SB,55,,,,N,NONE                                                                            ,521,15:55,120+07449
2.02E+17,PASSAIC     ,CLIFTON CITY            ,1/16/2016,SA,1935,1,CLIFTON PD               ,,0,0,0,0,P,I,N,N,1,2,NJ 3                                              ,W,3,,00000003__      ,,2,2,2,1,6,1,1,1,,AT,,,F,CR 601                   ,WB,55,,,,N,NONE                                                                            ,7189,19:35,120+07449
2013160213-11433               ,PASSAIC     ,CLIFTON CITY            ,10/13/2013,S ,1701,1,CLIFTON PD               ,CLIFTON        ,0,2,0,0,I,B,N,N,1,2,NJ 3                                              ,W,3,,00000003__      ,,2,1,2,1,1,1,1,2,200,FE,W,,T,21 SB / NB               ,,55,,,,N,,12506,17:00,120+07449
2014160214-12461               ,PASSAIC     ,CLIFTON CITY            ,11/21/2014,F ,1259,1,CLIFTON PD               ,CLIFTON        ,0,0,0,0,P,B,N,N,1,2,NJ 3                                              ,W,3,,00000003__      ,0.51,2,1,2,1,1,1,4,1,200,FE,E,GROVE STREET                       ,,,,55,35,,,N,NONE                                                                            ,268,13:00,120+07449
2.02E+17,PASSAIC     ,CLIFTON CITY            ,1/17/2016,S ,2138,1,CLIFTON PD               ,,0,1,0,0,I,I,N,N,11,1,NJ 3                                              ,W,3,,00000003__      ,,2,5,1,2,6,3,2,1,,AT,,,F,ROUTE 21                 ,SB,55,,,,N,GUARDRAIL                                                                       ,7140,21:40,120+07449
2014160214-12469               ,PASSAIC     ,CLIFTON CITY            ,11/21/2014,F ,1651,1,CLIFTON PD               ,PATROL         ,0,0,0,0,P,B,N,N,1,2,NJ 3                                              ,W,3,,00000003__      ,0.55,2,1,2,1,3,1,1,1,200,FE,E,CR 623 / GROVE ST                  ,,,,55,35,40.8648,74.18191,N,NONE                                                                            ,6019,16:50,120+07449
2013160213-11437               ,PASSAIC     ,CLIFTON CITY            ,10/13/2013,S ,1853,1,CLIFTON PD               ,POST 7         ,0,1,0,0,I,I,N,N,1,2,NJ 3                                              ,W,3,,00000003__      ,,2,5,2,1,5,1,1,2,,AT,,,F,CR 601                   ,,55,,,,N,NONE                                                                            ,7030,18:55,120+07449
2014160214-12472               ,PASSAIC     ,CLIFTON CITY            ,11/21/2014,F ,1902,1,CLIFTON PD               ,PATROL         ,0,0,0,0,P,B,N,N,1,2,NJ 3                                              ,W,3,,00000003__      ,3.88,2,1,2,1,6,1,1,1,300,FE,E,CR 601 / MAIN AVE                  ,,,,55,35,40.8309,74.14106,N,NONE                                                                            ,6219,19:00,120+07442
2017090917-019564              ,HUDSON      ,SECAUCUS TOWN           ,11/27/2017,MO,1828,1,SECAUCUS PD              ,HQTS           ,0,0,0,0,P,B,N,N,1,2,NJ 3                                              ,W,3,,00000003__      ,8.65,2,,2,1,6,1,1,1,,,,,,,,55,,,,N,,150,18:30,120+04733
2013160213-11455               ,PASSAIC     ,CLIFTON CITY            ,10/14/2013,M ,1122,1,CLIFTON PD               ,CLIFTON        ,0,0,0,0,P,B,N,N,1,2,NJ 3                                              ,W,3,,00000003__      ,,2,5,2,1,1,1,5,1,5,FE,N,,T,CR 601                   ,WB,55,,,,N,,269,11:20,120+07449
2013160213-11459               ,PASSAIC     ,CLIFTON CITY            ,10/14/2013,M ,1210,1,CLIFTON PD               ,CLIFTON        ,0,3,0,0,I,B,N,N,1,3,NJ 3                                              ,W,3,,00000003__      ,0.19,2,1,2,1,1,1,5,1,1000,FE,E,US 46                              ,,,,35,,,,N,,269,12:10,120+07449
2015132815-037571              ,MONMOUTH    ,MARLBORO TWP            ,12/10/2015,TH,2147,1,MARLBORO TWP PD          ,,0,1,0,0,I,B,Y,N,1,2,MONMOUTH COUNTY 3                                 ,W,3,,13000003__      ,9.59,5,1,2,1,7,1,5,1,30,FE,E,NJ 79                              ,,,,35,45,,,Y,,102,21:45,120+04731
2.02E+17,PASSAIC     ,CLIFTON CITY            ,1/18/2016,M ,1741,1,CLIFTON PD               ,,0,2,0,0,I,B,N,N,1,2,NJ 3                                              ,W,3,,00000003__      ,,2,5,2,1,5,1,5,1,,,,,F,CR 601                   ,,55,,,,N,NONE                                                                            ,7176,17:40,120+07449
2014160214-12516               ,PASSAIC     ,CLIFTON CITY            ,11/23/2014,S ,1139,1,CLIFTON PD               ,,0,0,0,0,P,B,N,N,2,2,NJ 3                                              ,W,3,,00000003__      ,,2,1,2,1,1,1,1,1,1320,FE,E,,T,MAIN AVE.                ,,55,,,,N,NONE                                                                            ,7027,11:40,120+07449
2014160214-12553               ,PASSAIC     ,CLIFTON CITY            ,11/24/2014,M ,1545,1,CLIFTON PD               ,PATROL         ,0,0,0,0,P,B,N,N,1,2,NJ 3                                              ,W,3,,00000003__      ,2.63,2,1,2,1,1,1,1,1,30,FE,W,CR 622 / BLOOMFIELD AVE            ,,,,55,35,40.84045,74.16133,N,NONE                                                                            ,6019,15:45,120+07444
2017090917-020045              ,HUDSON      ,SECAUCUS TOWN           ,12/5/2017,TU,2204,1,SECAUCUS PD              ,HEADQUARTERS   ,0,0,0,0,P,B,N,N,11,1,NJ 3                                              ,W,3,,00000003__      ,9.5,2,,2,2,7,2,1,1,,,,,,,,55,,,,N,,173,22:05,120+04731
2013160213-1152                ,PASSAIC     ,CLIFTON CITY            ,1/31/2013,TH,1425,1,CLIFTON PD               ,CLIFTON        ,0,0,0,0,P,B,N,N,1,2,NJ 3                                              ,W,3,,00000003__      ,0.1,2,1,2,2,1,1,1,1,100,FE,E,VALLEY ROAD                        ,,,,55,35,,,N,NONE                                                                            ,268,14:25,120+07449
2013160213-11559               ,PASSAIC     ,CLIFTON CITY            ,10/16/2013,W ,1330,1,CLIFTON PD               ,POST 7         ,0,0,0,0,P,I,N,N,1,2,NJ 3                                              ,W,3,,00000003__      ,,2,5,2,1,5,1,1,1,,AT,,,F,CR 602 / PASSAIC AVE     ,,55,,,,N,NONE                                                                            ,7030,13:30,120+07449
2014160214-12558               ,PASSAIC     ,CLIFTON CITY            ,11/24/2014,M ,1908,1,CLIFTON PD               ,,0,2,0,0,I,B,N,N,1,2,NJ 3                                              ,W,3,,00000003__      ,,2,1,2,1,6,1,1,1,500,FE,W,,F,BLOOMFIELD AVE           ,,55,,,,N,NONE                                                                            ,521,19:10,120+07449
2.02E+17,PASSAIC     ,CLIFTON CITY            ,1/20/2016,W ,1852,1,CLIFTON PD               ,,0,0,0,0,P,B,N,N,1,2,NJ 3                                              ,W,3,,00000003__      ,,2,5,2,1,5,1,1,1,,,,,F,MAIN AVE                 ,,55,,,,N,NONE                                                                            ,7176,18:50,120+07449
2.02E+17,PASSAIC     ,CLIFTON CITY            ,1/21/2016,TH,756,1,CLIFTON PD               ,,0,0,0,0,P,B,N,N,11,1,NJ 3                                              ,W,3,,00000003__      ,3.23,2,2,2,1,1,1,1,1,1000,FE,W,CR 603 / PASSAIC AVE               ,,,,55,35,,,N,PSEG POLE 11280C/PSEG NOTIFIED/ MINOR DAMAGE                                    ,7118,7:55,120P07443
2013160213-11564               ,PASSAIC     ,CLIFTON CITY            ,10/16/2013,W ,2001,1,CLIFTON PD               ,POST 7         ,0,1,0,0,I,I,N,N,1,2,NJ 3                                              ,W,3,,00000003__      ,,2,2,2,1,7,1,1,2,,AT,,,,RT 21                    ,,55,,,,N,NONE                                                                            ,7030,20:00,120+07449
2014160214-12561               ,PASSAIC     ,CLIFTON CITY            ,11/24/2014,M ,1742,1,CLIFTON PD               ,CLIFTON        ,0,1,0,0,I,I,N,N,1,2,NJ 3                                              ,W,3,,00000003__      ,10.33,2,1,2,1,6,1,1,1,,AT,,MERGE W/LOCAL LANES                ,,,,55,,,,N,,7030,17:40,120P04729
2014160214-12565               ,PASSAIC     ,CLIFTON CITY            ,11/24/2014,M ,1906,1,CLIFTON PD               ,,0,0,0,0,P,B,N,N,1,2,NJ 3                                              ,W,3,,00000003__      ,2.92,2,2,2,1,6,1,5,1,2640,FE,W,CR 603 / PASSAIC AVE               ,,,,55,25,40.83822,74.15667,N,NONE                                                                            ,508,19:05,120+07444
2018090918-020957              ,HUDSON      ,SECAUCUS TOWN           ,9/9/2018,SU,802,1,SECAUCUS PD              ,,0,0,0,0,P,B,N,N,11,1,NJ 3                                              ,W,3,,00000003__      ,8.6,2,,2,2,1,2,2,1,,,,,F,MEADOWLANDS PWKY         ,NB,45,,,,N,,180,8:00,120+04733
2017090917-020362              ,HUDSON      ,SECAUCUS TOWN           ,12/10/2017,SU,1810,1,SECAUCUS PD              ,HQTS           ,0,0,0,0,P,B,N,N,2,2,NJ 3                                              ,W,3,,00000003__      ,9.8,2,,2,2,6,1,5,1,,,,,,,,40,,,,N,,117,18:10,120+04730
2.02E+17,PASSAIC     ,CLIFTON CITY            ,1/21/2016,TH,836,1,CLIFTON PD               ,,0,0,0,0,P,B,N,N,1,2,NJ 3                                              ,W,3,,00000003__      ,1.44,2,1,2,1,1,1,1,1,500,FE,W,RT 444                             ,,,,55,55,,,N,NONE                                                                            ,7118,8:35,120P07446
2014160214-12589               ,PASSAIC     ,CLIFTON CITY            ,11/25/2014,TU,1235,1,CLIFTON PD               ,,0,0,0,0,P,B,N,N,1,2,NJ 3                                              ,W,3,,00000003__      ,3.34,2,1,2,1,1,1,1,1,400,FE,W,CR 603 / PASSAIC AVE               ,,,,55,35,40.83499,74.1499,N,,260,12:35,120+07443
2015132815-09098               ,MONMOUTH    ,MARLBORO TWP            ,3/31/2015,TU,1641,1,MARLBORO TWP PD          ,,0,0,0,0,P,B,N,N,1,2,MONMOUTH COUNTY 3                                 ,W,3,,13000003__      ,9.62,5,1,2,1,1,0,5,1,200,FE,E,NJ 79                              ,,,,40,45,,,N,,109,16:40,120+04730
2018090918-020964              ,HUDSON      ,SECAUCUS TOWN           ,9/9/2018,SU,1031,1,SECAUCUS PD              ,,0,0,0,0,P,B,N,N,1,2,NJ 3                                              ,W,3,,00000003__      ,10.04,2,,2,2,1,2,3,1,,,,,F,CR 681/PATERSON PLANK RD ,WB,45,,,,N,,,10:30,120P04729
2013160213-11588               ,PASSAIC     ,CLIFTON CITY            ,10/17/2013,TH,1556,1,CLIFTON PD               ,CLIFTON        ,0,9,0,0,I,B,N,N,4,3,NJ 3                                              ,W,3,,00000003__      ,,2,2,2,1,1,1,1,1,200,FE,E,,T,RT 46                    ,WB,50,,,,N,CONCRETE BARRIER  LANDSCAPING                                                   ,12573,15:55,120+07449
2.02E+17,PASSAIC     ,CLIFTON CITY            ,1/21/2016,TH,1748,1,CLIFTON PD               ,,0,0,0,0,P,B,N,N,2,2,NJ 3                                              ,W,3,,00000003__      ,,2,1,2,1,6,1,1,1,500,FE,E,,T,CR 601                   ,NB,55,,,,N,NONE                                                                            ,7205,17:50,120+07449
2014160214-12617               ,PASSAIC     ,CLIFTON CITY            ,11/26/2014,W ,1404,1,CLIFTON PD               ,PATROL         ,0,0,0,0,P,B,N,N,1,2,NJ 3                                              ,W,3,,00000003__      ,2.89,2,1,2,3,1,3,1,1,1320,FE,E,CR 622 / BLOOMFIELD AVE            ,,,,55,25,40.83846,74.15715,N,NONE                                                                            ,500,14:05,120+07444
2013160213-11597               ,PASSAIC     ,CLIFTON CITY            ,10/17/2013,TH,1743,1,CLIFTON PD               ,PATROL CAR # 11,0,1,0,0,I,B,N,N,1,3,NJ 3                                              ,W,3,,00000003__      ,2.8,2,1,2,1,3,1,1,1,50,FE,W,826 ROUTE 3 WEST                   ,,,,55,15,,,N,NONE                                                                            ,11502,17:45,120+07444
2.02E+17,PASSAIC     ,CLIFTON CITY            ,1/22/2016,F ,734,1,CLIFTON PD               ,,0,0,0,0,P,B,N,N,1,2,NJ 3                                              ,W,3,,00000003__      ,,2,2,2,1,1,1,1,1,,,,,F,MAIN AVE                 ,WB,55,,,,N,NONE                                                                            ,7124,7:35,120+07449
2017090917-020656              ,HUDSON      ,SECAUCUS TOWN           ,12/15/2017,FR,1916,1,SECAUCUS PD              ,HQTS           ,0,0,0,0,P,B,N,N,2,2,NJ 3                                              ,W,3,,00000003__      ,9.4,2,,2,5,6,3,1,1,,,,,,,,40,,,,N,,150,19:15,120+04732
2014160214-12637               ,PASSAIC     ,CLIFTON CITY            ,11/27/2014,TH,,1,CLIFTON PD               ,,0,0,0,0,P,B,N,N,11,1,NJ 3                                              ,W,3,,00000003__      ,0.1,2,4,2,2,6,3,1,1,100,FE,E,VALLEY ROAD                        ,,,,55,35,,,N,NONE                                                                            ,13216,#VALUE!,120+07449
2.02E+17,PASSAIC     ,CLIFTON CITY            ,1/22/2016,F ,1731,1,CLIFTON PD               ,,0,0,0,0,P,B,N,N,1,2,NJ 3                                              ,W,3,,00000003__      ,,2,1,2,1,6,1,1,1,200,FE,E,,T,GROVE ST                 ,,55,,,,N,NONE                                                                            ,7224,17:30,120+07449
2.02E+17,PASSAIC     ,CLIFTON CITY            ,1/22/2016,F ,1738,1,CLIFTON PD               ,,0,0,0,0,P,B,N,N,1,2,NJ 3                                              ,W,3,,00000003__      ,2.73,2,1,2,1,6,1,1,1,150,FE,E,,T,PASSAIC COUNTY 622       ,NB,55,,,,N,NONE                                                                            ,7215,17:40,120+07444
2017090917-020713              ,HUDSON      ,SECAUCUS TOWN           ,12/17/2017,SU,13,1,SECAUCUS PD              ,HEADQUARTERS   ,0,0,0,0,P,B,N,N,2,2,NJ 3                                              ,W,3,,00000003__      ,9.6,2,,2,1,6,1,1,1,600,FE,W,,,,,55,,,,N,,121,1:15,120+04731
2015132815-12972               ,MONMOUTH    ,MARLBORO TWP            ,5/5/2015,TU,1450,1,MARLBORO TWP PD          ,,0,1,0,0,I,B,N,N,1,2,MONMOUTH COUNTY 3                                 ,W,3,,13000003__      ,9.74,5,1,2,1,1,1,5,1,500,FE,W,UNION AVE                          ,,,,45,,,,N,,77,14:50,120+04730
2014160214-12644               ,PASSAIC     ,CLIFTON CITY            ,11/28/2014,F ,343,1,CLIFTON PD               ,PATROL         ,0,0,0,0,P,B,N,N,1,2,NJ 3                                              ,W,3,,00000003__      ,,2,2,2,1,6,1,1,1,,,,,F,CR 601                   ,,55,,,,N,NONE                                                                            ,6022,3:45,120+07449
2014160214-12677               ,PASSAIC     ,CLIFTON CITY            ,11/28/2014,F ,1315,1,CLIFTON PD               ,,0,0,0,0,P,B,N,N,1,4,NJ 3                                              ,W,3,,00000003__      ,3.82,2,1,2,1,1,1,1,1,250,FE,E,MAIN AVE                           ,,,,55,55,,,N,,260,13:15,120+07442
2014160214-12704               ,PASSAIC     ,CLIFTON CITY            ,11/29/2014,SA,1821,1,CLIFTON PD               ,,0,2,0,0,I,B,N,N,1,2,NJ 3                                              ,W,3,,00000003__      ,2.7,2,1,2,1,6,1,1,1,300,FE,E,CR 622 / BLOOMFIELD AVE            ,,,,55,35,40.83992,74.16021,N,,260,18:20,120+07444
2013160213-11710               ,PASSAIC     ,CLIFTON CITY            ,10/20/2013,S ,1325,1,CLIFTON PD               ,,0,0,0,0,P,B,N,N,1,2,NJ 3                                              ,W,3,,00000003__      ,,2,5,2,1,1,1,1,1,,,,,F,MAIN AVE                 ,,55,,,,N,NONE                                                                            ,5010,13:25,120+07449
2.02E+17,PASSAIC     ,CLIFTON CITY            ,1/24/2016,S ,742,1,CLIFTON PD               ,,0,0,0,0,P,B,N,N,11,1,NJ 3                                              ,W,3,,00000003__      ,,2,4,2,5,1,1,5,1,,,,,F,GARDEN STATE PARKWAY     ,SB,55,,,,N,NONE                                                                            ,7131,7:40,120+07449
2014160214-12737               ,PASSAIC     ,CLIFTON CITY            ,11/30/2014,S ,2158,1,CLIFTON PD               ,PATROL         ,0,1,0,0,I,B,N,N,2,2,NJ 3                                              ,W,3,,00000003__      ,0.6,2,1,2,1,6,1,1,1,500,FE,E,CR 623 / GROVE ST                  ,,,,55,35,40.86417,74.18156,N,DAMAGE TO THE GUARD RAIL                                                        ,6019,22:00,120P07448
2015132815-17602               ,MONMOUTH    ,MARLBORO TWP            ,6/13/2015,SA,110,1,MARLBORO TWP PD          ,,2,0,0,0,F,B,Y,N,11,2,MONMOUTH COUNTY 3                                 ,W,3,,13000003__      ,4.58,5,1,2,1,5,1,5,1,1056,FE,N,DARLENE CT                         ,,,,40,25,,,N,MAILBOX OF 505 TENNENT ROAD AND TREES IN THE WOODED AREA                        ,72,1:10,120+04740
2018090918-022203              ,HUDSON      ,SECAUCUS TOWN           ,9/20/2018,TH,806,1,SECAUCUS PD              ,,0,0,0,0,P,B,N,N,2,2,NJ 3                                              ,W,3,,00000003__      ,8.6,2,,2,1,1,1,4,1,,,,,F,MEADOWLANDS PKWY         ,NB,25,,,,N,,,8:05,120+04733
2017090917-020961              ,HUDSON      ,SECAUCUS TOWN           ,12/20/2017,WE,1905,1,SECAUCUS PD              ,HEADQUARTERS   ,0,0,0,0,P,B,N,N,2,2,NJ 3                                              ,W,3,,00000003__      ,9.6,2,,2,1,6,1,1,1,,,,,,,,55,,,,N,,174,19:05,120+04731
2014160214-12768               ,PASSAIC     ,CLIFTON CITY            ,12/1/2014,M ,1729,1,CLIFTON PD               ,POST 7         ,0,0,0,0,P,B,N,N,1,2,NJ 3                                              ,W,3,,00000003__      ,,2,1,2,2,7,2,1,1,1320,FE,E,,T,MAIN AVE                 ,,55,,,,N,NONE                                                                            ,1030,17:30,120+07449
2.02E+17,PASSAIC     ,CLIFTON CITY            ,1/25/2016,M ,2139,1,CLIFTON PD               ,,0,3,0,0,I,B,N,N,1,2,NJ 3                                              ,W,3,,00000003__      ,,2,2,2,3,6,1,1,1,25,FE,W,,F,CR 601                   ,NB,55,,,,N,NONE                                                                            ,7215,21:40,120+07449
2013160213-11830               ,PASSAIC     ,CLIFTON CITY            ,10/23/2013,W ,2224,1,CLIFTON PD               ,PATROL CAR #6  ,0,0,0,0,P,B,N,N,2,2,NJ 3                                              ,W,3,,00000003__      ,,2,2,2,1,6,1,1,2,1000,FE,E,,,,,55,,,,N,,11502,22:25,120+07449
2.02E+17,PASSAIC     ,CLIFTON CITY            ,1/26/2016,TU,859,1,CLIFTON PD               ,,0,0,0,0,P,B,N,N,1,2,NJ 3                                              ,W,3,,00000003__      ,,2,1,2,1,1,5,5,1,500,FE,E,,F,RT 444                   ,NB,55,,,,N,NONE                                                                            ,7131,9:00,120+07449
2013160213-11846               ,PASSAIC     ,CLIFTON CITY            ,10/24/2013,TH,1214,1,CLIFTON PD               ,,0,0,0,0,P,B,N,N,1,2,NJ 3                                              ,W,3,,00000003__      ,4.85,2,2,2,1,1,1,1,2,200,FE,W,NJ 21                              ,,,,55,55,,,N,,260,12:15,120P04739
2014160214-12799               ,PASSAIC     ,CLIFTON CITY            ,12/2/2014,TU,1423,1,CLIFTON PD               ,CLIFTON        ,0,0,0,0,P,B,N,N,1,2,NJ 3                                              ,W,3,,00000003__      ,0.51,2,1,2,2,1,3,1,1,1320,FE,E,GROVE ST                           ,,,,50,25,,,N,NONE                                                                            ,7033,14:25,120+07449
2.02E+17,PASSAIC     ,CLIFTON CITY            ,1/26/2016,TU,901,1,CLIFTON PD               ,,0,0,0,0,P,B,N,N,1,2,NJ 3                                              ,W,3,,00000003__      ,,2,1,2,5,1,1,1,1,50,FE,E,,T,PASSAIC AVENUE           ,,50,,,,N,NONE                                                                            ,7173,9:00,120+07449
2.02E+17,PASSAIC     ,CLIFTON CITY            ,1/27/2016,W ,810,1,CLIFTON PD               ,,0,0,0,0,P,B,N,N,1,2,NJ 3                                              ,W,3,,00000003__      ,0,2,1,2,1,1,5,5,1,25,FE,E,US 46                              ,,,,55,,,,N,NONE                                                                            ,7131,8:10,120+07449
2017090917-021227              ,HUDSON      ,SECAUCUS TOWN           ,12/24/2017,SU,2239,1,SECAUCUS PD              ,HQTRS          ,0,3,0,0,I,B,N,N,11,2,NJ 3                                              ,W,3,,00000003__      ,8.6,2,,2,2,6,2,2,1,,,,,F,MEADOWLANDS PWKY         ,NB,50,,,,N,,161,22:40,120+04733
2013160213-11884               ,PASSAIC     ,CLIFTON CITY            ,10/25/2013,F ,1316,1,CLIFTON PD               ,,0,0,0,0,P,B,N,N,1,2,NJ 3                                              ,W,3,,00000003__      ,,2,2,2,1,1,1,1,1,,,,,F,CR 601                   ,WB,55,,,,N,,260,13:15,120+07449
2014160214-12824               ,PASSAIC     ,CLIFTON CITY            ,12/2/2014,TU,1732,1,CLIFTON PD               ,PATROL         ,0,0,0,0,P,B,N,N,1,2,NJ 3                                              ,W,3,,00000003__      ,1.28,2,1,2,2,3,2,1,1,300,FE,W,BROAD ST                           ,,,,55,25,,,N,NONE                                                                            ,6009,17:30,120+07447
2.02E+17,PASSAIC     ,CLIFTON CITY            ,1/28/2016,TH,751,1,CLIFTON PD               ,,0,0,0,0,P,B,N,N,1,2,NJ 3                                              ,W,3,,00000003__      ,4.8,2,2,2,1,1,1,1,1,500,FE,W,NJ 21                              ,,,,55,55,,,N,NONE                                                                            ,7118,7:50,120P04739
2018090918-022919              ,HUDSON      ,SECAUCUS TOWN           ,9/25/2018,TU,1716,1,SECAUCUS PD              ,,0,0,0,0,P,B,N,N,2,2,NJ 3                                              ,W,3,,00000003__      ,8.8,2,,2,2,1,2,4,1,,,,,,,,50,,,,N,,157,17:15,120+04733