CRASH_ID,CTY_NAME,MUN_NAME,DATE,DAY,TIME,POL_CODE,POL_DEPT,POL_STA,KILLED,INJURED,PED_KILL,PED_INJ,SEVERITY,INTERSEC,ALCOHOL,HAZMAT,CRASH_TYPE,VEH_COUNT,LOCATION,LOC_DIR,ROUTE,RT_SFX,SRI,MP,RD_SYS,RD_CHAR,RD_SURF,SURF_COND,LIGHT,WEATHER,RD_DIV,RD_WRKZN,X_DIST,DIST_UNT,X_DIR,X_NAME,IS_RAMP,RAMP_RT,RAMP_DIR,SPD_LMT,SPD_X,LAT,LONG,CELL_USE,PROP_DMG,BADGE,TIME_ROUND,TMC
2.02E+17,PASSAIC     ,CLIFTON CITY            ,1/12/2017,TH,1904,1,CLIFTON PD               ,,0,0,0,0,P,B,N,N,1,2,NJ 3                                              ,W,3,,00000003__      ,,2,,2,2,7,5,4,1,,,,,F,MAIN AVE                 ,SB,55,,40.83126,74.14112,N,,7245,19:05,120+07449
2014160214-2041                ,PASSAIC     ,CLIFTON CITY            ,2/20/2014,TH,850,1,CLIFTON PD               ,,0,1,0,0,I,I,N,N,1,2,NJ 3                                              ,W,3,,00000003__      ,0,2,5,2,1,1,1,1,1,,AT,,MAIN AVENUE                        ,,,,55,25,40.87102,74.18962,N,NONE                                                                            ,231,8:50,120+07449
2.02E+17,PASSAIC     ,CLIFTON CITY            ,1/14/2017,SA,1355,1,CLIFTON PD               ,,0,0,0,0,P,B,N,N,1,2,NJ 3                                              ,W,3,,00000003__      ,3.44,2,,2,1,1,1,1,1,100,FE,E,CR 603 / PASSAIC AVE               ,,,,35,35,40.83434,74.14782,N,,7135,13:55,120+07443
2.02E+17,PASSAIC     ,CLIFTON CITY            ,2/23/2016,TU,1602,1,CLIFTON PD               ,,0,0,0,0,P,B,N,N,1,2,NJ 3                                              ,W,3,,00000003__      ,,2,1,2,2,1,2,1,1,,,,,F,GSP PARKWAY NORTH        ,,55,,,,N,NONE                                                                            ,7166,16:00,120+07449
2013160213-12712               ,PASSAIC     ,CLIFTON CITY            ,11/15/2013,F ,721,1,CLIFTON PD               ,,0,0,0,0,P,B,N,N,2,2,NJ 3                                              ,W,3,,00000003__      ,3.91,2,1,2,1,1,2,1,1,500,FE,E,CR 601 / MAIN AVE                  ,,,,55,35,,,N,NONE                                                                            ,214,7:20,120+07442
2.02E+17,PASSAIC     ,CLIFTON CITY            ,1/14/2017,SA,1429,1,CLIFTON PD               ,,0,0,0,0,P,B,N,N,1,2,NJ 3                                              ,W,3,,00000003__      ,,2,,2,2,1,3,1,1,,,,,F,MAIN AVE                 ,NB,55,,40.83124,74.14114,N,,7157,14:30,120+07449
2.02E+17,PASSAIC     ,CLIFTON CITY            ,1/14/2017,SA,2211,1,CLIFTON PD               ,,0,0,0,0,P,B,N,N,1,2,NJ 3                                              ,W,3,,00000003__      ,3.14,2,,1,2,6,3,1,1,2640,FE,E,CR 622 / BLOOMFIELD AVE            ,,,,55,35,40.84016,74.16029,N,,7244,22:10,120+07444
2013160213-12743               ,PASSAIC     ,CLIFTON CITY            ,11/15/2013,F ,2018,1,CLIFTON PD               ,,0,0,0,0,P,B,N,N,1,2,NJ 3                                              ,W,3,,00000003__      ,,2,1,2,1,6,1,5,1,300,FE,,,T,MAIN AVE                 ,,55,,,,N,NONE                                                                            ,508,20:20,120+07449
2.02E+17,PASSAIC     ,CLIFTON CITY            ,2/24/2016,W ,1842,1,CLIFTON PD               ,,0,0,0,0,P,B,N,N,1,2,NJ 3                                              ,W,3,,00000003__      ,3.39,2,1,2,2,5,2,1,1,3960,FE,E,CR 622 / BLOOMFIELD AVE            ,,,,55,,,,N,NONE                                                                            ,7176,18:40,120+07443
20151330I-2015-008505          ,MONMOUTH    ,ABERDEEN TWP            ,6/9/2015,TU,1640,1,ABERDEEN TWP PD          ,,0,0,0,0,P,I,N,N,1,2,MONMOUTH COUNTY 3                                 ,W,3,,13000003__      ,12.61,5,1,2,1,1,1,5,1,,AT,,GARDEN STATE PARKWAY               ,,,,40,,,,N,,65,16:40,120P13767
2.02E+17,PASSAIC     ,CLIFTON CITY            ,1/16/2017,MO,1836,1,CLIFTON PD               ,,0,0,0,0,P,B,N,N,2,2,NJ 3                                              ,W,3,,00000003__      ,,2,,2,1,6,1,1,1,,,,,F,MAIN AVE                 ,NB,55,,40.83124,74.14129,N,,547,18:35,120+07449
2013160213-12778               ,PASSAIC     ,CLIFTON CITY            ,11/16/2013,SA,1655,1,CLIFTON PD               ,PATROL         ,0,0,0,0,P,I,N,N,1,3,NJ 3                                              ,W,3,,00000003__      ,1.26,2,1,2,1,6,1,1,1,,AT,W,ROUTE 509 / BROAD ST               ,,,,55,35,,,N,NONE                                                                            ,6019,16:55,120P07447
2.02E+17,PASSAIC     ,CLIFTON CITY            ,1/17/2017,TU,921,1,CLIFTON PD               ,,0,0,0,0,P,B,N,N,11,1,NJ 3                                              ,W,3,,00000003__      ,3.82,2,,2,2,1,2,5,1,5,FE,W,CR 601 / MAIN AVE                  ,,,,55,25,40.83133,74.1408,N,,7167,9:20,120+07442
2013160213-12788               ,PASSAIC     ,CLIFTON CITY            ,11/17/2013,S ,258,1,CLIFTON PD               ,CLIFTON        ,0,0,0,0,P,B,N,N,2,2,NJ 3                                              ,W,3,,00000003__      ,,2,2,2,1,6,1,1,1,50,FE,E,,F,RT 21                    ,NB,55,,,,N,NONE                                                                            ,12513,3:00,120+07449
2014160214-2113                ,PASSAIC     ,CLIFTON CITY            ,2/21/2014,F ,1910,1,CLIFTON PD               ,?              ,0,0,0,0,P,B,N,N,2,2,NJ 3                                              ,W,3,,00000003__      ,,2,1,2,2,6,1,4,1,,,,,T,GROVE ST.                ,NB,50,,,,N,NONE                                                                            ,519,19:10,120+07449
2.02E+17,PASSAIC     ,CLIFTON CITY            ,2/26/2016,F ,1910,1,CLIFTON PD               ,,0,0,0,0,P,B,N,N,1,2,NJ 3                                              ,W,3,,00000003__      ,,2,2,2,1,6,1,1,1,,,,,F,PASSAIC AVE              ,WB,55,,,,N,NONE                                                                            ,7124,19:10,120+07449
2.02E+17,PASSAIC     ,CLIFTON CITY            ,1/17/2017,TU,934,1,CLIFTON PD               ,,0,0,0,0,P,B,N,N,15,1,NJ 3                                              ,W,3,,00000003__      ,,2,,2,2,,2,5,2,,,,,T,VALLEY ROAD              ,NB,55,,40.87074,74.18805,N,,541,9:35,120+07449
2014160214-2287                ,PASSAIC     ,CLIFTON CITY            ,2/25/2014,TU,1801,1,CLIFTON PD               ,,0,0,0,0,P,B,N,N,1,2,NJ 3                                              ,W,3,,00000003__      ,0,2,1,2,1,6,1,4,1,1000,FE,E,PARKWAY NORTH                      ,,,,50,,40.87102,74.18962,N,NONE                                                                            ,519,18:00,120+07449
2.02E+17,PASSAIC     ,CLIFTON CITY            ,2/26/2016,F ,1922,1,CLIFTON PD               ,,0,0,0,0,P,B,N,N,1,2,NJ 3                                              ,W,3,,00000003__      ,3.93,2,1,2,1,6,1,1,1,600,FE,E,CR 601 / MAIN AVE                  ,,,,55,35,,,N,NONE                                                                            ,7124,19:20,120+07442
2013160213-12789               ,PASSAIC     ,CLIFTON CITY            ,11/17/2013,S ,544,1,CLIFTON PD               ,CLIFTON        ,0,0,0,0,P,B,N,N,2,2,NJ 3                                              ,W,3,,00000003__      ,,2,2,2,1,6,1,1,1,1,FE,W,,F,21,SB,55,,,,N,NONE                                                                            ,17514,5:45,120+07449
2.02E+17,PASSAIC     ,CLIFTON CITY            ,1/17/2017,TU,1824,1,CLIFTON PD               ,,0,0,0,0,P,B,N,N,1,2,NJ 3                                              ,W,3,,00000003__      ,,2,,2,2,6,2,1,1,1000,FE,E,,T,MAIN AVE                 ,NB,55,,40.82286,74.12482,N,,545,18:25,120+07449
2014160214-2288                ,PASSAIC     ,CLIFTON CITY            ,2/25/2014,TU,1814,1,CLIFTON PD               ,PATROL         ,0,1,0,0,I,B,N,N,1,2,NJ 3                                              ,W,3,,00000003__      ,2.89,2,2,2,1,6,1,1,1,1320,FE,E,CR 622 / BLOOMFIELD AVE            ,,,,55,35,40.83846,74.15715,N,NONE                                                                            ,6019,18:15,120+07444
2018090918-028952              ,HUDSON      ,SECAUCUS TOWN           ,11/15/2018,TH,1701,1,SECAUCUS PD              ,,0,0,0,0,P,B,N,N,2,2,NJ 3                                              ,W,3,,00000003__      ,9.02,2,,2,3,6,3,2,1,20,FE,W,,,,,55,,,,N,,179,17:00,120+04732
2013160213-12796               ,PASSAIC     ,CLIFTON CITY            ,11/17/2013,S ,1300,1,CLIFTON PD               ,,0,0,0,0,P,B,N,N,11,1,NJ 3                                              ,W,3,,00000003__      ,0.51,2,1,2,2,1,5,1,1,,FE,E,GROVE ST                           ,,,,55,35,,,N,NONE                                                                            ,6014,13:00,120+07449
2.02E+17,PASSAIC     ,CLIFTON CITY            ,1/18/2017,WE,1637,1,CLIFTON PD               ,,0,1,0,0,I,B,N,N,11,1,NJ 3                                              ,W,3,,00000003__      ,,2,,2,1,1,1,4,1,,,,,T,RT 46                    ,WB,50,,40.87205,74.18952,N,DAMAGE TO TREE AT 1234 ROUTE 46 WEST ANE POLE#64806 C                           ,7206,16:35,120+07449
2.02E+17,PASSAIC     ,CLIFTON CITY            ,1/18/2017,WE,1732,1,CLIFTON PD               ,,0,0,0,0,P,B,N,N,1,3,NJ 3                                              ,W,3,,00000003__      ,1.78,2,,2,1,6,1,1,1,10,FE,N,HEPBURN RD                         ,,,,55,,40.85006,74.17319,N,,,17:30,120+07445
2014160214-2315                ,PASSAIC     ,CLIFTON CITY            ,2/26/2014,W ,1225,1,CLIFTON PD               ,,0,0,0,0,P,B,N,N,15,1,NJ 3                                              ,W,3,,00000003__      ,3.8,2,1,2,1,1,1,1,1,100,FE,W,CR 601 / MAIN AVE                  ,,,,55,35,40.83151,74.14237,N,NONE                                                                            ,274,12:25,120+07442
2018090918-028995              ,HUDSON      ,SECAUCUS TOWN           ,11/15/2018,TH,2055,1,SECAUCUS PD              ,,0,0,0,0,P,B,N,N,2,2,NJ 3                                              ,W,3,,00000003__      ,9.01,2,,2,3,6,3,1,5,,,,,,,,55,,,,N,,179,20:55,120+04732
2013160213-12797               ,PASSAIC     ,CLIFTON CITY            ,11/17/2013,S ,1314,1,CLIFTON PD               ,,0,0,0,0,P,B,N,N,1,2,NJ 3                                              ,W,3,,00000003__      ,,2,2,2,1,1,5,1,1,,,,,F,MAIN AVE                 ,WB,55,,,,N,,260,13:15,120+07449
2.02E+17,PASSAIC     ,CLIFTON CITY            ,2/29/2016,M ,1733,1,CLIFTON PD               ,,0,0,0,0,P,B,N,N,1,2,NJ 3                                              ,W,3,,00000003__      ,0.5,2,1,2,1,3,1,1,1,2640,FE,E,US 46                              ,,,,55,55,,,N,NONE                                                                            ,7205,17:35,120+07449
2.02E+17,PASSAIC     ,CLIFTON CITY            ,1/18/2017,WE,1858,1,CLIFTON PD               ,,0,0,0,0,P,B,N,N,2,2,NJ 3                                              ,W,3,,00000003__      ,3.14,2,,2,1,6,1,1,1,,,E,CR 622 / BLOOMFIELD AVE            ,,,,55,25,40.83576,74.15107,N,,546,19:00,120+07444
2014160214-2335                ,PASSAIC     ,CLIFTON CITY            ,2/26/2014,W ,1816,1,CLIFTON PD               ,PATROL         ,0,0,0,0,P,B,N,N,1,2,NJ 3                                              ,W,3,,00000003__      ,0,2,1,2,1,6,1,1,1,200,FE,E,VALLEY RD                          ,,,,55,40,,,N,NONE                                                                            ,6019,18:15,120+07449
2014160214-2353                ,PASSAIC     ,CLIFTON CITY            ,2/22/2014,SA,825,1,CLIFTON PD               ,,0,0,0,0,P,I,N,N,1,2,NJ 3                                              ,W,3,,00000003__      ,0,2,2,2,1,1,1,1,1,,AT,,PACIFIC AVE                        ,,,,55,,40.87102,74.18962,N,NONE                                                                            ,231,8:25,120+07449
2.02E+17,PASSAIC     ,CLIFTON CITY            ,1/18/2017,WE,1942,1,CLIFTON PD               ,,0,2,0,0,I,B,N,N,1,2,NJ 3                                              ,W,3,,00000003__      ,3.87,2,,2,1,6,1,1,1,250,FE,E,CR 601 / MAIN AVE                  ,,,,55,35,40.83069,74.14006,N,,7153,19:40,120+07442
2013160213-12825               ,PASSAIC     ,CLIFTON CITY            ,11/18/2013,M ,949,1,CLIFTON PD               ,,0,0,0,0,P,B,N,N,1,2,NJ 3                                              ,W,3,,00000003__      ,4.87,2,2,2,1,1,0,1,2,100,FE,W,NJ 21                              ,,,,55,55,,,N,,260,9:50,120P04739
2.02E+17,PASSAIC     ,CLIFTON CITY            ,3/1/2016,TU,1707,1,CLIFTON PD               ,,0,0,0,0,P,B,N,N,1,2,NJ 3                                              ,W,3,,00000003__      ,,2,1,2,1,1,1,2,1,500,FE,E,,T,RT 46 W                  ,WB,50,,,,N,NONE                                                                            ,7225,17:05,120+07449
20151330I-2015-011558          ,MONMOUTH    ,ABERDEEN TWP            ,8/14/2015,F ,1141,1,ABERDEEN TWP PD          ,,0,0,0,0,P,B,N,N,99,2,MONMOUTH COUNTY 3                                 ,W,3,,13000003__      ,12.19,5,5,2,1,1,1,5,1,150,FE,W,NORTHLAND LN                       ,,,,35,25,,,N,NONE                                                                            ,50,11:40,120P13767
2014160214-2392                ,PASSAIC     ,CLIFTON CITY            ,2/28/2014,F ,809,1,CLIFTON PD               ,,0,0,0,0,P,B,N,N,1,2,NJ 3                                              ,W,3,,00000003__      ,,2,2,2,1,0,1,5,1,,,,,F,MAIN AVE                 ,WB,55,,,,N,,260,8:10,120+07449
2.02E+17,PASSAIC     ,CLIFTON CITY            ,1/18/2017,WE,1945,1,CLIFTON PD               ,,0,0,0,0,P,B,N,N,1,2,NJ 3                                              ,W,3,,00000003__      ,,2,,2,1,6,1,1,1,,,,,F,CR 601                   ,WB,55,,40.83124,74.14109,N,,7206,19:45,120+07449
2.02E+17,PASSAIC     ,CLIFTON CITY            ,3/3/2016,TH,1636,1,CLIFTON PD               ,,0,0,0,0,P,I,N,N,1,2,NJ 3                                              ,W,3,,00000003__      ,0.3,2,1,2,1,1,1,1,1,,AT,,DONNALIN PL                        ,,,,40,25,,,N,NONE                                                                            ,7213,16:35,120+07449
2.02E+17,PASSAIC     ,CLIFTON CITY            ,1/19/2017,TH,1312,1,CLIFTON PD               ,,0,1,0,0,I,B,N,N,1,2,NJ 3                                              ,W,3,,00000003__      ,,2,,2,1,1,5,5,1,,,,,F,MAIN AVE                 ,WB,55,,40.83133,74.1408,N,,7167,13:10,120+07449
2.02E+17,PASSAIC     ,CLIFTON CITY            ,3/4/2016,F ,850,1,CLIFTON PD               ,,0,0,0,0,P,B,N,N,1,2,NJ 3                                              ,W,3,,00000003__      ,1.32,2,1,2,2,1,2,5,1,300,FE,E,ROUTE 509 / BROAD ST               ,,,,55,35,,,N,NONE                                                                            ,7118,8:50,120P07446
20151330I-2015-011574          ,MONMOUTH    ,ABERDEEN TWP            ,8/14/2015,F ,1828,1,ABERDEEN TWP PD          ,,0,0,0,0,P,I,N,N,1,2,MONMOUTH COUNTY 3                                 ,W,3,,13000003__      ,12.61,5,2,2,1,1,1,4,1,,AT,,,F,GARDEN STATE PARKWAY     ,SB,40,,,,N,NONE                                                                            ,75,18:30,120P13767
2013160213-12906               ,PASSAIC     ,CLIFTON CITY            ,11/20/2013,W ,954,1,CLIFTON PD               ,,0,0,0,0,P,B,N,N,2,2,NJ 3                                              ,W,3,,00000003__      ,,2,5,2,1,1,1,1,1,,,,,F,PASSAIC AVE              ,,55,,,,N,NONE                                                                            ,5006,9:55,120+07449
2.02E+17,PASSAIC     ,CLIFTON CITY            ,1/20/2017,FR,1518,1,CLIFTON PD               ,,0,0,0,0,P,B,N,N,1,2,NJ 3                                              ,W,3,,00000003__      ,0.02,2,,2,2,1,2,3,1,100,FE,E,US 46                              ,,,,55,55,40.86955,74.18604,N,,7246,15:20,120+07449
2.02E+17,PASSAIC     ,CLIFTON CITY            ,3/4/2016,F ,1614,1,CLIFTON PD               ,,0,0,0,0,P,B,N,N,1,2,NJ 3                                              ,W,3,,00000003__      ,3.84,2,1,2,1,1,1,1,1,100,FE,E,CR 601 / MAIN AVE                  ,,,,55,25,,,N,NONE                                                                            ,7166,16:15,120+07442
20151330I-2015-011683          ,MONMOUTH    ,ABERDEEN TWP            ,8/16/2015,S ,1950,1,ABERDEEN TWP PD          ,,0,1,0,0,I,B,N,N,99,1,MONMOUTH COUNTY 3                                 ,W,3,,13000003__      ,10.68,5,2,2,1,3,1,4,1,130,FE,E,OXFORD LN                          ,,,,35,25,,,N,NONE                                                                            ,75,19:50,120P13767
2013160213-12934               ,PASSAIC     ,CLIFTON CITY            ,11/20/2013,W ,1851,1,CLIFTON PD               ,POST 7         ,0,1,0,0,I,I,N,N,1,2,NJ 3                                              ,W,3,,00000003__      ,,2,2,2,1,5,1,1,1,,AT,,,F,PASSAIC AVE              ,,55,,,,N,NONE                                                                            ,7030,18:50,120+07449
2014160214-2455                ,PASSAIC     ,CLIFTON CITY            ,3/1/2014,SA,1313,1,CLIFTON PD               ,CLIFTON        ,0,0,0,0,P,I,N,N,1,2,NJ 3                                              ,W,3,,00000003__      ,,2,6,2,1,1,1,1,1,,AT,,,F,CR 603                   ,WB,50,,,,N,,187,13:15,120+07449
2.02E+17,PASSAIC     ,CLIFTON CITY            ,1/20/2017,FR,1625,1,CLIFTON PD               ,,0,0,0,0,P,B,N,N,1,2,NJ 3                                              ,W,3,,00000003__      ,3.43,2,,2,2,1,2,1,1,50,FE,E,CR 603 / PASSAIC AVE               ,,,,55,35,40.83448,74.14752,N,,7246,16:25,120+07443
2.02E+17,PASSAIC     ,CLIFTON CITY            ,3/4/2016,F ,1856,1,CLIFTON PD               ,,0,3,0,0,I,B,N,N,1,3,NJ 3                                              ,W,3,,00000003__      ,4.57,2,1,2,1,6,1,1,1,3960,FE,E,CR 601 / MAIN AVE                  ,,,,55,,,,N,NONE                                                                            ,7176,18:55,120+04740
20151330I-2015-011730          ,MONMOUTH    ,ABERDEEN TWP            ,8/18/2015,TU,534,1,ABERDEEN TWP PD          ,,0,0,0,0,P,B,N,N,11,1,MONMOUTH COUNTY 3                                 ,W,3,,13000003__      ,12.13,5,4,2,1,1,1,2,1,150,FE,N,NORWOOD LN                         ,,,,40,25,,,N,,81,5:35,120P13767
2.02E+17,PASSAIC     ,CLIFTON CITY            ,3/4/2016,F ,1908,1,CLIFTON PD               ,,0,0,0,0,P,B,N,N,,3,NJ 3                                              ,W,3,,00000003__      ,2.66,2,1,2,1,1,1,1,1,100,FE,E,CR 622 / BLOOMFIELD AVE            ,,,,55,25,,,N,NONE                                                                            ,7166,19:10,120+07444
2.02E+17,PASSAIC     ,CLIFTON CITY            ,1/20/2017,FR,1729,1,CLIFTON PD               ,,0,0,0,0,P,B,N,N,1,2,NJ 3                                              ,W,3,,00000003__      ,3.83,2,,2,2,7,2,1,1,50,FE,E,CR 601 / MAIN AVE                  ,,,,55,35,40.83083,74.14038,N,,7246,17:30,120+07442
2014160214-249                 ,PASSAIC     ,CLIFTON CITY            ,1/8/2014,W ,1107,1,CLIFTON PD               ,,0,0,0,0,P,B,N,N,1,2,NJ 3                                              ,W,3,,00000003__      ,,2,2,2,1,1,1,1,1,,,,,F,MAIN AVE                 ,WB,35,,,,N,,260,11:05,120+07449
2013160213-13050               ,PASSAIC     ,CLIFTON CITY            ,11/23/2013,SA,1325,1,CLIFTON PD               ,CLIFTON        ,0,1,0,0,I,I,N,N,1,2,NJ 3                                              ,W,3,,00000003__      ,3.82,2,1,2,1,1,1,5,1,,AT,E,CR 601 / MAIN AVE                  ,,,,55,,,,N,,269,13:25,120+07442
20151330I-2015-012301          ,MONMOUTH    ,ABERDEEN TWP            ,8/30/2015,S ,1157,1,ABERDEEN TWP PD          ,,0,0,0,0,P,B,N,N,1,2,MONMOUTH COUNTY 3                                 ,W,3,,13000003__      ,12.33,5,5,2,1,1,1,5,1,80,FE,W,LINE RD / NUTMEG RD                ,,,,40,25,,,N,NONE                                                                            ,58,11:55,120P13767
2.02E+17,PASSAIC     ,CLIFTON CITY            ,3/5/2016,SA,1113,1,CLIFTON PD               ,,0,1,0,0,I,B,N,N,1,2,NJ 3                                              ,W,3,,00000003__      ,,2,2,2,1,1,1,1,1,,,,,F,MAIN AVE                 ,WB,55,,,,N,NONE                                                                            ,7118,11:15,120+07449
2014160214-2499                ,PASSAIC     ,CLIFTON CITY            ,3/3/2014,M ,259,1,CLIFTON PD               ,,1,0,1,0,F,B,N,N,13,1,NJ 3                                              ,W,3,,00000003__      ,2.89,2,2,2,1,6,1,1,1,1320,FE,E,CR 622 / BLOOMFIELD AVE            ,,,,55,35,40.83846,74.15715,N,NONE.                                                                           ,7027,3:00,120+07444
20151330I-2015-013070          ,MONMOUTH    ,ABERDEEN TWP            ,9/13/2015,S ,2006,1,ABERDEEN TWP PD          ,,0,0,0,0,P,I,N,N,2,2,MONMOUTH COUNTY 3                                 ,W,3,,13000003__      ,10.73,5,2,2,1,6,1,5,1,,AT,E,NJ 34                              ,,,,35,40,,,N,,78,20:05,120P13767
2013160213-13063               ,PASSAIC     ,CLIFTON CITY            ,11/23/2013,SA,1752,1,CLIFTON PD               ,POST 7         ,0,2,0,0,I,B,N,N,1,2,NJ 3                                              ,W,3,,00000003__      ,,2,1,2,1,6,1,1,2,,FE,E,,T,MAIN AVE                 ,,35,,,,N,NONE                                                                            ,7030,17:50,120+07449
2.02E+17,PASSAIC     ,CLIFTON CITY            ,3/5/2016,SA,1330,1,CLIFTON PD               ,,0,0,0,0,P,B,N,N,11,1,NJ 3                                              ,W,3,,00000003__      ,0.6,2,1,2,1,1,1,5,1,500,FE,E,CR 623 / GROVE ST                  ,,,,55,,,,N,NONE                                                                            ,7131,13:30,120P07448
2.02E+17,PASSAIC     ,CLIFTON CITY            ,1/23/2017,MO,841,1,CLIFTON PD               ,,0,0,0,0,P,B,N,N,3,2,NJ 3                                              ,W,3,,00000003__      ,,2,,2,1,1,1,4,1,10,FE,E,,T,GROVE ST                 ,WB,55,,40.86568,74.18174,N,,541,8:40,120+07449
2.02E+17,PASSAIC     ,CLIFTON CITY            ,1/23/2017,MO,847,1,CLIFTON PD               ,,0,1,0,0,I,B,N,N,1,2,NJ 3                                              ,W,3,,00000003__      ,0.52,2,,2,1,1,1,1,1,50,FE,E,CR 623 / GROVE ST                  ,,,,55,25,40.86529,74.18197,N,,7079,8:45,120+07449
2013160213-13087               ,PASSAIC     ,CLIFTON CITY            ,11/24/2013,S ,1357,1,CLIFTON PD               ,,0,2,0,0,I,I,N,N,2,2,NJ 3                                              ,W,3,,00000003__      ,3.82,2,1,2,1,1,1,1,2,,AT,E,CR 601 / MAIN AVE                  ,,,,55,35,,,N,,260,13:55,120+07442
2.02E+17,PASSAIC     ,CLIFTON CITY            ,3/9/2016,W ,843,1,CLIFTON PD               ,,0,0,0,0,P,B,N,N,1,2,NJ 3                                              ,W,3,,00000003__      ,1.44,2,1,2,1,1,1,1,1,100,FE,E,GARDEN STATE PKWY SOUTH EXT        ,,,,55,30,,,N,NONE                                                                            ,7130,8:45,120P07446
2.02E+17,PASSAIC     ,CLIFTON CITY            ,1/23/2017,MO,1627,1,CLIFTON PD               ,,0,0,0,0,P,B,N,N,1,2,NJ 3                                              ,W,3,,00000003__      ,1.11,2,,2,2,1,1,1,1,800,FE,W,ROUTE 509 / BROAD ST               ,,,,55,35,40.85687,74.17883,N,,7105,16:25,120+07448
2013160213-13113               ,PASSAIC     ,CLIFTON CITY            ,11/25/2013,M ,746,1,CLIFTON PD               ,CLIFTON        ,0,0,0,0,P,I,N,N,1,2,NJ 3                                              ,W,3,,00000003__      ,1.26,2,1,2,1,1,1,1,1,,AT,W,ROUTE 509 / BROAD ST               ,,,,50,25,,,N,NONE                                                                            ,7033,7:45,120P07447
2.02E+17,PASSAIC     ,CLIFTON CITY            ,3/9/2016,W ,1852,1,CLIFTON PD               ,,0,0,0,0,P,B,N,N,1,3,NJ 3                                              ,W,3,,00000003__      ,2.64,2,2,2,1,5,1,1,1,500,MI,E,CR 622 / BLOOMFIELD AVE            ,,,,55,35,,,N,NONE                                                                            ,7176,18:50,120+07444
2013160213-13115               ,PASSAIC     ,CLIFTON CITY            ,11/25/2013,M ,842,1,CLIFTON PD               ,CLIFTON        ,0,0,0,0,P,I,N,N,1,2,NJ 3                                              ,W,3,,00000003__      ,0.51,2,1,2,1,1,1,1,1,,AT,W,CR 623 / GROVE ST                  ,,,,55,25,,,N,NONE                                                                            ,7033,8:40,120+07449
2.02E+17,PASSAIC     ,CLIFTON CITY            ,3/10/2016,TH,1421,1,CLIFTON PD               ,,0,0,0,0,P,B,N,N,2,2,NJ 3                                              ,W,3,,00000003__      ,,2,1,2,1,1,1,1,1,10,FE,W,,F,BROAD ST                 ,,50,,,,N,NONE                                                                            ,7167,14:20,120+07449
2.02E+17,PASSAIC     ,CLIFTON CITY            ,1/23/2017,MO,2123,1,CLIFTON PD               ,,0,0,0,0,P,B,N,N,1,2,NJ 3                                              ,W,3,,00000003__      ,,2,,2,2,6,2,5,1,,,,,F,PASSAIC AVE              ,,55,,40.83448,74.14752,N,,7201,21:25,120+07449
2014160214-2645                ,PASSAIC     ,CLIFTON CITY            ,3/6/2014,TH,1632,1,CLIFTON PD               ,PATROL         ,0,1,0,0,I,B,N,N,1,2,NJ 3                                              ,W,3,,00000003__      ,0.6,2,1,2,1,1,1,1,1,500,FE,E,CR 623 / GROVE ST                  ,,,,55,35,40.86417,74.18156,N,NONE                                                                            ,6019,16:30,120P07448
2013160213-13121               ,PASSAIC     ,CLIFTON CITY            ,11/25/2013,M ,1209,1,CLIFTON PD               ,,0,0,0,0,P,I,N,N,1,2,NJ 3                                              ,W,3,,00000003__      ,3.82,2,1,2,1,1,1,1,2,,AT,E,CR 601 / MAIN AVE                  ,,,,55,35,,,N,,260,12:10,120+07442
2018090918-030564              ,HUDSON      ,SECAUCUS TOWN           ,11/27/2018,TU,1801,1,SECAUCUS PD              ,,0,0,0,0,P,B,N,N,2,2,NJ 3                                              ,W,3,,00000003__      ,8.6,2,,1,1,6,1,5,1,20,FE,W,MEADOWLANDS PKWY                   ,,,,55,25,,,N,,179,18:00,120+04733
2.02E+17,PASSAIC     ,CLIFTON CITY            ,1/25/2017,WE,1229,1,CLIFTON PD               ,,0,1,0,0,I,B,N,N,1,3,NJ 3                                              ,W,3,,00000003__      ,0.45,2,,2,1,1,1,5,1,300,FE,W,CR 623 / GROVE ST                  ,,,,50,35,,,N,,,12:30,120+07449
2013160213-13146               ,PASSAIC     ,CLIFTON CITY            ,11/26/2013,TU,2,1,CLIFTON PD               ,PATROL         ,0,0,0,0,P,B,N,N,1,2,NJ 3                                              ,W,3,,00000003__      ,,2,5,2,1,6,1,2,1,,,,,F,MAIN AVE                 ,WB,55,,,,N,,3020,2:00,120+07449