CRASH_ID,CTY_NAME,MUN_NAME,DATE,DAY,TIME,POL_CODE,POL_DEPT,POL_STA,KILLED,INJURED,PED_KILL,PED_INJ,SEVERITY,INTERSEC,ALCOHOL,HAZMAT,CRASH_TYPE,VEH_COUNT,LOCATION,LOC_DIR,ROUTE,RT_SFX,SRI,MP,RD_SYS,RD_CHAR,RD_SURF,SURF_COND,LIGHT,WEATHER,RD_DIV,RD_WRKZN,X_DIST,DIST_UNT,X_DIR,X_NAME,IS_RAMP,RAMP_RT,RAMP_DIR,SPD_LMT,SPD_X,LAT,LONG,CELL_USE,PROP_DMG,BADGE,TIME_ROUND,TMC
2.02E+17,PASSAIC     ,CLIFTON CITY            ,1/25/2017,WE,1912,1,CLIFTON PD               ,,0,1,0,0,I,B,N,N,10,1,NJ 3                                              ,W,3,,00000003__      ,0.51,2,,2,1,6,1,1,1,20,FE,E,CR 623 / GROVE ST                  ,,,,55,25,40.86955,74.18604,N,,7224,19:10,120+07449
2013160213-13167               ,PASSAIC     ,CLIFTON CITY            ,11/26/2013,TU,1556,1,CLIFTON PD               ,CLIFTON        ,0,0,0,0,P,I,N,N,2,2,NJ 3                                              ,W,3,,00000003__      ,3.42,2,1,2,2,3,2,1,1,,AT,W,CR 603 / PASSAIC AVE               ,,,,55,25,,,N,,258,15:55,120+07443
2014160214-2840                ,PASSAIC     ,CLIFTON CITY            ,3/12/2014,W ,510,1,CLIFTON PD               ,CLIFTON P.D    ,0,1,0,0,I,B,N,N,11,1,NJ 3                                              ,W,3,,00000003__      ,0.55,2,1,1,1,6,1,1,1,200,FE,E,CR 623 / GROVE ST                  ,,,,50,35,40.8648,74.18191,N,UTILITY POLE 69732C                                                             ,284,5:10,120+07449
2013160213-13173               ,PASSAIC     ,CLIFTON CITY            ,11/26/2013,TU,1042,1,CLIFTON PD               ,,0,0,0,0,P,I,N,N,1,2,NJ 3                                              ,W,3,,00000003__      ,,2,1,2,2,6,2,1,1,,AT,,,,,,55,,,,N,,510,10:40,120+07449
2.02E+17,PASSAIC     ,CLIFTON CITY            ,1/26/2017,TH,1342,1,CLIFTON PD               ,,0,0,0,0,P,B,N,N,1,2,NJ 3                                              ,W,3,,00000003__      ,,2,,2,1,1,1,5,1,,,,,F,MAIN AVE                 ,WB,55,,40.83124,74.14109,N,,7167,13:40,120+07449
2.02E+17,PASSAIC     ,CLIFTON CITY            ,3/16/2016,W ,1510,1,CLIFTON PD               ,,0,3,0,0,I,B,N,N,1,2,NJ 3                                              ,W,3,,00000003__      ,,2,1,2,1,1,1,1,1,500,FE,E,,T,MAIN AVE                 ,NB,55,,,,N,NONE                                                                            ,7215,15:10,120+07449
2.02E+17,PASSAIC     ,CLIFTON CITY            ,1/27/2017,FR,1017,1,CLIFTON PD               ,,0,0,0,0,P,B,N,N,1,2,NJ 3                                              ,W,3,,00000003__      ,,2,,2,1,1,1,5,1,,,,,F,PASSALE AVE?             ,,55,,40.83448,74.14752,N,,7118,10:15,120+07449
2.02E+17,PASSAIC     ,CLIFTON CITY            ,1/29/2017,SU,330,1,CLIFTON PD               ,,0,3,0,0,I,B,N,N,11,1,NJ 3                                              ,W,3,,00000003__      ,,2,,2,1,7,1,2,1,50,FE,,,T,CR 601                   ,NB,55,,40.83181,74.14107,N,,7208,3:30,120+07449
2.02E+17,PASSAIC     ,CLIFTON CITY            ,1/30/2017,MO,916,1,CLIFTON PD               ,,0,0,0,0,P,B,N,N,1,2,NJ 3                                              ,W,3,,00000003__      ,0.52,2,,2,1,1,1,1,1,75,FE,E,CR 623 / GROVE ST                  ,,,,55,,40.86473,74.18158,N,,7079,9:15,120+07449
2014160214-2885                ,PASSAIC     ,CLIFTON CITY            ,3/13/2014,TH,441,1,CLIFTON PD               ,CLIFTON P.D    ,0,0,0,0,P,B,N,N,1,2,NJ 3                                              ,W,3,,00000003__      ,0.65,2,1,2,1,6,1,1,1,750,FE,E,CR 623 / GROVE ST                  ,,,,50,35,40.8635,74.18126,N,NONE                                                                            ,854,4:40,120P07448
2013160213-13195               ,PASSAIC     ,CLIFTON CITY            ,11/27/2013,W ,551,1,CLIFTON PD               ,PATROL         ,0,0,0,0,P,B,N,N,11,1,NJ 3                                              ,W,3,,00000003__      ,,2,1,2,2,6,2,1,1,500,FE,E,,T,BLOOMFIELD AVE           ,,50,,,,N,BASE OF SIGN FOR BLOOMFIELD AVE                                                 ,3020,5:50,120+07449
2.02E+17,PASSAIC     ,CLIFTON CITY            ,3/19/2016,SA,1500,1,CLIFTON PD               ,,0,0,0,0,P,I,N,N,1,3,NJ 3                                              ,W,3,,00000003__      ,,2,5,2,1,1,1,1,1,,AT,,,,CR 603                   ,,55,,,,N,NONE                                                                            ,7176,15:00,120+07449
2015160215-000787              ,PASSAIC     ,CLIFTON CITY            ,1/7/2015,W ,818,1,CLIFTON PD               ,,0,1,0,0,I,B,N,N,1,2,NJ 3                                              ,W,3,,00000003__      ,,2,5,2,1,1,1,1,1,,,,,F,PASSAIC AVE              ,,55,,,,N,NONE                                                                            ,5006,8:20,120+07449
2.02E+17,PASSAIC     ,CLIFTON CITY            ,3/20/2016,S ,1648,1,CLIFTON PD               ,,0,0,0,0,P,I,N,N,1,2,NJ 3                                              ,W,3,,00000003__      ,,2,5,2,1,1,1,1,1,,AT,,,F,CR 601                   ,WB,55,,,,N,NONE                                                                            ,7105,16:50,120+07449
2.02E+17,PASSAIC     ,CLIFTON CITY            ,1/30/2017,MO,1946,1,CLIFTON PD               ,,0,0,0,0,P,B,N,N,1,2,NJ 3                                              ,W,3,,00000003__      ,,2,,2,1,6,1,2,1,,,,,F,MAIN AVE                 ,NB,50,,40.83133,74.1408,N,,7187,19:45,120+07449
2.02E+17,PASSAIC     ,CLIFTON CITY            ,3/20/2016,S ,1721,1,CLIFTON PD               ,,0,2,0,0,I,B,N,N,1,2,NJ 3                                              ,W,3,,00000003__      ,3.88,2,1,2,1,1,1,1,1,300,FE,E,CR 601 / MAIN AVE                  ,,,,55,30,,,N,NONE                                                                            ,7176,17:20,120+07442
2014160214-2890                ,PASSAIC     ,CLIFTON CITY            ,3/13/2014,TH,727,1,CLIFTON PD               ,,0,0,0,0,P,B,N,N,6,2,NJ 3                                              ,W,3,,00000003__      ,,2,1,2,1,1,1,5,1,,,,,,,,55,,,,N,NONE                                                                            ,274,7:25,120+07449
2013160213-13228               ,PASSAIC     ,CLIFTON CITY            ,11/27/2013,W ,1918,1,CLIFTON PD               ,PATROL         ,0,1,0,0,I,B,N,N,1,2,NJ 3                                              ,W,3,,00000003__      ,,2,5,2,2,6,2,2,1,120,FE,W,,T,CR 601                   ,WB,20,,,,N,NONE                                                                            ,6019,19:20,120+07449
2015160215-00415               ,PASSAIC     ,CLIFTON CITY            ,1/4/2015,S ,939,1,CLIFTON PD               ,POST 5         ,0,1,0,0,I,B,N,N,4,2,NJ 3                                              ,W,3,,00000003__      ,,2,5,2,2,1,5,2,1,,,,,,GROVE STREET             ,,55,,,,N,NONE                                                                            ,268,9:40,120+07449
2.02E+17,PASSAIC     ,CLIFTON CITY            ,1/31/2017,TU,1845,1,CLIFTON PD               ,,0,0,0,0,P,B,N,N,3,2,NJ 3                                              ,W,3,,00000003__      ,,2,,2,2,6,5,2,1,,,,,F,MAIN AVE                 ,SB,55,,40.83127,74.1412,N,,545,18:45,120+07449
2.02E+17,PASSAIC     ,CLIFTON CITY            ,2/1/2017,WE,1605,1,CLIFTON PD               ,,0,0,0,0,P,B,N,N,1,2,NJ 3                                              ,W,3,,00000003__      ,0.6,2,,2,1,1,1,1,1,500,FE,E,CR 623 / GROVE ST                  ,,,,55,25,40.86565,74.18162,N,,7209,16:05,120P07448
2015160215-005785              ,PASSAIC     ,CLIFTON CITY            ,2/7/2015,SA,1417,1,CLIFTON PD               ,CLIFTON        ,0,0,0,0,P,I,N,N,1,2,NJ 3                                              ,W,3,,00000003__      ,,2,6,2,1,1,5,1,1,,AT,,,T,PASSAIC AVE/RT3          ,WB,50,,,,N,,187,14:15,120+07449
2.02E+17,PASSAIC     ,CLIFTON CITY            ,3/22/2016,TU,942,1,CLIFTON PD               ,,0,1,0,0,I,B,N,N,1,2,NJ 3                                              ,W,3,,00000003__      ,,2,1,2,1,1,1,1,1,200,FE,,,T,CR 623                   ,NB,55,,,,N,NONE                                                                            ,7107,9:40,120+07449
2.02E+17,PASSAIC     ,CLIFTON CITY            ,2/1/2017,WE,1741,1,CLIFTON PD               ,,0,0,0,0,P,B,N,N,1,2,NJ 3                                              ,W,3,,00000003__      ,1.44,2,,2,1,4,5,1,1,2640,FE,E,GARDEN STATE PARKWAY               ,,,,55,55,40.85098,74.17362,N,,7153,17:40,120P07446
2.02E+17,PASSAIC     ,CLIFTON CITY            ,3/22/2016,TU,1538,1,CLIFTON PD               ,,0,0,0,0,P,B,N,N,1,2,NJ 3                                              ,W,3,,00000003__      ,,2,2,2,1,1,1,2,1,,,,,F,PASSAIC COUNTY 603       ,,,,,,N,NONE                                                                            ,7218,15:40,120+07449
2.02E+17,PASSAIC     ,CLIFTON CITY            ,3/22/2016,TU,1643,1,CLIFTON PD               ,,0,2,0,0,I,B,N,N,1,3,NJ 3                                              ,W,3,,00000003__      ,,2,1,2,1,1,1,1,1,100,FE,E,,T,CR 602                   ,,50,,,,N,NONE                                                                            ,7206,16:45,120+07449
2.02E+17,PASSAIC     ,CLIFTON CITY            ,2/2/2017,TH,1704,1,CLIFTON PD               ,,0,0,0,0,P,B,N,N,1,2,NJ 3                                              ,W,3,,00000003__      ,2.67,2,,2,1,3,1,1,1,150,FE,E,CR 622 / BLOOMFIELD AVE            ,,,,55,25,40.83955,74.15892,N,,543,17:05,120+07444
2.02E+17,PASSAIC     ,CLIFTON CITY            ,3/22/2016,TU,1732,1,CLIFTON PD               ,,0,0,0,0,P,B,N,N,1,2,NJ 3                                              ,W,3,,00000003__      ,4.94,2,5,2,1,1,1,2,1,600,MI,E,US 46                              ,,,,55,55,,,N,NONE                                                                            ,7105,17:30,120P04739
2013160213-1344                ,PASSAIC     ,CLIFTON CITY            ,2/4/2013,M ,1409,1,CLIFTON PD               ,CLIFTON        ,0,0,0,0,P,B,N,N,1,2,NJ 3                                              ,W,3,,00000003__      ,0,2,1,2,1,1,1,5,1,,,E,US 46                              ,,,,55,,,,N,,269,14:10,120+07449
2015160215-013053              ,PASSAIC     ,CLIFTON CITY            ,3/24/2015,TU,858,1,CLIFTON PD               ,CLIFTON        ,0,0,0,0,P,I,N,N,1,2,NJ 3                                              ,W,3,,00000003__      ,,2,6,2,1,1,1,1,1,,AT,,,F,PASSAIC AVE/ RT 3        ,WB,50,,,,N,,187,9:00,120+07449
2013160213-13501               ,PASSAIC     ,CLIFTON CITY            ,12/5/2013,TH,1707,1,CLIFTON PD               ,PATROL         ,0,2,0,0,I,B,N,N,1,3,NJ 3                                              ,W,3,,00000003__      ,1.2,2,1,2,2,6,1,1,1,300,FE,W,ROUTE 509 / BROAD ST               ,,,,55,25,,,N,NONE                                                                            ,6019,17:05,120P07447
2.02E+17,PASSAIC     ,CLIFTON CITY            ,2/3/2017,FR,159,1,CLIFTON PD               ,,0,1,0,0,I,B,N,N,11,1,NJ 3                                              ,W,3,,00000003__      ,,2,,2,1,6,1,1,1,,,,,T,MAIN AVE                 ,,55,,40.83126,74.14112,N,,7198,2:00,120+07449
2.02E+17,PASSAIC     ,CLIFTON CITY            ,2/3/2017,FR,1506,1,CLIFTON PD               ,,0,0,0,0,P,B,N,N,1,2,NJ 3                                              ,W,3,,00000003__      ,0.01,2,,2,1,1,1,1,1,50,FE,E,US 46                              ,,,,50,,40.86955,74.18604,N,,7209,15:05,120+07449
2013160213-13502               ,PASSAIC     ,CLIFTON CITY            ,12/5/2013,TH,1720,1,CLIFTON PD               ,CLIFTON        ,0,0,0,0,P,B,N,N,1,2,NJ 3                                              ,W,3,,00000003__      ,1.01,2,1,2,2,6,1,1,1,1320,FE,W,ROUTE 509 / BROAD ST               ,,,,55,25,,,N,,258,17:20,120+07448
2.02E+17,PASSAIC     ,CLIFTON CITY            ,3/25/2016,F ,1926,1,CLIFTON PD               ,,0,0,0,0,P,B,N,N,2,2,NJ 3                                              ,W,3,,00000003__      ,,2,1,2,1,6,1,1,1,400,FE,W,,T,CR 601                   ,,55,,,,N,NONE                                                                            ,7224,19:25,120+07449
2014160214-3183                ,PASSAIC     ,CLIFTON CITY            ,3/21/2014,F ,805,1,CLIFTON PD               ,CLIFTON        ,0,1,0,0,I,B,N,N,1,2,NJ 3                                              ,W,3,,00000003__      ,0.32,2,1,2,1,1,1,5,1,1000,FE,W,CR 623 / GROVE ST                  ,,,,55,,40.86797,74.18464,N,,269,8:05,120+07449
2015160215-020628              ,PASSAIC     ,CLIFTON CITY            ,5/9/2015,SA,1211,1,CALIFON PD               ,CLIFTON        ,0,0,0,0,P,I,N,N,9,2,NJ 3                                              ,W,3,,00000003__      ,3.82,2,2,2,1,1,1,1,1,,AT,,CR 601 / MAIN AVE                  ,,,,50,25,,,N,,187,12:10,120+07442
2015160215-022403              ,PASSAIC     ,CLIFTON CITY            ,5/20/2015,W ,826,1,CLIFTON PD               ,CLIFTON PD     ,0,0,0,0,P,B,N,N,1,2,NJ 3                                              ,W,3,,00000003__      ,3.73,2,1,2,1,1,1,5,1,450,FE,W,CR 601 / MAIN AVE                  ,,,,55,25,,,N,NONE                                                                            ,*****,8:25,120+07442
2.02E+17,PASSAIC     ,CLIFTON CITY            ,2/6/2017,MO,1802,1,CLIFTON PD               ,,0,0,0,0,P,B,N,N,1,2,NJ 3                                              ,W,3,,00000003__      ,4.07,2,,2,1,6,1,1,1,1320,FE,E,CR 601 / MAIN AVE                  ,,,,55,35,40.82778,74.13372,N,,7153,18:00,120+07442
2018090918-032371              ,HUDSON      ,SECAUCUS TOWN           ,12/11/2018,TU,1719,1,SECAUCUS PD              ,,0,0,0,0,P,B,N,N,1,2,NJ 3                                              ,W,3,,00000003__      ,8.5,2,,2,1,6,1,5,1,,,,,,,,55,,,,N,,168,17:20,120P04733
2013160213-13517               ,PASSAIC     ,CLIFTON CITY            ,12/6/2013,F ,21,1,CLIFTON PD               ,CLIFTON        ,0,0,0,0,P,B,N,N,1,2,NJ 3                                              ,W,3,,00000003__      ,,2,2,2,2,6,4,0,1,25,FE,E,,T,GSP                      ,SB,55,,,,N,NONE                                                                            ,12514,2:20,120+07449
2.02E+17,PASSAIC     ,CLIFTON CITY            ,3/31/2016,TH,1750,1,CLIFTON PD               ,,0,0,0,0,P,I,N,N,1,2,NJ 3                                              ,W,3,,00000003__      ,0,2,2,2,1,1,1,1,1,,AT,,US 46                              ,,,,55,55,,,N,NONE                                                                            ,7189,17:50,120+07449
2014160214-3225                ,PASSAIC     ,CLIFTON CITY            ,3/22/2014,SA,823,1,CLIFTON PD               ,CLIFTON        ,0,1,0,0,I,B,N,N,2,2,NJ 3                                              ,W,3,,00000003__      ,1.07,2,1,2,1,1,1,5,1,1000,FE,W,ROUTE 509 / BROAD ST               ,,,,55,,40.85765,74.17986,N,,269,8:25,120+07448
2015160215-022703              ,PASSAIC     ,CLIFTON CITY            ,5/21/2015,TH,1647,1,CLIFTON PD               ,,0,0,0,0,P,B,N,N,2,2,NJ 3                                              ,W,3,,00000003__      ,2.69,2,1,2,1,1,1,1,1,250,FE,E,CR 622 / BLOOMFIELD AVE            ,,,,55,25,,,N,NONE                                                                            ,15535,16:45,120+07444
2014160214-3258                ,PASSAIC     ,CLIFTON CITY            ,3/23/2014,S ,328,1,CLIFTON PD               ,,0,3,0,0,I,B,Y,N,11,1,NJ 3                                              ,W,3,,00000003__      ,,2,2,2,1,6,1,1,2,100,FE,W,,F,RT 21                    ,SB,45,,,,N,NONE                                                                            ,10048,3:30,120+07449
2.02E+17,PASSAIC     ,CLIFTON CITY            ,4/2/2016,SA,1457,1,CLIFTON PD               ,,0,0,0,0,P,B,N,N,1,2,NJ 3                                              ,W,3,,00000003__      ,,2,1,2,1,1,5,1,1,75,FE,,,T,CR 622                   ,SB,55,,,,N,NONE                                                                            ,7107,14:55,120+07449
2.02E+17,PASSAIC     ,CLIFTON CITY            ,2/8/2017,WE,1517,1,CLIFTON PD               ,,0,1,0,0,I,B,N,N,1,2,NJ 3                                              ,W,3,,00000003__      ,,2,,2,1,1,5,1,1,,,,,F,MAIN AVE                 ,NB,55,,40.83125,74.14118,N,,7153,15:15,120+07449
2013160213-13644               ,PASSAIC     ,CLIFTON CITY            ,12/9/2013,M ,456,1,CLIFTON PD               ,PATROL         ,0,1,0,0,I,B,N,N,11,1,NJ 3                                              ,W,3,,00000003__      ,4.93,2,1,2,4,6,6,1,2,200,FE,E,NJ 21                              ,,,,45,25,,,N,NONE                                                                            ,7032,4:55,120P04739
2013160213-13648               ,PASSAIC     ,CLIFTON CITY            ,12/9/2013,M ,833,1,CLIFTON PD               ,CLIFTON        ,0,0,0,0,P,B,N,N,1,2,NJ 3                                              ,W,3,,00000003__      ,0,2,1,2,2,1,2,1,1,500,FE,E,CR 621                             ,,,,55,35,,,N,NONE                                                                            ,268,8:35,120+07449
2.02E+17,PASSAIC     ,CLIFTON CITY            ,4/4/2016,M ,1538,1,CLIFTON PD               ,,0,0,0,0,P,B,N,N,1,2,NJ 3                                              ,W,3,,00000003__      ,1.53,2,1,2,2,1,2,1,1,400,FE,E,PARKWAY NORTH                      ,,,,55,55,,,N,NONE                                                                            ,7105,15:40,120+07445
2.02E+17,PASSAIC     ,CLIFTON CITY            ,2/9/2017,TH,914,1,CLIFTON PD               ,,0,1,0,0,I,B,N,N,11,1,NJ 3                                              ,W,3,,00000003__      ,2.64,2,,2,3,1,3,5,1,800,FE,,CR 622 / BLOOMFIELD AVE            ,,,,55,25,40.84071,74.16157,N,YES-CONCRETE BARRIER. RT. 3 WEST PAST BLOOMFIELD AVE. DOT NOTIFIED AND RESPONDE?,7096,9:15,120+07444
2.02E+17,PASSAIC     ,CLIFTON CITY            ,2/10/2017,FR,241,1,CLIFTON PD               ,,0,0,0,0,P,B,N,N,99,1,NJ 3                                              ,W,3,,00000003__      ,,2,,2,4,6,1,1,1,,,,,T,PASSAIC AVE              ,NB,55,,40.8348,74.14806,N,NJ TRANSIT BUS STOP SIGN                                                        ,7198,2:40,120+07449
2.02E+17,PASSAIC     ,CLIFTON CITY            ,4/4/2016,M ,1712,1,CLIFTON PD               ,,0,0,0,0,P,B,N,N,1,2,NJ 3                                              ,W,3,,00000003__      ,,2,2,2,2,1,2,1,1,100,FE,E,,T,RT 21                    ,,55,,,,N,NONE                                                                            ,7226,17:10,120+07449
2.02E+17,PASSAIC     ,CLIFTON CITY            ,4/6/2016,W ,1546,1,CLIFTON PD               ,,0,1,0,0,I,B,N,N,1,2,NJ 3                                              ,W,3,,00000003__      ,3.53,2,2,2,1,1,1,1,1,600,FE,E,CR 603 / PASSAIC AVE               ,,,,55,,,,N,NONE                                                                            ,7228,15:45,120+07443
2018090918-033525              ,HUDSON      ,SECAUCUS TOWN           ,12/19/2018,WE,1354,1,SECAUCUS PD              ,,0,0,0,0,P,B,N,N,1,2,NJ 3                                              ,W,3,,00000003__      ,9.8,2,,2,1,1,1,1,2,200,FE,N,I-95 / NEW JERSEY TURNPIKE         ,,,,25,,,,N,,,13:55,120+04730
2014160214-3330                ,PASSAIC     ,CLIFTON CITY            ,3/25/2014,TU,1517,1,CLIFTON PD               ,,0,0,0,0,P,B,N,N,2,2,NJ 3                                              ,W,3,,00000003__      ,,2,1,2,1,1,1,1,1,,,,,F,GARDEN STATE PARKWAY     ,SB,50,,,,N,NONE AD452E NJ                                                                  ,521,15:15,120+07449
2.02E+17,PASSAIC     ,CLIFTON CITY            ,4/7/2016,TH,923,1,CLIFTON PD               ,,0,2,0,0,I,B,N,N,1,2,NJ 3                                              ,W,3,,00000003__      ,0.49,2,1,2,1,1,5,5,1,100,FE,W,CR 623 / GROVE ST                  ,,,,55,,,,N,NONE                                                                            ,7131,9:25,120+07449
2013160213-13761               ,PASSAIC     ,CLIFTON CITY            ,12/11/2013,W ,803,1,CLIFTON PD               ,,0,0,0,0,P,B,N,N,1,2,NJ 3                                              ,W,3,,00000003__      ,1.3,2,1,2,2,1,1,1,1,200,FE,E,ROUTE 509 / BROAD ST               ,,,,55,35,,,N,NONE                                                                            ,274,8:05,120P07446
2015160215-05156               ,PASSAIC     ,CLIFTON CITY            ,8/12/2015,W ,2029,3,PASSAIC CO SHERIFFS DEPT ,SHERIFF'S PATR?,0,2,0,0,I,B,N,N,11,1,NJ 3                                              ,W,3,,00000003__      ,4.9,2,1,2,1,6,1,1,1,75,FE,E,NJ 21                              ,,,,55,15,,,N,,141,20:30,120P04739
2.02E+17,PASSAIC     ,CLIFTON CITY            ,4/7/2016,TH,1531,1,CLIFTON PD               ,,0,0,0,0,P,B,N,N,2,2,NJ 3                                              ,W,3,,00000003__      ,3.38,2,1,2,2,1,1,1,1,200,FE,W,CR 603 / PASSAIC AVE               ,,,,55,,,,N,NONE                                                                            ,7225,15:30,120+07443
2.02E+17,PASSAIC     ,CLIFTON CITY            ,4/7/2016,TH,1704,1,CLIFTON PD               ,,0,2,0,0,I,B,N,N,1,4,NJ 3                                              ,W,3,,00000003__      ,0.09,2,5,2,2,1,5,1,1,500,FE,E,US 46                              ,,,,55,55,,,N,NONE                                                                            ,7189,17:05,120+07449
2015160215-10232               ,PASSAIC     ,CLIFTON CITY            ,3/6/2015,F ,1815,1,CLIFTON PD               ,,0,0,0,0,P,B,N,N,1,2,NJ 3                                              ,W,3,,00000003__      ,3.91,2,1,2,1,6,1,1,1,500,FE,E,CR 601 / MAIN AVE                  ,,,,50,,,,N,NONE                                                                            ,#315 ,18:15,120+07442
2018090918-033714              ,HUDSON      ,SECAUCUS TOWN           ,12/20/2018,TH,2114,1,SECAUCUS PD              ,,0,1,0,1,I,B,Y,N,13,1,NJ 3                                              ,W,3,,00000003__      ,9.2,2,,2,2,6,2,1,1,,,,,,,,45,,,,N,,167,21:15,120+04732
2014160214-3359                ,PASSAIC     ,CLIFTON CITY            ,3/26/2014,W ,958,1,CLIFTON PD               ,,0,0,0,0,P,B,N,N,1,2,NJ 3                                              ,W,3,,00000003__      ,0.25,2,1,2,1,1,1,3,1,1320,FE,E,US 46                              ,,,,55,55,40.86887,74.18566,N,NONE                                                                            ,6014,10:00,120+07449
2015160215-1037                ,PASSAIC     ,CLIFTON CITY            ,1/8/2015,TH,1906,1,CLIFTON PD               ,PATROL         ,0,0,0,0,P,B,N,N,1,2,NJ 3                                              ,W,3,,00000003__      ,,2,5,2,1,6,1,1,1,50,FE,W,,F,CR 601                   ,EB,15,,,,N,NONE                                                                            ,6019,19:05,120+07449
2.02E+17,PASSAIC     ,CLIFTON CITY            ,4/8/2016,F ,832,1,CLIFTON PD               ,,0,0,0,0,P,B,N,N,2,2,NJ 3                                              ,W,3,,00000003__      ,,2,2,2,1,1,1,5,1,5,FE,W,,F,NJ 21                    ,SB,55,,,,N,NONE                                                                            ,7131,8:30,120+07449
2.02E+17,PASSAIC     ,CLIFTON CITY            ,2/14/2017,TU,1723,1,CLIFTON PD               ,,0,0,0,0,P,I,N,N,1,2,NJ 3                                              ,W,3,,00000003__      ,,2,,2,1,1,1,1,1,,AT,,,T,PARKWAY SOUTH            ,,55,,40.85706,74.17865,N,,7105,17:25,120+07449
2.02E+17,PASSAIC     ,CLIFTON CITY            ,2/15/2017,WE,1522,1,CLIFTON PD               ,,0,0,0,0,P,B,N,N,1,2,NJ 3                                              ,W,3,,00000003__      ,1.32,2,,1,1,1,1,1,1,300,FE,N,ROUTE 509 / BROAD ST               ,,,,55,40,40.8527,74.17569,N,,550,15:20,120P07446
2013160213-13837               ,PASSAIC     ,CLIFTON CITY            ,12/12/2013,TH,1853,1,CLIFTON PD               ,CLIFTON        ,0,0,0,0,P,B,N,N,2,2,NJ 3                                              ,W,3,,00000003__      ,1.44,2,1,2,1,3,1,1,1,1320,FE,W,GARDEN STATE PARKWAY               ,,,,55,55,,,N,,258,18:55,120P07446
2014160214-3389                ,PASSAIC     ,CLIFTON CITY            ,3/27/2014,TH,921,1,CLIFTON PD               ,,0,0,0,0,P,B,N,N,1,2,NJ 3                                              ,W,3,,00000003__      ,,2,2,2,1,1,1,1,1,,,,,F,CR 603                   ,WB,55,,,,N,,260,9:20,120+07449
2.02E+16,PASSAIC     ,CLIFTON CITY            ,3/4/2016,F ,1351,1,CLIFTON PD               ,,0,0,0,0,P,I,N,N,2,2,NJ 3                                              ,W,3,,00000003__      ,,2,1,2,1,1,1,1,1,,AT,,,T,CR 623                   ,NB,55,,,,N,NONE                                                                            ,7107,13:50,120+07449
2013160213-13839               ,PASSAIC     ,CLIFTON CITY            ,12/12/2013,TH,1434,1,CLIFTON PD               ,PATROL         ,0,0,0,0,P,B,N,N,1,2,NJ 3                                              ,W,3,,00000003__      ,1.51,2,1,2,1,6,1,1,1,1320,FE,E,ROUTE 509 / BROAD ST               ,,,,35,25,,,N,NONE                                                                            ,6019,14:35,120+07445
2015160215-10568               ,PASSAIC     ,CLIFTON CITY            ,3/8/2015,S ,1910,1,CLIFTON PD               ,POST 7         ,0,0,0,0,P,B,N,N,2,2,NJ 3                                              ,W,3,,00000003__      ,,2,1,2,1,3,1,1,1,1320,FE,E,,T,CR 601                   ,,55,,,,N,NONE                                                                            ,7050,19:10,120+07449
2.02E+17,PASSAIC     ,CLIFTON CITY            ,4/8/2016,F ,2118,1,CLIFTON PD               ,,0,0,0,0,P,B,N,N,2,2,NJ 3                                              ,W,3,,00000003__      ,,2,1,2,1,6,1,,1,500,FE,W,,F,RT 509                   ,,55,,,,N,NONE                                                                            ,7224,21:20,120+07449
2013160213-13877               ,PASSAIC     ,CLIFTON CITY            ,12/13/2013,F ,1807,1,CLIFTON PD               ,PATROL         ,0,0,0,0,P,B,Y,N,1,2,NJ 3                                              ,W,3,,00000003__      ,0.6,2,1,2,1,6,1,1,1,500,FE,E,CR 623 / GROVE ST                  ,,,,55,,,,N,NONE                                                                            ,6019,18:05,120P07448
2.02E+17,PASSAIC     ,CLIFTON CITY            ,2/16/2017,TH,1625,1,CLIFTON PD               ,,0,1,0,1,I,B,N,N,13,1,NJ 3                                              ,W,3,,00000003__      ,4.07,2,,2,1,1,1,1,1,1320,FE,E,CR 601 / MAIN AVE                  ,,,,55,25,40.8283,74.13476,N,,548,16:25,120+07442