CRASH_ID,CTY_NAME,MUN_NAME,DATE,DAY,TIME,POL_CODE,POL_DEPT,POL_STA,KILLED,INJURED,PED_KILL,PED_INJ,SEVERITY,INTERSEC,ALCOHOL,HAZMAT,CRASH_TYPE,VEH_COUNT,LOCATION,LOC_DIR,ROUTE,RT_SFX,SRI,MP,RD_SYS,RD_CHAR,RD_SURF,SURF_COND,LIGHT,WEATHER,RD_DIV,RD_WRKZN,X_DIST,DIST_UNT,X_DIR,X_NAME,IS_RAMP,RAMP_RT,RAMP_DIR,SPD_LMT,SPD_X,LAT,LONG,CELL_USE,PROP_DMG,BADGE,TIME_ROUND,TMC
2.02E+17,PASSAIC     ,CLIFTON CITY            ,4/9/2016,SA,115,1,CLIFTON PD               ,,0,1,0,0,I,B,N,N,11,1,NJ 3                                              ,W,3,,00000003__      ,,2,5,2,1,6,1,2,1,,,,,T,CR 601                   ,NB,55,,,,N,GUARDRAIL                                                                       ,7198,1:15,120+07449
2018090918-035026              ,HUDSON      ,SECAUCUS TOWN           ,12/31/2018,MO,1405,1,SECAUCUS PD              ,,0,0,0,0,P,B,N,N,11,1,NJ 3                                              ,W,3,,00000003__      ,10.24,2,,2,2,1,2,2,1,,,,,,,,55,,,,N,CURB                                                                            ,155,14:05,120P04729
2015160215-10717               ,PASSAIC     ,CLIFTON CITY            ,3/9/2015,M ,1831,1,CLIFTON PD               ,,0,1,0,0,I,B,N,N,1,3,NJ 3                                              ,W,3,,00000003__      ,,2,1,2,1,1,1,5,1,1000,FE,E,,T,GROVE ST.                ,,55,,,,N,NONE                                                                            ,508,18:30,120+07449
2.02E+17,PASSAIC     ,CLIFTON CITY            ,2/17/2017,FR,1244,1,CLIFTON PD               ,,0,0,0,0,P,B,N,N,1,2,NJ 3                                              ,W,3,,00000003__      ,,2,,2,1,1,1,4,1,,,,,T,PASSAIC AVE              ,SB,55,,40.83385,74.14788,N,,7185,12:45,120+07449
2015160215-10784               ,PASSAIC     ,CLIFTON CITY            ,3/10/2015,TU,323,1,CLIFTON PD               ,CLIFTON        ,0,0,0,0,P,B,N,N,1,2,NJ 3                                              ,W,3,,00000003__      ,0.01,2,4,2,1,1,1,1,1,50,FE,E,US 46                              ,,,,50,50,,,N,NONE                                                                            ,7033,3:25,120+07449
2.02E+17,PASSAIC     ,CLIFTON CITY            ,2/17/2017,FR,1913,1,CLIFTON PD               ,,0,0,0,0,P,B,N,N,1,2,NJ 3                                              ,W,3,,00000003__      ,2.68,2,,2,1,6,1,1,1,200,FE,E,CR 622 / BLOOMFIELD AVE            ,,,,55,25,40.83979,74.15925,N,,548,19:15,120+07444
2.02E+17,HUDSON      ,SECAUCUS TOWN           ,7/23/2018,MO,1218,1,CLIFTON PD               ,,0,0,0,0,P,B,N,N,1,2,NJ 3                                              ,W,3,,00000003__      ,8.95,2,,2,1,1,1,5,1,,,,,F,MAIN AVE                 ,,55,,40.884,74.14857,N,,7118,12:20,120+04732
2014160214-3414                ,PASSAIC     ,CLIFTON CITY            ,3/27/2014,TH,1859,1,CLIFTON PD               ,CLIFTON        ,0,0,0,0,P,B,N,N,2,2,NJ 3                                              ,W,3,,00000003__      ,3.82,2,1,2,1,3,1,1,1,300,FE,,CR 601 / MAIN AVE                  ,,,,55,35,,,N,NONE                                                                            ,13522,19:00,120+07442
2.02E+17,PASSAIC     ,CLIFTON CITY            ,4/9/2016,SA,1233,1,CLIFTON PD               ,,0,0,0,0,P,B,N,N,1,2,NJ 3                                              ,W,3,,00000003__      ,,2,5,2,2,1,3,1,1,,,,,F,CR 601                   ,NB,55,,,,N,NONE                                                                            ,7138,12:35,120+07449
2014160214-3455                ,PASSAIC     ,CLIFTON CITY            ,3/28/2014,F ,1814,1,CLIFTON PD               ,POST 7         ,0,2,0,0,I,B,N,N,2,2,NJ 3                                              ,W,3,,00000003__      ,3.82,2,2,2,1,1,1,1,1,10,FE,W,CR 601 / MAIN AVE                  ,,,,55,60,40.83136,74.14205,N,,7030,18:15,120+07442
2015160215-10854               ,PASSAIC     ,CLIFTON CITY            ,3/10/2015,TU,1624,1,CLIFTON PD               ,POST 7         ,0,0,0,0,P,B,N,N,1,2,NJ 3                                              ,W,3,,00000003__      ,,2,1,2,2,1,2,1,1,3960,FE,E,,T,CR 601                   ,,,,,,N,NONE                                                                            ,7030,16:25,120+07449
2.02E+17,PASSAIC     ,CLIFTON CITY            ,4/10/2016,S ,1014,1,CLIFTON PD               ,,0,0,0,0,P,B,N,N,1,2,NJ 3                                              ,W,3,,00000003__      ,,2,2,2,1,1,1,1,1,,,,,F,CR 603                   ,WB,55,,,,N,NONE                                                                            ,7118,10:15,120+07449
2.02E+17,PASSAIC     ,CLIFTON CITY            ,2/19/2017,SU,1443,1,CLIFTON PD               ,,0,0,0,0,P,B,N,N,1,2,NJ 3                                              ,W,3,,00000003__      ,,2,,2,1,1,1,1,1,,,,,,,,55,,40.83181,74.14107,N,,7157,14:45,120+07449
2.02E+17,PASSAIC     ,CLIFTON CITY            ,2/20/2017,MO,1102,1,CLIFTON PD               ,,0,0,0,0,P,B,N,N,2,2,NJ 3                                              ,W,3,,00000003__      ,2.82,2,,2,1,1,1,1,1,5280,FE,W,CR 601 / MAIN AVE                  ,,,,55,30,40.82701,74.13212,N,,7128,11:00,120+07444
2015160215-10863               ,PASSAIC     ,CLIFTON CITY            ,3/10/2015,TU,1725,1,CLIFTON PD               ,PATROL         ,0,0,0,0,P,B,N,N,2,2,NJ 3                                              ,W,3,,00000003__      ,,2,2,2,2,1,2,2,1,1320,FE,W,,F,NJ 21                    ,SB,25,,,,N,NONE                                                                            ,6019,17:25,120+07449
2.02E+17,PASSAIC     ,CLIFTON CITY            ,2/20/2017,MO,1706,1,CLIFTON PD               ,,0,0,0,0,P,I,N,N,2,2,NJ 3                                              ,W,3,,00000003__      ,3.82,2,,2,1,1,1,4,1,,AT,,CR 601 / MAIN AVE                  ,,,,25,25,40.83219,74.14075,N,,7205,17:05,120+07442
2018160218-06669               ,PASSAIC     ,CLIFTON CITY            ,10/4/2018,TH,1748,5,PASSAIC CO SHERIFFS DEPT ,SHERIFF'S PATR?,0,0,0,0,P,B,N,N,2,2,NJ 3                                              ,W,3,,00000003__      ,4.38,2,,2,1,1,2,2,1,200,FE,W,,F,PAASSAIC COUNTY 624 II   ,,25,,,,N,,,17:50,120+04740
2013160213-14050               ,PASSAIC     ,CLIFTON CITY            ,12/18/2013,W ,823,1,CLIFTON PD               ,,0,0,0,0,P,B,N,N,1,2,NJ 3                                              ,W,3,,00000003__      ,,2,2,2,1,1,1,1,1,,,,,F,MAIN AVE                 ,,55,,,,N,,2100,8:25,120+07449
2015160215-10880               ,PASSAIC     ,CLIFTON CITY            ,3/10/2015,TU,1912,1,CLIFTON PD               ,POST 7         ,0,0,0,0,P,B,N,N,2,2,NJ 3                                              ,W,3,,00000003__      ,,2,1,2,2,6,2,1,1,1320,FE,E,,T,CR 601AVE                ,,55,,,,N,NONE                                                                            ,7030,19:10,120+07449
2.02E+17,PASSAIC     ,CLIFTON CITY            ,1/2/2018,TU,743,1,CLIFTON PD               ,,0,0,0,0,P,B,N,N,1,2,NJ 3                                              ,W,3,,00000003__      ,1.26,2,,2,1,1,1,1,1,10,FE,E,ROUTE 509 / BROAD ST               ,,,,55,35,40.85532,74.17793,N,,7099,7:45,120P07447
2013160213-14056               ,PASSAIC     ,CLIFTON CITY            ,12/18/2013,W ,907,1,CLIFTON PD               ,CLIFTON        ,0,0,0,0,P,B,N,N,2,2,NJ 3                                              ,W,3,,00000003__      ,0,2,1,2,2,1,1,1,1,200,FE,E,US 46                              ,,,,50,50,,,N,NONE                                                                            ,7033,9:05,120+07449
2015160215-11046               ,PASSAIC     ,CLIFTON CITY            ,3/11/2015,W ,1717,1,CLIFTON PD               ,POST 7         ,0,0,0,0,P,I,N,N,1,2,NJ 3                                              ,W,3,,00000003__      ,,2,5,2,1,1,1,1,1,,AT,,,F,CR 603                   ,,55,,,,N,NONE                                                                            ,7030,17:15,120+07449
2.02E+17,PASSAIC     ,CLIFTON CITY            ,4/11/2016,M ,1008,1,CLIFTON PD               ,,0,1,0,0,I,B,N,N,1,2,NJ 3                                              ,W,3,,00000003__      ,,2,2,2,1,1,5,5,1,,,,,F,CR 623                   ,NB,55,,,,N,NONE                                                                            ,7131,10:10,120+07449
2.02E+17,PASSAIC     ,CLIFTON CITY            ,2/21/2017,TU,931,1,CLIFTON PD               ,,0,0,0,0,P,B,N,N,2,3,NJ 3                                              ,W,3,,00000003__      ,0.1,2,,2,1,1,1,5,1,50,FE,E,PASSIAC COUNTY 621                 ,,,,55,25,,,N,,7167,9:30,120+07449
2015160215-11067               ,PASSAIC     ,CLIFTON CITY            ,3/11/2015,W ,1935,1,CLIFTON PD               ,CLIFTON        ,0,0,0,0,P,B,N,N,1,2,NJ 3                                              ,W,3,,00000003__      ,,2,1,2,1,6,1,1,1,100,FE,E,,T,RT 444                   ,SB,50,,,,N,NONE                                                                            ,10047,19:35,120+07449
2.02E+17,PASSAIC     ,CLIFTON CITY            ,4/12/2016,TU,1514,1,CLIFTON PD               ,,0,0,0,0,P,I,N,N,1,2,NJ 3                                              ,W,3,,00000003__      ,,2,2,2,1,1,1,1,1,,AT,,,T,CR 601                   ,,55,,,,N,NONE OBSERVED/REPORTED                                                          ,7177,15:15,120+07449
2014160214-354                 ,PASSAIC     ,CLIFTON CITY            ,1/10/2014,F ,1617,1,CLIFTON PD               ,PATROL 5C      ,0,0,0,0,P,I,N,N,1,2,NJ 3                                              ,W,3,,00000003__      ,1.26,2,1,2,2,1,2,4,1,,AT,,ROUTE 509 / BROAD ST               ,,,,55,25,40.8553,74.17819,N,NONE                                                                            ,11498,16:15,120P07447
2.02E+17,PASSAIC     ,CLIFTON CITY            ,4/12/2016,TU,1610,1,CLIFTON PD               ,,0,2,0,0,I,B,N,N,1,3,NJ 3                                              ,W,3,,00000003__      ,3.83,2,1,2,1,1,1,1,5,50,FE,E,CR 601 / MAIN AVE                  ,,,,55,25,,,N,NONE                                                                            ,7206,16:10,120+07442
2013160213-14059               ,PASSAIC     ,CLIFTON CITY            ,12/18/2013,W ,1010,1,CLIFTON PD               ,,0,0,0,0,P,I,N,N,2,2,NJ 3                                              ,W,3,,00000003__      ,1.44,2,1,2,2,1,1,1,1,,AT,W,GSP                                ,,,,55,55,,,N,,260,10:10,120P07446
2015160215-11545               ,PASSAIC     ,CLIFTON CITY            ,3/14/2015,SA,1305,1,CLIFTON PD               ,CLIFTON        ,0,1,0,0,I,B,N,N,1,2,NJ 3                                              ,W,3,,00000003__      ,0.57,2,1,2,2,1,2,1,1,300,FE,E,CR 623 / GROVE ST                  ,,,,,35,,,N,NONE                                                                            ,268,13:05,120P07448
2.02E+17,PASSAIC     ,CLIFTON CITY            ,2/23/2017,TH,748,1,CLIFTON PD               ,,0,0,0,0,P,B,N,N,1,2,NJ 3                                              ,W,3,,00000003__      ,2.68,2,,2,1,1,1,5,1,200,FE,E,CR 622 / BLOOMFIELD AVE            ,,,,55,35,40.84012,74.15971,N,,7118,7:50,120+07444
2014160214-3542                ,PASSAIC     ,CLIFTON CITY            ,3/31/2014,M ,1230,1,CLIFTON PD               ,CLIFTON        ,0,0,0,0,P,B,N,N,11,1,NJ 3                                              ,W,3,,00000003__      ,,2,1,2,1,1,1,5,1,1000,FE,E,,T,RT 444                   ,SB,35,,,,N,,269,12:30,120+07449
2.02E+17,PASSAIC     ,CLIFTON CITY            ,4/12/2016,TU,1822,1,CLIFTON PD               ,,0,0,0,0,P,B,N,N,1,2,NJ 3                                              ,W,3,,00000003__      ,,2,2,2,1,1,1,5,1,,,,,F,MAIN AVE                 ,WB,55,,,,N,NONE                                                                            ,7211,18:20,120+07449
2014160214-3544                ,PASSAIC     ,CLIFTON CITY            ,3/31/2014,M ,1332,1,CLIFTON PD               ,CLIFTON        ,0,0,0,0,P,B,N,N,11,1,NJ 3                                              ,W,3,,00000003__      ,,2,1,2,1,1,1,5,1,1000,FE,E,,T,G. S. P CA II            ,SB,35,,,,N,,269,13:30,120+07449
2015160215-11549               ,PASSAIC     ,CLIFTON CITY            ,3/14/2015,SA,1321,1,CLIFTON PD               ,CLIFTON        ,0,2,0,0,I,B,N,N,1,3,NJ 3                                              ,W,3,,00000003__      ,,2,1,2,2,1,2,1,1,250,FE,E,,T,CR 601                   ,NB,55,,,,N,NONE                                                                            ,283,13:20,120+07449
2.02E+17,PASSAIC     ,CLIFTON CITY            ,2/23/2017,TH,811,1,CLIFTON PD               ,,0,1,0,0,I,B,N,N,1,2,NJ 3                                              ,W,3,,00000003__      ,,2,,2,1,1,1,4,1,,,,,T,RT 46                    ,WB,55,,40.87066,74.1879,N,,545,8:10,120+07449
2014160214-3631                ,PASSAIC     ,CLIFTON CITY            ,4/2/2014,W ,1727,1,CLIFTON PD               ,,0,3,0,0,I,B,N,N,1,2,NJ 3                                              ,W,3,,00000003__      ,0.09,2,1,2,1,1,1,2,1,500,FE,E,US 46                              ,,,,55,55,40.87023,74.18843,N,NONE                                                                            ,239,17:25,120+07449
2.02E+17,PASSAIC     ,CLIFTON CITY            ,1/5/2018,FR,908,1,CLIFFSIDE PARK PD        ,,0,0,0,0,P,B,N,N,2,2,NJ 3                                              ,W,3,,00000003__      ,0.49,2,,2,1,1,1,5,1,100,FE,W,CR 623 / GROVE ST                  ,,,,55,35,40.86689,74.18345,N,,7131,9:10,120+07449
2015160215-11564               ,PASSAIC     ,CLIFTON CITY            ,3/14/2015,SA,1530,1,CLIFTON PD               ,POST 7         ,0,0,0,0,P,B,N,N,1,2,NJ 3                                              ,W,3,,00000003__      ,,2,1,2,2,1,2,1,1,400,FE,E,,T,CR 622                   ,,55,,,,N,NONE                                                                            ,7030,15:30,120+07449
2.02E+17,PASSAIC     ,CLIFTON CITY            ,4/13/2016,W ,1811,1,CLIFTON PD               ,,0,0,0,0,P,B,N,N,1,3,NJ 3                                              ,W,3,,00000003__      ,,2,2,2,1,1,1,1,1,1320,FE,W,,T,CR 601                   ,,55,,,,N,NONE OBSERVED/REPORTED                                                          ,7177,18:10,120+07449
2.02E+17,PASSAIC     ,CLIFTON CITY            ,1/5/2018,FR,1804,1,CLIFTON PD               ,,0,1,0,0,I,B,N,N,1,2,NJ 3                                              ,W,3,,00000003__      ,1.13,2,,2,1,3,1,1,1,675,FE,W,ROUTE 509 / BROAD ST               ,,,,50,25,40.85697,74.17924,N,,7253,18:05,120+07448
2015160215-11746               ,PASSAIC     ,CLIFTON CITY            ,3/15/2015,S ,2045,1,CLIFTON PD               ,PATROL         ,0,1,0,0,I,B,N,N,11,1,NJ 3                                              ,W,3,,00000003__      ,3.86,2,1,2,1,6,1,1,1,200,FE,E,CR 601 / MAIN AVE                  ,,,,55,35,,,N,GUARDRAIL FACING DAMAGE                                                         ,6019,20:45,120+07442
2014160214-3649                ,PASSAIC     ,CLIFTON CITY            ,4/3/2014,TH,628,1,CLIFTON PD               ,,0,1,0,0,I,B,N,N,2,2,NJ 3                                              ,W,3,,00000003__      ,,2,5,2,1,2,1,2,1,,,,,T,US 46                    ,WB,50,,,,N,NONE                                                                            ,519,6:30,120+07449
2015160215-11802               ,PASSAIC     ,CLIFTON CITY            ,3/16/2015,M ,830,1,CLIFTON PD               ,PATROL         ,0,0,0,0,P,B,N,N,1,2,NJ 3                                              ,W,3,,00000003__      ,0.45,2,1,2,1,1,1,1,1,300,FE,W,CR 623 / GROVE ST                  ,,,,50,25,,,N,NONE                                                                            ,3020,8:30,120+07449
2014160214-3671                ,PASSAIC     ,CLIFTON CITY            ,4/3/2014,TH,2125,1,CLIFTON PD               ,CLIFTON        ,0,0,0,0,P,B,N,N,2,2,NJ 3                                              ,W,3,,00000003__      ,2.14,2,1,2,1,6,1,1,1,2640,FE,W,CR 622 / BLOOMFIELD AVE            ,,,,55,25,40.8449,74.16854,N,,258,21:25,120+07445
2.02E+17,PASSAIC     ,CLIFTON CITY            ,4/15/2016,F ,759,1,CLIFTON PD               ,,0,0,0,0,P,B,N,N,1,2,NJ 3                                              ,W,3,,00000003__      ,,2,5,2,1,1,1,1,1,,,,,F,CR 601                   ,,55,,,,N,NONE                                                                            ,7152,8:00,120+07449
2.02E+17,PASSAIC     ,CLIFTON CITY            ,1/11/2018,TH,800,1,CLIFTON PD               ,,0,1,0,0,I,B,N,N,1,2,NJ 3                                              ,W,3,,00000003__      ,0.6,2,,2,1,1,1,1,1,500,FE,E,CR 623 / GROVE ST                  ,,,,55,35,40.8641,74.18132,N,,7135,8:00,120P07448
2.02E+17,PASSAIC     ,CLIFTON CITY            ,2/25/2017,SA,1549,1,CLIFTON PD               ,,0,2,0,0,I,B,N,N,1,2,NJ 3                                              ,W,3,,00000003__      ,2.69,2,,2,1,1,1,1,1,250,FE,E,CR 622 / BLOOMFIELD AVE            ,,,,55,35,40.83965,74.15922,N,,549,15:50,120+07444
2015160215-12030               ,PASSAIC     ,CLIFTON CITY            ,3/17/2015,TU,1524,1,CLIFTON PD               ,PATROL         ,0,1,0,0,I,B,N,N,2,2,NJ 3                                              ,W,3,,00000003__      ,2.92,2,1,2,1,1,1,1,1,1500,FE,E,CR 622 / BLOOMFIELD AVE            ,,,,55,25,,,N,NONE                                                                            ,59,15:25,120+07444
2014160214-370                 ,PASSAIC     ,CLIFTON CITY            ,1/11/2014,SA,413,1,CLIFTON PD               ,,0,1,0,0,I,I,Y,N,1,2,NJ 3                                              ,W,3,,00000003__      ,,2,2,2,2,6,2,1,2,,AT,,,F,RT 21                    ,SB,,,,,N,NONE                                                                            ,7028,4:15,120+07449
2.02E+17,PASSAIC     ,CLIFTON CITY            ,4/15/2016,F ,1148,1,CLIFTON PD               ,,0,0,0,0,P,B,N,N,1,2,NJ 3                                              ,W,3,,00000003__      ,,2,5,2,1,1,1,1,1,,,,,F,CR 601                   ,WB,55,,,,N,NONE                                                                            ,7152,11:50,120+07449
2015160215-12235               ,PASSAIC     ,CLIFTON CITY            ,3/18/2015,W ,1920,1,CLIFTON PD               ,PATROL         ,0,0,0,0,P,B,N,N,1,2,NJ 3                                              ,W,3,,00000003__      ,0.55,2,1,2,1,6,1,1,1,200,FE,E,CR 623 / GROVE ST                  ,,,,55,35,,,N,NONE                                                                            ,6019,19:20,120+07449
2014160214-3704                ,PASSAIC     ,CLIFTON CITY            ,4/4/2014,F ,1804,1,CLIFTON PD               ,CLIFTON        ,0,1,0,0,I,B,N,N,1,2,NJ 3                                              ,W,3,,00000003__      ,1.15,2,1,2,2,1,2,1,1,600,FE,W,ROUTE 509 / BROAD ST               ,,,,55,,40.85663,74.17926,N,NONE                                                                            ,13522,18:05,120P07447
2.02E+17,PASSAIC     ,CLIFTON CITY            ,1/11/2018,TH,943,1,CLIFTON PD               ,,0,1,0,0,I,B,N,N,1,2,NJ 3                                              ,W,3,,00000003__      ,2.7,2,,2,1,1,5,1,1,300,FE,E,CR 622 / BLOOMFIELD AVE            ,,,,55,35,40.83952,74.15898,N,,7099,9:45,120+07444
2013160213-14222               ,PASSAIC     ,CLIFTON CITY            ,12/21/2013,SA,1712,1,CLIFTON PD               ,CLIFTON        ,0,0,0,0,P,I,N,N,2,2,NJ 3                                              ,W,3,,00000003__      ,4.89,2,2,2,1,3,,1,2,,AT,,NJ 21                              ,,,,50,50,,,N,,187,17:10,120P04739
2.02E+17,PASSAIC     ,CLIFTON CITY            ,2/26/2017,SU,1706,1,CLIFTON PD               ,,0,0,0,0,P,B,N,N,1,2,NJ 3                                              ,W,3,,00000003__      ,,2,,2,1,1,1,4,1,,,,,F,MAIN ST                  ,,55,,40.83181,74.14107,N,,7226,17:05,120+07449
2013160213-14224               ,PASSAIC     ,CLIFTON CITY            ,12/21/2013,SA,1707,1,CLIFTON PD               ,PATROL         ,0,0,0,0,P,I,N,N,1,2,NJ 3                                              ,W,3,,00000003__      ,1.26,2,1,2,1,6,1,1,1,,AT,W,ALLWOOD RD/BROAD ST EXIT           ,,,,55,20,,,N,NONE                                                                            ,6019,17:05,120P07447
2.02E+17,PASSAIC     ,CLIFTON CITY            ,4/17/2016,S ,1118,1,CLIFTON PD               ,,0,0,0,0,P,B,N,N,1,2,NJ 3                                              ,W,3,,00000003__      ,,2,2,2,1,1,1,5,1,5,FE,W,,F,PASSAIC AVENUE           ,,55,,,,N,NONE                                                                            ,7131,11:20,120+07449
2.02E+17,PASSAIC     ,CLIFTON CITY            ,1/11/2018,TH,1338,1,CLIFTON PD               ,,0,0,0,0,P,B,N,N,1,2,NJ 3                                              ,W,3,,00000003__      ,,2,,2,1,1,5,1,1,,,,,F,PASSAIC AVE              ,NB,55,,40.83433,74.14787,N,,7099,13:40,120+07449
2013160213-1424                ,PASSAIC     ,CLIFTON CITY            ,2/6/2013,W ,1101,1,CLIFTON PD               ,CLIFTON        ,0,0,0,0,P,B,N,N,2,2,NJ 3                                              ,W,3,,00000003__      ,0.49,2,1,2,1,1,1,1,1,100,FE,W,CR 623 / GROVE ST                  ,,,,50,25,,,N,,187,11:00,120+07449
2015160215-12384               ,PASSAIC     ,CLIFTON CITY            ,3/19/2015,TH,1751,1,CLIFTON PD               ,PATROL CO15    ,0,0,0,0,P,B,N,N,2,2,NJ 3                                              ,W,3,,00000003__      ,0.57,2,1,2,1,1,1,1,1,300,FE,E,CR 623 / GROVE ST                  ,,,,30,25,,,N,,11503,17:50,120P07448
2.02E+17,PASSAIC     ,CLIFTON CITY            ,4/17/2016,S ,1524,1,CLIFTON PD               ,,0,0,0,0,P,B,N,N,1,2,NJ 3                                              ,W,3,,00000003__      ,1.01,2,1,2,1,1,1,1,1,2640,FE,E,CR 623 / GROVE ST                  ,,,,55,25,,,N,NONE                                                                            ,7203,15:25,120+07448
2.02E+17,PASSAIC     ,CLIFTON CITY            ,1/11/2018,TH,1531,1,CLIFTON PD               ,,0,0,0,0,P,B,N,N,1,2,NJ 3                                              ,W,3,,00000003__      ,1.01,2,,2,1,1,1,1,1,2640,FE,E,CR 623 / GROVE ST                  ,,,,50,25,40.85864,74.18008,N,,7253,15:30,120+07448
2.02E+17,PASSAIC     ,CLIFTON CITY            ,2/28/2017,TU,1911,1,CLIFTON PD               ,,0,0,0,0,P,B,N,N,1,3,NJ 3                                              ,W,3,,00000003__      ,2.79,2,,2,1,6,1,1,1,800,FE,E,CR 622 / BLOOMFIELD AVE            ,,,,55,35,40.83448,74.14752,N,,7105,19:10,120+07444
2013160213-14271               ,PASSAIC     ,CLIFTON CITY            ,12/22/2013,S ,1817,1,CLIFTON PD               ,CLIFTON        ,0,0,0,0,P,B,N,N,2,2,NJ 3                                              ,W,3,,00000003__      ,,2,1,2,2,6,1,0,1,150,FE,E,,T,MAIN AVE                 ,,55,,,,N,NONE                                                                            ,12?7?,18:15,120+07449
2014160214-3741                ,PASSAIC     ,CLIFTON CITY            ,4/5/2014,SA,1712,1,CLIFTON PD               ,POST 7         ,0,0,0,0,P,B,N,N,1,3,NJ 3                                              ,W,3,,00000003__      ,,2,1,2,1,1,1,1,2,1000,FE,E,,T,MAIN AVE                 ,,55,,,,N,NONE                                                                            ,7030,17:10,120+07449
2015160215-12480               ,PASSAIC     ,CLIFTON CITY            ,3/20/2015,F ,848,1,CLIFTON PD               ,CLIFTON        ,0,0,0,0,P,B,N,N,1,2,NJ 3                                              ,W,3,,00000003__      ,,2,1,2,1,1,1,1,1,,,,,T,CR 621                   ,,55,,,,N,NONE                                                                            ,268,8:50,120+07449
2.02E+17,PASSAIC     ,CLIFTON CITY            ,2/28/2017,TU,2002,1,CLIFTON PD               ,,0,0,0,0,P,B,N,N,1,2,NJ 3                                              ,W,3,,00000003__      ,,2,,2,1,6,1,1,1,,,,,F,MAIN ST                  ,,55,,40.83133,74.1408,N,,7240,20:00,120+07449
2013160213-1438                ,PASSAIC     ,CLIFTON CITY            ,2/6/2013,W ,1342,1,CLIFTON PD               ,CLIFTON        ,0,0,0,0,P,B,N,N,1,2,NJ 3                                              ,W,3,,00000003__      ,0.49,2,1,2,1,1,1,1,1,100,FE,W,CR 623 / GROVE ST                  ,,,,50,30,,,N,NONE                                                                            ,268,13:40,120+07449
2.02E+17,PASSAIC     ,CLIFTON CITY            ,3/1/2017,WE,54,1,CLIFTON PD               ,,0,0,0,0,P,B,Y,N,11,1,NJ 3                                              ,W,3,,00000003__      ,2.58,2,,2,1,7,1,1,1,300,FE,W,CR 622 / BLOOMFIELD AVE            ,,,,55,25,40.8417,74.16361,N,,7245,5:55,120+07444
2014160214-3763                ,PASSAIC     ,CLIFTON CITY            ,4/6/2014,S ,1230,1,CLIFTON PD               ,,0,2,0,0,I,B,N,N,1,2,NJ 3                                              ,W,3,,00000003__      ,,2,2,2,1,1,1,1,1,,,,,F,CR 603                   ,WB,55,,,,N,,260,12:30,120+07449
2015160215-12568               ,PASSAIC     ,CLIFTON CITY            ,3/20/2015,F ,1956,1,CLIFTON PD               ,POST 7         ,0,0,0,0,P,B,N,N,1,2,NJ 3                                              ,W,3,,00000003__      ,,2,2,2,3,5,3,1,1,60,MI,W,,F,CR 601                   ,,55,,,,N,NONE                                                                            ,7030,19:55,120+07449
2.02E+17,PASSAIC     ,CLIFTON CITY            ,4/19/2016,TU,1145,1,CLIFTON PD               ,,0,0,0,0,P,I,N,N,2,2,NJ 3                                              ,W,3,,00000003__      ,,2,1,2,1,1,1,1,1,,AT,,,T,GARDEN STATE PARKWA?     ,NB,55,,,,N,NONE                                                                            ,7144,11:45,120+07449
2015160215-12772               ,PASSAIC     ,CLIFTON CITY            ,2/22/2015,S ,1219,1,CLIFTON PD               ,,0,1,0,0,I,B,N,N,1,2,NJ 3                                              ,W,3,,00000003__      ,3.44,2,2,2,1,1,1,1,1,100,FE,E,CR 603 / PASSAIC AVE               ,,,,55,25,,,N,NONE                                                                            ,7027,12:20,120+07443
2013160213-14417               ,PASSAIC     ,CLIFTON CITY            ,12/27/2013,F ,1411,1,CLIFTON PD               ,,0,0,0,0,P,B,N,N,1,2,NJ 3                                              ,W,3,,00000003__      ,,2,2,2,1,1,1,1,1,,,,,F,PASSAIC AVE              ,WB,55,,,,N,,260,14:10,120+07449
2014160214-3792                ,PASSAIC     ,CLIFTON CITY            ,4/7/2014,M ,748,1,CLIFTON PD               ,CLIFTON        ,0,0,0,0,P,B,N,N,2,2,NJ 3                                              ,W,3,,00000003__      ,0.32,2,1,2,1,1,1,5,1,1000,FE,W,CR 623 / GROVE ST                  ,,,,55,,40.86797,74.18464,N,,269,7:50,120+07449