CRASH_ID,CTY_NAME,MUN_NAME,DATE,DAY,TIME,POL_CODE,POL_DEPT,POL_STA,KILLED,INJURED,PED_KILL,PED_INJ,SEVERITY,INTERSEC,ALCOHOL,HAZMAT,CRASH_TYPE,VEH_COUNT,LOCATION,LOC_DIR,ROUTE,RT_SFX,SRI,MP,RD_SYS,RD_CHAR,RD_SURF,SURF_COND,LIGHT,WEATHER,RD_DIV,RD_WRKZN,X_DIST,DIST_UNT,X_DIR,X_NAME,IS_RAMP,RAMP_RT,RAMP_DIR,SPD_LMT,SPD_X,LAT,LONG,CELL_USE,PROP_DMG,BADGE,TIME_ROUND,TMC
2.02E+17,PASSAIC     ,CLIFTON CITY            ,3/1/2017,WE,1422,1,CLIFTON PD               ,,0,2,0,0,I,B,N,N,10,1,NJ 3                                              ,W,3,,00000003__      ,4.89,2,,2,1,1,1,5,1,,,,,T,NJ 21                    ,SB,,,40.82688,74.12338,N,,7118,14:20,120P04739
2015160215-13049               ,PASSAIC     ,CLIFTON CITY            ,3/24/2015,TU,817,1,CLIFTON PD               ,,0,0,0,0,P,B,N,N,1,2,NJ 3                                              ,W,3,,00000003__      ,,2,1,2,1,1,1,5,1,,,,,T,CR 601                   ,WB,55,,,,N,,260,8:15,120+07449
2015160215-13061               ,PASSAIC     ,CLIFTON CITY            ,3/24/2015,TU,938,1,CLIFTON PD               ,CLIFTON        ,0,0,0,0,P,B,N,N,1,2,NJ 3                                              ,W,3,,00000003__      ,0.51,2,1,2,1,1,1,5,1,10,FE,E,CR 623 / GROVE ST                  ,,,,,,,,N,,269,9:40,120+07449
2013160213-1477                ,PASSAIC     ,CLIFTON CITY            ,2/7/2013,TH,746,1,CLIFTON PD               ,,0,1,0,0,I,I,N,N,11,1,NJ 3                                              ,W,3,,00000003__      ,,2,4,2,1,1,1,2,1,,AT,,,F,RT. 46 W TO VALLEY ?     ,WB,55,,,,N,YIELD SIGN                                                                      ,E224 ,7:45,120+07449
2014160214-3793                ,PASSAIC     ,CLIFTON CITY            ,4/7/2014,M ,830,1,CLIFTON PD               ,,0,0,0,0,P,B,N,N,1,2,NJ 3                                              ,W,3,,00000003__      ,,2,1,2,1,1,1,1,1,150,FE,E,,T,PARKWAY                  ,NB,50,,,,N,,510,8:30,120+07449
2.02E+17,PASSAIC     ,CLIFTON CITY            ,4/21/2016,TH,849,1,CLIFTON PD               ,,0,1,0,0,I,B,N,N,1,2,NJ 3                                              ,W,3,,00000003__      ,,2,1,2,1,1,1,1,1,200,FE,,,T,PARKWAY NORTH            ,NB,55,,,,N,NONE                                                                            ,7107,8:50,120+07449
2.02E+17,PASSAIC     ,CLIFTON CITY            ,3/1/2017,WE,1513,1,CLIFTON PD               ,,0,0,0,0,P,B,N,N,1,2,NJ 3                                              ,W,3,,00000003__      ,,2,,2,2,1,1,2,1,,,,,,,,55,,40.83448,74.14752,N,,7201,15:15,120+07449
2.02E+17,PASSAIC     ,CLIFTON CITY            ,1/12/2018,FR,800,1,CLIFTON PD               ,,0,0,0,0,P,B,N,N,1,2,NJ 3                                              ,W,3,,00000003__      ,,2,,2,2,1,2,1,1,,,,,F,MAIN AVE                 ,NB,55,,40.83124,74.1412,N,,7099,8:00,120+07449
2.02E+17,PASSAIC     ,CLIFTON CITY            ,4/22/2016,F ,1526,1,CLIFTON PD               ,,0,0,0,0,P,B,N,N,1,2,NJ 3                                              ,W,3,,00000003__      ,0.57,2,1,2,1,1,1,1,1,325,FE,E,CR 623 / GROVE ST                  ,,,,50,25,,,N,NONE                                                                            ,7206,15:25,120P07448
2013160213-1478                ,PASSAIC     ,CLIFTON CITY            ,2/7/2013,TH,852,1,CLIFTON PD               ,,0,0,0,0,P,B,N,N,1,2,NJ 3                                              ,W,3,,00000003__      ,3.81,2,1,2,1,1,1,1,1,50,FE,W,CR 601 / MAIN AVE                  ,,,,55,35,,,N,NONE                                                                            ,274,8:50,120+07442
2.02E+17,PASSAIC     ,CLIFTON CITY            ,1/12/2018,FR,822,1,CLIFTON PD               ,,0,0,0,0,P,B,N,N,2,2,NJ 3                                              ,W,3,,00000003__      ,3.9,2,,2,2,1,2,1,1,,,,,F,CR 601                   ,NB,55,,40.83122,74.14126,N,,7099,8:20,120+07442
2013160213-1496                ,PASSAIC     ,CLIFTON CITY            ,2/7/2013,TH,1553,1,CLIFTON PD               ,PATROL         ,0,1,0,0,I,I,N,N,1,2,NJ 3                                              ,W,3,,00000003__      ,,2,5,2,1,1,1,5,1,,AT,,,T,ROUTE 46                 ,WB,35,,,,N,NONE                                                                            ,512,15:55,120+07449
2015160215-13140               ,PASSAIC     ,CLIFTON CITY            ,3/24/2015,TU,1756,1,CLIFTON PD               ,PATROL         ,0,0,0,0,P,B,N,N,1,2,NJ 3                                              ,W,3,,00000003__      ,,2,1,2,1,1,1,1,1,200,FE,,,,RT 21                    ,,55,,,,N,NONE                                                                            ,500,17:55,120+07449
2.02E+17,PASSAIC     ,CLIFTON CITY            ,1/12/2018,FR,844,1,CLIFTON PD               ,,0,0,0,0,P,B,N,N,2,2,NJ 3                                              ,W,3,,00000003__      ,1.44,2,,2,2,1,2,1,,500,FE,E,GSP                                ,,,,55,55,,,N,,7091,8:45,120P07446
2013160213-1499                ,PASSAIC     ,CLIFTON CITY            ,2/7/2013,TH,1632,1,CLIFTON PD               ,PATROL         ,0,0,0,0,P,B,N,N,1,2,NJ 3                                              ,W,3,,00000003__      ,2.58,2,1,2,1,1,1,1,1,300,FE,W,CR 622 / BLOOMFIELD AVE            ,,,,55,35,,,N,NONE                                                                            ,6019,16:30,120+07444
2.02E+17,PASSAIC     ,CLIFTON CITY            ,3/2/2017,TH,1256,1,CLIFTON PD               ,,0,0,0,0,P,B,N,N,2,2,NJ 3                                              ,W,3,,00000003__      ,3.8,2,,2,1,1,1,5,1,100,FE,W,CR 601 / MAIN AVE                  ,,,,55,35,40.83133,74.1408,N,,7118,12:55,120+07442
2015160215-1315                ,PASSAIC     ,CLIFTON CITY            ,1/10/2015,SA,1927,1,CLIFTON PD               ,CLIFTON        ,0,0,0,0,P,B,N,N,1,2,NJ 3                                              ,W,3,,00000003__      ,,2,5,2,1,6,1,1,1,,,,,F,CR 601                   ,NB,,,,,N,NONE                                                                            ,5008,19:25,120+07449
2.02E+17,PASSAIC     ,CLIFTON CITY            ,3/2/2017,TH,1640,1,CLIFTON PD               ,,0,1,0,0,I,B,N,N,1,2,NJ 3                                              ,W,3,,00000003__      ,0.44,2,,2,1,1,1,1,1,350,FE,W,CR 623 / GROVE ST                  ,,,,55,,40.86565,74.18162,N,,7209,16:40,120+07449
2.02E+17,PASSAIC     ,CLIFTON CITY            ,1/13/2018,SA,1910,1,CLIFTON PD               ,,0,1,0,0,I,B,N,N,1,2,NJ 3                                              ,W,3,,00000003__      ,3.83,2,,2,1,6,1,1,1,45,FE,E,CR 601 / MAIN AVE                  ,,,,55,35,40.83046,74.13942,N,,7251,19:10,120+07442
2015160215-13258               ,PASSAIC     ,CLIFTON CITY            ,3/25/2015,W ,1358,1,CLIFTON PD               ,CLIFTON        ,0,0,0,0,P,B,N,N,2,2,NJ 3                                              ,W,3,,00000003__      ,,2,1,2,1,1,5,5,1,100,FE,E,,T,G.S.P                    ,SB,55,,,,N,,269,14:00,120+07449
2.02E+17,PASSAIC     ,CLIFTON CITY            ,4/24/2016,S ,1526,1,CLIFTON PD               ,,0,1,0,0,I,B,N,N,1,2,NJ 3                                              ,W,3,,00000003__      ,2.89,2,2,2,1,1,1,1,1,1320,FE,E,CR 622 / BLOOMFIELD AVE            ,,,,55,35,,,N,NONE                                                                            ,7176,15:25,120+07444
2013160213-1631                ,PASSAIC     ,CLIFTON CITY            ,2/10/2013,S ,1850,1,CLIFTON PD               ,CLIFTON        ,0,1,0,0,I,I,N,N,1,2,NJ 3                                              ,W,3,,00000003__      ,,2,6,2,2,6,1,1,2,,AT,,,F,NJ 21                    ,WB,50,,,,N,,187,18:50,120+07449
2.02E+17,PASSAIC     ,CLIFTON CITY            ,3/3/2017,FR,844,1,CLIFTON PD               ,,0,1,0,0,I,B,N,N,1,2,NJ 3                                              ,W,3,,00000003__      ,,2,,2,1,1,1,5,1,,,,,F,MAIN AVE                 ,WB,55,,40.83181,74.14107,N,,7167,8:45,120+07449
2.02E+17,PASSAIC     ,CLIFTON CITY            ,1/14/2018,SU,1143,1,CLIFTON PD               ,,0,0,0,0,P,B,N,N,1,3,NJ 3                                              ,W,3,,00000003__      ,0.1,2,,2,1,1,1,5,1,500,FE,E,VALLEY ROAD                        ,,,,55,40,40.86955,74.18604,N,,,11:45,120+07449
2.02E+17,PASSAIC     ,CLIFTON CITY            ,1/14/2018,SU,1240,1,CLIFTON PD               ,,0,0,0,0,P,B,N,N,2,2,NJ 3                                              ,W,3,,00000003__      ,0.66,2,,2,1,1,1,5,1,800,FE,E,CR 623 / GROVE ST                  ,,,,55,25,40.86293,74.1808,N,,7096,12:40,120P07448
2.02E+17,PASSAIC     ,CLIFTON CITY            ,3/3/2017,FR,137,1,CLIFTON PD               ,,0,0,0,0,P,B,N,N,1,2,NJ 3                                              ,W,3,,00000003__      ,3.82,2,,2,1,1,1,5,1,5,FE,S,CR 601 / MAIN AVE                  ,,,,55,35,40.83133,74.1408,N,,7131,1:35,120+07442
2015160215-13281               ,PASSAIC     ,CLIFTON CITY            ,3/25/2015,W ,1621,1,CLIFTON PD               ,POST 7         ,0,0,0,0,P,B,N,N,1,2,NJ 3                                              ,W,3,,00000003__      ,,2,1,2,2,2,2,1,1,2640,FE,E,,T,MAIN AVE                 ,,55,,,,N,NONE                                                                            ,7030,16:20,120+07449
2.02E+17,PASSAIC     ,CLIFTON CITY            ,4/27/2016,W ,852,1,CLIFTON PD               ,,0,0,0,0,P,B,N,N,1,2,NJ 3                                              ,W,3,,00000003__      ,0.04,2,5,2,1,1,1,1,2,200,FE,E,US 46                              ,,,,55,55,,,N,NONE                                                                            ,7124,8:50,120+07449
2014160214-3902                ,PASSAIC     ,CLIFTON CITY            ,4/9/2014,W ,1322,1,CLIFTON PD               ,,0,1,0,0,I,B,N,N,1,3,NJ 3                                              ,W,3,,00000003__      ,2.45,2,2,2,1,1,1,1,1,1000,FE,W,CR 622 / BLOOMFIELD AVE            ,,,,65,35,40.84186,74.16422,N,NONE                                                                            ,5010,13:20,120P07444
2.02E+17,PASSAIC     ,CLIFTON CITY            ,1/14/2018,SU,1800,1,CLIFTON PD               ,,0,0,0,0,P,B,N,N,1,2,NJ 3                                              ,W,3,,00000003__      ,2.92,2,,2,1,6,1,1,1,2640,FE,W,CR 603 / PASSAIC AVE               ,,,,50,35,40.83694,74.15209,N,,7259,18:00,120+07444
2013160213-1700                ,PASSAIC     ,CLIFTON CITY            ,2/12/2013,TU,914,1,CLIFTON PD               ,,0,1,0,0,I,B,N,N,1,3,NJ 3                                              ,W,3,,00000003__      ,4.93,2,1,2,2,1,1,1,2,200,FE,E,NJ 21                              ,,,,55,55,,,N,,260,9:15,120P04739
2015160215-13366               ,PASSAIC     ,CLIFTON CITY            ,3/26/2015,TH,737,1,CLIFTON PD               ,,0,0,0,0,P,B,N,N,1,2,NJ 3                                              ,W,3,,00000003__      ,,2,2,2,2,1,5,1,1,,,,,F,MAIN AVE                 ,WB,55,,,,N,,260,7:35,120+07449
2.02E+17,PASSAIC     ,CLIFTON CITY            ,3/3/2017,FR,1724,1,CLIFTON PD               ,,0,0,0,0,P,B,N,N,1,2,NJ 3                                              ,W,3,,00000003__      ,,2,,2,1,1,1,1,1,,,,,F,PASSAIC AVE              ,SB,50,,40.83434,74.14793,N,,7206,17:25,120+07449
2014160214-3991                ,PASSAIC     ,CLIFTON CITY            ,4/11/2014,F ,2312,1,CLIFTON PD               ,,0,0,0,0,P,B,N,N,1,2,NJ 3                                              ,W,3,,00000003__      ,,2,4,2,2,6,2,1,1,1000,FE,E,,T,MAIN AVE                 ,,55,,,,N,NONE                                                                            ,523,23:10,120+07449
2.02E+17,PASSAIC     ,CLIFTON CITY            ,4/28/2016,TH,826,1,CLIFTON PD               ,,0,0,0,0,P,B,N,N,1,2,NJ 3                                              ,W,3,,00000003__      ,,2,2,2,1,1,1,5,1,,,,,F,PASSAIC AVE RAMP         ,WB,55,,,,N,NONE                                                                            ,7096,8:25,120+07449
2.02E+17,PASSAIC     ,CLIFTON CITY            ,3/3/2017,FR,2111,1,CLIFTON PD               ,,0,2,0,0,I,B,N,N,1,2,NJ 3                                              ,W,3,,00000003__      ,,2,,2,1,6,1,1,1,,,,,F,PASSAIC AVE              ,WB,50,,40.83433,74.14778,N,,7232,21:10,120+07449
2.02E+17,PASSAIC     ,CLIFTON CITY            ,1/14/2018,SU,2239,1,CLIFTON PD               ,,0,0,0,0,P,B,N,N,1,2,NJ 3                                              ,W,3,,00000003__      ,1.44,2,,2,1,6,1,1,1,,,E,GARDEN STATE PARKWAY               ,,,,50,25,40.85706,74.17865,N,,7232,22:40,120P07446
2.02E+17,PASSAIC     ,CLIFTON CITY            ,3/4/2017,SA,900,1,CLIFTON PD               ,,0,0,0,0,P,B,N,N,1,2,NJ 3                                              ,W,3,,00000003__      ,3.81,2,,2,1,1,1,1,1,,,,,F,MAIN AVE                 ,,55,,40.83133,74.1408,N,,7135,9:00,120+07442
2015160215-13661               ,PASSAIC     ,CLIFTON CITY            ,3/27/2015,F ,2331,1,CLIFTON PD               ,,0,0,0,0,P,B,N,N,1,2,NJ 3                                              ,W,3,,00000003__      ,,2,2,2,1,6,1,4,1,,,,,F,PASSAIC AVE              ,SB,55,,,,N,,7028,23:30,120+07449
2.02E+17,PASSAIC     ,CLIFTON CITY            ,4/29/2016,F ,949,1,CLIFTON PD               ,,0,0,0,0,P,B,N,N,1,2,NJ 3                                              ,W,3,,00000003__      ,,2,2,2,1,1,1,1,1,,,,,F,PASSAIC AVE              ,WB,55,,,,N,NONE                                                                            ,7124,9:50,120+07449
2.02E+17,PASSAIC     ,CLIFTON CITY            ,1/15/2018,MO,831,1,CLIFTON PD               ,,0,0,0,0,P,B,N,N,1,2,NJ 3                                              ,W,3,,00000003__      ,,2,,2,1,1,1,5,1,,,,,F,PASSAIC AVENUE           ,WB,55,,40.83428,74.14783,N,,7131,8:30,120+07449
2.02E+17,PASSAIC     ,CLIFTON CITY            ,1/15/2018,MO,1500,1,CLIFTON PD               ,,0,0,0,0,P,B,N,N,1,2,NJ 3                                              ,W,3,,00000003__      ,0.76,2,,2,1,1,1,1,1,1320,FE,E,CR 623 / GROVE ST                  ,,,,55,35,40.86565,74.18162,N,,7254,15:00,120+07448
2014160214-409                 ,PASSAIC     ,CLIFTON CITY            ,1/12/2014,S ,649,1,CLIFTON PD               ,PATROL         ,0,0,0,0,P,I,N,N,11,1,NJ 3                                              ,W,3,,00000003__      ,,2,5,2,1,2,1,2,1,,AT,,,T,BROAD ST                 ,,50,,,,N,NONE                                                                            ,,6:50,120+07449
2015160215-14016               ,PASSAIC     ,CLIFTON CITY            ,3/30/2015,M ,1319,1,CLIFTON PD               ,CLIFTON        ,0,0,0,0,P,B,N,N,1,2,NJ 3                                              ,W,3,,00000003__      ,,2,1,2,1,1,1,5,1,10,FE,E,,,NJ 21                    ,NB,35,,,,N,NONE                                                                            ,269,13:20,120+07449
2.02E+17,PASSAIC     ,CLIFTON CITY            ,3/4/2017,SA,1509,1,CLIFTON PD               ,,0,0,0,0,P,B,N,N,1,2,NJ 3                                              ,W,3,,00000003__      ,,2,,2,1,1,1,2,1,,,,,F,PASSAIC AVE              ,,55,,40.83433,74.14783,N,,7226,15:10,120+07449
2.02E+17,PASSAIC     ,CLIFTON CITY            ,4/29/2016,F ,1957,1,CLIFTON PD               ,,0,0,0,0,P,B,N,N,1,2,NJ 3                                              ,W,3,,00000003__      ,0.13,2,1,2,2,6,2,3,1,700,FE,E,US 46                              ,,,,55,50,,,N,NONE                                                                            ,7105,19:55,120+07449
2015160215-14038               ,PASSAIC     ,CLIFTON CITY            ,3/30/2015,M ,1520,1,CLIFTON PD               ,POST 5         ,0,1,0,0,I,B,N,N,1,2,NJ 3                                              ,W,3,,00000003__      ,0.5,2,1,2,1,1,1,3,1,2640,FE,E,US 46                              ,,,,55,55,,,N,NONE                                                                            ,7030,15:20,120+07449
2014160214-41                  ,PASSAIC     ,CLIFTON CITY            ,1/2/2014,TH,811,1,CLIFTON PD               ,,0,0,0,0,P,B,N,N,1,2,NJ 3                                              ,W,3,,00000003__      ,,2,2,2,1,1,5,1,1,,,,,F,PASSAIC AVE              ,WB,55,,,,N,,260,8:10,120+07449
2.02E+17,PASSAIC     ,CLIFTON CITY            ,3/5/2017,SU,1659,1,CLIFTON PD               ,,0,0,0,0,P,B,N,N,1,2,NJ 3                                              ,W,3,,00000003__      ,,2,,2,1,1,1,5,1,,,,,F,CR 601                   ,EB,15,,40.83133,74.1408,N,,547,17:00,120+07449
2.02E+17,PASSAIC     ,CLIFTON CITY            ,1/16/2018,TU,1927,1,CLIFTON PD               ,,0,0,0,0,P,B,N,N,1,2,NJ 3                                              ,W,3,,00000003__      ,4.93,2,,2,1,6,1,1,1,200,FE,E,NJ 21                              ,,,,55,55,40.82295,74.12405,N,,7258,19:25,120P04739
2015160215-14084               ,PASSAIC     ,CLIFTON CITY            ,3/30/2015,M ,2039,1,CLIFTON PD               ,POST 7         ,0,0,0,0,P,I,N,N,2,2,NJ 3                                              ,W,3,,00000003__      ,,2,2,2,1,5,1,1,1,,AT,E,,F,CR 601                   ,,55,,,,N,NONE                                                                            ,7030,20:40,120+07449
2.02E+17,PASSAIC     ,CLIFTON CITY            ,4/29/2016,F ,2021,1,CLIFTON PD               ,,0,4,0,0,I,B,N,N,1,3,NJ 3                                              ,W,3,,00000003__      ,,2,1,2,2,6,2,1,1,1000,FE,E,,F,BROAD ST                 ,,55,,,,N,NONE                                                                            ,7224,20:20,120+07449
2.02E+17,PASSAIC     ,CLIFTON CITY            ,3/6/2017,MO,1741,1,CLIFTON PD               ,,0,0,0,0,P,B,N,N,1,3,NJ 3                                              ,W,3,,00000003__      ,0.01,2,,2,1,6,1,3,1,70,FE,E,US 46                              ,,,,55,45,40.86955,74.18604,N,,7244,17:40,120+07449
2015160215-14132               ,PASSAIC     ,CLIFTON CITY            ,3/31/2015,TU,754,1,CLIFTON PD               ,CLIFTON        ,0,0,0,0,P,B,N,N,2,2,NJ 3                                              ,W,3,,00000003__      ,1.28,2,1,2,1,1,1,5,1,100,FE,E,ROUTE 509 / BROAD ST               ,,,,55,,,,N,,269,7:55,120+07447
2014160214-4123                ,PASSAIC     ,CLIFTON CITY            ,4/15/2014,TU,1426,1,CLIFTON PD               ,CLIFTON        ,0,0,0,0,P,I,N,N,9,2,NJ 3                                              ,W,3,,00000003__      ,3.82,2,2,2,2,1,2,1,1,,AT,E,CR 601 / MAIN AVE                  ,,,,50,,40.83136,74.14205,N,,187,14:25,120+07442
2013160213-1801                ,PASSAIC     ,CLIFTON CITY            ,2/14/2013,TH,950,1,CLIFTON PD               ,CLIFTON        ,0,0,0,0,P,B,N,N,1,2,NJ 3                                              ,W,3,,00000003__      ,,2,2,2,2,1,3,5,1,,,,,T,CR 621                   ,,50,,,,N,NONE                                                                            ,268,9:50,120+07449
2.02E+17,PASSAIC     ,CLIFTON CITY            ,4/30/2016,SA,1141,1,CLIFTON PD               ,,0,0,0,0,P,B,N,N,4,2,NJ 3                                              ,W,3,,00000003__      ,,2,5,2,1,1,1,1,1,,,,,F,CR 601                   ,,55,,,,N,NONE                                                                            ,7152,11:40,120+07449
2.02E+17,PASSAIC     ,CLIFTON CITY            ,1/17/2018,WE,1848,1,CLIFTON PD               ,,0,1,0,0,I,B,N,N,1,2,NJ 3                                              ,W,3,,00000003__      ,,2,,2,2,6,1,1,1,,,,,F,GROVE ST                 ,,50,,40.86502,74.18142,N,,7224,18:50,120+07449
2014160214-4156                ,PASSAIC     ,CLIFTON CITY            ,4/16/2014,W ,1006,1,CLIFTON PD               ,,0,0,0,0,P,B,N,N,2,2,NJ 3                                              ,W,3,,00000003__      ,0.51,2,1,2,1,1,1,0,1,25,FE,E,CR 623 / GROVE ST                  ,,,,55,35,40.86533,74.18225,N,NONE                                                                            ,274,10:05,120+07449
2015160215-14133               ,PASSAIC     ,CLIFTON CITY            ,3/31/2015,TU,758,1,CLIFTON PD               ,,0,2,0,0,I,B,N,N,1,2,NJ 3                                              ,W,3,,00000003__      ,2.55,2,1,2,1,1,1,1,1,500,FE,W,CR 622 / BLOOMFIELD AVE            ,,,,55,35,,,N,,536,8:00,120+07444
2014160214-4157                ,PASSAIC     ,CLIFTON CITY            ,4/16/2014,W ,1006,1,CLIFTON PD               ,,0,0,0,0,P,B,N,N,1,2,NJ 3                                              ,W,3,,00000003__      ,0.51,2,1,2,1,1,1,1,1,20,FE,E,CR 623 / GROVE ST                  ,,,,55,25,40.86533,74.18225,N,NONE                                                                            ,517,10:05,120+07449
2.02E+17,PASSAIC     ,CLIFTON CITY            ,3/7/2017,TU,903,1,CLIFTON PD               ,,0,0,0,0,P,B,N,N,1,2,NJ 3                                              ,W,3,,00000003__      ,2.58,2,,2,2,1,2,5,1,300,FE,W,CR 622 / BLOOMFIELD AVE            ,,,,55,30,,,N,,7131,9:05,120+07444
2.02E+17,PASSAIC     ,CLIFTON CITY            ,4/30/2016,SA,1551,1,CLIFTON PD               ,,0,0,0,0,P,B,N,N,1,2,NJ 3                                              ,W,3,,00000003__      ,2.73,2,1,2,1,1,1,1,1,500,FE,E,CR 622 / BLOOMFIELD AVE            ,,,,55,35,,,N,NONE                                                                            ,7105,15:50,120+07444
2013160213-1816                ,PASSAIC     ,CLIFTON CITY            ,2/14/2013,TH,1515,1,CLIFTON PD               ,POST 7         ,0,1,0,0,I,B,N,N,1,2,NJ 3                                              ,W,3,,00000003__      ,,2,5,2,1,1,1,2,1,,,,,F,CR 603                   ,,50,,,,N,NONE                                                                            ,8037,15:15,120+07449
2015160215-14201               ,PASSAIC     ,CLIFTON CITY            ,3/31/2015,TU,1453,1,CLIFTON PD               ,POST 7         ,0,0,0,0,P,I,N,N,1,2,NJ 3                                              ,W,3,,00000003__      ,,2,2,2,2,1,2,1,1,,AT,,,F,CR 603                   ,,55,,,,N,NONE                                                                            ,7030,14:55,120+07449
2.02E+17,PASSAIC     ,CLIFTON CITY            ,3/7/2017,TU,956,1,CLIFTON PD               ,,0,0,0,0,P,B,N,N,1,2,NJ 3                                              ,W,3,,00000003__      ,1.3,2,,2,2,1,2,5,1,200,FE,E,ROUTE 509 / BROAD ST               ,,,,55,25,,,N,,7131,9:55,120P07446
2015160215-14209               ,PASSAIC     ,CLIFTON CITY            ,3/31/2015,TU,1545,1,CLIFTON PD               ,POST 7         ,0,0,0,0,P,B,N,N,1,2,NJ 3                                              ,W,3,,00000003__      ,4.95,2,1,1,2,1,2,1,1,7920,FE,E,CR 601 / MAIN AVE                  ,,,,55,25,,,N,NONE                                                                            ,7030,15:45,120+04739
2.02E+17,PASSAIC     ,CLIFTON CITY            ,5/1/2016,S ,805,1,CLIFTON PD               ,,0,0,0,0,P,B,N,N,10,1,NJ 3                                              ,W,3,,00000003__      ,,2,5,2,2,1,2,3,1,,,,,T,RT 21 S                  ,SB,20,,,,N,NONE                                                                            ,7144,8:05,120+07449
2.02E+17,PASSAIC     ,CLIFTON CITY            ,1/19/2018,FR,759,1,CLIFTON PD               ,,0,0,0,0,P,B,N,N,2,2,NJ 3                                              ,W,3,,00000003__      ,0.52,2,,2,1,1,1,5,1,50,FE,E,CR 623 / GROVE ST                  ,,,,55,35,40.86502,74.18142,N,,7118,8:00,120+07449
2.02E+17,PASSAIC     ,CLIFTON CITY            ,3/7/2017,TU,1754,1,CLIFTON PD               ,,0,0,0,0,P,B,N,N,1,2,NJ 3                                              ,W,3,,00000003__      ,0.57,2,,1,2,6,1,1,1,300,FE,E,CR 623 / GROVE ST                  ,,,,55,25,40.86289,74.18083,N,,7244,17:55,120P07448
2013160213-1935                ,PASSAIC     ,CLIFTON CITY            ,2/17/2013,S ,1305,1,CLIFTON PD               ,,0,1,0,0,I,I,N,N,1,2,NJ 3                                              ,W,3,,00000003__      ,,2,6,2,1,1,1,5,1,,AT,,,F,PASSAIC AVE              ,SB,,,,,N,NONE                                                                            ,254,13:05,120+07449
2015160215-14380               ,PASSAIC     ,CLIFTON CITY            ,4/1/2015,W ,1755,1,CLIFTON PD               ,CLIFTON        ,0,0,0,0,P,B,N,N,2,2,NJ 3                                              ,W,3,,00000003__      ,,2,1,2,1,1,2,1,1,1320,FE,E,,T,CR 601                   ,,55,,,,N,NONE                                                                            ,0803?,17:55,120+07449
2.02E+17,PASSAIC     ,CLIFTON CITY            ,5/1/2016,S ,1319,1,CLIFTON PD               ,,0,0,0,0,P,B,N,N,2,2,NJ 3                                              ,W,3,,00000003__      ,,2,1,2,2,1,2,5,1,20,FE,E,,T,BROAD STREET             ,,55,,,,N,NONE                                                                            ,7131,13:20,120+07449
2.02E+17,PASSAIC     ,CLIFTON CITY            ,3/9/2017,TH,904,1,CLIFTON PD               ,,0,2,0,0,I,B,N,N,1,3,NJ 3                                              ,W,3,,00000003__      ,2.55,2,,2,1,1,1,5,1,500,FE,W,CR 622 / BLOOMFIELD AVE            ,,,,55,35,40.8398,74.16093,N,,7118,9:05,120+07444
2013160213-194                 ,PASSAIC     ,CLIFTON CITY            ,1/6/2013,S ,1506,1,CLIFTON PD               ,,0,1,0,0,I,I,N,N,1,3,NJ 3                                              ,W,3,,00000003__      ,,2,3,2,1,1,1,5,1,,AT,W,,,,,55,,,,N,NONE                                                                            ,508,15:05,120+07449
2.02E+17,PASSAIC     ,CLIFTON CITY            ,1/19/2018,FR,1743,1,CLIFTON PD               ,,0,1,0,0,I,B,N,N,1,2,NJ 3                                              ,W,3,,00000003__      ,1.53,2,,2,1,6,1,1,1,800,FE,E,PARKWAY NORTH                      ,,,,55,55,40.84847,74.17157,N,,7105,17:45,120+07445
2015160215-14450               ,PASSAIC     ,CLIFTON CITY            ,4/2/2015,TH,808,1,CLIFTON PD               ,,0,0,0,0,P,B,N,N,1,2,NJ 3                                              ,W,3,,00000003__      ,1.44,2,1,2,1,1,1,1,1,200,FE,W,GARDEN STATE PARKWAY               ,,,,55,55,,,N,,260,8:10,120P07446
2.02E+17,PASSAIC     ,CLIFTON CITY            ,3/9/2017,TH,1411,1,CLIFTON PD               ,,0,1,0,0,I,B,N,N,1,2,NJ 3                                              ,W,3,,00000003__      ,,2,,2,1,1,1,1,1,,,,,F,CR 603                   ,,55,,40.83432,74.14788,N,,7179,14:10,120+07449
2013160213-1942                ,PASSAIC     ,CLIFTON CITY            ,2/17/2013,S ,1707,1,CLIFTON PD               ,CLIFTON        ,0,0,0,0,P,B,N,N,1,2,NJ 3                                              ,W,3,,00000003__      ,,2,1,2,1,3,1,1,1,0,FE,E,,T,BLOOMFIELD AVE CR 622    ,NB,55,,,,N,NONE                                                                            ,5008,17:05,120+07449