CRASH_ID,CTY_NAME,MUN_NAME,DATE,DAY,TIME,POL_CODE,POL_DEPT,POL_STA,KILLED,INJURED,PED_KILL,PED_INJ,SEVERITY,INTERSEC,ALCOHOL,HAZMAT,CRASH_TYPE,VEH_COUNT,LOCATION,LOC_DIR,ROUTE,RT_SFX,SRI,MP,RD_SYS,RD_CHAR,RD_SURF,SURF_COND,LIGHT,WEATHER,RD_DIV,RD_WRKZN,X_DIST,DIST_UNT,X_DIR,X_NAME,IS_RAMP,RAMP_RT,RAMP_DIR,SPD_LMT,SPD_X,LAT,LONG,CELL_USE,PROP_DMG,BADGE,TIME_ROUND,TMC
2014160214-4336                ,PASSAIC     ,CLIFTON CITY            ,4/21/2014,M ,1103,1,CLIFTON PD               ,,0,0,0,0,P,I,N,N,1,2,NJ 3                                              ,W,3,,00000003__      ,,2,5,2,1,1,1,1,1,,AT,,,F,GROVE ST.                ,NB,50,,,,N,NONE                                                                            ,9041,11:05,120+07449
2015160215-14529               ,PASSAIC     ,CLIFTON CITY            ,4/2/2015,TH,1656,1,CLIFTON PD               ,POST 7         ,0,1,0,0,I,B,N,N,1,2,NJ 3                                              ,W,3,,00000003__      ,,2,2,2,1,1,1,1,1,,FE,E,,T,BLOOMFIELD AVE           ,,55,,,,N,NONE                                                                            ,7030,16:55,120+07449
2.02E+17,PASSAIC     ,CLIFTON CITY            ,5/4/2016,W ,813,1,CLIFTON PD               ,,0,1,0,0,I,B,N,N,1,2,NJ 3                                              ,W,3,,00000003__      ,,2,1,2,2,1,5,5,1,200,FE,E,,F,GSP                      ,NB,55,,,,N,NONE                                                                            ,7131,8:15,120+07449
2.02E+17,PASSAIC     ,CLIFTON CITY            ,3/11/2017,SA,1329,1,CLIFTON PD               ,,0,0,0,0,P,B,N,N,2,2,NJ 3                                              ,W,3,,00000003__      ,0.6,2,,2,1,1,5,1,1,500,FE,E,CR 623 / GROVE ST                  ,,,,55,25,40.86441,74.18136,N,,549,13:30,120P07448
2.02E+17,PASSAIC     ,CLIFTON CITY            ,1/22/2018,MO,1720,1,CLIFTON PD               ,,0,0,0,0,P,B,N,N,1,2,NJ 3                                              ,W,3,,00000003__      ,4.86,2,,2,1,7,1,1,1,175,FE,W,NJ 21                              ,,,,55,55,40.8239,74.12667,N,,7201,17:20,120P04739
2014160214-437                 ,PASSAIC     ,CLIFTON CITY            ,1/13/2014,M ,1039,1,CLIFTON PD               ,,0,0,0,0,P,I,N,N,2,2,NJ 3                                              ,W,3,,00000003__      ,4.89,2,2,2,1,1,1,1,2,,AT,,NJ 21                              ,,,,55,35,40.82333,74.12466,N,,260,10:40,120P04739
2015160215-14868               ,PASSAIC     ,CLIFTON CITY            ,4/4/2015,SA,1749,1,CLIFTON PD               ,PATROL/C1      ,0,0,0,0,P,I,N,N,1,2,NJ 3                                              ,W,3,,00000003__      ,,2,5,2,1,1,1,1,1,,AT,,,,,,55,,,,N,NONE                                                                            ,59,17:50,120+07449
2.02E+17,PASSAIC     ,CLIFTON CITY            ,5/4/2016,W ,833,1,CLIFTON PD               ,,0,4,0,0,I,B,N,N,1,4,NJ 3                                              ,W,3,,00000003__      ,,2,1,2,2,1,1,1,1,150,FE,E,,T,NJ 444                   ,NB,50,,,,N,NONE                                                                            ,7179,8:35,120+07449
2.02E+17,PASSAIC     ,CLIFTON CITY            ,3/11/2017,SA,1353,1,CLIFTON PD               ,,0,1,0,0,I,B,N,N,1,2,NJ 3                                              ,W,3,,00000003__      ,0.55,2,,2,1,1,1,1,2,200,FE,E,CR 623 / GROVE ST                  ,,,,55,35,40.86405,74.18124,N,,7166,13:55,120+07449
2.02E+17,PASSAIC     ,CLIFTON CITY            ,1/23/2018,TU,744,1,CLIFTON PD               ,,0,0,0,0,P,B,N,N,1,2,NJ 3                                              ,W,3,,00000003__      ,2.62,2,,2,2,1,2,5,1,100,FE,W,CR 622 / BLOOMFIELD AVE            ,,,,55,35,40.84064,74.16044,N,,7118,7:45,120+07444
2015160215-14879               ,PASSAIC     ,CLIFTON CITY            ,4/4/2015,SA,1526,1,CLIFTON PD               ,PATROL/01      ,0,1,0,0,I,B,N,N,1,2,NJ 3                                              ,W,3,,00000003__      ,3.73,2,1,2,1,1,1,1,1,500,FE,W,CR 601 / MAIN AVE                  ,,,,55,,,,N,NONE                                                                            ,521,15:25,120+07442
2014160214-4374                ,PASSAIC     ,CLIFTON CITY            ,4/22/2014,TU,743,1,CLIFTON PD               ,,0,0,0,0,P,B,N,N,2,2,NJ 3                                              ,W,3,,00000003__      ,4.85,2,5,2,1,1,1,1,2,200,FE,W,NJ 21                              ,,,,55,55,40.82363,74.12524,N,,260,7:45,120P04739
2.02E+17,PASSAIC     ,CLIFTON CITY            ,1/23/2018,TU,1645,1,CLIFTON PD               ,,0,0,0,0,P,B,N,N,1,2,NJ 3                                              ,W,3,,00000003__      ,1.07,2,,2,2,3,2,1,1,1000,FE,W,ROUTE 509 / BROAD ST               ,,,,55,25,40.85963,74.17974,N,,7252,16:45,120+07448
2.02E+17,PASSAIC     ,CLIFTON CITY            ,3/11/2017,SA,1423,1,CLIFTON PD               ,,0,0,0,0,P,B,N,N,2,2,NJ 3                                              ,W,3,,00000003__      ,3.93,2,,2,1,1,1,5,1,575,FE,E,CR 601 / MAIN AVE                  ,,,,55,25,40.82911,74.13668,N,,7096,14:25,120+07442
2014160214-4402                ,PASSAIC     ,CLIFTON CITY            ,4/22/2014,TU,2001,1,CLIFTON PD               ,CLIFTON        ,0,0,0,0,P,I,N,N,1,2,NJ 3                                              ,W,3,,00000003__      ,,2,2,2,1,6,1,1,1,,AT,,,F,CR 601                   ,WB,50,,,,N,NONE                                                                            ,,20:00,120+07449
2015160215-1489                ,PASSAIC     ,CLIFTON CITY            ,1/12/2015,M ,855,1,CLIFTON PD               ,,0,0,0,0,P,B,N,N,1,2,NJ 3                                              ,W,3,,00000003__      ,,2,2,2,2,1,2,1,1,,,,,F,PASSAIC AVE              ,WB,55,,,,N,,2605,8:55,120+07449
2013160213-2002                ,PASSAIC     ,CLIFTON CITY            ,2/19/2013,TU,741,1,CLIFTON PD               ,CLIFTON        ,0,0,0,0,P,B,N,N,1,3,NJ 3                                              ,W,3,,00000003__      ,1.53,2,1,2,1,1,1,5,1,15,FE,W,GARDEN STATE PKWY                  ,,,,55,,,,N,,269,7:40,120+07445
2.02E+17,PASSAIC     ,CLIFTON CITY            ,5/5/2016,TH,1945,1,CLIFTON PD               ,,0,2,0,0,I,B,N,N,1,4,NJ 3                                              ,W,3,,00000003__      ,,2,1,2,1,6,1,1,1,300,FE,E,,T,MAIN AVE                 ,,55,,,,N,NONE                                                                            ,7205,19:45,120+07449
2.02E+17,PASSAIC     ,CLIFTON CITY            ,3/11/2017,SA,1914,1,CLIFTON PD               ,,0,1,0,0,I,I,N,N,1,2,NJ 3                                              ,W,3,,00000003__      ,,2,,2,1,6,1,1,1,,AT,,,F,CR 601                   ,WB,55,,40.83129,74.14127,N,,7224,19:15,120+07449
2.02E+17,PASSAIC     ,CLIFTON CITY            ,5/7/2016,SA,1540,1,CLIFTON PD               ,,0,1,0,0,I,I,N,N,1,3,NJ 3                                              ,W,3,,00000003__      ,0,2,4,2,1,1,1,1,1,,AT,,US 46                              ,,,,55,55,,,N,NONE                                                                            ,7203,15:40,120+07449
2.02E+17,PASSAIC     ,CLIFTON CITY            ,3/12/2017,SU,1438,1,CLIFTON PD               ,,0,0,0,0,P,B,N,N,2,2,NJ 3                                              ,W,3,,00000003__      ,0.55,2,,1,1,1,1,1,1,200,FE,E,CR 623 / GROVE ST                  ,,,,55,25,40.86398,74.18123,N,,7244,14:40,120+07449
2013160213-2019                ,PASSAIC     ,CLIFTON CITY            ,2/19/2013,TU,1736,1,CLIFTON PD               ,POST 7         ,0,0,0,0,P,I,N,N,1,2,NJ 3                                              ,W,3,,00000003__      ,,2,2,2,2,3,2,1,1,,AT,W,,F,MAIN AVE CR 601          ,,55,,,,N,NONE                                                                            ,?030 ,17:35,120+07449
2014160214-4427                ,PASSAIC     ,CLIFTON CITY            ,4/23/2014,W ,1531,1,CLIFTON PD               ,PATROL         ,0,0,0,0,P,I,N,N,1,2,NJ 3                                              ,W,3,,00000003__      ,,2,5,2,1,1,1,2,1,,AT,,,T,CR 623                   ,EB,15,,,,N,NONE                                                                            ,6019,15:30,120+07449
2.02E+17,PASSAIC     ,CLIFTON CITY            ,3/12/2017,SU,1820,1,CLIFTON PD               ,,0,0,0,0,P,B,N,N,1,2,NJ 3                                              ,W,3,,00000003__      ,,2,,1,1,3,1,2,1,,,,,F,MAIN AVE                 ,SB,55,,40.83126,74.14115,N,,7244,18:20,120+07449
2015160215-1536                ,PASSAIC     ,CLIFTON CITY            ,1/12/2015,M ,1546,1,CLIFTON PD               ,PATROL CAR 7   ,0,0,0,0,P,B,N,N,1,2,NJ 3                                              ,W,3,,00000003__      ,2.89,2,1,2,2,1,2,1,1,1320,FE,E,CR 622 / BLOOMFIELD AVE            ,,,,55,25,,,N,NONE                                                                            ,11503,15:45,120+07444
2.02E+17,PASSAIC     ,CLIFTON CITY            ,5/8/2016,S ,1124,1,CLIFTON PD               ,,0,1,0,0,I,B,N,N,1,2,NJ 3                                              ,W,3,,00000003__      ,,2,1,2,1,1,1,5,1,200,FE,E,,T,CR 621                   ,,50,,,,N,NONE                                                                            ,7167,11:25,120+07449
2.02E+17,PASSAIC     ,CLIFTON CITY            ,1/27/2018,SA,1155,1,CLIFTON PD               ,,0,0,0,0,P,B,N,N,1,2,NJ 3                                              ,W,3,,00000003__      ,,2,,2,1,1,1,1,1,,,,,F,MAIN AVE                 ,,55,,40.83124,74.14123,N,,7135,11:55,120+07449
2013160213-2026                ,PASSAIC     ,CLIFTON CITY            ,2/19/2013,TU,1830,1,CLIFTON PD               ,PATROL/CL      ,0,0,0,0,P,I,N,N,1,2,NJ 3                                              ,W,3,,00000003__      ,0,2,2,2,2,6,2,1,4,,AT,,US 46                              ,,,,45,45,,,N,NONE                                                                            ,501,18:30,120+07449
2.02E+17,PASSAIC     ,CLIFTON CITY            ,5/11/2016,W ,733,1,CLIFTON PD               ,,0,0,0,0,P,B,N,N,2,2,NJ 3                                              ,W,3,,00000003__      ,0.19,2,1,2,1,1,1,1,1,1000,FE,E,US 46                              ,,,,45,50,,,N,NONE                                                                            ,7098,7:35,120+07449
2.02E+17,PASSAIC     ,CLIFTON CITY            ,1/27/2018,SA,1347,1,CLIFTON PD               ,,0,0,0,0,P,B,N,N,2,2,NJ 3                                              ,W,3,,00000003__      ,0.76,2,,2,1,1,1,1,1,1320,FE,E,CR 623 / GROVE ST                  ,,,,55,25,40.85996,74.18034,N,,7091,13:45,120+07448
2.02E+17,PASSAIC     ,CLIFTON CITY            ,3/15/2017,WE,1517,1,CLIFTON PD               ,,0,0,0,0,P,B,N,N,15,2,NJ 3                                              ,W,3,,00000003__      ,2.6,2,,2,1,1,1,1,1,200,FE,W,CR 622 / BLOOMFIELD AVE            ,,,,55,35,,,N,,7226,15:15,120+07444
2015160215-15537               ,PASSAIC     ,CLIFTON CITY            ,4/9/2015,TH,1110,1,CLIFTON PD               ,,0,0,0,0,P,B,N,N,1,2,NJ 3                                              ,W,3,,00000003__      ,3.4,2,3,2,2,1,5,1,1,100,FE,W,CR 603 / PASSAIC AVE               ,,,,55,35,,,N,NONE                                                                            ,528,11:10,120+07443
2015160215-1578                ,PASSAIC     ,CLIFTON CITY            ,1/12/2015,M ,2049,1,CLIFTON PD               ,PATROL CAR 7   ,0,0,0,0,P,B,N,N,1,2,NJ 3                                              ,W,3,,00000003__      ,,2,5,2,2,6,2,1,1,,,,,F,PASSAIC AVE.             ,WB,55,,,,N,,11503,20:50,120+07449
2013160213-2054                ,PASSAIC     ,CLIFTON CITY            ,2/20/2013,W ,1145,1,CLIFTON PD               ,CLIFTON PD     ,0,0,0,0,P,B,N,N,1,2,NJ 3                                              ,W,3,,00000003__      ,3.28,2,1,2,1,1,1,5,1,750,FE,W,CR 603 / PASSAIC AVE               ,,,,50,25,,,N,NONE                                                                            ,*****,11:45,120+07443
2014160214-4483                ,PASSAIC     ,CLIFTON CITY            ,4/24/2014,TH,1737,1,CLIFTON PD               ,,0,0,0,0,P,B,N,N,2,2,NJ 3                                              ,W,3,,00000003__      ,,2,1,2,1,1,1,1,1,100,FE,E,,T,RT 509                   ,,55,,,,N,NONE                                                                            ,521,17:35,120+07449
2015160215-15906               ,PASSAIC     ,CLIFTON CITY            ,4/11/2015,SA,1929,1,CLIFTON PD               ,CLIFTON        ,0,0,0,0,P,B,N,N,1,2,NJ 3                                              ,W,3,,00000003__      ,,2,1,2,1,1,1,1,1,50,FE,,,T,RT 46                    ,,55,,,,N,NONE                                                                            ,268,19:30,120+07449
2.02E+17,PASSAIC     ,CLIFTON CITY            ,5/11/2016,W ,1629,1,CLIFTON PD               ,,0,0,0,0,P,I,N,N,1,2,NJ 3                                              ,W,3,,00000003__      ,,2,2,2,1,1,1,1,1,,AT,,,F,PASSAIC AVE              ,WB,55,,,,N,NONE                                                                            ,7176,16:30,120+07449
2.02E+17,PASSAIC     ,CLIFTON CITY            ,1/28/2018,SU,226,1,CLIFTON PD               ,,0,0,0,0,P,B,N,N,11,1,NJ 3                                              ,W,3,,00000003__      ,,2,,2,2,6,2,2,1,,,,,T,CR 601                   ,,55,,40.83133,74.1408,N,NO TURNS SIGN                                                                   ,7169,2:25,120+07449
2.02E+17,PASSAIC     ,CLIFTON CITY            ,5/11/2016,W ,1724,1,CLIFTON PD               ,,0,0,0,0,P,I,N,N,1,2,NJ 3                                              ,W,3,,00000003__      ,1.26,2,1,2,1,1,1,5,1,,AT,,CR 602                             ,,,,25,25,,,N,NONE                                                                            ,7203,17:25,120P07447
2014160214-4540                ,PASSAIC     ,CLIFTON CITY            ,4/25/2014,F ,2313,1,CLIFTON PD               ,CLIFTON        ,0,0,0,0,P,B,Y,N,1,2,NJ 3                                              ,W,3,,00000003__      ,3.17,2,2,2,1,6,1,1,1,1320,FE,W,CR 603 / PASSAIC AVE               ,,,,55,,40.8363,74.15264,N,,258,23:15,120P07443
2015160215-16866               ,PASSAIC     ,CLIFTON CITY            ,4/16/2015,TH,2131,1,CLIFTON PD               ,POST           ,0,0,0,0,P,B,N,N,2,2,NJ 3                                              ,W,3,,00000003__      ,3.44,2,2,2,1,5,1,3,1,100,FE,E,CR 603 / PASSAIC AVE               ,,,,30,,,,N,NONE                                                                            ,7030,21:30,120+07443
2.02E+17,PASSAIC     ,CLIFTON CITY            ,3/18/2017,SA,1055,1,CLIFTON PD               ,,0,0,0,0,P,B,N,N,1,2,NJ 3                                              ,W,3,,00000003__      ,,2,,2,1,1,1,1,1,,,,,F,CR 601                   ,NB,55,,40.83124,74.14115,N,,7144,10:55,120+07449
2013160213-2074                ,PASSAIC     ,CLIFTON CITY            ,2/20/2013,W ,1802,1,CLIFTON PD               ,PATROL CAR #7  ,0,0,0,0,P,I,N,N,1,2,NJ 3                                              ,W,3,,00000003__      ,,2,5,2,1,6,1,4,2,,AT,,,F,ROUTE 21                 ,SB,25,,,,N,NONE                                                                            ,11502,18:00,120+07449
2015160215-16934               ,PASSAIC     ,CLIFTON CITY            ,4/29/2015,W ,1540,1,CLIFTON PD               ,CLIFTON        ,0,0,0,0,P,I,N,N,1,2,NJ 3                                              ,W,3,,00000003__      ,,2,5,2,1,1,1,1,1,,AT,,,F,CR 603                   ,SB,55,,,,N,NONE                                                                            ,12514,15:40,120+07449
2.02E+17,PASSAIC     ,CLIFTON CITY            ,1/30/2018,TU,1033,1,CLIFTON PD               ,,0,1,0,0,I,B,N,N,1,2,NJ 3                                              ,W,3,,00000003__      ,0.21,2,,2,2,1,5,4,1,200,FE,E,US 46                              ,,,,55,55,40.86873,74.1852,N,,7091,10:35,120+07449
2.02E+17,PASSAIC     ,CLIFTON CITY            ,5/16/2016,M ,1441,1,CLIFTON PD               ,,0,0,0,0,P,B,N,N,15,1,NJ 3                                              ,W,3,,00000003__      ,2.67,2,1,2,1,1,1,5,1,150,FE,E,CR 622 / BLOOMFIELD AVE            ,,,,55,25,,,N,NONE                                                                            ,7096,14:40,120+07444
2015160215-1695                ,PASSAIC     ,CLIFTON CITY            ,1/13/2015,TU,1534,1,CLIFTON PD               ,PATROL         ,0,1,0,0,I,B,N,N,1,2,NJ 3                                              ,W,3,,00000003__      ,1.26,2,1,2,1,1,1,1,1,100,FE,E,CR 602                             ,,,,55,20,,,N,NONE                                                                            ,6019,15:35,120P07447
2.02E+17,PASSAIC     ,CLIFTON CITY            ,5/16/2016,M ,1507,1,CLIFTON PD               ,,0,0,0,0,P,I,N,N,15,1,NJ 3                                              ,W,3,,00000003__      ,2.64,2,1,2,1,1,1,1,1,,AT,,CR 622 / BLOOMFIELD AVE            ,,,,50,,,,N,NONE                                                                            ,7228,15:05,120+07444
2.02E+17,PASSAIC     ,CLIFTON CITY            ,3/20/2017,MO,659,1,CLIFTON PD               ,,0,0,0,0,P,B,N,N,1,2,NJ 3                                              ,W,3,,00000003__      ,3.42,2,,2,1,1,1,5,1,5,FE,N,CR 603 / PASSAIC AVE               ,,,,55,35,40.83448,74.14752,N,,7131,7:00,120+07443
2013160213-2120                ,PASSAIC     ,CLIFTON CITY            ,2/22/2013,F ,847,1,CLIFTON PD               ,CLIFTON        ,0,0,0,0,P,B,N,N,1,2,NJ 3                                              ,W,3,,00000003__      ,1.44,2,1,2,1,1,1,5,1,100,FE,E,GARDEN STATE PARKWAY               ,,,,55,,,,N,,269,8:45,120P07446
2015160215-16963               ,PASSAIC     ,CLIFTON CITY            ,4/29/2015,W ,1806,1,CLIFTON PD               ,CLIFTON        ,0,2,0,0,I,B,N,N,2,3,NJ 3                                              ,W,3,,00000003__      ,3.82,2,2,2,1,1,1,1,1,,,W,CR 601 / MAIN AVE                  ,,,,55,,,,N,NONE                                                                            ,12514,18:05,120+07442
2.02E+17,PASSAIC     ,CLIFTON CITY            ,1/31/2018,WE,1552,1,CLIFTON PD               ,,0,0,0,0,P,B,N,N,1,2,NJ 3                                              ,W,3,,00000003__      ,2.6,2,,2,1,1,1,1,1,200,FE,W,CR 622 / BLOOMFIELD AVE            ,,,,55,35,40.84131,74.1627,N,,7226,15:50,120+07444
2.02E+17,PASSAIC     ,CLIFTON CITY            ,3/20/2017,MO,814,1,CLIFTON PD               ,,0,0,0,0,P,B,N,N,1,2,NJ 3                                              ,W,3,,00000003__      ,3.77,2,,2,1,1,1,5,1,250,FE,W,CR 601 / MAIN AVE                  ,,,,55,35,40.83181,74.14107,N,,7096,8:15,120+07442
2013160213-2192                ,PASSAIC     ,CLIFTON CITY            ,2/23/2013,SA,2338,1,CLIFTON PD               ,,0,0,0,0,P,B,N,N,2,2,NJ 3                                              ,W,3,,00000003__      ,,2,1,2,2,6,2,1,2,500,FE,W,,F,ROUTE 21                 ,SB,55,,,,N,NONE                                                                            ,7028,23:40,120+07449
2015160215-16989               ,PASSAIC     ,CLIFTON CITY            ,4/17/2015,F ,1628,1,CLIFTON PD               ,PATROL 7C      ,0,0,0,0,P,B,N,N,2,2,NJ 3                                              ,W,3,,00000003__      ,,2,1,2,1,1,1,4,1,300,FE,E,,,NJ 21                    ,WB,55,,,,N,NONE                                                                            ,11498,16:30,120+07449
2.02E+17,PASSAIC     ,CLIFTON CITY            ,5/16/2016,M ,1944,1,CLIFTON PD               ,,0,0,0,0,P,B,N,N,1,2,NJ 3                                              ,W,3,,00000003__      ,,2,2,2,1,1,1,1,1,,,,,F,CR 601                   ,NB,55,,,,N,NONE                                                                            ,7153,19:45,120+07449
2014160214-4605                ,PASSAIC     ,CLIFTON CITY            ,4/28/2014,M ,746,1,CLIFTON PD               ,,0,0,0,0,P,B,N,N,2,2,NJ 3                                              ,W,3,,00000003__      ,,2,1,2,1,1,1,1,1,20,FE,E,,T,GARDEN STATE PARKWAY     ,SB,55,,,,N,NONE                                                                            ,,7:45,120+07449
2.02E+17,PASSAIC     ,CLIFTON CITY            ,5/17/2016,TU,1707,1,CLIFTON PD               ,,0,1,0,0,I,B,N,N,1,2,NJ 3                                              ,W,3,,00000003__      ,,2,6,2,1,1,1,5,1,,,,,F,CR 601                   ,NB,55,,,,N,NONE                                                                            ,7201,17:05,120+07449
2.02E+17,PASSAIC     ,CLIFTON CITY            ,3/20/2017,MO,917,1,CLIFTON PD               ,,0,1,0,0,I,I,N,N,1,2,NJ 3                                              ,W,3,,00000003__      ,1.44,2,,2,1,1,1,1,1,,AT,,GSP                                ,,,,55,50,40.85761,74.17962,Y,,7098,9:15,120P07446
2.02E+17,PASSAIC     ,CLIFTON CITY            ,3/20/2017,MO,1543,1,CLIFTON PD               ,,0,0,0,0,P,B,N,N,1,2,NJ 3                                              ,W,3,,00000003__      ,1.28,2,,1,1,1,1,1,1,100,FE,E,ROUTE 509 / BROAD ST               ,,,,55,25,40.85438,74.17717,N,,7244,15:45,120+07447
2.02E+17,PASSAIC     ,CLIFTON CITY            ,5/19/2016,TH,1857,1,CLIFTON PD               ,,0,1,0,0,I,B,N,N,1,2,NJ 3                                              ,W,3,,00000003__      ,3.88,2,1,2,1,1,1,1,1,300,FE,E,CR 601 / MAIN AVE                  ,,,,55,25,,,N,NONE                                                                            ,7203,18:55,120+07442
2.02E+17,PASSAIC     ,CLIFTON CITY            ,2/1/2018,TH,1400,1,CLIFTON PD               ,,0,2,0,0,I,I,N,N,1,2,NJ 3                                              ,W,3,,00000003__      ,0.17,2,,2,1,1,1,2,1,,AT,,US 46                              ,,,,50,50,40.86955,74.18604,N,,7213,14:00,120+07449
2013160213-2317                ,PASSAIC     ,CLIFTON CITY            ,2/27/2013,W ,713,1,CLIFTON PD               ,,0,0,0,0,P,I,N,N,1,2,NJ 3                                              ,W,3,,00000003__      ,,2,2,2,2,1,2,1,1,,AT,W,,F,MAIN AVE                 ,,,,,,N,,260,7:15,120+07449
2015160215-17698               ,PASSAIC     ,CLIFTON CITY            ,4/22/2015,W ,751,1,CLIFTON PD               ,CLIFTON        ,0,0,0,0,P,B,N,N,1,2,NJ 3                                              ,W,3,,00000003__      ,,2,2,2,1,2,2,5,1,500,FE,E,,,RT 444                   ,NB,55,,,,N,NONE                                                                            ,269,7:50,120+07449
2.02E+17,PASSAIC     ,CLIFTON CITY            ,3/21/2017,TU,509,1,CLIFTON PD               ,,0,2,0,0,I,B,N,N,2,2,NJ 3                                              ,W,3,,00000003__      ,1.44,2,,2,1,6,1,1,1,75,FE,E,GSP                                ,,,,55,55,40.8565,74.17891,N,,7207,5:10,120P07446
2.02E+17,PASSAIC     ,CLIFTON CITY            ,2/1/2018,TH,1500,1,CLIFTON PD               ,,0,0,0,0,P,B,N,N,1,2,NJ 3                                              ,W,3,,00000003__      ,0.76,2,,2,1,1,1,1,1,1320,FE,E,CR 623 / GROVE ST                  ,,,,55,25,40.85963,74.17974,N,,7271,15:00,120+07448
2.02E+17,PASSAIC     ,CLIFTON CITY            ,3/21/2017,TU,731,1,CLIFTON PD               ,,0,1,0,0,I,B,N,N,1,2,NJ 3                                              ,W,3,,00000003__      ,1.24,2,,2,1,1,1,5,1,100,FE,W,ROUTE 509 / BROAD ST               ,,,,55,35,,,N,,7118,7:30,120P07447
2014160214-4650                ,PASSAIC     ,CLIFTON CITY            ,4/29/2014,TU,753,1,CLIFTON PD               ,CLIFTON        ,0,0,0,0,P,B,N,N,15,1,NJ 3                                              ,W,3,,00000003__      ,,2,1,2,1,1,5,5,1,200,FE,W,,,CR 601                   ,NB,55,,,,N,NONE                                                                            ,269,7:55,120+07449
2015160215-17712               ,PASSAIC     ,CLIFTON CITY            ,4/22/2015,W ,841,1,CLIFTON PD               ,,0,0,0,0,P,B,N,N,1,2,NJ 3                                              ,W,3,,00000003__      ,,2,5,2,1,1,1,1,1,,,,,F,CR 601                   ,,55,,,,N,,13535,8:40,120+07449
2.02E+17,PASSAIC     ,CLIFTON CITY            ,2/1/2018,TH,1742,1,CLIFTON PD               ,,0,0,0,0,P,B,N,N,1,2,NJ 3                                              ,W,3,,00000003__      ,1.53,2,,2,1,6,1,1,1,500,FE,E,GARDEN STATE PARKWAY               ,,,,55,55,40.84959,74.17266,N,,7124,17:40,120+07445
2015160215-18134               ,PASSAIC     ,CLIFTON CITY            ,4/24/2015,F ,1558,1,CLIFTON PD               ,,0,0,0,0,P,B,N,N,1,2,NJ 3                                              ,W,3,,00000003__      ,,2,1,2,1,1,1,5,1,500,FE,E,,T,ROUTE 46 RAMP            ,WB,45,,,,N,NONE                                                                            ,508,16:00,120+07449
2.02E+17,PASSAIC     ,CLIFTON CITY            ,5/20/2016,F ,1238,1,CLIFTON PD               ,,0,0,0,0,P,B,N,N,1,2,NJ 3                                              ,W,3,,00000003__      ,,2,2,2,1,1,1,1,1,,,,,F,MAIN AVE                 ,WB,55,,,,N,NONE                                                                            ,7118,12:40,120+07449
2015160215-18325               ,PASSAIC     ,CLIFTON CITY            ,4/25/2015,SA,1756,1,CLIFTON PD               ,PATROL/C1      ,0,1,0,0,I,B,N,N,1,2,NJ 3                                              ,W,3,,00000003__      ,3.87,2,1,2,1,1,1,1,1,250,FE,E,CR 601 / MAIN AVE                  ,,,,55,,,,N,NONE                                                                            ,501,17:55,120+07442
2.02E+17,PASSAIC     ,CLIFTON CITY            ,2/1/2018,TH,1743,1,CLIFTON PD               ,,0,1,0,0,I,B,N,N,1,2,NJ 3                                              ,W,3,,00000003__      ,3.9,2,,2,2,7,2,1,1,400,FE,E,CR 601 / MAIN AVE                  ,,,,55,25,40.83133,74.1408,N,,7201,17:45,120+07442
2.02E+17,PASSAIC     ,CLIFTON CITY            ,5/20/2016,F ,1616,1,CLIFTON PD               ,,0,0,0,0,P,B,N,N,1,2,NJ 3                                              ,W,3,,00000003__      ,,2,5,2,1,1,1,1,1,,,,,F,MAIN AVE                 ,NB,,,,,N,NONE                                                                            ,7240,16:15,120+07449
2.02E+17,PASSAIC     ,CLIFTON CITY            ,3/21/2017,TU,1530,1,CLIFTON PD               ,,0,0,0,0,P,B,N,N,2,2,NJ 3                                              ,W,3,,00000003__      ,,2,,2,1,1,1,4,1,,,,,F,CR 603                   ,NB,25,,40.83448,74.14752,N,,7240,15:30,120+07449