CRASH_ID,CTY_NAME,MUN_NAME,DATE,DAY,TIME,POL_CODE,POL_DEPT,POL_STA,KILLED,INJURED,PED_KILL,PED_INJ,SEVERITY,INTERSEC,ALCOHOL,HAZMAT,CRASH_TYPE,VEH_COUNT,LOCATION,LOC_DIR,ROUTE,RT_SFX,SRI,MP,RD_SYS,RD_CHAR,RD_SURF,SURF_COND,LIGHT,WEATHER,RD_DIV,RD_WRKZN,X_DIST,DIST_UNT,X_DIR,X_NAME,IS_RAMP,RAMP_RT,RAMP_DIR,SPD_LMT,SPD_X,LAT,LONG,CELL_USE,PROP_DMG,BADGE,TIME_ROUND,TMC
2.02E+17,PASSAIC     ,CLIFTON CITY            ,5/24/2016,TU,827,1,CLIFTON PD               ,,0,0,0,0,P,B,N,N,1,2,NJ 3                                              ,W,3,,00000003__      ,1.87,2,1,2,2,1,2,1,1,500,FE,E,HEPBURN RD                         ,,,,55,25,,,N,NONE                                                                            ,7145,8:25,120+07445
2015160215-18481               ,PASSAIC     ,CLIFTON CITY            ,4/27/2015,M ,335,1,CLIFTON PD               ,,0,0,0,0,P,B,N,N,1,2,NJ 3                                              ,W,3,,00000003__      ,2.83,2,1,2,1,6,1,1,1,1000,FE,E,CR 622 / BLOOMFIELD AVE            ,,,,35,25,,,N,NONE                                                                            ,7028,3:35,120+07444
2.02E+17,PASSAIC     ,CLIFTON CITY            ,3/21/2017,TU,2013,1,CLIFTON PD               ,,0,0,0,0,P,B,N,N,2,2,NJ 3                                              ,W,3,,00000003__      ,3.82,2,,2,1,6,1,4,1,,,,,F,CR 601 / MAIN AVE        ,NB,55,,40.83123,74.14127,N,,548,20:15,120+07442
2013160213-2480                ,PASSAIC     ,CLIFTON CITY            ,3/2/2013,SA,2229,1,CLIFTON PD               ,CLIFTON        ,0,0,0,0,P,B,Y,N,1,2,NJ 3                                              ,W,3,,00000003__      ,,2,2,2,3,5,3,1,2,,,,,F,NJ 21                    ,NB,55,,,,N,NONE                                                                            ,5008,22:30,120+07449
2014160214-4703                ,PASSAIC     ,CLIFTON CITY            ,4/30/2014,W ,1515,1,CLIFTON PD               ,POST 7         ,0,0,0,0,P,I,N,N,1,2,NJ 3                                              ,W,3,,00000003__      ,,2,2,2,2,1,2,1,1,,AT,,,F,CR 603                   ,,55,,,,N,NONE                                                                            ,7030,15:15,120+07449
2.02E+17,PASSAIC     ,CLIFTON CITY            ,2/2/2018,FR,759,1,CLIFTON PD               ,,0,0,0,0,P,B,N,N,1,2,NJ 3                                              ,W,3,,00000003__      ,0.31,2,,2,1,1,1,5,1,750,FE,E,US 46                              ,,,,55,50,40.87095,74.18865,N,,7096,8:00,120+07449
2.02E+17,PASSAIC     ,CLIFTON CITY            ,2/2/2018,FR,1527,1,CLIFTON PD               ,,0,0,0,0,P,I,N,N,1,2,NJ 3                                              ,W,3,,00000003__      ,0.17,2,,2,1,1,1,1,1,,AT,,US 46                              ,,,,50,50,40.87205,74.18952,N,,7253,15:25,120+07449
2.02E+17,PASSAIC     ,CLIFTON CITY            ,5/24/2016,TU,1507,1,CLIFTON PD               ,,0,0,0,0,P,B,N,N,1,2,NJ 3                                              ,W,3,,00000003__      ,,2,4,2,1,1,1,1,1,,,,,F,GROVE STREET             ,,55,,,,N,NONE                                                                            ,7105,15:05,120+07449
2014160214-4791                ,PASSAIC     ,CLIFTON CITY            ,5/2/2014,F ,1808,1,CLIFTON PD               ,,0,1,0,0,I,B,N,N,1,3,NJ 3                                              ,W,3,,00000003__      ,2.7,2,1,2,1,1,1,1,1,300,FE,E,CR 622 / BLOOMFIELD AVE            ,,,,55,35,40.83992,74.16021,N,NONE                                                                            ,239,18:10,120+07444
2.02E+17,PASSAIC     ,CLIFTON CITY            ,2/2/2018,FR,2016,1,CLIFTON PD               ,,0,0,0,0,P,B,N,N,1,2,NJ 3                                              ,W,3,,00000003__      ,3.41,2,,2,1,6,1,1,2,,,,,F,PASSAIC AVE              ,NB,55,,40.83433,74.14782,N,,7224,20:15,120+07443
2.02E+17,PASSAIC     ,CLIFTON CITY            ,5/25/2016,W ,726,1,CLIFTON PD               ,,0,0,0,0,P,B,N,N,1,3,NJ 3                                              ,W,3,,00000003__      ,,2,1,2,1,1,1,1,1,100,FE,E,,T,BROAD ST                 ,NB,55,,,,N,NONE                                                                            ,7157,7:25,120+07449
2.02E+17,PASSAIC     ,CLIFTON CITY            ,2/3/2018,SA,802,1,CLIFTON PD               ,,0,2,0,0,I,B,N,N,2,2,NJ 3                                              ,W,3,,00000003__      ,0.36,2,,2,1,1,1,5,1,1000,FE,E,US 46                              ,,,,55,50,40.86955,74.18604,N,,7096,8:00,120+07449
2014160214-4797                ,PASSAIC     ,CLIFTON CITY            ,5/2/2014,F ,2049,1,CLIFTON PD               ,,0,1,0,0,I,B,N,N,2,2,NJ 3                                              ,W,3,,00000003__      ,,2,1,2,1,6,1,5,1,50,FE,,,T,CR 623                   ,,55,,,,N,NONE                                                                            ,508,20:50,120+07449
2.02E+17,PASSAIC     ,CLIFTON CITY            ,5/25/2016,W ,1529,1,CLIFTON PD               ,,0,0,0,0,P,I,N,N,1,2,NJ 3                                              ,W,3,,00000003__      ,0.3,2,1,2,1,1,1,1,1,,AT,,DONNALIN PL                        ,,,,35,25,,,N,NONE                                                                            ,7213,15:30,120+07449
2.02E+17,PASSAIC     ,CLIFTON CITY            ,3/22/2017,WE,1904,1,CLIFTON PD               ,,0,1,0,0,I,B,N,N,3,2,NJ 3                                              ,W,3,,00000003__      ,,2,,2,1,1,1,5,1,,,,,T,CR 603                   ,,55,,40.8348,74.14811,N,,7105,19:05,120+07449
2014160214-4815                ,PASSAIC     ,CLIFTON CITY            ,5/3/2014,SA,1222,1,CLIFTON PD               ,CLIFTON PD     ,0,0,0,0,P,B,N,N,2,2,NJ 3                                              ,W,3,,00000003__      ,1.18,2,1,2,1,1,1,5,1,400,FE,W,ROUTE 509 / BROAD ST               ,,,,55,25,40.85625,74.17899,N,NONE                                                                            ,,12:20,120P07447
2.02E+17,PASSAIC     ,CLIFTON CITY            ,5/26/2016,TH,744,1,CLIFTON PD               ,,0,0,0,0,P,B,N,N,1,2,NJ 3                                              ,W,3,,00000003__      ,3.36,2,1,2,1,1,1,5,1,300,FE,W,CR 603 / PASSAIC AVE               ,,,,55,25,,,N,NONE                                                                            ,7118,7:45,120+07443
2.02E+17,PASSAIC     ,CLIFTON CITY            ,2/3/2018,SA,1635,1,CLIFTON PD               ,,0,1,0,0,I,B,N,N,1,2,NJ 3                                              ,W,3,,00000003__      ,3.82,2,,2,1,1,1,1,1,,,,,F,MAIN AVE                 ,NB,55,,40.83129,74.14124,N,,7224,16:35,120+07442
2013160213-2578                ,PASSAIC     ,CLIFTON CITY            ,3/5/2013,TU,1353,1,CLIFTON PD               ,,0,0,0,0,P,B,N,N,1,2,NJ 3                                              ,W,3,,00000003__      ,,2,2,2,1,1,1,1,2,,,,,F,NJ 21                    ,,55,,,,N,,260,13:55,120+07449
2.02E+17,PASSAIC     ,CLIFTON CITY            ,3/23/2017,TH,740,1,CLIFTON PD               ,,0,0,0,0,P,B,N,N,1,2,NJ 3                                              ,W,3,,00000003__      ,,2,,2,1,1,1,1,1,,,,,F,CR 601                   ,SB,55,,40.83181,74.14107,N,,7135,7:40,120+07449
2013160213-2601                ,PASSAIC     ,CLIFTON CITY            ,3/5/2013,TU,2004,1,CLIFTON PD               ,POST 7         ,0,0,0,0,P,B,N,N,11,1,NJ 3                                              ,W,3,,00000003__      ,,2,1,2,1,7,1,1,2,,FE,,,,RT 21                    ,,,,,,N,,7030,20:05,120+07449
2014160214-4822                ,PASSAIC     ,CLIFTON CITY            ,5/3/2014,SA,1535,1,CLIFTON PD               ,PATROL         ,0,1,0,0,I,B,N,N,2,2,NJ 3                                              ,W,3,,00000003__      ,1.53,2,1,2,1,1,1,1,1,100,FE,E,PARKWAY NORTH RAMP                 ,,,,65,15,,,N,NONE                                                                            ,6019,15:35,120+07445
2015160215-19709               ,PASSAIC     ,CLIFTON CITY            ,5/4/2015,M ,737,1,CLIFTON PD               ,,0,0,0,0,P,B,N,N,1,2,NJ 3                                              ,W,3,,00000003__      ,,2,2,2,1,1,1,1,1,,,,,F,MAIN AVE                 ,WB,55,,,,N,,260,7:35,120+07449
2.02E+17,PASSAIC     ,CLIFTON CITY            ,5/26/2016,TH,1201,1,CLIFTON PD               ,,0,1,0,0,I,B,N,N,1,2,NJ 3                                              ,W,3,,00000003__      ,,2,2,2,1,1,1,1,1,,,,,F,PASSAIC AVE              ,WB,55,,,,N,NONE                                                                            ,7118,12:00,120+07449
2.02E+17,PASSAIC     ,CLIFTON CITY            ,3/23/2017,TH,743,1,CLIFTON PD               ,,0,0,0,0,P,B,N,N,2,2,NJ 3                                              ,W,3,,00000003__      ,,2,,1,1,1,1,1,1,,,,,T,NJ 21                    ,,55,,40.82368,74.12483,N,,7079,7:45,120+07449
2013160213-2622                ,PASSAIC     ,CLIFTON CITY            ,3/6/2013,W ,930,1,CLIFTON PD               ,,0,0,0,0,P,B,N,N,1,2,NJ 3                                              ,W,3,,00000003__      ,,2,5,2,1,1,1,1,1,,,,,T,US 46                    ,WB,50,,,,N,NONE                                                                            ,5020,9:30,120+07449
2014160214-4890                ,PASSAIC     ,CLIFTON CITY            ,5/5/2014,M ,936,1,CLIFTON PD               ,,0,0,0,0,P,B,N,N,1,2,NJ 3                                              ,W,3,,00000003__      ,,2,5,2,1,1,1,1,1,,,,,F,MAIN AVE                 ,,55,,,,N,NONE                                                                            ,5006,9:35,120+07449
2015160215-19911               ,PASSAIC     ,CLIFTON CITY            ,5/5/2015,TU,1149,1,CLIFTON PD               ,,0,0,0,0,P,B,N,N,15,2,NJ 3                                              ,W,3,,00000003__      ,1.44,2,1,2,1,1,1,1,1,100,FE,W,GSP                                ,,,,55,55,,,N,,260,11:50,120P07446
2.02E+17,PASSAIC     ,CLIFTON CITY            ,5/28/2016,SA,2244,1,CLIFTON PD               ,,0,0,0,0,P,B,N,N,2,2,NJ 3                                              ,W,3,,00000003__      ,,2,2,2,1,6,1,1,1,,,,,F,CR 603                   ,WB,55,,,,N,NONE                                                                            ,7175,22:45,120+07449
2.02E+17,PASSAIC     ,CLIFTON CITY            ,3/23/2017,TH,1508,1,CLIFTON PD               ,,0,0,0,0,P,B,N,N,1,2,NJ 3                                              ,W,3,,00000003__      ,,2,,2,1,1,1,5,1,,,,,F,CR 603                   ,WB,55,,40.83431,74.14789,N,,543,15:10,120+07449
2.02E+17,PASSAIC     ,CLIFTON CITY            ,2/5/2018,MO,849,1,CLIFTON PD               ,,0,0,0,0,P,B,N,N,1,2,NJ 3                                              ,W,3,,00000003__      ,0.42,2,,2,2,1,1,2,1,1320,FE,E,US 46                              ,,,,55,55,40.86913,74.18566,N,,7091,8:50,120+07449
2.02E+17,PASSAIC     ,CLIFTON CITY            ,3/23/2017,TH,1740,1,CLIFTON PD               ,,0,0,0,0,P,B,N,N,1,2,NJ 3                                              ,W,3,,00000003__      ,0.49,2,,2,1,1,2,1,1,100,FE,W,CR 623 / GROVE ST                  ,,,,55,35,40.86572,74.18224,N,,549,17:40,120+07449
2015160215-19922               ,PASSAIC     ,CLIFTON CITY            ,5/5/2015,TU,1241,1,CLIFTON PD               ,CLIFTON        ,0,0,0,0,P,B,N,N,1,2,NJ 3                                              ,W,3,,00000003__      ,1.69,2,1,2,1,1,1,1,3,500,FE,W,HEPBURN RD                         ,,,,55,,,,N,NONE                                                                            ,529,12:40,120+07445
2014160214-4896                ,PASSAIC     ,CLIFTON CITY            ,5/5/2014,M ,1058,1,CLIFTON PD               ,,0,0,0,0,P,B,N,N,2,2,NJ 3                                              ,W,3,,00000003__      ,4.89,2,2,2,1,1,1,1,2,15,FE,W,NJ 21                              ,,,,55,,40.82333,74.12466,N,NONE                                                                            ,277,11:00,120P04739
2013160213-2630                ,PASSAIC     ,CLIFTON CITY            ,3/6/2013,W ,1249,1,CLIFTON PD               ,,0,0,0,0,P,B,N,N,1,2,NJ 3                                              ,W,3,,00000003__      ,,2,2,2,1,1,1,1,1,,,,,F,PASSAIC COUNTY 601       ,,55,,,,N,,260,12:50,120+07449
2.02E+17,PASSAIC     ,CLIFTON CITY            ,5/29/2016,S ,1349,1,CLIFTON PD               ,,0,1,0,0,I,B,N,N,1,2,NJ 3                                              ,W,3,,00000003__      ,,2,1,2,1,1,1,5,1,,,,,F,CR 601                   ,WB,55,,,,N,NONE                                                                            ,7096,13:50,120+07449
2014160214-4951                ,PASSAIC     ,CLIFTON CITY            ,5/6/2014,TU,1844,1,CLIFTON PD               ,,0,2,0,0,I,B,N,N,1,2,NJ 3                                              ,W,3,,00000003__      ,0.14,2,1,2,1,1,1,1,1,750,FE,E,US 46                              ,,,,55,55,40.86988,74.18771,N,NONE                                                                            ,239,18:45,120+07449
2.02E+17,PASSAIC     ,CLIFTON CITY            ,5/30/2016,M ,1129,1,CLIFTON PD               ,,0,0,0,0,P,B,N,N,2,3,NJ 3                                              ,W,3,,00000003__      ,,2,1,2,1,1,5,5,1,,,,,F,MAIN AVE RAMP            ,WB,55,,,,N,NONE                                                                            ,7096,11:30,120+07449
2.02E+17,PASSAIC     ,CLIFTON CITY            ,3/24/2017,FR,1710,1,CLIFTON PD               ,,0,0,0,0,P,B,N,N,1,2,NJ 3                                              ,W,3,,00000003__      ,,2,,2,1,1,1,2,1,,,,,T,CR 602                   ,EB,55,,40.85446,74.17649,N,,544,17:10,120+07449
2.02E+17,PASSAIC     ,CLIFTON CITY            ,2/6/2018,TU,1716,1,CLIFTON PD               ,,0,3,0,0,I,B,N,N,1,3,NJ 3                                              ,W,3,,00000003__      ,0.37,2,,2,1,3,1,1,1,750,FE,W,CR 623 / GROVE ST                  ,,,,55,35,40.86861,74.18503,N,,,17:15,120+07449
2.02E+17,PASSAIC     ,CLIFTON CITY            ,3/24/2017,FR,1940,1,CLIFTON PD               ,,0,0,0,0,P,B,N,N,1,2,NJ 3                                              ,W,3,,00000003__      ,0.6,2,,2,1,5,1,1,1,500,FE,E,CR 623 / GROVE ST                  ,,,,55,35,,,N,,7153,19:40,120P07448
2.02E+17,PASSAIC     ,CLIFTON CITY            ,5/31/2016,TU,1719,1,CLIFTON PD               ,,0,0,0,0,P,B,N,N,1,3,NJ 3                                              ,W,3,,00000003__      ,,2,1,2,1,1,1,1,1,500,FE,E,,T,BROAD ST                 ,,55,,,,N,NONE                                                                            ,7224,17:20,120+07449
2.02E+17,PASSAIC     ,CLIFTON CITY            ,2/7/2018,WE,922,1,CLIFTON PD               ,,0,1,0,0,I,B,N,N,11,2,NJ 3                                              ,W,3,,00000003__      ,1.57,2,,2,5,1,3,1,1,200,FE,E,GARDEN STATE PARKWAY               ,,,,55,,40.85098,74.17362,N,,7123,9:20,120+07445
2.02E+17,PASSAIC     ,CLIFTON CITY            ,6/1/2016,W ,834,1,CLIFTON PD               ,,0,1,0,0,I,B,N,N,1,2,NJ 3                                              ,W,3,,00000003__      ,1.89,2,2,2,1,1,1,1,1,600,FE,E,HEPBURN RD                         ,,,,55,25,,,N,NONE                                                                            ,7118,8:35,120+07445
2013160213-2738                ,PASSAIC     ,CLIFTON CITY            ,3/8/2013,F ,1926,1,CLIFTON PD               ,CLIFTON        ,0,0,0,0,P,B,N,N,2,2,NJ 3                                              ,W,3,,00000003__      ,1.44,2,2,2,2,6,1,1,1,200,FE,E,GARDEN STATE PARKWAY               ,,,,50,50,,,N,NONE *AMERICAN ALTERNATIVES-KOROTKIN INSURANCE GROUP                            ,12515,19:25,120P07446
2014160214-498                 ,PASSAIC     ,CLIFTON CITY            ,1/14/2014,TU,1931,1,CLIFTON PD               ,,0,0,0,0,P,B,N,N,2,2,NJ 3                                              ,W,3,,00000003__      ,1.44,2,1,2,2,6,2,1,1,300,FE,E,PARKWAY SOUTH                      ,,,,55,30,,,N,NONE                                                                            ,239,19:30,120P07446
2.02E+17,PASSAIC     ,CLIFTON CITY            ,3/26/2017,SU,1546,1,CLIFTON PD               ,,0,0,0,0,P,B,N,N,1,2,NJ 3                                              ,W,3,,00000003__      ,,2,,2,1,1,1,4,1,,,,,T,CR 622                   ,NB,55,,40.8408,74.16066,N,,7240,15:45,120+07449
2.02E+17,PASSAIC     ,CLIFTON CITY            ,2/7/2018,WE,1104,1,CLIFTON PD               ,,0,0,0,0,P,B,N,N,11,1,NJ 3                                              ,W,3,,00000003__      ,0.57,2,,2,5,1,3,1,1,300,FE,E,CR 623 / GROVE ST                  ,,,,55,35,40.86306,74.18089,N,,7098,11:05,120P07448
2.02E+17,PASSAIC     ,CLIFTON CITY            ,6/1/2016,W ,1628,1,CLIFTON PD               ,,0,1,0,0,I,B,N,N,1,2,NJ 3                                              ,W,3,,00000003__      ,3.8,2,2,2,1,1,1,5,1,300,FE,W,,F,CR 601                   ,,55,,,,N,NONE                                                                            ,7211,16:30,120+07442
2013160213-2813                ,PASSAIC     ,CLIFTON CITY            ,3/10/2013,S ,1752,1,CLIFTON PD               ,POST 7         ,0,0,0,0,P,I,N,N,1,2,NJ 3                                              ,W,3,,00000003__      ,,2,5,2,1,1,1,1,1,,AT,,,F,MAIN AVE                 ,,,,,,N,NONE                                                                            ,7030,17:50,120+07449
2014160214-4982                ,PASSAIC     ,CLIFTON CITY            ,5/7/2014,W ,1520,1,CLIFTON PD               ,POST 7         ,0,0,0,0,P,I,N,N,1,2,NJ 3                                              ,W,3,,00000003__      ,,2,5,2,1,1,1,1,2,,AT,,,F,MAIN AVE                 ,,55,,,,N,NONE                                                                            ,7030,15:20,120+07449
2.02E+17,PASSAIC     ,CLIFTON CITY            ,3/26/2017,SU,1553,1,CLIFTON PD               ,,0,0,0,0,P,B,N,N,2,2,NJ 3                                              ,W,3,,00000003__      ,,2,,2,1,1,1,4,1,,,,,T,CR 601                   ,SB,55,,40.83161,74.14082,N,,7204,15:55,120+07449
2013160213-2821                ,PASSAIC     ,CLIFTON CITY            ,3/10/2013,S ,2112,1,CLIFTON PD               ,CLIFTON        ,0,0,0,0,P,I,N,N,1,2,NJ 3                                              ,W,3,,00000003__      ,4.89,2,6,2,1,6,1,1,2,,AT,,NJ 21                              ,,,,50,50,,,N,,187,21:10,120P04739
2015160215-20923               ,PASSAIC     ,CLIFTON CITY            ,5/11/2015,M ,1314,1,CLIFTON PD               ,,0,0,0,0,P,B,N,N,1,2,NJ 3                                              ,W,3,,00000003__      ,,2,2,2,1,1,1,1,1,,,,,F,CR 601                   ,WB,55,,,,N,,260,13:15,120+07449
2.02E+17,PASSAIC     ,CLIFTON CITY            ,6/2/2016,TH,2203,1,CLIFTON PD               ,,0,0,0,0,P,B,N,N,1,2,NJ 3                                              ,W,3,,00000003__      ,,2,2,2,1,6,1,1,1,,,,,F,CR 603                   ,NB,55,,,,N,NONE                                                                            ,7140,22:05,120+07449
2.02E+17,PASSAIC     ,CLIFTON CITY            ,3/27/2017,MO,926,1,CLIFTON PD               ,,0,0,0,0,P,B,N,N,1,2,NJ 3                                              ,W,3,,00000003__      ,2.67,2,,2,2,1,2,5,1,150,FE,E,CR 622 / BLOOMFIELD AVE            ,,,,55,25,40.84064,74.16044,N,,7096,9:25,120+07444
2014160214-5029                ,PASSAIC     ,CLIFTON CITY            ,5/8/2014,TH,1802,1,CLIFTON PD               ,PATROL         ,0,0,0,0,P,B,N,N,1,2,NJ 3                                              ,W,3,,00000003__      ,,2,5,2,1,1,5,2,1,,,,,F,GROVE ST                 ,NB,50,,,,N,NONE                                                                            ,8036,18:00,120+07449
2015160215-21063               ,PASSAIC     ,CLIFTON CITY            ,5/12/2015,TU,816,1,CLIFTON PD               ,,0,0,0,0,P,B,N,N,1,2,NJ 3                                              ,W,3,,00000003__      ,,2,1,2,1,1,1,1,1,,,,,F,CR 603                   ,WB,55,,,,N,,260,8:15,120+07449
2.02E+17,PASSAIC     ,CLIFTON CITY            ,6/4/2016,SA,2113,1,CLIFTON PD               ,,0,0,0,0,P,B,N,N,1,2,NJ 3                                              ,W,3,,00000003__      ,0,2,1,2,2,4,2,1,1,,,W,US 46                              ,,,,50,50,,,N,NONE                                                                            ,7080,21:15,120+07449
2.02E+17,PASSAIC     ,CLIFTON CITY            ,2/8/2018,TH,939,1,CLIFTON PD               ,,0,1,0,0,I,B,N,N,1,3,NJ 3                                              ,W,3,,00000003__      ,0.01,2,,2,2,1,1,2,1,200,FE,W,US 46 / CR 621 / VALLEY RD         ,,,,50,25,40.87008,74.18583,N,,,9:40,120+07449
2.02E+17,PASSAIC     ,CLIFTON CITY            ,3/28/2017,TU,749,1,CLIFTON PD               ,,0,0,0,0,P,B,N,N,8,2,NJ 3                                              ,W,3,,00000003__      ,0.55,2,,2,1,1,1,5,1,200,FE,E,CR 623 / GROVE ST                  ,,,,55,35,,,N,,7131,7:50,120+07449
2013160213-2829                ,PASSAIC     ,CLIFTON CITY            ,3/11/2013,M ,626,1,CLIFTON PD               ,,0,0,0,0,P,B,N,N,2,2,NJ 3                                              ,W,3,,00000003__      ,,2,6,1,1,6,1,1,2,100,FE,E,,T,ROUTE 21                 ,,55,,,,N,NONE                                                                            ,7027,6:25,120+07449
2014160214-5072                ,PASSAIC     ,CLIFTON CITY            ,5/9/2014,F ,1605,1,CLIFTON PD               ,CLIFTON        ,0,0,0,0,P,B,N,N,1,2,NJ 3                                              ,W,3,,00000003__      ,0.51,2,2,2,2,1,2,1,1,1000,FE,,CR 623 / GROVE ST                  ,,,,50,,,,N,NONE                                                                            ,622,16:05,120+07449
2015160215-21137               ,PASSAIC     ,CLIFTON CITY            ,5/12/2015,TU,1802,1,CLIFTON PD               ,,0,0,0,0,P,I,N,N,1,2,NJ 3                                              ,W,3,,00000003__      ,,2,1,2,1,1,1,5,1,,AT,,,T,CR 623                   ,,55,,,,N,NONE                                                                            ,508,18:00,120+07449
2.02E+17,PASSAIC     ,CLIFTON CITY            ,3/28/2017,TU,911,1,CLIFTON PD               ,,0,0,0,0,P,B,N,N,1,2,NJ 3                                              ,W,3,,00000003__      ,0.09,2,,2,2,1,5,2,1,500,FE,E,US 46                              ,,,,50,50,40.87069,74.18903,N,,7155,9:10,120+07449
2.02E+17,PASSAIC     ,CLIFTON CITY            ,2/8/2018,TH,1451,1,CLIFTON PD               ,,0,0,0,0,P,B,N,N,1,2,NJ 3                                              ,W,3,,00000003__      ,3.43,2,,2,1,1,1,1,1,50,FE,E,CR 603 / PASSAIC AVE               ,,,,55,25,40.83545,74.15033,N,,7201,14:50,120+07443
2014160214-5090                ,PASSAIC     ,CLIFTON CITY            ,5/10/2014,SA,659,1,CLIFTON PD               ,,0,0,0,0,P,B,N,N,2,2,NJ 3                                              ,W,3,,00000003__      ,2.58,2,1,2,2,1,1,1,1,300,FE,W,CR 622 / BLOOMFIELD AVE            ,,,,55,35,40.84084,74.16213,N,,523,7:00,120+07444
2.02E+17,PASSAIC     ,CLIFTON CITY            ,2/11/2018,SU,1728,1,CLIFTON PD               ,,0,1,0,0,I,B,N,N,1,2,NJ 3                                              ,W,3,,00000003__      ,3.83,2,,2,2,6,1,1,1,,,,,F,CR 601                   ,WB,55,,40.83129,74.14116,N,,7275,17:30,120+07442
2015160215-21487               ,PASSAIC     ,CLIFTON CITY            ,5/14/2015,TH,1840,1,CLIFTON PD               ,,0,0,0,0,P,B,N,N,1,2,NJ 3                                              ,W,3,,00000003__      ,,2,1,2,1,1,1,4,1,500,FE,,,F,RT 21                    ,,55,,,,N,,14530,18:40,120+07449
2.02E+17,PASSAIC     ,CLIFTON CITY            ,3/28/2017,TU,1803,1,CLIFTON PD               ,,0,0,0,0,P,B,N,N,2,2,NJ 3                                              ,W,3,,00000003__      ,0.52,2,,2,2,1,2,1,1,75,FE,E,CR 623 / GROVE ST                  ,,,,55,35,40.86435,74.18141,N,,7166,18:05,120+07449
2.02E+17,PASSAIC     ,CLIFTON CITY            ,2/11/2018,SU,1755,1,CLIFTON PD               ,,0,0,0,0,P,B,N,N,2,2,NJ 3                                              ,W,3,,00000003__      ,2.63,2,,2,2,6,2,1,1,45,FE,W,CR 622 / BLOOMFIELD AVE            ,,,,55,35,40.84158,74.1633,N,,7251,17:55,120+07444
2.02E+17,PASSAIC     ,CLIFTON CITY            ,6/8/2016,W ,34,1,CLIFTON PD               ,,0,0,0,0,P,B,Y,N,11,1,NJ 3                                              ,W,3,,00000003__      ,4.44,2,1,2,1,6,1,1,1,2400,FE,W,NJ 21                              ,,,,55,55,,,N,GUARD RAIL                                                                      ,7198,3:35,120+04740
2.02E+17,PASSAIC     ,CLIFTON CITY            ,2/12/2018,MO,857,1,CLIFTON PD               ,,0,1,0,0,I,B,N,N,1,3,NJ 3                                              ,W,3,,00000003__      ,2.63,2,,2,1,1,1,1,1,50,FE,W,CR 622 / BLOOMFIELD AVE            ,,,,55,35,40.84064,74.16044,N,,,8:55,120+07444
2014160214-5159                ,PASSAIC     ,CLIFTON CITY            ,5/11/2014,S ,2154,1,CLIFTON PD               ,PATROL         ,0,0,0,0,P,I,N,N,1,2,NJ 3                                              ,W,3,,00000003__      ,,2,5,2,1,6,1,1,1,,AT,,,F,MAIN AVENUE              ,,,,,,N,NONE                                                                            ,512,21:55,120+07449
2013160213-2915                ,PASSAIC     ,CLIFTON CITY            ,3/13/2013,W ,639,1,CLIFTON PD               ,CLIFTON        ,0,0,0,0,P,B,N,N,1,2,NJ 3                                              ,W,3,,00000003__      ,,2,5,2,1,2,1,2,1,,,,,F,CR 603                   ,WB,55,,,,N,NONE                                                                            ,12514,6:40,120+07449
2.02E+17,PASSAIC     ,CLIFTON CITY            ,2/13/2018,TU,750,1,CLIFTON PD               ,,0,0,0,0,P,B,N,N,2,2,NJ 3                                              ,W,3,,00000003__      ,0.42,2,,2,1,1,1,1,1,500,FE,W,CR 623 / GROVE ST                  ,,,,55,25,40.8663,74.18273,N,,7091,7:50,120+07449
2014160214-5164                ,PASSAIC     ,CLIFTON CITY            ,5/12/2014,M ,204,1,CLIFTON PD               ,,0,0,0,0,P,B,N,N,3,2,NJ 3                                              ,W,3,,00000003__      ,3.23,2,2,2,1,6,1,1,1,1000,FE,W,CR 603 / PASSAIC AVE               ,,,,55,35,40.83584,74.15168,N,NONE                                                                            ,523,2:05,120P07443
2.02E+17,PASSAIC     ,CLIFTON CITY            ,6/9/2016,TH,1141,1,CLIFTON PD               ,,0,0,0,0,P,I,N,N,1,2,NJ 3                                              ,W,3,,00000003__      ,3.82,2,1,2,1,1,1,1,1,,AT,,CR 601 / MAIN AVE                  ,,,,55,40,,,N,NONE                                                                            ,7128,11:40,120+07442