CRASH_ID,CTY_NAME,MUN_NAME,DATE,DAY,TIME,POL_CODE,POL_DEPT,POL_STA,KILLED,INJURED,PED_KILL,PED_INJ,SEVERITY,INTERSEC,ALCOHOL,HAZMAT,CRASH_TYPE,VEH_COUNT,LOCATION,LOC_DIR,ROUTE,RT_SFX,SRI,MP,RD_SYS,RD_CHAR,RD_SURF,SURF_COND,LIGHT,WEATHER,RD_DIV,RD_WRKZN,X_DIST,DIST_UNT,X_DIR,X_NAME,IS_RAMP,RAMP_RT,RAMP_DIR,SPD_LMT,SPD_X,LAT,LONG,CELL_USE,PROP_DMG,BADGE,TIME_ROUND,TMC
2015160215-21813               ,PASSAIC     ,CLIFTON CITY            ,5/16/2015,SA,1909,1,CLIFTON PD               ,CLIFTON        ,0,0,0,0,P,B,N,N,11,1,NJ 3                                              ,W,3,,00000003__      ,,2,2,2,2,1,2,1,1,200,FE,E,,T,PARKWAY                  ,SB,55,,,,N,GUARD ? BASE                                                                    ,5008,19:10,120+07449
2.02E+17,PASSAIC     ,CLIFTON CITY            ,2/13/2018,TU,1746,1,CLIFTON PD               ,,0,0,0,0,P,B,N,N,1,2,NJ 3                                              ,W,3,,00000003__      ,3.91,2,,2,1,6,1,1,1,500,FE,E,CR 601 / MAIN AVE                  ,,,,55,25,40.82951,74.13752,N,,7269,17:45,120+07442
2013160213-2942                ,PASSAIC     ,CLIFTON CITY            ,3/13/2013,W ,1530,1,CLIFTON PD               ,POST 7         ,0,0,0,0,P,I,N,N,1,2,NJ 3                                              ,W,3,,00000003__      ,,2,5,2,1,1,1,1,1,,AT,,,F,PASSAIC AVE              ,,55,,,,N,NONE                                                                            ,7030,15:30,120+07449
2.02E+17,PASSAIC     ,CLIFTON CITY            ,6/10/2016,F ,849,1,CLIFTON PD               ,,0,0,0,0,P,B,N,N,1,2,NJ 3                                              ,W,3,,00000003__      ,,2,1,2,1,1,1,1,1,,,,,T,GROVE ST                 ,WB,55,,,,N,NONE                                                                            ,7128,8:50,120+07449
2.02E+17,PASSAIC     ,CLIFTON CITY            ,2/14/2018,WE,1323,1,CLIFTON PD               ,,0,0,0,0,P,B,N,N,1,2,NJ 3                                              ,W,3,,00000003__      ,3.81,2,,2,1,1,1,1,1,,,,,F,MAIN AVE                 ,SB,55,,40.83133,74.1408,N,,7157,13:25,120+07442
2013160213-295                 ,PASSAIC     ,CLIFTON CITY            ,1/9/2013,W ,757,1,CLIFTON PD               ,CLIFTON        ,0,0,0,0,P,B,N,N,1,3,NJ 3                                              ,W,3,,00000003__      ,4.9,2,4,2,1,1,1,5,1,50,FE,E,NJ 21                              ,,,,55,,,,N,,269,7:55,120P04739
2014160214-5169                ,PASSAIC     ,CLIFTON CITY            ,5/12/2014,M ,708,1,CLIFTON PD               ,,0,0,0,0,P,B,N,N,1,2,NJ 3                                              ,W,3,,00000003__      ,3.42,2,1,2,1,1,1,5,1,,FE,E,CR 603 / PASSAIC AVE               ,,,,58,35,,,N,NONE                                                                            ,274,7:10,120+07443
2.02E+17,PASSAIC     ,CLIFTON CITY            ,6/10/2016,F ,1347,1,CLIFTON PD               ,,0,0,0,0,P,B,N,N,1,2,NJ 3                                              ,W,3,,00000003__      ,,2,1,2,1,1,1,1,1,,,,,F,MAIN AVE                 ,WB,55,,,,N,NONE                                                                            ,7128,13:45,120+07449
2013160213-2984                ,PASSAIC     ,CLIFTON CITY            ,3/14/2013,TH,1639,1,CLIFTON PD               ,,0,0,0,0,P,B,N,N,1,2,NJ 3                                              ,W,3,,00000003__      ,0.15,2,1,2,1,1,1,1,1,800,FE,E,US 46                              ,,,,55,50,,,N,NONE                                                                            ,239,16:40,120+07449
2014160214-5201                ,PASSAIC     ,CLIFTON CITY            ,5/12/2014,M ,2145,1,CLIFTON PD               ,POST 7         ,0,0,0,0,P,I,N,N,1,2,NJ 3                                              ,W,3,,00000003__      ,3.42,2,5,2,1,5,1,1,1,,AT,,CR 603 / PASSAIC AVE               ,,,,55,,40.83439,74.1486,N,NONE                                                                            ,7030,21:45,120+07443
2.02E+17,PASSAIC     ,CLIFTON CITY            ,6/11/2016,SA,1535,1,CLIFTON PD               ,,0,1,0,0,I,B,N,N,2,2,NJ 3                                              ,W,3,,00000003__      ,0.1,2,1,2,1,1,1,1,1,200,FE,E,VALLEY ROAD                        ,,,,55,35,,,N,NONE                                                                            ,7166,15:35,120+07449
2.02E+17,PASSAIC     ,CLIFTON CITY            ,4/1/2017,SA,1718,1,CLIFTON PD               ,,0,0,0,0,P,I,N,N,1,2,NJ 3                                              ,W,3,,00000003__      ,,2,,2,1,1,1,1,1,,AT,,,F,CR 601                   ,,55,,,,N,,7224,17:20,120+07449
2015160215-22209               ,PASSAIC     ,CLIFTON CITY            ,5/19/2015,TU,1014,1,CLIFTON PD               ,,0,0,0,0,P,B,N,N,15,1,NJ 3                                              ,W,3,,00000003__      ,3.4,2,2,2,2,1,1,1,1,100,FE,W,CR 603 / PASSAIC AVE               ,,,,55,35,,,N,,260,10:15,120+07443
2.02E+17,PASSAIC     ,CLIFTON CITY            ,2/14/2018,WE,1820,1,CLIFTON PD               ,,0,0,0,0,P,B,N,N,1,2,NJ 3                                              ,W,3,,00000003__      ,3.83,2,,2,1,6,1,4,1,50,FE,E,CR 601 / MAIN AVE                  ,,,,55,25,40.83133,74.1408,N,,7211,18:20,120+07442
2014160214-5210                ,PASSAIC     ,CLIFTON CITY            ,5/13/2014,TU,809,1,CLIFTON PD               ,,0,0,0,0,P,B,N,N,1,2,NJ 3                                              ,W,3,,00000003__      ,,2,2,2,1,1,1,1,2,,FE,W,,F,MAIN AVE                 ,WB,55,,,,N,,260,8:10,120+07449
2.02E+17,PASSAIC     ,CLIFTON CITY            ,6/16/2016,TH,926,1,CLIFTON PD               ,,0,0,0,0,P,B,N,N,1,2,NJ 3                                              ,W,3,,00000003__      ,,2,2,2,2,1,5,1,1,,,,,F,PASSAIC AVE              ,,55,,,,N,NONE                                                                            ,7124,9:25,120+07449
2.02E+17,PASSAIC     ,CLIFTON CITY            ,4/1/2017,SA,2226,1,CLIFTON PD               ,,0,0,0,0,P,B,N,N,1,2,NJ 3                                              ,W,3,,00000003__      ,,2,,2,1,7,1,5,1,,,,,F,GROVE ST                 ,NB,55,,40.86511,74.18172,N,,546,22:25,120+07449
2.02E+17,PASSAIC     ,CLIFTON CITY            ,6/16/2016,TH,1741,1,CLIFTON PD               ,,0,1,0,0,I,B,N,N,1,2,NJ 3                                              ,W,3,,00000003__      ,0.49,2,1,2,1,1,1,1,1,100,FE,W,CR 623 / GROVE ST                  ,,,,55,35,,,N,NONE                                                                            ,7166,17:40,120+07449
2.02E+17,PASSAIC     ,CLIFTON CITY            ,2/15/2018,TH,628,1,CLIFTON PD               ,,0,0,0,0,P,B,N,N,15,1,NJ 3                                              ,W,3,,00000003__      ,1.17,2,,2,2,1,5,1,1,500,FE,W,ROUTE 509 / BROAD ST               ,,,,55,25,40.85963,74.17974,N,,7267,6:30,120P07447
2.02E+17,PASSAIC     ,CLIFTON CITY            ,4/3/2017,MO,722,1,CLIFTON PD               ,,0,0,0,0,P,B,N,N,1,2,NJ 3                                              ,W,3,,00000003__      ,3.5,2,,2,1,1,1,1,1,,,,,F,CR 603                   ,WB,35,,40.8348,74.14806,N,,7152,7:20,120+07443
2015160215-22213               ,PASSAIC     ,CLIFTON CITY            ,5/19/2015,TU,1028,1,CLIFTON PD               ,,0,0,0,0,P,B,N,N,15,1,NJ 3                                              ,W,3,,00000003__      ,,2,2,2,2,1,5,1,1,50,FE,W,,F,CR 603                   ,,55,,,,N,NONE                                                                            ,7027,10:30,120+07449
2.02E+17,PASSAIC     ,CLIFTON CITY            ,2/15/2018,TH,719,1,CLIFTON PD               ,,0,0,0,0,P,B,N,N,15,1,NJ 3                                              ,W,3,,00000003__      ,1.17,2,,2,2,1,5,2,1,500,FE,W,ROUTE 509 / BROAD ST               ,,,,55,25,40.85963,74.17974,N,,7267,7:20,120P07447
2015160215-22214               ,PASSAIC     ,CLIFTON CITY            ,5/19/2015,TU,1033,1,CLIFTON PD               ,,0,0,0,0,P,B,N,N,15,1,NJ 3                                              ,W,3,,00000003__      ,3.39,2,2,2,2,1,2,1,1,150,FE,W,CR 603 / PASSAIC AVE               ,,,,55,,,,N,NO                                                                              ,85163,10:35,120+07443
2014160214-5232                ,PASSAIC     ,CLIFTON CITY            ,5/13/2014,TU,2103,1,CLIFTON PD               ,PATROL CAR #7  ,0,1,0,0,I,B,N,N,1,2,NJ 3                                              ,W,3,,00000003__      ,,2,1,2,1,6,1,1,1,100,FE,E,,T,BLOOMFIELD AVE           ,,35,,,,N,NONE                                                                            ,16502,21:05,120+07449
2.02E+17,PASSAIC     ,CLIFTON CITY            ,6/17/2016,F ,1559,1,CLIFTON PD               ,,0,1,0,0,I,B,N,N,1,2,NJ 3                                              ,W,3,,00000003__      ,,2,1,2,1,1,1,1,1,600,FE,E,,T,MAIN AVE                 ,NB,55,,,,N,NONE                                                                            ,7153,16:00,120+07449
2013160213-3148                ,PASSAIC     ,CLIFTON CITY            ,3/18/2013,M ,1836,1,CLIFTON PD               ,PATROL         ,0,1,0,0,I,B,N,N,11,2,NJ 3                                              ,W,3,,00000003__      ,2.64,2,1,2,3,3,3,1,1,20,FE,W,CR 622 / BLOOMFIELD AVE            ,,,,55,35,,,N,NONE                                                                            ,6017,18:35,120+07444
2014160214-5257                ,PASSAIC     ,CLIFTON CITY            ,5/14/2014,W ,1337,1,CLIFTON PD               ,,0,0,0,0,P,B,N,N,1,2,NJ 3                                              ,W,3,,00000003__      ,,2,2,2,1,1,1,1,2,,,,,F,CR 601                   ,WB,55,,,,N,,260,13:35,120+07449
2015160215-22288               ,PASSAIC     ,CLIFTON CITY            ,5/14/2015,TH,1800,1,CLIFTON PD               ,??             ,0,2,0,0,I,B,N,N,1,2,NJ 3                                              ,W,3,,00000003__      ,,2,1,2,1,1,1,4,1,200,FE,E,,F,CR 624                   ,,55,,,,N,,14530,18:00,120+07449
2.02E+17,PASSAIC     ,CLIFTON CITY            ,6/17/2016,F ,1827,1,CLIFTON PD               ,,0,0,0,0,P,B,N,N,1,2,NJ 3                                              ,W,3,,00000003__      ,,2,6,2,1,1,1,5,1,,,,,F,MAIN AVE                 ,,55,,,,N,NONE                                                                            ,7201,18:25,120+07449
2.02E+17,PASSAIC     ,CLIFTON CITY            ,4/4/2017,TU,755,1,CLIFTON PD               ,,0,0,0,0,P,B,N,N,1,2,NJ 3                                              ,W,3,,00000003__      ,1.28,2,,2,2,1,2,5,1,300,FE,,ROUTE 509 / BROAD ST               ,,,,55,35,,,N,,7131,7:55,120+07447
2.02E+17,PASSAIC     ,CLIFTON CITY            ,4/5/2017,WE,1354,1,CLIFTON PD               ,,0,0,0,0,P,B,N,N,2,2,NJ 3                                              ,W,3,,00000003__      ,4.1,2,,2,1,1,1,1,1,1500,FE,E,CR 601 / MAIN AVE                  ,,,,55,,40.8289,74.1362,N,,7079,13:55,120+07442
2.02E+17,PASSAIC     ,CLIFTON CITY            ,2/15/2018,TH,834,1,CLIFTON PD               ,,0,0,0,0,P,B,N,N,1,2,NJ 3                                              ,W,3,,00000003__      ,,2,,2,1,1,5,5,1,,,,,F,MAIN AVENUE              ,WB,55,,40.83125,74.14123,N,,7131,8:35,120+07449
2013160213-3211                ,PASSAIC     ,CLIFTON CITY            ,3/20/2013,W ,849,1,CLIFTON PD               ,CLIFTON        ,0,0,0,0,P,B,N,N,1,2,NJ 3                                              ,W,3,,00000003__      ,0.53,2,1,2,1,1,1,5,1,100,FE,E,CR 623 / GROVE ST                  ,,,,55,,,,N,,269,8:50,120+07449
2014160214-5300                ,PASSAIC     ,CLIFTON CITY            ,5/15/2014,TH,1647,1,CLIFTON PD               ,,0,0,0,0,P,B,N,N,1,2,NJ 3                                              ,W,3,,00000003__      ,1.44,2,1,2,1,1,1,1,1,500,FE,E,PARKWAY SOUTH RAMP                 ,,,,35,55,,,N,NONE                                                                            ,239,16:45,120P07446
2015160215-22509               ,PASSAIC     ,CLIFTON CITY            ,5/20/2015,W ,1847,1,CLIFTON PD               ,,0,0,0,0,P,B,N,N,1,2,NJ 3                                              ,W,3,,00000003__      ,,2,1,2,1,1,1,1,1,,,,,,,,55,,,,N,NONE                                                                            ,239,18:45,120+07449
2.02E+17,PASSAIC     ,CLIFTON CITY            ,6/18/2016,SA,1702,1,CLIFTON PD               ,,0,0,0,0,P,B,N,N,1,2,NJ 3                                              ,W,3,,00000003__      ,,2,6,2,1,1,1,5,1,,,,,F,MAIN AVE                 ,,55,,,,Y,NONE                                                                            ,7201,17:00,120+07449
2014160214-5304                ,PASSAIC     ,CLIFTON CITY            ,5/15/2014,TH,1740,1,CLIFTON PD               ,PATROL         ,0,0,0,0,P,I,N,N,2,2,NJ 3                                              ,W,3,,00000003__      ,4.89,2,4,2,1,1,1,1,1,,AT,,NJ 21                              ,,,,45,35,40.82333,74.12466,N,NONE                                                                            ,500,17:40,120P04739
2.02E+17,PASSAIC     ,CLIFTON CITY            ,4/6/2017,TH,1203,1,CLIFTON PD               ,,0,0,0,0,P,B,N,N,2,2,NJ 3                                              ,W,3,,00000003__      ,4.89,2,,2,0,1,2,1,1,5,FE,W,,F,NJ 21                    ,WB,55,,,,N,,7128,12:05,120P04739
2013160213-3217                ,PASSAIC     ,CLIFTON CITY            ,3/20/2013,W ,1220,1,CLIFTON PD               ,,0,0,0,0,P,B,N,N,1,2,NJ 3                                              ,W,3,,00000003__      ,,2,2,2,1,1,1,1,2,,,,,F,NJ 21                    ,,55,,,,N,,260,12:20,120+07449
2.02E+17,PASSAIC     ,CLIFTON CITY            ,6/21/2016,TU,1212,1,CLIFTON PD               ,,0,0,0,0,P,B,N,N,2,2,NJ 3                                              ,W,3,,00000003__      ,,2,1,2,1,1,1,1,1,1320,FE,E,,T,PASSAIC COUNTY 623       ,NB,55,,,,N,NONE                                                                            ,7144,12:10,120+07449
2.02E+17,PASSAIC     ,CLIFTON CITY            ,2/15/2018,TH,1517,1,CLIFTON PD               ,,0,1,0,0,I,B,N,N,1,2,NJ 3                                              ,W,3,,00000003__      ,3.83,2,,2,1,1,1,2,1,50,FE,E,CR 601 / MAIN AVE                  ,,,,55,25,40.83133,74.1408,N,,7201,15:15,120+07442
2013160213-3226                ,PASSAIC     ,CLIFTON CITY            ,3/20/2013,W ,1517,1,CLIFTON PD               ,POST 7         ,0,0,0,0,P,I,N,N,1,2,NJ 3                                              ,W,3,,00000003__      ,,2,5,2,1,1,1,1,1,,AT,,,F,MAIN AVE                 ,,55,,,,N,NONE                                                                            ,7030,15:15,120+07449
2015160215-22804               ,PASSAIC     ,CLIFTON CITY            ,5/22/2015,F ,914,1,CLIFTON PD               ,CLIFTON        ,0,0,0,0,P,B,N,N,1,2,NJ 3                                              ,W,3,,00000003__      ,,2,1,2,1,1,1,1,1,50,FE,W,,F,PASSAIC AVE              ,NB,55,,,,N,NONE                                                                            ,283,9:15,120+07449
2.02E+17,PASSAIC     ,CLIFTON CITY            ,4/14/2017,FR,1156,1,CLIFTON PD               ,,0,1,0,0,I,B,N,N,1,2,NJ 3                                              ,W,3,,00000003__      ,0.53,2,,2,1,1,1,5,1,100,FE,E,CR 623 / GROVE ST                  ,,,,55,35,40.85811,74.17965,N,,7131,11:55,120+07449
2015160215-22977               ,PASSAIC     ,CLIFTON CITY            ,5/22/2015,F ,2305,1,CLIFTON PD               ,,0,0,0,0,P,B,N,N,99,1,NJ 3                                              ,W,3,,00000003__      ,2.75,2,2,2,1,6,1,1,1,600,FE,E,CR 622 / BLOOMFIELD AVE            ,,,,55,30,,,N,NONE                                                                            ,604,23:05,120+07444
2.02E+17,PASSAIC     ,CLIFTON CITY            ,2/15/2018,TH,1630,1,CLIFTON PD               ,,0,1,0,0,I,B,N,N,1,2,NJ 3                                              ,W,3,,00000003__      ,3.88,2,,2,1,1,1,5,1,300,FE,E,CR 601 / MAIN AVE                  ,,,,55,25,40.83133,74.1408,N,,7201,16:30,120+07442
2015160215-23005               ,PASSAIC     ,CLIFTON CITY            ,5/23/2015,SA,419,1,CLIFTON PD               ,CLIFTON        ,0,0,0,0,P,B,N,N,11,1,NJ 3                                              ,W,3,,00000003__      ,,2,1,2,1,6,1,1,1,50,FE,,,,PALISADES AVE            ,NB,55,,,,N,NONE                                                                            ,526,4:20,120+07449
2.02E+17,PASSAIC     ,CLIFTON CITY            ,4/16/2017,SU,1300,1,CLIFTON PD               ,,0,0,0,0,P,B,N,N,1,2,NJ 3                                              ,W,3,,00000003__      ,,2,,2,1,1,1,5,1,,,,,F,PASSAIC AVE              ,,55,,40.83545,74.15033,N,,7118,13:00,120+07449
2014160214-5423                ,PASSAIC     ,CLIFTON CITY            ,5/18/2014,S ,1032,1,CLIFTON PD               ,,0,0,0,0,P,I,N,N,1,2,NJ 3                                              ,W,3,,00000003__      ,3.82,2,5,2,1,1,1,2,1,,AT,,CR 601 / MAIN AVE                  ,,,,53,35,40.83136,74.14205,N,NONE                                                                            ,9041,10:30,120+07442
2013160213-330                 ,PASSAIC     ,CLIFTON CITY            ,1/9/2013,W ,2146,1,CLIFTON PD               ,,0,2,0,0,I,B,N,N,1,3,NJ 3                                              ,W,3,,00000003__      ,,2,3,2,1,6,1,1,2,500,FE,E,,F,RT.21 S/N                ,,15,,,,N,NONE                                                                            ,5010,21:45,120+07449
2015160215-23400               ,PASSAIC     ,CLIFTON CITY            ,5/25/2015,M ,1734,1,CLIFTON PD               ,PATROL CAR #7  ,0,0,0,0,P,B,N,N,11,1,NJ 3                                              ,W,3,,00000003__      ,,2,5,2,1,1,1,3,1,,,,,T,RT 21                    ,,30,,,,N,DAMAGE TO TURN ARROW SIGN D.O.T. NOTIFIED                                       ,11502,17:35,120+07449
2.02E+17,PASSAIC     ,CLIFTON CITY            ,4/17/2017,MO,808,1,CLIFTON PD               ,,0,0,0,0,P,B,N,N,1,2,NJ 3                                              ,W,3,,00000003__      ,,2,,2,1,1,1,4,1,,,,,T,MAIN AVE                 ,SB,55,,40.83123,74.14114,N,,7185,8:10,120+07449
2.02E+17,PASSAIC     ,CLIFTON CITY            ,4/17/2017,MO,933,1,CLIFTON PD               ,,0,0,0,0,P,B,N,N,2,2,NJ 3                                              ,W,3,,00000003__      ,1.34,2,,2,1,1,1,5,1,400,FE,E,ROUTE 509 / BROAD ST               ,,,,55,25,,,N,,7096,9:35,120P07446
2.02E+17,PASSAIC     ,CLIFTON CITY            ,2/16/2018,FR,2048,1,CLIFTON PD               ,,0,0,0,0,P,B,N,N,1,2,NJ 3                                              ,W,3,,00000003__      ,3.83,2,,2,1,7,1,2,1,50,FE,E,CR 601 / MAIN AVE                  ,,,,55,25,40.83448,74.14752,N,,7201,20:50,120+07442
2015160215-23470               ,PASSAIC     ,CLIFTON CITY            ,5/26/2015,TU,856,1,CLIFTON PD               ,PATROL         ,0,0,0,0,P,B,N,N,1,2,NJ 3                                              ,W,3,,00000003__      ,1.44,2,4,2,1,1,1,2,1,350,FE,E,RT 444                             ,,,,55,25,,,N,NONE                                                                            ,7032,8:55,120P07446
2.02E+17,PASSAIC     ,CLIFTON CITY            ,6/29/2016,W ,1206,1,CLIFTON PD               ,,0,0,0,0,P,B,N,N,1,2,NJ 3                                              ,W,3,,00000003__      ,,2,2,2,1,1,1,1,1,,,,,F,PASSAIC AVE              ,WB,55,,,,N,NONE                                                                            ,7107,12:05,120+07449
2.02E+17,PASSAIC     ,CLIFTON CITY            ,4/17/2017,MO,1945,1,CLIFTON PD               ,,0,0,0,0,P,B,N,N,1,2,NJ 3                                              ,W,3,,00000003__      ,3.43,2,,2,1,6,1,1,1,50,FE,E,CR 603 / PASSAIC AVE               ,,,,55,25,40.83437,74.14815,N,,7240,19:45,120+07443
2.02E+17,PASSAIC     ,CLIFTON CITY            ,6/29/2016,W ,1437,1,CLIFTON PD               ,,0,0,0,0,P,B,N,N,1,2,NJ 3                                              ,W,3,,00000003__      ,3.92,2,2,1,1,1,1,1,1,2640,FE,E,CR 603 / PASSAIC AVE               ,,,,55,35,,,N,NONE                                                                            ,7189,14:35,120+07442
2.02E+17,PASSAIC     ,CLIFTON CITY            ,4/18/2017,TU,937,1,CLIFTON PD               ,,0,0,0,0,P,B,N,N,2,3,NJ 3                                              ,W,3,,00000003__      ,2.65,2,,2,1,1,1,5,1,50,FE,E,CR 622 / BLOOMFIELD AVE            ,,,,55,55,40.84064,74.16044,N,,,9:35,120+07444
2014160214-5518                ,PASSAIC     ,CLIFTON CITY            ,5/20/2014,TU,1705,1,CLIFTON PD               ,CLIFTON        ,0,1,0,0,I,B,N,N,1,2,NJ 3                                              ,W,3,,00000003__      ,2.79,2,2,2,1,1,1,1,1,800,FE,E,CR 622 / BLOOMFIELD AVE            ,,,,55,,40.83923,74.15876,N,NONE                                                                            ,522,17:05,120+07444
2013160213-3372                ,PASSAIC     ,CLIFTON CITY            ,3/24/2013,S ,1510,1,CLIFTON PD               ,POST 5         ,0,1,0,0,I,B,N,N,1,2,NJ 3                                              ,W,3,,00000003__      ,,2,1,2,1,1,1,1,1,500,FE,W,,F,PASSAIC COUNTY 623       ,,55,,,,N,NONE                                                                            ,7030,15:10,120+07449
2015160215-2390                ,PASSAIC     ,CLIFTON CITY            ,1/17/2015,SA,1506,1,CLIFTON PD               ,POST 7         ,0,0,0,0,P,I,N,N,2,2,NJ 3                                              ,W,3,,00000003__      ,4.42,2,5,1,1,1,4,1,1,,AT,,ENTRANCE TO RIVERFRONT             ,,,,55,,,,N,,7030,15:05,120+04740
2.02E+17,PASSAIC     ,CLIFTON CITY            ,4/18/2017,TU,1026,1,CLIFTON PD               ,,0,0,0,0,P,B,N,N,2,2,NJ 3                                              ,W,3,,00000003__      ,3.8,2,,2,1,1,1,1,1,,,,,F,CR 601                   ,SB,55,,40.83133,74.1408,N,,7205,10:25,120+07442
2013160213-3376                ,PASSAIC     ,CLIFTON CITY            ,3/24/2013,S ,1612,1,CLIFTON PD               ,CLIFTON        ,0,0,0,0,P,B,N,N,1,2,NJ 3                                              ,W,3,,00000003__      ,,2,2,2,1,1,1,1,2,,,,,,NJ 21                    ,,55,,,,N,NONE                                                                            ,5008,16:10,120+07449
2014160214-5524                ,PASSAIC     ,CLIFTON CITY            ,5/20/2014,TU,1742,1,CLIFTON PD               ,POST 7         ,0,0,0,0,P,B,N,N,2,2,NJ 3                                              ,W,3,,00000003__      ,,2,2,2,1,1,1,1,1,1000,FE,E,,T,PASSAIC COUNTY 603       ,,55,,,,N,NONE                                                                            ,1050,17:40,120+07449
2015160215-2422                ,PASSAIC     ,CLIFTON CITY            ,1/17/2015,SA,1833,1,CLIFTON PD               ,POST 7         ,0,0,0,0,P,I,N,N,1,2,NJ 3                                              ,W,3,,00000003__      ,,2,1,2,1,5,1,1,1,,AT,,,F,CR 622                   ,,55,,,,N,NONE                                                                            ,7030,18:35,120+07449
2015160215-24244               ,PASSAIC     ,CLIFTON CITY            ,5/30/2015,SA,521,1,CLIFTON PD               ,CLIFTON A1     ,0,0,0,0,P,I,N,N,12,1,NJ 3                                              ,W,3,,00000003__      ,3.42,2,2,2,1,1,1,1,1,,AT,,CR 603 / PASSAIC AVE               ,,,,50,,,,N,NONE                                                                            ,14524,5:20,120+07443
2.02E+17,PASSAIC     ,CLIFTON CITY            ,4/18/2017,TU,1734,1,CLIFTON PD               ,,0,0,0,0,P,B,N,N,1,2,NJ 3                                              ,W,3,,00000003__      ,4.07,2,,2,1,1,1,1,1,1320,FE,E,CR 601 / MAIN AVE                  ,,,,55,25,40.83181,74.14107,N,,7240,17:35,120+07442
2013160213-3405                ,PASSAIC     ,CLIFTON CITY            ,3/25/2013,M ,1601,1,CLIFTON PD               ,PATROL         ,0,1,0,0,I,B,N,N,1,2,NJ 3                                              ,W,3,,00000003__      ,,2,1,2,2,1,2,1,1,50,FE,W,,,ROUTE 509                ,,35,,,,N,NONE                                                                            ,512,16:00,120+07449
2.02E+17,PASSAIC     ,CLIFTON CITY            ,7/1/2016,F ,1334,1,CLIFTON PD               ,,0,0,0,0,P,B,N,N,1,2,NJ 3                                              ,W,3,,00000003__      ,,2,1,2,1,1,1,1,1,,,,,F,PASSAIC AVE              ,WB,55,,,,N,NONE                                                                            ,7124,13:35,120+07449
2.02E+17,PASSAIC     ,CLIFTON CITY            ,2/18/2018,SU,1337,1,CLIFTON PD               ,,0,0,0,0,P,B,N,N,1,2,NJ 3                                              ,W,3,,00000003__      ,0.08,2,,2,2,1,3,1,1,500,FE,W,US 46                              ,,,,55,55,40.86955,74.18604,N,,7128,13:35,120+07449
2014160214-5586                ,PASSAIC     ,CLIFTON CITY            ,5/22/2014,TH,743,1,CLIFTON PD               ,,0,0,0,0,P,B,N,N,1,2,NJ 3                                              ,W,3,,00000003__      ,3.38,2,2,2,2,1,5,1,1,200,FE,W,CR 603 / PASSAIC AVE               ,,,,55,35,40.83468,74.14925,N,,260,7:45,120+07443
2.02E+17,PASSAIC     ,CLIFTON CITY            ,4/19/2017,WE,528,1,CLIFTON PD               ,,0,0,0,0,P,B,N,N,99,1,NJ 3                                              ,W,3,,00000003__      ,3.9,2,,2,1,2,1,2,1,,,,,T,PASSAIC COUNTY 601       ,,55,,40.83133,74.1408,N,,7198,5:30,120+07442
2013160213-3408                ,PASSAIC     ,CLIFTON CITY            ,3/25/2013,M ,1645,1,CLIFTON PD               ,POST 5         ,0,0,0,0,P,B,N,N,1,2,NJ 3                                              ,W,3,,00000003__      ,,2,1,2,2,1,2,1,1,1320,FE,E,,T,PASSAIC COUNTY 623       ,,55,,,,N,NONE                                                                            ,7030,16:45,120+07449
2014160214-5588                ,PASSAIC     ,CLIFTON CITY            ,5/22/2014,TH,816,1,CLIFTON PD               ,CLIFTON        ,0,0,0,0,P,B,N,N,1,2,NJ 3                                              ,W,3,,00000003__      ,2.63,2,1,2,1,1,5,5,1,50,FE,W,CR 622 / BLOOMFIELD AVE            ,,,,55,,40.84045,74.16133,N,,269,8:15,120+07444
2014160214-5606                ,PASSAIC     ,CLIFTON CITY            ,5/22/2014,TH,1401,1,CLIFTON PD               ,,0,0,0,0,P,I,N,N,1,2,NJ 3                                              ,W,3,,00000003__      ,3.82,2,2,2,1,1,5,1,2,,AT,,CR 601 / MAIN AVE                  ,,,,55,35,40.83136,74.14205,N,,260,14:00,120+07442
2.02E+17,PASSAIC     ,CLIFTON CITY            ,4/19/2017,WE,746,1,CLIFTON PD               ,,0,1,0,0,I,B,N,N,1,2,NJ 3                                              ,W,3,,00000003__      ,3.86,2,,2,1,1,1,1,1,200,FE,E,CR 601 / MAIN AVE                  ,,,,55,25,40.82855,74.13558,N,,7180,7:45,120+07442