CRASH_ID,CTY_NAME,MUN_NAME,DATE,DAY,TIME,POL_CODE,POL_DEPT,POL_STA,KILLED,INJURED,PED_KILL,PED_INJ,SEVERITY,INTERSEC,ALCOHOL,HAZMAT,CRASH_TYPE,VEH_COUNT,LOCATION,LOC_DIR,ROUTE,RT_SFX,SRI,MP,RD_SYS,RD_CHAR,RD_SURF,SURF_COND,LIGHT,WEATHER,RD_DIV,RD_WRKZN,X_DIST,DIST_UNT,X_DIR,X_NAME,IS_RAMP,RAMP_RT,RAMP_DIR,SPD_LMT,SPD_X,LAT,LONG,CELL_USE,PROP_DMG,BADGE,TIME_ROUND,TMC
2013160213-3498                ,PASSAIC     ,CLIFTON CITY            ,3/27/2013,W ,1903,1,CLIFTON PD               ,POST 7         ,0,0,0,0,P,I,N,N,1,2,NJ 3                                              ,W,3,,00000003__      ,,2,2,2,1,1,1,1,2,,AT,,,F,RT21                     ,,50,,,,N,NONE                                                                            ,7030,19:05,120+07449
2.02E+17,PASSAIC     ,CLIFTON CITY            ,7/2/2016,SA,1229,1,CLIFTON PD               ,,0,0,0,0,P,B,N,N,1,2,NJ 3                                              ,W,3,,00000003__      ,,2,2,2,1,1,1,1,1,,,,,F,CR 603                   ,WB,55,,,,N,NONE                                                                            ,7124,12:30,120+07449
2.02E+17,PASSAIC     ,CLIFTON CITY            ,4/19/2017,WE,1554,1,CLIFTON PD               ,,0,0,0,0,P,B,N,N,1,2,NJ 3                                              ,W,3,,00000003__      ,,2,,2,1,1,1,2,2,,,,,F,MAIN AVE                 ,SB,,,40.83124,74.14113,N,,541,15:55,120+07449
2015160215-24638               ,PASSAIC     ,CLIFTON CITY            ,6/1/2015,M ,1536,1,CLIFTON PD               ,,0,1,0,0,I,B,N,N,2,2,NJ 3                                              ,W,3,,00000003__      ,,2,1,2,2,1,2,4,1,150,FE,E,,F,PASSAIC COUNTY 623       ,WB,55,,,,N,,14530,15:35,120+07449
2.02E+17,PASSAIC     ,CLIFTON CITY            ,7/4/2016,M ,2102,1,CLIFTON PD               ,,0,0,0,0,P,B,N,N,11,1,NJ 3                                              ,W,3,,00000003__      ,,2,2,2,2,6,2,4,1,,,,,T,CR 601                   ,,55,,,,N,DOT GUARDRAIL                                                                   ,7226,21:00,120+07449
2.02E+17,PASSAIC     ,CLIFTON CITY            ,4/21/2017,FR,1830,1,CLIFTON PD               ,,0,0,0,0,P,B,N,N,2,2,NJ 3                                              ,W,3,,00000003__      ,,2,,2,1,3,5,5,1,,,,,F,MAIN AVE                 ,WB,50,,40.87483,74.12509,N,,550,18:30,120+07449
2.02E+17,PASSAIC     ,CLIFTON CITY            ,2/20/2018,TU,1102,1,CLIFTON PD               ,,0,0,0,0,P,B,N,N,1,2,NJ 3                                              ,W,3,,00000003__      ,0.64,2,,2,1,1,5,1,3,660,FE,E,CR 623 / GROVE ST                  ,,,,55,25,40.86233,74.18065,N,,7091,11:00,120P07448
2013160213-3517                ,PASSAIC     ,CLIFTON CITY            ,3/28/2013,TH,949,1,CLIFTON PD               ,,0,0,0,0,P,B,N,N,1,2,NJ 3                                              ,W,3,,00000003__      ,3.84,2,2,2,1,1,1,1,2,100,FE,E,CR 601 / MAIN AVE                  ,,,,55,35,,,N,NONE                                                                            ,5010,9:50,120+07442
2015160215-24661               ,PASSAIC     ,CLIFTON CITY            ,6/1/2015,M ,1809,1,CLIFTON PD               ,POST 7         ,0,3,0,0,I,B,N,N,1,2,NJ 3                                              ,W,3,,00000003__      ,,2,5,2,2,1,5,1,1,300,FE,E,,T,PASSAIC COUNTY 603       ,,55,,,,N,NONE                                                                            ,7030,18:10,120+07449
2.02E+17,PASSAIC     ,CLIFTON CITY            ,7/5/2016,TU,1520,1,CLIFTON PD               ,,0,0,0,0,P,B,N,N,1,2,NJ 3                                              ,W,3,,00000003__      ,,2,1,2,1,1,1,5,1,,,,,T,CR 601                   ,,55,,,,N,NONE                                                                            ,7201,15:20,120+07449
2.02E+17,PASSAIC     ,CLIFTON CITY            ,4/22/2017,SA,251,1,CLIFTON PD               ,,0,0,0,0,P,B,N,N,11,1,NJ 3                                              ,W,3,,00000003__      ,,2,,2,1,6,1,2,1,,,,,T,MAIN AVE                 ,NB,55,,40.8313,74.14103,N,GUARD RAIL FENCE DAMAGE                                                         ,7198,2:50,120+07449
2.02E+17,PASSAIC     ,CLIFTON CITY            ,2/20/2018,TU,1701,1,CLIFTON PD               ,,0,1,0,0,I,B,N,N,1,2,NJ 3                                              ,W,3,,00000003__      ,4.07,2,,2,1,1,1,1,1,1320,FE,E,CR 601 / MAIN AVE                  ,,,,50,35,40.82415,74.12594,N,,7259,17:00,120+07442
2014160214-5675                ,PASSAIC     ,CLIFTON CITY            ,5/24/2014,SA,203,1,CLIFTON PD               ,PATROL         ,0,0,0,0,P,B,N,N,99,1,NJ 3                                              ,W,3,,00000003__      ,,2,1,2,2,6,2,1,1,10,FE,E,,T,BROAD ST                 ,,55,,,,N,NONE                                                                            ,3020,2:05,120+07449
2015160215-24798               ,PASSAIC     ,CLIFTON CITY            ,6/2/2015,TU,1644,1,CLIFTON PD               ,,0,0,0,0,P,I,N,N,1,2,NJ 3                                              ,W,3,,00000003__      ,,2,1,2,2,1,2,5,1,,AT,,,T,RT 444                   ,NB,55,,,,N,NONE                                                                            ,508,16:45,120+07449
2.02E+17,PASSAIC     ,CLIFTON CITY            ,7/6/2016,W ,917,1,CLIFTON PD               ,,0,0,0,0,P,B,N,N,2,2,NJ 3                                              ,W,3,,00000003__      ,,2,1,2,1,,1,1,1,75,FE,W,,T,BROAD ST                 ,,55,,,,N,NONE                                                                            ,7144,9:15,120+07449
2.02E+17,PASSAIC     ,CLIFTON CITY            ,4/22/2017,SA,1641,1,CLIFTON PD               ,,0,0,0,0,P,B,N,N,1,2,NJ 3                                              ,W,3,,00000003__      ,,2,,2,2,1,2,1,1,,,,,F,PASSAIC                  ,WB,55,,40.8348,74.14806,N,,7105,16:40,120+07449
2013160213-3595                ,PASSAIC     ,CLIFTON CITY            ,3/30/2013,SA,1044,1,CLIFTON PD               ,,0,0,0,0,P,B,N,N,1,2,NJ 3                                              ,W,3,,00000003__      ,,2,2,2,1,1,1,1,1,,,,,F,MAIN AVE                 ,,55,,,,N,,260,10:45,120+07449
2014160214-5715                ,PASSAIC     ,CLIFTON CITY            ,5/25/2014,S ,726,1,CLIFTON PD               ,CLIFTON        ,0,0,0,0,P,B,N,N,11,1,NJ 3                                              ,W,3,,00000003__      ,,2,1,2,1,1,1,3,1,,,,,T,ROUTE 21                 ,NB,25,,,,N,GUARD ?                                                                         ,8073,7:25,120+07449
2.02E+17,PASSAIC     ,CLIFTON CITY            ,7/7/2016,TH,1343,1,CLIFTON PD               ,,0,0,0,0,P,B,N,N,2,2,NJ 3                                              ,W,3,,00000003__      ,,2,1,2,1,1,5,5,1,20,FE,E,,F,GSP                      ,SB,55,,,,N,NONE                                                                            ,7131,13:45,120+07449
2.02E+17,PASSAIC     ,CLIFTON CITY            ,4/23/2017,SU,1523,1,CLIFTON PD               ,,0,0,0,0,P,B,N,N,1,2,NJ 3                                              ,W,3,,00000003__      ,,2,,2,1,1,1,2,1,,,S,,F,PASSAIC AVE              ,SB,55,,40.83611,74.1501,N,,7201,15:25,120+07449
2.02E+17,PASSAIC     ,CLIFTON CITY            ,7/7/2016,TH,1445,1,CLIFTON PD               ,,0,1,0,0,I,B,N,N,1,3,NJ 3                                              ,W,3,,00000003__      ,0.47,2,1,2,2,1,2,1,1,200,FE,W,CR 623 / GROVE ST                  ,,,,55,35,,,N,NONE                                                                            ,7166,14:45,120+07449
2.02E+17,PASSAIC     ,CLIFTON CITY            ,4/25/2017,TU,829,1,CLIFTON PD               ,,0,3,0,0,I,B,N,N,1,4,NJ 3                                              ,W,3,,00000003__      ,1.87,2,,2,2,1,2,1,1,500,FE,E,HEPBURN RD                         ,,,,55,25,40.83867,74.15719,N,,,8:30,120+07445
2014160214-5746                ,PASSAIC     ,CLIFTON CITY            ,5/26/2014,M ,1131,1,CLIFTON PD               ,,0,1,0,0,I,B,N,N,1,2,NJ 3                                              ,W,3,,00000003__      ,,2,5,2,1,1,1,1,1,,,,,F,MAIN AVE                 ,,55,,,,N,NONE                                                                            ,5006,11:30,120+07449
2015160215-24975               ,PASSAIC     ,CLIFTON CITY            ,6/3/2015,W ,1918,1,CLIFTON PD               ,PATROL CAR 7   ,0,0,0,0,P,B,N,N,1,4,NJ 3                                              ,W,3,,00000003__      ,,2,1,2,1,1,1,1,1,300,FE,,,F,PASSAIC AVE.             ,,55,,,,N,NONE                                                                            ,11503,19:20,120+07449
2.02E+17,PASSAIC     ,CLIFTON CITY            ,2/21/2018,WE,1828,1,CLIFTON PD               ,,0,0,0,0,P,B,N,N,1,4,NJ 3                                              ,W,3,,00000003__      ,,2,,2,1,6,1,1,1,800,FE,E,,T,RT 46 W                  ,WB,55,,40.86955,74.18604,N,,,18:30,120+07449
2.02E+17,PASSAIC     ,CLIFTON CITY            ,7/7/2016,TH,1742,1,CLIFTON PD               ,,0,0,0,0,P,B,N,N,1,5,NJ 3                                              ,W,3,,00000003__      ,0.45,2,1,2,2,1,2,2,1,300,FE,W,CR 623 / GROVE ST                  ,,,,55,35,,,N,NONE                                                                            ,7166,17:40,120+07449
2.02E+17,PASSAIC     ,CLIFTON CITY            ,2/22/2018,TH,1958,1,CLIFTON PD               ,,0,0,0,0,P,B,N,N,1,2,NJ 3                                              ,W,3,,00000003__      ,3.42,2,,2,1,7,1,2,1,,,,,F,PASSAIC AVE              ,,,,40.8348,74.14806,N,,7201,20:00,120+07443
2015160215-25268               ,PASSAIC     ,CLIFTON CITY            ,6/5/2015,F ,1629,1,CLIFTON PD               ,PATROL         ,0,0,0,0,P,B,N,N,1,2,NJ 3                                              ,W,3,,00000003__      ,3.14,2,2,2,1,1,1,1,1,2640,FE,E,CR 622 / BLOOMFIELD AVE            ,,,,55,35,,,N,NONE                                                                            ,6019,16:30,120+07444
2.02E+17,PASSAIC     ,CLIFTON CITY            ,4/25/2017,TU,1223,1,CLIFTON PD               ,,0,0,0,0,P,B,N,N,1,2,NJ 3                                              ,W,3,,00000003__      ,3.67,2,,2,2,1,5,5,1,1320,FE,E,CR 603 / PASSAIC AVE               ,,,,55,25,40.83448,74.14752,N,,7096,12:25,120+07442
2013160213-367                 ,PASSAIC     ,CLIFTON CITY            ,1/10/2013,TH,2146,1,CLIFTON PD               ,CLIFTON        ,0,0,0,0,P,B,N,N,15,1,NJ 3                                              ,W,3,,00000003__      ,4.81,2,5,2,1,6,1,1,1,400,FE,W,NJ 21                              ,,,,55,,,,N,,258,21:45,120P04739
2.02E+17,PASSAIC     ,CLIFTON CITY            ,7/7/2016,TH,1833,1,CLIFTON PD               ,,0,0,0,0,P,B,N,N,1,2,NJ 3                                              ,W,3,,00000003__      ,4.91,2,2,1,1,3,5,1,1,100,FE,E,NJ 21                              ,,,,50,50,,,N,NONE                                                                            ,,18:35,120P04739
2.02E+17,PASSAIC     ,CLIFTON CITY            ,2/23/2018,FR,205,1,CLIFTON PD               ,,0,1,0,0,I,B,N,N,11,1,NJ 3                                              ,W,3,,00000003__      ,,2,,2,1,6,1,2,1,,,,,T,MAIN AVE                 ,NB,55,,40.83137,74.14096,N,GUARD RAIL ON RAMP FROM RT. 3 WEST                                              ,7245,2:05,120+07449
2.02E+17,PASSAIC     ,CLIFTON CITY            ,2/23/2018,FR,1656,1,CLIFTON PD               ,,0,0,0,0,P,B,N,N,1,2,NJ 3                                              ,W,3,,00000003__      ,1.76,2,,2,2,1,2,1,1,2640,FE,E,ROUTE 509 / BROAD ST               ,,,,55,25,40.85939,74.1802,N,,7268,16:55,120+07445
2.02E+17,PASSAIC     ,CLIFTON CITY            ,7/9/2016,SA,303,1,CLIFTON PD               ,,0,0,0,0,P,B,N,N,11,1,NJ 3                                              ,W,3,,00000003__      ,,2,5,2,1,6,1,2,1,,,,,T,MAIN AVE                 ,,55,,,,N,DAMAGE T GAURDRAIL                                                              ,7169,3:05,120+07449
2.02E+17,PASSAIC     ,CLIFTON CITY            ,4/27/2017,TH,859,1,CLIFTON PD               ,,0,1,0,0,I,B,N,N,1,2,NJ 3                                              ,W,3,,00000003__      ,1.07,2,,2,2,1,5,1,1,1000,FE,W,ROUTE 509 / BROAD ST               ,,,,55,25,40.85706,74.17865,N,,7205,9:00,120+07448
2.02E+17,PASSAIC     ,CLIFTON CITY            ,2/23/2018,FR,1936,1,CLIFTON PD               ,,0,0,0,0,P,B,N,N,1,2,NJ 3                                              ,W,3,,00000003__      ,3.91,2,,2,1,6,1,1,1,500,FE,E,CR 601 / MAIN AVE                  ,,,,55,25,40.83133,74.1408,N,,7201,19:35,120+07442
2015160215-25844               ,PASSAIC     ,CLIFTON CITY            ,6/9/2015,TU,1000,1,CLIFTON PD               ,,0,0,0,0,P,B,N,N,1,2,NJ 3                                              ,W,3,,00000003__      ,,2,2,2,2,1,5,1,1,,,,,F,CR 601                   ,WB,55,,,,N,,260,10:00,120+07449
2.02E+17,PASSAIC     ,CLIFTON CITY            ,7/9/2016,SA,1836,1,CLIFTON PD               ,,0,0,0,0,P,B,N,N,1,2,NJ 3                                              ,W,3,,00000003__      ,,2,2,2,1,1,5,1,1,,,,,F,PASSAIC AVE              ,,55,,,,N,NONE                                                                            ,7124,18:35,120+07449
2014160214-5880                ,PASSAIC     ,CLIFTON CITY            ,5/29/2014,TH,1802,1,CLIFTON PD               ,,0,0,0,0,P,B,N,N,1,2,NJ 3                                              ,W,3,,00000003__      ,1.44,2,1,2,1,1,1,1,1,500,FE,E,PARKWAY SOUTH EXIT                 ,,,,55,30,,,N,NONE                                                                            ,239,18:00,120P07446
2015160215-25848               ,PASSAIC     ,CLIFTON CITY            ,6/9/2015,TU,1032,1,CLIFTON PD               ,,0,0,0,0,P,B,N,N,1,2,NJ 3                                              ,W,3,,00000003__      ,,2,2,1,1,2,1,1,1,,,,,F,CR 601                   ,WB,55,,,,N,,260,10:30,120+07449
2.02E+17,PASSAIC     ,CLIFTON CITY            ,2/24/2018,SA,507,1,CLIFTON PD               ,,0,0,0,0,P,B,N,N,11,1,NJ 3                                              ,W,3,,00000003__      ,1.44,2,,2,2,6,1,2,1,6,FE,S,GARDEN STATE PARKWAY               ,,,,50,15,40.85072,74.1736,N,DAMAGE TO GARDEN STATE PARKWAY NORTH SIGN WOODEN POST LEG WAS BROKEN. MULTIPLE ?,7245,5:05,120P07446
2014160214-5885                ,PASSAIC     ,CLIFTON CITY            ,5/29/2014,TH,1858,1,CLIFTON PD               ,,0,0,0,0,P,B,N,N,1,3,NJ 3                                              ,W,3,,00000003__      ,1.53,2,1,2,1,1,1,1,1,200,FE,W,PARKWAY NORTH EXIT                 ,,,,55,35,,,N,NONE                                                                            ,239,19:00,120+07445
2015160215-25899               ,PASSAIC     ,CLIFTON CITY            ,6/9/2015,TU,1625,1,CLIFTON PD               ,PATROL         ,0,0,0,0,P,I,N,N,2,2,NJ 3                                              ,W,3,,00000003__      ,,2,1,2,1,1,1,1,1,,AT,,,F,RT 509                   ,,55,,,,N,MINOR DAMAGE TO GUARD RAIL.                                                     ,6019,16:25,120+07449
2.02E+17,PASSAIC     ,CLIFTON CITY            ,7/10/2016,S ,1558,1,CLIFTON PD               ,,0,0,0,0,P,B,N,N,1,2,NJ 3                                              ,W,3,,00000003__      ,,2,2,2,1,1,1,5,1,,,,,F,PASSAIC AVE              ,,55,,,,N,NONE                                                                            ,7211,16:00,120+07449
2.02E+17,PASSAIC     ,CLIFTON CITY            ,4/27/2017,TH,2040,1,CLIFTON PD               ,,0,0,0,0,P,B,N,N,1,2,NJ 3                                              ,W,3,,00000003__      ,,2,,2,2,6,1,2,1,,,,,F,PASSAIC AVE              ,SB,55,,40.83434,74.14799,N,,548,20:40,120+07449
2.02E+17,PASSAIC     ,CLIFTON CITY            ,4/28/2017,FR,1332,1,CLIFTON PD               ,,0,0,0,0,P,B,N,N,11,1,NJ 3                                              ,W,3,,00000003__      ,3.37,2,,2,1,1,1,5,1,250,FE,W,CR 603 / PASSAIC AVE               ,,,,55,,40.8348,74.14806,N,,7118,13:30,120+07443
2014160214-5960                ,PASSAIC     ,CLIFTON CITY            ,5/31/2014,SA,1726,1,CLIFTON PD               ,,0,0,0,0,P,B,N,N,1,2,NJ 3                                              ,W,3,,00000003__      ,3.82,2,5,2,1,1,1,1,1,,,,CR 601 / MAIN AVE                  ,,,,55,35,,,N,NONE                                                                            ,239,17:25,120+07442
2.02E+17,PASSAIC     ,CLIFTON CITY            ,7/11/2016,M ,1605,1,CLIFTON PD               ,,0,0,0,0,P,I,N,N,1,2,NJ 3                                              ,W,3,,00000003__      ,,2,1,2,1,1,1,1,1,,AT,,,T,BROAD ST                 ,,50,,,,N,NONE                                                                            ,7213,16:05,120+07449
2014160214-5965                ,PASSAIC     ,CLIFTON CITY            ,5/31/2014,SA,1959,1,CLIFTON PD               ,CLIFTON        ,0,3,0,0,I,B,N,N,1,2,NJ 3                                              ,W,3,,00000003__      ,,2,1,2,1,1,1,2,1,50,FE,W,,F,MAIN AVE                 ,,55,,,,N,,12506,20:00,120+07449
2015160215-26378               ,PASSAIC     ,CLIFTON CITY            ,6/12/2015,F ,703,1,CLIFTON PD               ,,0,0,0,0,P,B,N,N,11,1,NJ 3                                              ,W,3,,00000003__      ,,2,1,2,1,1,1,1,1,200,FE,E,,T,CRT 601                  ,,55,,,,N,WOODEN GUARDRAIL TORIVER FRONT CENTER.                                          ,7007,7:05,120+07449
2.02E+17,PASSAIC     ,CLIFTON CITY            ,7/12/2016,TU,752,1,CLIFTON PD               ,,0,0,0,0,P,B,N,N,1,2,NJ 3                                              ,W,3,,00000003__      ,,2,1,2,1,1,1,5,1,500,FE,E,,F,GROVE ST                 ,WB,55,,,,N,NONE                                                                            ,7157,7:50,120+07449
2.02E+17,PASSAIC     ,CLIFTON CITY            ,4/28/2017,FR,1521,1,CLIFTON PD               ,,0,0,0,0,P,B,N,N,4,2,NJ 3                                              ,W,3,,00000003__      ,,2,,2,1,1,1,1,1,350,FE,E,,T,ALLWOOD RD               ,EB,55,,40.84064,74.16044,N,,7226,15:20,120+07449
2.02E+17,PASSAIC     ,CLIFTON CITY            ,7/12/2016,TU,808,1,CLIFTON PD               ,,0,0,0,0,P,B,N,N,1,2,NJ 3                                              ,W,3,,00000003__      ,0.64,2,1,2,1,1,1,5,1,700,FE,E,CR 623 / GROVE ST                  ,,,,55,25,,,N,NONE                                                                            ,7096,8:10,120P07448
2.02E+17,PASSAIC     ,CLIFTON CITY            ,2/24/2018,SA,2025,1,CLIFTON PD               ,,0,0,0,0,P,B,N,N,1,2,NJ 3                                              ,W,3,,00000003__      ,3.82,2,,2,2,6,2,1,1,,,,,F,MAIN AVE                 ,NB,55,,40.83092,74.14067,N,,7262,20:25,120+07442
2014160214-5990                ,PASSAIC     ,CLIFTON CITY            ,6/1/2014,S ,1502,1,CLIFTON PD               ,,0,0,0,0,P,B,N,N,1,2,NJ 3                                              ,W,3,,00000003__      ,,2,4,2,1,1,1,5,1,,,,,F,MAIN AVE                 ,,55,,,,N,NONE                                                                            ,521,15:00,120+07449
2015160215-26451               ,PASSAIC     ,CLIFTON CITY            ,6/12/2015,F ,1620,1,CLIFTON PD               ,,0,0,0,0,P,B,N,N,1,2,NJ 3                                              ,W,3,,00000003__      ,1.53,2,1,2,1,1,1,1,1,150,FE,E,PARKWAY NORTH                      ,,,,55,55,,,N,NONE                                                                            ,239,16:20,120+07445
2015160215-26456               ,PASSAIC     ,CLIFTON CITY            ,6/12/2015,F ,1806,1,CLIFTON PD               ,PATROL         ,0,0,0,0,P,B,N,N,11,1,NJ 3                                              ,W,3,,00000003__      ,0.01,2,4,2,1,1,1,2,1,30,FE,E,US 46                              ,,,,55,55,,,N,NONE                                                                            ,6019,18:05,120+07449
2.02E+17,PASSAIC     ,CLIFTON CITY            ,2/25/2018,SU,225,1,CLIFTON PD               ,,0,2,0,0,I,B,Y,N,1,2,NJ 3                                              ,W,3,,00000003__      ,4.89,2,,2,2,7,2,1,1,,,,,T,NJ 21                    ,SB,55,,40.82335,74.12442,N,,7246,2:25,120P04739
2.02E+17,PASSAIC     ,CLIFTON CITY            ,5/1/2017,MO,1130,1,CLIFTON PD               ,,0,0,0,0,P,I,N,N,2,2,NJ 3                                              ,W,3,,00000003__      ,0,2,,2,1,1,1,1,1,,AT,,US 46                              ,,,,50,50,40.86955,74.18604,N,,7179,11:30,120+07449
2014160214-5996                ,PASSAIC     ,CLIFTON CITY            ,6/1/2014,S ,2015,1,CLIFTON PD               ,,0,0,0,0,P,B,N,N,12,1,NJ 3                                              ,W,3,,00000003__      ,0.26,2,1,2,1,3,1,1,1,1320,FE,W,CR 623 / GROVE ST                  ,,,,35,35,40.86875,74.1855,N,NONE                                                                            ,277,20:15,120+07449
2013160213-4031                ,PASSAIC     ,CLIFTON CITY            ,4/10/2013,W ,45,1,CLIFTON PD               ,CLIFTON P.D    ,0,0,0,0,P,I,N,N,11,1,NJ 3                                              ,W,3,,00000003__      ,0.51,2,1,2,1,6,1,1,1,,AT,,CR 623 / GROVE ST                  ,,,,50,35,,,N,NONE                                                                            ,284,4:45,120+07449
2015160215-26706               ,PASSAIC     ,CLIFTON CITY            ,6/14/2015,S ,1312,1,CLIFTON PD               ,CLIFTON P.D    ,0,1,0,0,I,B,N,N,1,2,NJ 3                                              ,W,3,,00000003__      ,2.67,2,1,2,1,1,1,1,1,150,FE,E,CR 622 / BLOOMFIELD AVE            ,,,,55,30,,,N,NONE                                                                            ,284,13:10,120+07444
2.02E+17,PASSAIC     ,CLIFTON CITY            ,2/25/2018,SU,1543,1,CLIFTON PD               ,,0,2,0,0,I,B,N,N,1,2,NJ 3                                              ,W,3,,00000003__      ,3.91,2,,2,2,1,2,1,1,500,FE,E,CR 601 / MAIN AVE                  ,,,,55,25,40.83034,74.1394,N,,7275,15:45,120+07442
2.02E+17,PASSAIC     ,CLIFTON CITY            ,7/14/2016,TH,857,1,CLIFTON PD               ,,0,0,0,0,P,B,N,N,2,2,NJ 3                                              ,W,3,,00000003__      ,,2,1,2,1,1,5,5,1,100,FE,W,,F,PASSAIC COUNTY 623       ,,55,,,,N,NONE                                                                            ,7131,8:55,120+07449
2013160213-4045                ,PASSAIC     ,CLIFTON CITY            ,4/10/2013,W ,1140,1,CLIFTON PD               ,,0,0,0,0,P,B,N,N,6,2,NJ 3                                              ,W,3,,00000003__      ,0.45,2,1,2,1,1,1,1,1,300,FE,W,CR 623 / GROVE ST                  ,,,,55,55,,,N,NONE                                                                            ,277,11:40,120+07449
2.02E+17,PASSAIC     ,CLIFTON CITY            ,2/27/2018,TU,817,1,CLIFTON PD               ,,0,0,0,0,P,B,N,N,1,2,NJ 3                                              ,W,3,,00000003__      ,3.33,2,,2,1,1,1,5,1,500,FE,W,CR 603 / PASSAIC AVE               ,,,,55,25,40.8348,74.14806,N,,7096,8:15,120+07443
2.02E+17,PASSAIC     ,CLIFTON CITY            ,5/1/2017,MO,1558,1,CLIFTON PD               ,,0,0,0,0,P,B,N,N,1,2,NJ 3                                              ,W,3,,00000003__      ,3.82,2,,2,1,1,1,1,1,25,FE,W,CR 601 / MAIN AVE                  ,,,,55,35,40.83181,74.14107,N,,7105,16:00,120+07442
2014160214-6027                ,PASSAIC     ,CLIFTON CITY            ,6/2/2014,M ,1644,1,CLIFTON PD               ,POST 7         ,0,2,0,0,I,I,N,N,1,2,NJ 3                                              ,W,3,,00000003__      ,4.42,2,1,2,1,1,1,1,2,,AT,E,ENTRANCE TO RIVERFRONT             ,,,,55,,,,N,WOOD/METAL GUARDRAIL AT ENTRANCE.                                               ,,16:45,120+04740
2.02E+17,PASSAIC     ,CLIFTON CITY            ,7/15/2016,F ,936,1,CLIFTON PD               ,,0,0,0,0,P,B,N,N,2,3,NJ 3                                              ,W,3,,00000003__      ,1.71,2,1,2,1,1,1,5,1,350,FE,S,HEPBURN RD                         ,,,,55,25,,,N,NONE                                                                            ,7096,9:35,120+07445
2.02E+17,PASSAIC     ,CLIFTON CITY            ,2/27/2018,TU,830,1,CLIFTON PD               ,,0,0,0,0,P,B,N,N,1,3,NJ 3                                              ,W,3,,00000003__      ,3.8,2,,2,1,1,1,5,1,100,FE,W,CR 601 / MAIN AVE                  ,,,,55,35,40.83133,74.1408,N,,,8:30,120+07442
2.02E+17,PASSAIC     ,CLIFTON CITY            ,5/1/2017,MO,1744,1,CLIFTON PD               ,,0,0,0,0,P,B,N,N,1,2,NJ 3                                              ,W,3,,00000003__      ,4.03,2,,2,1,1,1,1,1,1109,FE,E,CR 601 / MAIN AVE                  ,,,,55,25,40.82991,74.13834,N,,544,17:45,120+07442
2014160214-6068                ,PASSAIC     ,CLIFTON CITY            ,6/3/2014,TU,1818,1,CLIFTON PD               ,CLIFTON        ,0,1,0,0,I,B,N,N,1,2,NJ 3                                              ,W,3,,00000003__      ,,2,1,2,2,1,5,1,1,686,FE,E,,,BLOOMFIELD AVE           ,NB,55,,,,N,NONE                                                                            ,5008,18:20,120+07449
2015160215-2678                ,PASSAIC     ,CLIFTON CITY            ,1/19/2015,M ,747,1,CLIFTON PD               ,,0,0,0,0,P,B,N,N,1,2,NJ 3                                              ,W,3,,00000003__      ,,2,2,2,2,1,1,5,1,,,,,F,CR 601                   ,,55,,,,N,NONE.                                                                           ,7027,7:45,120+07449
2.02E+17,PASSAIC     ,CLIFTON CITY            ,5/3/2017,WE,1647,1,CLIFTON PD               ,,0,0,0,0,P,B,N,N,1,2,NJ 3                                              ,W,3,,00000003__      ,3.91,2,,2,1,1,1,1,1,500,FE,E,CR 601 / MAIN AVE                  ,,,,55,25,40.8348,74.14806,N,,7224,16:45,120+07442
2.02E+17,PASSAIC     ,CLIFTON CITY            ,2/27/2018,TU,1006,1,CLIFTON PD               ,,0,0,0,0,P,B,N,N,2,2,NJ 3                                              ,W,3,,00000003__      ,4.7,2,,2,1,1,1,1,1,1000,FE,W,NJ 21                              ,,,,50,50,40.82911,74.13668,N,,7115,10:05,120P04739
2014160214-6071                ,PASSAIC     ,CLIFTON CITY            ,6/3/2014,TU,1954,1,CLIFTON PD               ,POST 7         ,0,0,0,0,P,I,N,N,2,2,NJ 3                                              ,W,3,,00000003__      ,,2,5,2,2,1,1,5,1,,AT,,,T,BLOOMFIELD AVE           ,NB,55,,,,N,NONE                                                                            ,7030,19:55,120+07449
2015160215-27031               ,PASSAIC     ,CLIFTON CITY            ,6/16/2015,TU,109,1,CLIFTON PD               ,,0,0,0,0,P,B,N,N,11,1,NJ 3                                              ,W,3,,00000003__      ,,2,5,2,1,6,1,5,1,,,,,T,RT 21                    ,NB,55,,,,N,NONE VISIBLE                                                                    ,12604,1:10,120+07449