CRASH_ID,CTY_NAME,MUN_NAME,DATE,DAY,TIME,POL_CODE,POL_DEPT,POL_STA,KILLED,INJURED,PED_KILL,PED_INJ,SEVERITY,INTERSEC,ALCOHOL,HAZMAT,CRASH_TYPE,VEH_COUNT,LOCATION,LOC_DIR,ROUTE,RT_SFX,SRI,MP,RD_SYS,RD_CHAR,RD_SURF,SURF_COND,LIGHT,WEATHER,RD_DIV,RD_WRKZN,X_DIST,DIST_UNT,X_DIR,X_NAME,IS_RAMP,RAMP_RT,RAMP_DIR,SPD_LMT,SPD_X,LAT,LONG,CELL_USE,PROP_DMG,BADGE,TIME_ROUND,TMC
2015160215-27141               ,PASSAIC     ,CLIFTON CITY            ,6/16/2015,TU,1725,1,CLIFTON PD               ,PATROL         ,0,0,0,0,P,R,N,N,1,2,NJ 3                                              ,W,3,,00000003__      ,0.01,2,4,2,2,1,1,2,1,50,FE,E,US 46                              ,,,,55,50,,,N,NONE                                                                            ,6219,17:25,120+07449
2013160213-4129                ,PASSAIC     ,CLIFTON CITY            ,4/12/2013,F ,1032,1,CLIFTON PD               ,CLIFTON        ,0,0,0,0,P,I,N,N,2,2,NJ 3                                              ,W,3,,00000003__      ,0.51,2,1,2,2,1,2,5,1,,AT,W,CR 623 / GROVE ST                  ,,,,55,,,,Y,COLLIDED WITH HIS VEHICLE                                                       ,269,10:30,120+07449
2.02E+17,PASSAIC     ,CLIFTON CITY            ,7/16/2016,SA,1643,1,CLIFTON PD               ,,0,0,0,0,P,B,N,N,1,2,NJ 3                                              ,W,3,,00000003__      ,3.8,2,5,2,1,1,5,1,1,,,,,F,PASSAIC COUNTY 601       ,EB,55,,,,N,NONE                                                                            ,7153,16:45,120+07442
2.02E+17,PASSAIC     ,CLIFTON CITY            ,5/4/2017,TH,1259,1,CLIFTON PD               ,,0,0,0,0,P,B,N,N,2,2,NJ 3                                              ,W,3,,00000003__      ,,2,,2,1,1,1,5,1,,,,,T,PASAIC AVE               ,NB,55,,40.83509,74.1479,N,,7152,13:00,120+07449
2.02E+17,PASSAIC     ,CLIFTON CITY            ,5/4/2017,TH,1453,1,CLIFTON PD               ,,0,0,0,0,P,B,N,N,2,2,NJ 3                                              ,W,3,,00000003__      ,0.6,2,,2,1,1,1,1,1,500,FE,E,CR 623 / GROVE ST                  ,,,,55,,40.85794,74.17966,N,,7166,14:55,120P07448
2014160214-6114                ,PASSAIC     ,CLIFTON CITY            ,6/5/2014,TH,309,1,CLIFTON PD               ,,0,0,0,0,P,B,N,N,12,1,NJ 3                                              ,W,3,,00000003__      ,0.76,2,1,2,2,6,2,1,1,1320,FE,E,CR 623 / GROVE ST                  ,,,,55,25,40.86198,74.18081,N,NONE                                                                            ,7027,3:10,120+07448
2.02E+17,PASSAIC     ,CLIFTON CITY            ,7/18/2016,M ,1647,1,CLIFTON PD               ,,0,0,0,0,P,B,N,N,1,3,NJ 3                                              ,W,3,,00000003__      ,2.64,2,1,2,2,1,2,1,1,100,FE,,CR 622 / BLOOMFIELD AVE            ,,,,55,35,,,N,NONE                                                                            ,7152,16:45,120+07444
2013160213-4142                ,PASSAIC     ,CLIFTON CITY            ,4/12/2013,F ,1432,1,CLIFTON PD               ,CLIFTON        ,0,0,0,0,P,I,N,N,1,2,NJ 3                                              ,W,3,,00000003__      ,4.89,2,6,2,2,1,2,1,2,,AT,,NJ 21                              ,,,,15,50,,,N,,187,14:30,120P04739
2015160215-27229               ,PASSAIC     ,CLIFTON CITY            ,6/17/2015,W ,851,1,CLIFTON PD               ,,0,0,0,0,P,B,N,N,1,2,NJ 3                                              ,W,3,,00000003__      ,,2,2,2,1,1,1,1,1,,,,,F,PASSAIC COUNTY 601       ,WB,55,,,,N,,260,8:50,120+07449
2.02E+17,PASSAIC     ,CLIFTON CITY            ,5/5/2017,FR,1600,1,CLIFTON PD               ,,0,0,0,0,P,B,N,N,2,2,NJ 3                                              ,W,3,,00000003__      ,0,2,,2,2,1,5,4,1,100,FE,E,CR 621                             ,,,,55,25,40.87008,74.18583,N,,7240,16:00,120+07449
2.02E+17,PASSAIC     ,CLIFTON CITY            ,5/5/2017,FR,1736,1,CLIFTON PD               ,,0,1,0,0,I,B,N,N,1,2,NJ 3                                              ,W,3,,00000003__      ,0.74,2,,2,2,1,1,1,1,1200,FE,E,CR 623 / GROVE ST                  ,,,,55,25,40.85963,74.17974,N,,7105,17:35,120+07448
2014160214-6135                ,PASSAIC     ,CLIFTON CITY            ,6/5/2014,TH,1645,1,CLIFTON PD               ,PATROL 5C      ,0,0,0,0,P,B,N,N,1,2,NJ 3                                              ,W,3,,00000003__      ,0.51,2,1,2,1,1,1,4,1,,,,CR 623 / GROVE ST                  ,,,,35,,,,N,NONE                                                                            ,498,16:45,120+07449
2.02E+17,PASSAIC     ,CLIFTON CITY            ,7/20/2016,W ,825,1,CLIFTON PD               ,,0,0,0,0,P,B,N,N,2,2,NJ 3                                              ,W,3,,00000003__      ,,2,1,2,1,1,1,4,1,,,,,F,GARDEN STATE PARKWAY     ,WB,50,,,,N,NONE                                                                            ,7130,8:25,120+07449
2.02E+17,PASSAIC     ,CLIFTON CITY            ,5/6/2017,SA,554,1,CLIFTON PD               ,,0,2,0,0,I,B,N,N,11,1,NJ 3                                              ,W,3,,00000003__      ,2.41,2,,2,2,2,4,1,1,1200,FE,W,CR 622 / BLOOMFIELD AVE            ,,,,55,35,40.84182,74.16374,N,POLE 12834C                                                                     ,7199,5:55,120P07444
2014160214-6168                ,PASSAIC     ,CLIFTON CITY            ,6/6/2014,F ,1534,1,CLIFTON PD               ,CLIFTON        ,0,0,0,0,P,B,N,N,2,3,NJ 3                                              ,W,3,,00000003__      ,,2,1,2,1,1,1,1,1,800,FE,E,,T,GROVE STREET             ,,50,,,,N,NONE                                                                            ,10047,15:35,120+07449
2014160214-6179                ,PASSAIC     ,CLIFTON CITY            ,6/6/2014,F ,1845,1,CLIFTON PD               ,POST 17        ,0,0,0,0,P,I,N,N,1,2,NJ 3                                              ,W,3,,00000003__      ,,2,5,2,1,1,1,1,2,,AT,,,F,MAIN AVE                 ,,55,,,,N,NONE                                                                            ,1050,18:45,120+07449
2.02E+17,PASSAIC     ,CLIFTON CITY            ,7/20/2016,W ,1744,1,CLIFTON PD               ,,0,1,0,0,I,B,N,N,1,2,NJ 3                                              ,W,3,,00000003__      ,,2,1,2,1,1,1,1,1,300,FE,W,,T,BROAD ST                 ,,55,,,,N,NONE                                                                            ,7204,17:45,120+07449
2.02E+17,PASSAIC     ,CLIFTON CITY            ,5/6/2017,SA,902,1,CLIFTON PD               ,,0,0,0,0,P,I,N,N,1,2,NJ 3                                              ,W,3,,00000003__      ,,2,,2,1,1,1,1,1,,AT,,,F,CR 601                   ,SB,55,,40.83181,74.14107,N,,7176,9:00,120+07449
2.02E+17,PASSAIC     ,CLIFTON CITY            ,3/2/2018,FR,1931,1,CLIFTON PD               ,,0,0,0,0,P,B,N,N,2,2,NJ 3                                              ,W,3,,00000003__      ,2.63,2,,2,2,6,2,1,1,,,,,F,BLOOMFIELD AVE           ,,55,,40.84064,74.16044,N,,7145,19:30,120+07444
2014160214-6196                ,PASSAIC     ,CLIFTON CITY            ,6/7/2014,SA,349,1,CLIFTON PD               ,,0,0,0,0,P,B,N,N,2,2,NJ 3                                              ,W,3,,00000003__      ,4.93,2,1,1,1,6,1,1,2,200,FE,E,NJ 21                              ,,,,45,45,40.82298,74.12402,N,NONE                                                                            ,7027,3:50,120P04739
2013160213-4215                ,PASSAIC     ,CLIFTON CITY            ,4/14/2013,S ,1648,1,CLIFTON PD               ,POST 7         ,0,0,0,0,P,B,N,N,1,2,NJ 3                                              ,W,3,,00000003__      ,,2,5,2,1,1,1,2,1,,,,,F,MAIN AVE                 ,,50,,,,N,NONE                                                                            ,8037,16:50,120+07449
2015160215-27728               ,PASSAIC     ,CLIFTON CITY            ,6/20/2015,SA,146,1,CLIFTON PD               ,POST 7         ,0,0,0,0,P,B,N,N,2,2,NJ 3                                              ,W,3,,00000003__      ,,2,2,2,1,6,1,1,1,100,FE,E,,T,RT 21                    ,NB,55,,,,N,NONE                                                                            ,520,1:45,120+07449
2.02E+17,PASSAIC     ,CLIFTON CITY            ,7/20/2016,W ,1758,1,CLIFTON PD               ,,0,0,0,0,P,B,N,N,2,2,NJ 3                                              ,W,3,,00000003__      ,,2,1,2,1,1,1,1,1,,,,,F,BROAD ST                 ,,55,,,,N,NONE                                                                            ,7204,18:00,120+07449
2.02E+17,PASSAIC     ,CLIFTON CITY            ,5/6/2017,SA,1257,1,CLIFTON PD               ,,0,0,0,0,P,B,N,N,1,3,NJ 3                                              ,W,3,,00000003__      ,0,2,,2,1,1,1,1,1,150,FE,W,US 46                              ,,,,55,55,,,N,,,12:55,120+07449
2013160213-4288                ,PASSAIC     ,CLIFTON CITY            ,4/16/2013,TU,1551,1,CLIFTON PD               ,POST 5         ,0,1,0,0,I,I,N,N,1,2,NJ 3                                              ,W,3,,00000003__      ,1.44,2,1,2,1,1,5,1,1,,AT,,,F,RT 444                   ,NB,55,,,,N,NONE                                                                            ,7030,15:50,120P07446
2.02E+17,PASSAIC     ,CLIFTON CITY            ,3/2/2018,FR,2115,1,CLIFTON PD               ,,0,0,0,0,P,B,N,N,11,1,NJ 3                                              ,W,3,,00000003__      ,1.49,2,,2,2,6,3,1,1,250,FE,E,GARDEN STATE PARKWAY               ,,,,55,55,40.84807,74.17124,N,,7232,21:15,120+07445
2.02E+17,PASSAIC     ,CLIFTON CITY            ,7/21/2016,TH,1654,1,CLIFTON PD               ,,0,0,0,0,P,I,N,N,2,2,NJ 3                                              ,W,3,,00000003__      ,3.82,2,2,2,1,1,1,1,1,,AT,,CR 601 / MAIN AVE                  ,,,,55,25,,,N,NONE                                                                            ,7145,16:55,120+07442
2014160214-6207                ,PASSAIC     ,CLIFTON CITY            ,6/7/2014,SA,1341,1,CLIFTON PD               ,PATROL 7C      ,0,1,0,0,I,B,N,N,1,2,NJ 3                                              ,W,3,,00000003__      ,3.82,2,6,2,1,1,1,2,1,,,,CR 601 / MAIN AVE                  ,,,,55,25,,,N,NONE                                                                            ,498,13:40,120+07442
2015160215-28251               ,PASSAIC     ,CLIFTON CITY            ,6/23/2015,TU,759,1,CLIFTON PD               ,CLIFTON        ,0,0,0,0,P,B,N,N,1,2,NJ 3                                              ,W,3,,00000003__      ,,2,1,2,1,1,1,1,1,,,,,T,VALLEY RD                ,,55,,,,N,NONE                                                                            ,268,8:00,120+07449
2.02E+17,PASSAIC     ,CLIFTON CITY            ,5/6/2017,SA,1439,1,CLIFTON PD               ,,0,0,0,0,P,B,N,N,1,2,NJ 3                                              ,W,3,,00000003__      ,1.53,2,,2,1,1,5,1,1,50,FE,E,GARDEN STATE PKWY                  ,,,,55,55,40.85408,74.17686,N,,7098,14:40,120+07445
2.02E+17,PASSAIC     ,CLIFTON CITY            ,5/6/2017,SA,1444,1,CLIFTON PD               ,,0,1,0,0,I,B,N,N,2,3,NJ 3                                              ,W,3,,00000003__      ,3.78,2,,2,1,1,1,1,1,200,FE,W,CR 601 / MAIN AVE                  ,,,,55,35,40.83181,74.14107,N,,,14:45,120+07442
2.02E+17,PASSAIC     ,CLIFTON CITY            ,3/3/2018,SA,2044,1,CLIFTON PD               ,,0,0,0,0,P,B,N,N,1,2,NJ 3                                              ,W,3,,00000003__      ,3.83,2,,2,1,7,1,2,1,50,FE,E,CR 601 / MAIN AVE                  ,,,,55,25,40.83181,74.14107,N,,7201,20:45,120+07442
2014160214-6250                ,PASSAIC     ,CLIFTON CITY            ,6/9/2014,M ,701,1,CLIFTON PD               ,CLIFTON        ,0,0,0,0,P,B,N,N,2,2,NJ 3                                              ,W,3,,00000003__      ,1.53,2,1,2,2,1,2,1,1,100,FE,E,GARDEN STATE PKWY                  ,,,,55,55,,,N,,13518,7:00,120+07445
2015160215-28486               ,PASSAIC     ,CLIFTON CITY            ,6/24/2015,W ,1516,1,CLIFTON PD               ,POST 7         ,0,0,0,0,P,I,N,N,1,2,NJ 3                                              ,W,3,,00000003__      ,,2,5,2,1,1,1,1,1,,AT,,,F,PASSAIC COUNTY 601       ,,55,,,,N,NONE                                                                            ,7030,15:15,120+07449
2.02E+17,PASSAIC     ,CLIFTON CITY            ,7/24/2016,S ,1253,1,CLIFTON PD               ,,0,2,0,0,I,B,N,N,1,2,NJ 3                                              ,W,3,,00000003__      ,,2,2,2,1,1,1,1,1,,,,,F,PASSAIC AVE              ,WB,55,,,,N,NONE                                                                            ,7124,12:55,120+07449
2.02E+17,PASSAIC     ,CLIFTON CITY            ,7/25/2016,M ,822,1,CLIFTON PD               ,,0,0,0,0,P,B,N,N,2,2,NJ 3                                              ,W,3,,00000003__      ,0.53,2,1,2,1,1,1,5,1,100,FE,E,CR 623 / GROVE ST                  ,,,,55,,,,N,NONE                                                                            ,7131,8:20,120+07449
2014160214-6319                ,PASSAIC     ,CLIFTON CITY            ,6/10/2014,TU,2144,1,CLIFTON PD               ,PATROL         ,0,0,0,0,P,B,N,N,1,2,NJ 3                                              ,W,3,,00000003__      ,3.8,2,1,2,1,6,1,1,1,100,FE,W,CR 601 / MAIN AVE                  ,,,,55,25,40.83151,74.14237,N,NONE                                                                            ,7030,21:45,120+07442
2015160215-28500               ,PASSAIC     ,CLIFTON CITY            ,6/24/2015,W ,1837,1,CLIFTON PD               ,PATROL         ,0,0,0,0,P,B,N,N,1,2,NJ 3                                              ,W,3,,00000003__      ,3.85,2,1,2,1,1,1,1,1,150,FE,E,CR 601 / MAIN AVE                  ,,,,55,25,,,N,NONE                                                                            ,6019,18:35,120+07442
2.02E+17,PASSAIC     ,CLIFTON CITY            ,5/6/2017,SA,1652,1,CLIFTON PD               ,,0,1,0,0,I,B,N,N,1,2,NJ 3                                              ,W,3,,00000003__      ,3.9,2,,2,1,1,1,1,1,400,FE,E,CR 601 / MAIN AVE                  ,,,,55,35,40.83181,74.14107,N,,7105,16:50,120+07442
2.02E+17,PASSAIC     ,CLIFTON CITY            ,3/4/2018,SU,1204,1,CLIFTON PD               ,,0,0,0,0,P,B,N,N,1,2,NJ 3                                              ,W,3,,00000003__      ,,2,,2,1,1,1,1,1,,,,,F,MAIN AVE                 ,SB,55,,40.83181,74.14107,N,,7157,12:05,120+07449
2015160215-28513               ,PASSAIC     ,CLIFTON CITY            ,6/22/2015,M ,1732,1,CLIFTON PD               ,PATROL         ,0,0,0,0,P,B,N,N,1,2,NJ 3                                              ,W,3,,00000003__      ,0.52,2,1,2,1,1,1,1,1,50,FE,E,CR 623 / GROVE ST                  ,,,,55,35,,,N,NONE                                                                            ,6019,17:30,120+07449
2.02E+17,PASSAIC     ,CLIFTON CITY            ,5/6/2017,SA,1851,1,CLIFTON PD               ,,0,0,0,0,P,B,N,N,2,2,NJ 3                                              ,W,3,,00000003__      ,3.42,2,,2,1,1,1,1,1,10,FE,E,CR 603 / PASSAIC AVE               ,,,,55,25,40.83432,74.14805,N,,7232,18:50,120+07443
2.02E+17,PASSAIC     ,CLIFTON CITY            ,3/4/2018,SU,1630,1,CLIFTON PD               ,,0,0,0,0,P,B,N,N,1,2,NJ 3                                              ,W,3,,00000003__      ,3.43,2,,2,1,1,1,2,1,50,FE,E,CR 603 / PASSAIC AVE               ,,,,55,25,40.83545,74.15033,N,,7201,16:30,120+07443
2.02E+17,PASSAIC     ,CLIFTON CITY            ,7/25/2016,M ,1739,1,CLIFTON PD               ,,0,1,0,0,I,B,N,N,1,2,NJ 3                                              ,W,3,,00000003__      ,,2,1,2,2,1,2,1,1,1000,FE,,,T,PARKWAY NORTH            ,NB,55,,,,N,NONE                                                                            ,7107,17:40,120+07449
2013160213-4377                ,PASSAIC     ,CLIFTON CITY            ,4/18/2013,TH,1821,1,CLIFTON PD               ,,0,0,0,0,P,B,N,N,2,2,NJ 3                                              ,W,3,,00000003__      ,1.78,2,1,2,2,1,2,1,1,500,FE,E,RT 444                             ,,,,55,55,,,N,NONE                                                                            ,239,18:20,120+07445
2.02E+17,PASSAIC     ,CLIFTON CITY            ,3/5/2018,MO,1728,1,CLIFTON PD               ,,0,0,0,0,P,I,N,N,1,2,NJ 3                                              ,W,3,,00000003__      ,4.89,2,,2,1,1,1,2,1,,AT,,NJ 21                              ,,,,55,55,40.82389,74.12552,N,,7201,17:30,120P04739
2015160215-28863               ,PASSAIC     ,CLIFTON CITY            ,6/26/2015,F ,1807,1,CLIFTON PD               ,PATROL CAR #6  ,0,1,0,0,I,B,N,N,1,3,NJ 3                                              ,W,3,,00000003__      ,,2,1,1,1,1,1,1,1,150,FE,E,,T,BLOOMFIELD AVE           ,,55,,,,N,NONE                                                                            ,11502,18:05,120+07449
2.02E+17,PASSAIC     ,CLIFTON CITY            ,5/7/2017,SU,1136,1,CLIFTON PD               ,,0,1,0,0,I,B,N,N,11,1,NJ 3                                              ,W,3,,00000003__      ,1.44,2,,2,1,1,5,1,1,500,FE,E,GARDEN STATE PARKWAY               ,,,,50,15,,,N,,7167,11:35,120P07446
2013160213-4438                ,PASSAIC     ,CLIFTON CITY            ,4/20/2013,SA,1449,1,CLIFTON PD               ,,0,0,0,0,P,B,N,N,1,2,NJ 3                                              ,W,3,,00000003__      ,,2,5,2,1,1,1,5,2,,,,,F,RT 21                    ,NB,55,,,,N,NONE                                                                            ,6014,14:50,120+07449
2015160215-29452               ,PASSAIC     ,CLIFTON CITY            ,6/30/2015,TU,757,1,CLIFTON PD               ,,0,0,0,0,P,B,N,N,1,2,NJ 3                                              ,W,3,,00000003__      ,1.44,2,2,2,1,1,5,1,1,1320,FE,E,GARDEN STATE PARKWAY               ,,,,55,55,,,N,NONE                                                                            ,231,7:55,120P07446
2.02E+17,PASSAIC     ,CLIFTON CITY            ,7/26/2016,TU,1525,1,CLIFTON PD               ,,0,0,0,0,P,B,N,N,2,2,NJ 3                                              ,W,3,,00000003__      ,,2,4,2,1,1,1,1,1,500,FE,E,,F,GARDEN STATE PARKWA?     ,SB,55,,,,N,NONE                                                                            ,7205,15:25,120+07449
2.02E+17,PASSAIC     ,CLIFTON CITY            ,5/7/2017,SU,1431,1,CLIFTON PD               ,,0,1,0,0,I,B,N,N,1,3,NJ 3                                              ,W,3,,00000003__      ,,2,,2,2,1,2,1,1,,,,,T,ALLWOOD RD               ,,55,,40.85369,74.17633,N,,,14:30,120+07449
2.02E+17,PASSAIC     ,CLIFTON CITY            ,3/6/2018,TU,1230,1,CLIFTON PD               ,,0,1,0,0,I,B,N,N,1,2,NJ 3                                              ,W,3,,00000003__      ,3.42,2,,2,1,1,1,5,1,,,,,F,PASSAIC AVE              ,WB,55,,40.8348,74.14806,N,,7096,12:30,120+07443
2013160213-4443                ,PASSAIC     ,CLIFTON CITY            ,4/20/2013,SA,1640,1,CLIFTON PD               ,PATROL         ,0,0,0,0,P,I,N,N,2,2,NJ 3                                              ,W,3,,00000003__      ,3.82,2,2,2,1,1,1,1,2,,AT,E,CR 601 / MAIN AVE                  ,,,,45,25,,,N,NONE                                                                            ,8036,16:40,120+07442
2014160214-6391                ,PASSAIC     ,CLIFTON CITY            ,6/12/2014,TH,1624,1,CLIFTON PD               ,POST 7         ,0,0,0,0,P,I,N,N,1,2,NJ 3                                              ,W,3,,00000003__      ,,2,5,2,1,1,1,1,2,,AT,,,F,CR 601                   ,,55,,,,N,NONE                                                                            ,7030,16:25,120+07449
2.02E+17,PASSAIC     ,CLIFTON CITY            ,7/27/2016,W ,1124,1,CLIFTON PD               ,,0,1,0,0,I,B,N,N,1,2,NJ 3                                              ,W,3,,00000003__      ,,2,2,2,1,1,1,1,1,,,,,F,PASSAIC AVE              ,WB,55,,,,N,NONE                                                                            ,7124,11:25,120+07449
2013160213-447                 ,PASSAIC     ,CLIFTON CITY            ,1/12/2013,SA,1814,1,CLIFTON PD               ,,0,0,0,0,P,I,N,N,1,2,NJ 3                                              ,W,3,,00000003__      ,3.42,2,5,2,1,6,1,1,1,,AT,,CR 603 / PASSAIC AVE               ,,,,50,30,,,N,NONE                                                                            ,239,18:15,120+07443
2.02E+17,PASSAIC     ,CLIFTON CITY            ,7/29/2016,F ,2156,1,CLIFTON PD               ,,0,1,0,0,I,I,N,N,1,2,NJ 3                                              ,W,3,,00000003__      ,,2,2,2,1,5,1,1,1,,AT,,,F,PASSAIC AVE              ,,55,,,,N,NONE                                                                            ,7176,21:55,120+07449
2.02E+17,PASSAIC     ,CLIFTON CITY            ,5/8/2017,MO,814,1,CLIFTON PD               ,,0,0,0,0,P,B,N,N,1,2,NJ 3                                              ,W,3,,00000003__      ,1.53,2,,2,1,1,1,5,1,300,FE,E,GARDEN STATE PARKWAY N             ,,,,55,55,40.85098,74.17362,N,,7096,8:15,120+07445
2.02E+17,PASSAIC     ,CLIFTON CITY            ,5/8/2017,MO,908,1,CLIFTON PD               ,,0,0,0,0,P,B,N,N,11,1,NJ 3                                              ,W,3,,00000003__      ,2.68,2,,2,1,1,1,2,1,200,FE,E,CR 622 / BLOOMFIELD AVE            ,,,,55,30,40.8394,74.1588,N,,7185,9:10,120+07444
2015160215-29848               ,PASSAIC     ,CLIFTON CITY            ,7/2/2015,TH,1159,1,CLIFTON PD               ,,0,0,0,0,P,B,N,N,1,3,NJ 3                                              ,W,3,,00000003__      ,3.82,2,1,2,1,1,1,1,1,,FE,E,MAIN AVENUE                        ,,,,55,,,,N,NONE                                                                            ,224,12:00,120+07442
2014160214-6490                ,PASSAIC     ,CLIFTON CITY            ,6/15/2014,S ,938,1,CLIFTON PD               ,CLIFTON        ,0,0,0,0,P,B,N,N,1,2,NJ 3                                              ,W,3,,00000003__      ,0.02,2,4,2,1,1,1,5,1,100,FE,E,US 46                              ,,,,45,50,40.87084,74.18936,N,NONE                                                                            ,7033,9:40,120+07449
2013160213-4485                ,PASSAIC     ,CLIFTON CITY            ,4/22/2013,M ,806,1,CLIFTON PD               ,,0,1,0,0,I,B,N,N,1,2,NJ 3                                              ,W,3,,00000003__      ,0.42,2,1,2,1,1,1,1,1,500,FE,W,CR 623 / GROVE ST                  ,,,,55,35,,,N,NONE                                                                            ,5010,8:05,120+07449
2.02E+17,PASSAIC     ,CLIFTON CITY            ,3/9/2018,FR,1951,1,CLIFTON PD               ,,0,0,0,0,P,B,N,N,1,2,NJ 3                                              ,W,3,,00000003__      ,3.24,2,,2,1,6,1,1,1,950,FE,W,CR 603 / PASSAIC AVE               ,,,,55,35,40.83448,74.14752,N,,7105,19:50,120P07443
2.02E+17,PASSAIC     ,CLIFTON CITY            ,5/8/2017,MO,1535,1,CLIFTON PD               ,,0,0,0,0,P,B,N,N,1,2,NJ 3                                              ,W,3,,00000003__      ,3.9,2,,2,1,1,1,5,1,400,FE,E,CR 601 / MAIN AVE                  ,,,,55,35,40.82991,74.13832,N,,543,15:35,120+07442
2015160215-29850               ,PASSAIC     ,CLIFTON CITY            ,7/2/2015,TH,1218,1,CLIFTON PD               ,CLIFTON        ,0,0,0,0,P,B,N,N,1,2,NJ 3                                              ,W,3,,00000003__      ,,2,1,2,1,1,1,1,1,50,FE,,,F,RT 21                    ,,55,,,,N,NONE                                                                            ,268,12:20,120+07449
2.02E+17,PASSAIC     ,CLIFTON CITY            ,3/10/2018,SA,1214,1,CLIFTON PD               ,,0,0,0,0,P,B,N,N,1,2,NJ 3                                              ,W,3,,00000003__      ,0.5,2,,2,1,1,1,1,1,50,FE,W,CR 623 / GROVE ST                  ,,,,55,35,40.86955,74.18604,N,,7128,12:15,120+07449
2.02E+17,PASSAIC     ,CLIFTON CITY            ,5/9/2017,TU,1517,1,CLIFTON PD               ,,0,0,0,0,P,B,N,N,1,2,NJ 3                                              ,W,3,,00000003__      ,1.47,2,,2,1,1,1,1,1,1109,FE,E,ROUTE 509 / BROAD ST               ,,,,55,25,40.85262,74.17547,N,,544,15:15,120+07445
2014160214-6517                ,PASSAIC     ,CLIFTON CITY            ,6/16/2014,M ,236,1,CLIFTON PD               ,PATROL         ,0,0,0,0,P,B,Y,N,1,2,NJ 3                                              ,W,3,,00000003__      ,3.5,2,1,2,1,6,1,2,1,400,FE,E,CR 603 / PASSAIC AVE               ,,,,50,,40.83378,74.14729,N,NONE                                                                            ,7032,2:35,120+07443
2013160213-451                 ,PASSAIC     ,CLIFTON CITY            ,1/12/2013,SA,1954,1,CLIFTON PD               ,PATROL /C1     ,0,0,0,0,P,I,N,N,1,2,NJ 3                                              ,W,3,,00000003__      ,,2,2,2,1,6,1,1,1,,AT,,,F,MAIN AVE                 ,,55,,,,N,,501,19:55,120+07449
2015160215-30057               ,PASSAIC     ,CLIFTON CITY            ,7/3/2015,F ,1651,1,CLIFTON PD               ,CLIFTON        ,0,1,0,0,I,B,N,N,1,2,NJ 3                                              ,W,3,,00000003__      ,,2,2,2,1,1,1,5,1,5,FE,S,,F,CR 601                   ,,35,,,,N,NONE.                                                                           ,269,16:50,120+07449
2.02E+17,PASSAIC     ,CLIFTON CITY            ,8/2/2016,TU,1540,1,CLIFTON PD               ,,0,0,0,0,P,I,N,N,2,2,NJ 3                                              ,W,3,,00000003__      ,,2,1,2,1,1,1,5,1,,AT,,,T,CR 622                   ,,55,,,,N,NONE                                                                            ,7201,15:40,120+07449
2.02E+17,PASSAIC     ,CLIFTON CITY            ,5/9/2017,TU,1658,1,CLIFTON PD               ,,0,0,0,0,P,B,N,N,1,2,NJ 3                                              ,W,3,,00000003__      ,0.64,2,,2,1,1,1,1,1,700,FE,E,CR 623 / GROVE ST                  ,,,,55,35,40.86565,74.18162,N,,7105,17:00,120P07448
2.02E+17,PASSAIC     ,CLIFTON CITY            ,3/10/2018,SA,1454,1,CLIFTON PD               ,,0,0,0,0,P,B,N,N,1,2,NJ 3                                              ,W,3,,00000003__      ,3.43,2,,2,1,1,1,2,1,50,FE,E,CR 603 / PASSAIC AVE               ,,,,55,25,40.84064,74.16044,N,,7201,14:55,120+07443
2013160213-4542                ,PASSAIC     ,CLIFTON CITY            ,4/23/2013,TU,1708,1,CLIFTON PD               ,PATROL         ,0,1,0,0,I,I,N,N,1,2,NJ 3                                              ,W,3,,00000003__      ,3.82,2,5,2,1,1,1,2,2,,AT,W,CR 601 / MAIN AVE                  ,,,,25,35,,,N,NONE                                                                            ,C019 ,17:10,120+07442
2015160215-30158               ,PASSAIC     ,CLIFTON CITY            ,7/4/2015,SA,1245,1,CLIFTON PD               ,,0,0,0,0,P,B,N,N,1,2,NJ 3                                              ,W,3,,00000003__      ,,2,2,2,2,1,2,1,1,100,FE,E,,F,CR 601                   ,SB,55,,,,N,,260,12:45,120+07449