CRASH_ID,CTY_NAME,MUN_NAME,DATE,DAY,TIME,POL_CODE,POL_DEPT,POL_STA,KILLED,INJURED,PED_KILL,PED_INJ,SEVERITY,INTERSEC,ALCOHOL,HAZMAT,CRASH_TYPE,VEH_COUNT,LOCATION,LOC_DIR,ROUTE,RT_SFX,SRI,MP,RD_SYS,RD_CHAR,RD_SURF,SURF_COND,LIGHT,WEATHER,RD_DIV,RD_WRKZN,X_DIST,DIST_UNT,X_DIR,X_NAME,IS_RAMP,RAMP_RT,RAMP_DIR,SPD_LMT,SPD_X,LAT,LONG,CELL_USE,PROP_DMG,BADGE,TIME_ROUND,TMC
2.02E+17,PASSAIC     ,CLIFTON CITY            ,8/2/2016,TU,1705,1,CLIFTON PD               ,,0,0,0,0,P,B,N,N,1,2,NJ 3                                              ,W,3,,00000003__      ,,2,2,2,1,1,1,5,1,,,,,F,MAIN AVE                 ,,55,,,,N,NONE                                                                            ,7201,17:05,120+07449
2.02E+17,PASSAIC     ,CLIFTON CITY            ,8/3/2016,W ,817,1,CLIFTON PD               ,,0,0,0,0,P,B,N,N,1,2,NJ 3                                              ,W,3,,00000003__      ,0.49,2,1,2,1,1,1,1,1,100,FE,W,CR 623 / GROVE ST                  ,,,,50,30,,,N,NONE                                                                            ,7130,8:15,120+07449
2.02E+17,PASSAIC     ,CLIFTON CITY            ,3/10/2018,SA,2154,1,CLIFTON PD               ,,0,2,0,0,I,B,N,N,1,2,NJ 3                                              ,W,3,,00000003__      ,3.91,2,,2,1,6,1,1,1,500,FE,E,CR 601 / MAIN AVE                  ,,,,55,35,40.83032,74.13924,N,,7105,21:55,120+07442
2015160215-3049                ,PASSAIC     ,CLIFTON CITY            ,1/21/2015,W ,1633,1,CLIFTON PD               ,POST 7         ,0,0,0,0,P,I,N,N,1,2,NJ 3                                              ,W,3,,00000003__      ,,2,5,2,1,1,1,4,1,,AT,,,T,CR 603                   ,NB,,,,,N,,7030,16:35,120+07449
2.02E+17,PASSAIC     ,CLIFTON CITY            ,5/9/2017,TU,1857,1,CLIFTON PD               ,,0,0,0,0,P,B,N,N,1,2,NJ 3                                              ,W,3,,00000003__      ,2.69,2,,2,1,1,1,1,1,250,FE,E,CR 622 / BLOOMFIELD AVE            ,,,,55,35,40.84064,74.16044,N,,7105,18:55,120+07444
2013160213-4616                ,PASSAIC     ,CLIFTON CITY            ,4/25/2013,TH,,1,CLIFTON PD               ,,0,0,0,0,P,B,N,N,1,2,NJ 3                                              ,W,3,,00000003__      ,0,2,1,2,1,1,1,1,1,500,FE,E,VALLEY RD                          ,,,,55,35,,,N,NONE                                                                            ,5010,#VALUE!,120+07449
2.02E+17,PASSAIC     ,CLIFTON CITY            ,8/3/2016,W ,1726,1,CLIFTON PD               ,,0,0,0,0,P,B,N,N,2,2,NJ 3                                              ,W,3,,00000003__      ,0.49,2,1,2,1,1,1,1,1,100,FE,W,CR 623 / GROVE ST                  ,,,,55,35,,,N,NONE                                                                            ,,17:25,120+07449
2.02E+17,PASSAIC     ,CLIFTON CITY            ,3/11/2018,SU,1606,1,CLIFTON PD               ,,0,0,0,0,P,B,N,N,2,2,NJ 3                                              ,W,3,,00000003__      ,3.87,2,,2,1,1,1,2,1,275,FE,E,CR 601 / MAIN AVE                  ,,,,55,25,40.83181,74.14107,N,,7201,16:05,120+07442
2015160215-30801               ,PASSAIC     ,CLIFTON CITY            ,7/8/2015,W ,827,1,CLIFTON PD               ,,0,0,0,0,P,B,N,N,1,2,NJ 3                                              ,W,3,,00000003__      ,,2,2,2,1,1,1,1,1,,,,,F,PASSAIC AVE              ,WB,55,,,,N,,260,8:25,120+07449
2.02E+17,PASSAIC     ,CLIFTON CITY            ,5/10/2017,WE,1610,1,CLIFTON PD               ,,0,2,0,0,I,B,N,N,2,3,NJ 3                                              ,W,3,,00000003__      ,0.02,2,,2,1,1,1,1,1,100,FE,E,US 46                              ,,,,55,50,40.86924,74.18575,N,PSE&G POLE NUMBER PS6726C                                                       ,,16:10,120+07449
2.02E+17,PASSAIC     ,CLIFTON CITY            ,3/11/2018,SU,1813,1,CLIFTON PD               ,,0,0,0,0,P,B,N,N,11,1,NJ 3                                              ,W,3,,00000003__      ,4.01,2,,2,1,1,1,2,1,1000,FE,E,CR 601 / MAIN AVE                  ,,,,55,25,40.82806,74.13439,N,MINOR DAMAGED (SHAVED PIECE OF WOOD) UTILITY POLE #13550C.                      ,7201,18:15,120+07442
2013160213-4642                ,PASSAIC     ,CLIFTON CITY            ,4/25/2013,TH,,1,CLIFTON PD               ,,0,1,0,0,I,B,N,N,1,2,NJ 3                                              ,W,3,,00000003__      ,,2,1,2,1,1,1,1,1,150,FE,W,,T,PARKWAY SO               ,SB,55,,,,N,NONE                                                                            ,5008,#VALUE!,120+07449
2015160215-3144                ,PASSAIC     ,CLIFTON CITY            ,1/22/2015,TH,708,1,CLIFTON PD               ,CLIFTON        ,0,0,0,0,P,B,N,N,2,2,NJ 3                                              ,W,3,,00000003__      ,0.51,2,1,2,1,1,5,5,1,500,FE,,CR 623 / GROVE ST                  ,,,,55,,,,N,,269,7:10,120+07449
2.02E+17,PASSAIC     ,CLIFTON CITY            ,8/6/2016,SA,934,1,CLIFTON PD               ,,0,0,0,0,P,I,N,N,1,2,NJ 3                                              ,W,3,,00000003__      ,,2,5,2,1,1,1,5,1,,AT,,,F,MAIN AVE                 ,WB,15,,,,N,NONE                                                                            ,7167,9:35,120+07449
2.02E+17,PASSAIC     ,CLIFTON CITY            ,5/10/2017,WE,2034,1,CLIFTON PD               ,,0,0,0,0,P,B,N,N,1,2,NJ 3                                              ,W,3,,00000003__      ,2.73,2,,2,1,3,1,5,1,500,FE,E,CR 622 / BLOOMFIELD AVE            ,,,,50,30,40.84064,74.16044,N,,550,20:35,120+07444
2.02E+17,PASSAIC     ,CLIFTON CITY            ,8/6/2016,SA,2304,1,CLIFTON PD               ,,0,0,0,0,P,B,N,N,15,1,NJ 3                                              ,W,3,,00000003__      ,3.51,2,1,2,1,6,1,1,1,500,FE,E,CR 603 / PASSAIC AVE               ,,,,55,35,,,N,NONE                                                                            ,7239,23:05,120+07443
2014160214-6621                ,PASSAIC     ,CLIFTON CITY            ,6/18/2014,W ,,1,CLIFTON PD               ,CLIFTON        ,0,0,0,0,P,B,N,N,3,2,NJ 3                                              ,W,3,,00000003__      ,3.82,2,3,2,1,1,1,5,1,15,FE,W,CR 601 / MAIN AVE                  ,,,,55,,40.83136,74.14205,N,,269,#VALUE!,120+07442
2015160215-33324               ,PASSAIC     ,CLIFTON CITY            ,7/23/2015,TH,843,1,CLIFTON PD               ,CLIFTON        ,0,0,0,0,P,B,N,N,1,2,NJ 3                                              ,W,3,,00000003__      ,0.01,2,1,2,1,1,1,1,1,2640,FE,W,CR 623 / GROVE ST                  ,,,,45,25,,,N,NONE                                                                            ,2033,8:45,120+07449
2013160213-4705                ,PASSAIC     ,CLIFTON CITY            ,4/27/2013,SA,235,1,CLIFTON PD               ,,0,3,0,0,I,B,N,N,1,2,NJ 3                                              ,W,3,,00000003__      ,0.42,2,1,2,1,6,1,1,1,500,FE,W,CR 623 / GROVE ST                  ,,,,55,35,,,N,NONE                                                                            ,12504,2:35,120+07449
2.02E+17,PASSAIC     ,CLIFTON CITY            ,3/12/2018,MO,1805,1,CLIFTON PD               ,,0,0,0,0,P,B,N,N,1,2,NJ 3                                              ,W,3,,00000003__      ,0.55,2,,2,1,1,1,1,1,200,FE,E,CR 623 / GROVE ST                  ,,,,55,25,40.86873,74.1852,N,,7271,18:05,120+07449
2.02E+17,PASSAIC     ,CLIFTON CITY            ,8/7/2016,S ,1141,1,CLIFTON PD               ,,0,0,0,0,P,B,N,N,1,2,NJ 3                                              ,W,3,,00000003__      ,3.4,2,1,2,1,1,1,1,1,100,FE,W,CR 603 / PASSAIC AVE               ,,,,55,25,,,N,NONE                                                                            ,7180,11:40,120+07443
2013160213-4724                ,PASSAIC     ,CLIFTON CITY            ,4/27/2013,SA,1438,1,CLIFTON PD               ,CLIFTON        ,0,0,0,0,P,I,N,N,1,2,NJ 3                                              ,W,3,,00000003__      ,3.82,2,6,2,1,1,1,1,2,,AT,N,CR 601 / MAIN AVE                  ,,,,15,,,,N,,187,14:40,120+07442
2015160215-33423               ,PASSAIC     ,CLIFTON CITY            ,7/3/2015,F ,1855,1,CLIFTON PD               ,,0,0,0,0,P,B,N,N,1,2,NJ 3                                              ,W,3,,00000003__      ,4.01,2,1,2,1,1,1,1,1,1000,FE,E,CR 601 / MAIN AVE                  ,,,,55,35,,,N,NONE                                                                            ,239,18:55,120+07442
2014160214-6635                ,PASSAIC     ,CLIFTON CITY            ,6/18/2014,W ,1528,1,CLIFTON PD               ,POST 7         ,0,0,0,0,P,I,N,N,1,2,NJ 3                                              ,W,3,,00000003__      ,,2,5,2,1,1,1,1,2,,AT,,,F,MAIN AVE                 ,,55,,,,N,NONE                                                                            ,7030,15:30,120+07449
2.02E+17,PASSAIC     ,CLIFTON CITY            ,3/13/2018,TU,2325,1,CLIFTON PD               ,,0,0,0,0,P,B,N,N,11,1,NJ 3                                              ,W,3,,00000003__      ,,2,,2,1,6,1,1,1,75,FE,W,,F,MAIN AVE                 ,,55,,40.83092,74.14067,N,,7169,23:25,120+07449
2.02E+17,PASSAIC     ,CLIFTON CITY            ,3/14/2018,WE,1345,1,CLIFTON PD               ,,0,0,0,0,P,B,N,N,1,2,NJ 3                                              ,W,3,,00000003__      ,3.81,2,,2,1,1,1,5,1,,,,,F,MAIN AVE                 ,WB,55,,40.83181,74.14107,N,,7167,13:45,120+07442
2015160215-33738               ,PASSAIC     ,CLIFTON CITY            ,7/25/2015,SA,1630,1,CLIFTON PD               ,,0,0,0,0,P,B,N,N,2,2,NJ 3                                              ,W,3,,00000003__      ,1.53,2,1,2,1,1,1,1,1,300,FE,E,PARKWAY NORTH                      ,,,,55,55,,,N,NONE                                                                            ,239,16:30,120+07445
2.02E+17,PASSAIC     ,CLIFTON CITY            ,8/8/2016,M ,902,1,CLIFTON PD               ,,0,1,0,0,I,B,N,N,1,2,NJ 3                                              ,W,3,,00000003__      ,,2,2,2,1,1,1,5,1,,,,,F,MAIN AVE                 ,WB,55,,,,N,NONE                                                                            ,7131,9:00,120+07449
2.02E+17,PASSAIC     ,CLIFTON CITY            ,5/11/2017,TH,811,1,CLIFTON PD               ,,0,0,0,0,P,B,N,N,1,2,NJ 3                                              ,W,3,,00000003__      ,1.53,2,,2,1,1,1,5,1,300,FE,E,GARDEN STATE PARKWAY N             ,,,,55,55,40.85098,74.17362,N,,7096,8:10,120+07445
2013160213-4747                ,PASSAIC     ,CLIFTON CITY            ,4/28/2013,S ,1126,1,CLIFTON PD               ,,0,0,0,0,P,I,N,N,1,2,NJ 3                                              ,W,3,,00000003__      ,,2,2,2,1,1,1,1,2,,AT,W,,,,,55,,,,N,,260,11:25,120+07449
2015160215-33900               ,PASSAIC     ,CLIFTON CITY            ,7/26/2015,S ,1814,1,CLIFTON PD               ,,0,2,0,0,I,B,N,N,1,2,NJ 3                                              ,W,3,,00000003__      ,,2,5,2,1,1,1,1,1,,,,,F,PASSAIC AVE              ,WB,55,,,,N,NONE                                                                            ,239,18:15,120+07449
2.02E+17,PASSAIC     ,CLIFTON CITY            ,8/8/2016,M ,1607,1,CLIFTON PD               ,,0,0,0,0,P,B,N,N,1,2,NJ 3                                              ,W,3,,00000003__      ,,2,2,2,1,1,1,5,1,,,,,F,MAIN AVE                 ,,55,,,,N,NONE                                                                            ,7201,16:05,120+07449
2.02E+17,PASSAIC     ,CLIFTON CITY            ,3/14/2018,WE,1639,1,CLIFTON PD               ,,0,0,0,0,P,B,N,N,2,2,NJ 3                                              ,W,3,,00000003__      ,3.82,2,,2,1,1,1,1,1,25,FE,E,CR 601 / MAIN AVE                  ,,,,55,35,40.83071,74.14005,N,,7251,16:40,120+07442
2015160215-33967               ,PASSAIC     ,CLIFTON CITY            ,7/27/2015,M ,308,1,CLIFTON PD               ,,0,0,0,0,P,B,N,N,1,2,NJ 3                                              ,W,3,,00000003__      ,3.91,2,1,2,1,6,1,0,1,500,FE,E,CR 601 / MAIN AVE                  ,,,,55,25,,,N,NONE                                                                            ,7028,3:10,120+07442
2013160213-4753                ,PASSAIC     ,CLIFTON CITY            ,4/28/2013,S ,1355,1,CLIFTON PD               ,,0,0,0,0,P,I,N,N,1,2,NJ 3                                              ,W,3,,00000003__      ,,2,2,2,1,1,1,1,1,,AT,W,,F,MAIN AVE CR 601          ,,55,,,,N,,260,13:55,120+07449
2014160214-6688                ,PASSAIC     ,CLIFTON CITY            ,6/9/2014,M ,1901,1,CLIFTON PD               ,POST 7         ,0,0,0,0,P,I,N,N,1,2,NJ 3                                              ,W,3,,00000003__      ,,2,5,2,1,1,1,1,2,,AT,,,F,RAMP MAIN AVE            ,,55,,,,N,NONE                                                                            ,7030,19:00,120+07449
2.02E+17,PASSAIC     ,CLIFTON CITY            ,5/11/2017,TH,1734,1,CLIFTON PD               ,,0,0,0,0,P,B,N,N,1,2,NJ 3                                              ,W,3,,00000003__      ,0,2,,2,1,1,1,4,1,792,FE,E,CR 621                             ,,,,55,25,40.86955,74.18604,N,,548,17:35,120+07449
2.02E+17,PASSAIC     ,CLIFTON CITY            ,8/8/2016,M ,1824,1,CLIFTON PD               ,,0,0,0,0,P,B,N,N,1,2,NJ 3                                              ,W,3,,00000003__      ,0.6,2,1,2,1,1,1,1,1,500,FE,E,CR 623 / GROVE ST                  ,,,,50,,,,N,NONE                                                                            ,,18:25,120P07448
2.02E+17,PASSAIC     ,CLIFTON CITY            ,5/11/2017,TH,2308,1,CLIFTON PD               ,,0,0,0,0,P,B,N,N,1,2,NJ 3                                              ,W,3,,00000003__      ,2.64,2,,2,1,7,1,4,1,,,,,T,BLOOMFIELD AVE           ,NB,55,,40.84001,74.16133,N,,7246,23:10,120+07444
2013160213-4796                ,PASSAIC     ,CLIFTON CITY            ,4/29/2013,M ,1502,1,CLIFTON PD               ,CLIFTON        ,0,2,0,0,I,I,N,N,1,2,NJ 3                                              ,W,3,,00000003__      ,3.82,2,5,2,2,1,2,1,1,,AT,W,CR 601 / MAIN AVE                  ,,,,55,,,,N,NONE                                                                            ,5008,15:00,120+07442
2.02E+17,PASSAIC     ,CLIFTON CITY            ,3/15/2018,TH,712,1,CLIFTON PD               ,,0,2,0,0,I,B,N,N,11,1,NJ 3                                              ,W,3,,00000003__      ,3.91,2,,2,1,1,1,1,1,500,FE,E,CR 601 / MAIN AVE                  ,,,,55,35,40.82911,74.13668,N,,7099,7:10,120+07442
2015160215-34154               ,PASSAIC     ,CLIFTON CITY            ,7/28/2015,TU,859,1,CLIFTON PD               ,,0,0,0,0,P,B,N,N,1,2,NJ 3                                              ,W,3,,00000003__      ,,2,1,2,1,1,1,1,1,500,FE,E,,T,BROAD ST                 ,WB,55,,,,N,NONE                                                                            ,274,9:00,120+07449
2.02E+17,PASSAIC     ,CLIFTON CITY            ,3/15/2018,TH,939,1,CLIFTON PD               ,,0,0,0,0,P,B,N,N,2,2,NJ 3                                              ,W,3,,00000003__      ,0.1,2,,2,1,1,1,5,1,,,,,F,PASSAIC COUNTY 621       ,WB,55,,40.87007,74.1872,N,,7096,9:40,120+07449
2013160213-4825                ,PASSAIC     ,CLIFTON CITY            ,4/30/2013,TU,545,1,CLIFTON PD               ,,0,0,0,0,P,B,N,N,1,2,NJ 3                                              ,W,3,,00000003__      ,2.7,2,1,2,2,2,1,1,1,300,FE,E,CR 622 / BLOOMFIELD AVE            ,,,,55,25,,,N,NONE                                                                            ,7028,5:45,120+07444
2014160214-6702                ,PASSAIC     ,CLIFTON CITY            ,6/20/2014,F ,229,1,CLIFTON PD               ,,0,2,0,0,I,B,N,N,1,2,NJ 3                                              ,W,3,,00000003__      ,,2,1,2,1,6,1,1,1,500,FE,W,,,NJ 21                    ,,55,,,,N,NONE                                                                            ,7027,2:30,120+07449
2.02E+17,PASSAIC     ,CLIFTON CITY            ,8/11/2016,TH,843,1,CLIFTON PD               ,,0,0,0,0,P,B,N,N,1,2,NJ 3                                              ,W,3,,00000003__      ,,2,5,2,1,1,1,2,1,,,,,F,MAIN AVE                 ,NB,15,,,,N,NONE                                                                            ,7174,8:45,120+07449
2.02E+17,PASSAIC     ,CLIFTON CITY            ,8/12/2016,F ,741,1,CLIFTON PD               ,,0,0,0,0,P,B,N,N,1,2,NJ 3                                              ,W,3,,00000003__      ,0.55,2,1,2,2,1,5,1,1,200,FE,E,CR 623 / GROVE ST                  ,,,,50,30,,,N,NONE                                                                            ,7130,7:40,120+07449
2.02E+17,PASSAIC     ,CLIFTON CITY            ,5/12/2017,FR,1605,1,CLIFTON PD               ,,0,0,0,0,P,B,N,N,1,2,NJ 3                                              ,W,3,,00000003__      ,1.32,2,,2,1,1,1,1,1,300,FE,E,ROUTE 509 / BROAD ST               ,,,,55,35,40.85098,74.17362,N,,7232,16:05,120P07446
2.02E+17,PASSAIC     ,CLIFTON CITY            ,3/15/2018,TH,1127,1,CLIFTON PD               ,,0,0,0,0,P,B,N,N,1,2,NJ 3                                              ,W,3,,00000003__      ,3.41,2,,2,1,1,1,1,1,,,,,F,PASSAIC AVE              ,NB,55,,40.83448,74.14752,N,,7099,11:25,120+07443
2015160215-35074               ,PASSAIC     ,CLIFTON CITY            ,8/2/2015,S ,1656,1,CLIFTON PD               ,CLIFTON        ,0,0,0,0,P,I,N,N,1,2,NJ 3                                              ,W,3,,00000003__      ,4.42,2,3,2,1,1,1,1,1,,AT,,RIVERFRONT CENTER (EXIT)           ,,,,55,,,,N,NONE                                                                            ,242,16:55,120+04740
2014160214-6729                ,PASSAIC     ,CLIFTON CITY            ,6/20/2014,F ,1419,1,CLIFTON PD               ,,0,0,0,0,P,B,N,N,2,2,NJ 3                                              ,W,3,,00000003__      ,,2,5,2,1,1,1,2,2,,,,,T,NJ 21                    ,NB,,,,,N,,510,14:20,120+07449
2015160215-35257               ,PASSAIC     ,CLIFTON CITY            ,8/3/2015,M ,1840,1,CLIFTON PD               ,,0,0,0,0,P,I,N,N,1,2,NJ 3                                              ,W,3,,00000003__      ,,2,5,2,1,1,1,1,1,,AT,,,F,CR 601                   ,SB,55,,,,N,NONE                                                                            ,239,18:40,120+07449
2.02E+17,PASSAIC     ,CLIFTON CITY            ,8/12/2016,F ,1653,1,CLIFTON PD               ,,0,0,0,0,P,I,N,N,1,2,NJ 3                                              ,W,3,,00000003__      ,,2,1,2,1,1,1,1,1,,AT,,,T,GROVE ST                 ,,50,,,,N,NONE                                                                            ,7213,16:55,120+07449
2014160214-6731                ,PASSAIC     ,CLIFTON CITY            ,6/20/2014,F ,1507,1,CLIFTON PD               ,POST 7         ,0,1,0,0,I,I,N,N,2,2,NJ 3                                              ,W,3,,00000003__      ,,2,1,2,1,1,1,1,1,,AT,,,T,RT 21                    ,,50,,,,N,NONE                                                                            ,,15:05,120+07449
2015160215-35268               ,PASSAIC     ,CLIFTON CITY            ,8/3/2015,M ,1842,1,CLIFTON PD               ,CLIFTON        ,0,0,0,0,P,B,N,N,1,3,NJ 3                                              ,W,3,,00000003__      ,,2,1,2,1,1,1,1,1,200,FE,E,,T,GSP                      ,NB,55,,,,N,NONE                                                                            ,5008,18:40,120+07449
2.02E+17,PASSAIC     ,CLIFTON CITY            ,5/13/2017,SA,2110,1,CLIFTON PD               ,,0,1,0,0,I,B,N,N,1,2,NJ 3                                              ,W,3,,00000003__      ,,2,,2,2,6,2,1,1,,,E,,T,GSP                      ,NB,55,,40.85098,74.17362,N,CONCRETE DIVIDER (MIDDLE/MINOR DAMAGES).                                        ,7201,21:10,120+07449
2.02E+17,PASSAIC     ,CLIFTON CITY            ,3/16/2018,FR,648,1,CLIFTON PD               ,,0,0,0,0,P,I,N,N,1,2,NJ 3                                              ,W,3,,00000003__      ,0.17,2,,2,1,1,1,3,1,,AT,,US 46                              ,,,,50,50,40.86956,74.18615,N,,7244,6:50,120+07449
2013160213-4928                ,PASSAIC     ,CLIFTON CITY            ,5/2/2013,TH,839,1,CLIFTON PD               ,CLIFTON PD     ,0,0,0,0,P,I,N,N,1,2,NJ 3                                              ,W,3,,00000003__      ,2.64,2,1,2,1,1,1,5,1,,AT,W,CR 622 / BLOOMFIELD AVE            ,,,,50,25,,,N,NONE                                                                            ,,8:40,120+07444
2.02E+17,PASSAIC     ,CLIFTON CITY            ,5/14/2017,SU,1412,1,CLIFTON PD               ,,0,0,0,0,P,B,N,N,2,2,NJ 3                                              ,W,3,,00000003__      ,3.42,2,,2,1,1,1,1,1,10,FE,N,CR 603 / PASSAIC AVE               ,,,,55,35,40.83545,74.15033,N,,7128,14:10,120+07443
2.02E+17,PASSAIC     ,CLIFTON CITY            ,8/13/2016,SA,1217,1,CLIFTON PD               ,,0,0,0,0,P,B,N,N,1,2,NJ 3                                              ,W,3,,00000003__      ,,2,2,2,1,1,1,5,1,,,,,F,MAIN AVE RAMP            ,WB,55,,,,N,NONE                                                                            ,7096,12:15,120+07449
2.02E+17,PASSAIC     ,CLIFTON CITY            ,5/14/2017,SU,1501,1,CLIFTON PD               ,,0,0,0,0,P,B,N,N,1,2,NJ 3                                              ,W,3,,00000003__      ,3.4,2,,2,1,1,1,1,1,100,FE,S,CR 603 / PASSAIC AVE               ,,,,55,35,40.83545,74.15033,N,,7128,15:00,120+07443
2.02E+17,PASSAIC     ,CLIFTON CITY            ,3/16/2018,FR,935,1,CLIFTON PD               ,,0,0,0,0,P,B,N,N,1,2,NJ 3                                              ,W,3,,00000003__      ,3.82,2,,2,1,1,1,5,1,,,,,F,MAIN AVE                 ,,55,,40.83356,74.1464,N,,7118,9:35,120+07442
2.02E+17,PASSAIC     ,CLIFTON CITY            ,3/16/2018,FR,1749,1,CLIFTON PD               ,,0,0,0,0,P,B,N,N,1,2,NJ 3                                              ,W,3,,00000003__      ,3.41,2,,2,1,1,1,1,1,50,FE,W,CR 603 / PASSAIC AVE               ,,,,55,25,40.8345,74.1483,N,,7238,17:50,120+07443
2014160214-6765                ,PASSAIC     ,CLIFTON CITY            ,6/21/2014,SA,1233,1,CLIFTON PD               ,,0,0,0,0,P,B,N,N,1,2,NJ 3                                              ,W,3,,00000003__      ,,2,2,2,1,1,1,1,1,,,,,F,CR 601                   ,WB,55,,,,N,,260,12:35,120+07449
2.02E+17,PASSAIC     ,CLIFTON CITY            ,8/16/2016,TU,902,1,CLIFTON PD               ,,0,0,0,0,P,B,N,N,2,2,NJ 3                                              ,W,3,,00000003__      ,,2,4,2,1,1,1,5,1,,,,,F,GARDEN STATE PARKWAY     ,NB,55,,,,N,NONE                                                                            ,7131,9:00,120+07449
2.02E+17,PASSAIC     ,CLIFTON CITY            ,5/15/2017,MO,1608,1,CLIFTON PD               ,,0,0,0,0,P,B,N,N,1,2,NJ 3                                              ,W,3,,00000003__      ,0.81,2,,2,1,1,1,1,1,1584,FE,E,CR 623 / GROVE ST                  ,,,,55,25,40.86171,74.18051,N,,544,16:10,120+07448
2.02E+17,PASSAIC     ,CLIFTON CITY            ,3/20/2018,TU,712,1,CLIFTON PD               ,,0,0,0,0,P,B,N,N,2,2,NJ 3                                              ,W,3,,00000003__      ,2.62,2,,2,1,1,1,1,1,100,FE,W,CR 622 / BLOOMFIELD AVE            ,,,,55,25,40.87205,74.18952,N,,7128,7:10,120+07444
2013160213-5019                ,PASSAIC     ,CLIFTON CITY            ,5/4/2013,SA,1152,1,CLIFTON PD               ,,0,0,0,0,P,B,N,N,1,2,NJ 3                                              ,W,3,,00000003__      ,,2,2,2,1,1,1,1,2,,,,,F,RT21                     ,,55,,,,N,,260,11:50,120+07449
2.02E+17,PASSAIC     ,CLIFTON CITY            ,8/16/2016,TU,2005,1,CLIFTON PD               ,,0,2,0,0,I,B,N,N,1,4,NJ 3                                              ,W,3,,00000003__      ,,2,2,2,2,6,2,1,1,100,FE,E,,T,BLOOMFIELD AVE           ,,55,,,,N,NONE                                                                            ,7176,20:05,120+07449
2.02E+17,PASSAIC     ,CLIFTON CITY            ,8/17/2016,W ,1645,1,CLIFTON PD               ,,0,1,0,0,I,B,N,N,1,2,NJ 3                                              ,W,3,,00000003__      ,0.49,2,1,2,1,1,1,1,1,100,FE,W,CR 623 / GROVE ST                  ,,,,55,35,,,N,NONE                                                                            ,7166,16:45,120+07449
2.02E+17,PASSAIC     ,CLIFTON CITY            ,3/20/2018,TU,815,1,CLIFTON PD               ,,0,0,0,0,P,B,N,N,2,2,NJ 3                                              ,W,3,,00000003__      ,1.55,2,,2,1,1,1,5,1,600,FE,E,GARDEN STATE PARKWAY               ,,,,55,50,40.85706,74.17865,N,,7096,8:15,120+07445
2013160213-5093                ,PASSAIC     ,CLIFTON CITY            ,5/5/2013,S ,2200,1,CLIFTON PD               ,,0,0,0,0,P,B,N,N,2,2,NJ 3                                              ,W,3,,00000003__      ,,2,1,2,1,6,1,1,2,20,FE,E,,T,ROUTE 21                 ,,55,,,,N,NONE                                                                            ,7027,22:00,120+07449
2014160214-6867                ,PASSAIC     ,CLIFTON CITY            ,6/24/2014,TU,905,1,CLIFTON PD               ,CLIFTON        ,0,0,0,0,P,B,N,N,1,2,NJ 3                                              ,W,3,,00000003__      ,,2,5,2,1,1,5,5,1,,,,,F,CR 603                   ,WB,55,,,,N,NONE                                                                            ,268,9:05,120+07449
2015160215-37315               ,PASSAIC     ,CLIFTON CITY            ,8/16/2015,S ,1815,1,CLIFTON PD               ,CLIFTON        ,0,0,0,0,P,I,N,N,1,2,NJ 3                                              ,W,3,,00000003__      ,,2,1,2,1,1,1,1,1,,AT,,,F,CR 601                   ,SB,55,,,,N,NONE                                                                            ,9092,18:15,120+07449
2014160214-6885                ,PASSAIC     ,CLIFTON CITY            ,6/24/2014,TU,1606,1,CLIFTON PD               ,,0,1,0,0,I,B,N,N,1,2,NJ 3                                              ,W,3,,00000003__      ,0.47,2,1,2,1,1,1,1,1,200,FE,W,CR 623 / GROVE ST                  ,,,,55,25,40.86592,74.1827,N,NONE                                                                            ,521,16:05,120+07449
2.02E+17,PASSAIC     ,CLIFTON CITY            ,3/20/2018,TU,858,1,CLIFTON PD               ,,0,0,0,0,P,B,N,N,1,2,NJ 3                                              ,W,3,,00000003__      ,1.76,2,,2,1,1,1,1,1,,,W,HEPBURN RD                         ,,,,55,25,,,N,,7128,9:00,120+07445
2.02E+17,PASSAIC     ,CLIFTON CITY            ,8/17/2016,W ,1701,1,CLIFTON PD               ,,0,1,0,0,I,B,N,N,1,2,NJ 3                                              ,W,3,,00000003__      ,2.14,2,1,2,1,1,1,1,1,2640,FE,W,CR 622 / BLOOMFIELD AVE            ,,,,55,25,,,N,NONE                                                                            ,7245,17:00,120+07445