CRASH_ID,CTY_NAME,MUN_NAME,DATE,DAY,TIME,POL_CODE,POL_DEPT,POL_STA,KILLED,INJURED,PED_KILL,PED_INJ,SEVERITY,INTERSEC,ALCOHOL,HAZMAT,CRASH_TYPE,VEH_COUNT,LOCATION,LOC_DIR,ROUTE,RT_SFX,SRI,MP,RD_SYS,RD_CHAR,RD_SURF,SURF_COND,LIGHT,WEATHER,RD_DIV,RD_WRKZN,X_DIST,DIST_UNT,X_DIR,X_NAME,IS_RAMP,RAMP_RT,RAMP_DIR,SPD_LMT,SPD_X,LAT,LONG,CELL_USE,PROP_DMG,BADGE,TIME_ROUND,TMC
2.02E+17,PASSAIC     ,CLIFTON CITY            ,5/16/2017,TU,1514,1,CLIFTON PD               ,,0,1,0,0,I,I,N,N,1,2,NJ 3                                              ,W,3,,00000003__      ,3.82,2,,2,1,1,1,1,1,,AT,,,F,MAIN AVE                 ,,55,,40.83127,74.14118,N,,7224,15:15,120+07442
2013160213-5142                ,PASSAIC     ,CLIFTON CITY            ,5/7/2013,TU,1211,1,CLIFTON PD               ,,0,0,0,0,P,B,N,N,1,2,NJ 3                                              ,W,3,,00000003__      ,,2,5,2,1,1,1,1,1,,,,,F,PASSAIC AVE              ,WB,55,,,,N,NONE                                                                            ,5006,12:10,120+07449
2.02E+17,PASSAIC     ,CLIFTON CITY            ,8/17/2016,W ,1757,1,CLIFTON PD               ,,0,0,0,0,P,B,N,N,1,3,NJ 3                                              ,W,3,,00000003__      ,0.49,2,1,2,1,1,1,1,1,100,FE,W,CR 623 / GROVE ST                  ,,,,55,35,,,N,NONE                                                                            ,7166,17:55,120+07449
2.02E+17,PASSAIC     ,CLIFTON CITY            ,5/17/2017,WE,1515,1,CLIFTON PD               ,,0,0,0,0,P,B,N,N,1,3,NJ 3                                              ,W,3,,00000003__      ,0.61,2,,2,1,1,1,1,1,528,FE,E,CR 623 / GROVE ST                  ,,,,55,25,40.86955,74.18604,N,,,15:15,120P07448
2.02E+17,PASSAIC     ,CLIFTON CITY            ,3/20/2018,TU,931,1,CLIFTON PD               ,,0,0,0,0,P,B,N,N,1,2,NJ 3                                              ,W,3,,00000003__      ,0.67,2,,2,1,1,1,1,1,2640,FE,E,US 46                              ,,,,55,55,40.86955,74.18604,N,,7157,9:30,120P07448
2014160214-6908                ,PASSAIC     ,CLIFTON CITY            ,6/25/2014,W ,827,1,CLIFTON PD               ,,0,0,0,0,P,B,N,N,1,2,NJ 3                                              ,W,3,,00000003__      ,1.34,2,2,1,1,2,2,1,1,400,FE,E,ROUTE 509 / BROAD ST               ,,,,55,35,40.85435,74.17731,N,,260,8:25,120P07446
2015160215-3795                ,PASSAIC     ,CLIFTON CITY            ,1/26/2015,M ,849,1,CLIFTON PD               ,,0,0,0,0,P,B,N,N,2,2,NJ 3                                              ,W,3,,00000003__      ,3.48,2,2,2,2,1,3,1,1,300,FE,E,CR 603 / PASSAIC AVE               ,,,,55,35,,,N,,260,8:50,120+07443
2013160213-5259                ,PASSAIC     ,CLIFTON CITY            ,5/9/2013,TH,1814,1,CLIFTON PD               ,CLIFTON        ,0,0,0,0,P,B,N,N,1,2,NJ 3                                              ,W,3,,00000003__      ,,2,4,2,2,1,5,1,1,600,FE,E,,T,RT 46                    ,WB,55,,,,N,NONE                                                                            ,5008,18:15,120+07449
2.02E+17,PASSAIC     ,CLIFTON CITY            ,8/18/2016,TH,1309,1,CLIFTON PD               ,,0,0,0,0,P,B,N,N,1,2,NJ 3                                              ,W,3,,00000003__      ,,2,4,2,1,1,1,5,1,,,,,F,MAIN AVE                 ,,55,,,,N,NONE                                                                            ,7118,13:10,120+07449
2013160213-5300                ,PASSAIC     ,CLIFTON CITY            ,5/10/2013,F ,1535,1,CLIFTON PD               ,PATROL         ,0,0,0,0,P,I,N,N,2,2,NJ 3                                              ,W,3,,00000003__      ,3.42,2,2,2,1,1,1,1,1,,AT,,CR 603 / PASSAIC AVE               ,,,,55,25,,,N,NONE                                                                            ,6019,15:35,120+07443
2.02E+17,PASSAIC     ,CLIFTON CITY            ,5/17/2017,WE,1628,1,CLIFTON PD               ,,0,0,0,0,P,B,N,N,1,2,NJ 3                                              ,W,3,,00000003__      ,4.9,2,,2,1,1,1,1,1,75,FE,E,NJ 21                              ,,,,55,55,40.82255,74.12311,N,,7206,16:30,120P04739
2014160214-693                 ,PASSAIC     ,CLIFTON CITY            ,1/19/2014,S ,324,1,CLIFTON PD               ,,0,0,0,0,P,B,N,N,11,1,NJ 3                                              ,W,3,,00000003__      ,,2,4,2,1,4,1,5,1,,FE,,,T,PASSAIC AVE              ,,55,,,,N,GAURD RAIL                                                                      ,254,3:25,120+07449
2.02E+17,PASSAIC     ,CLIFTON CITY            ,8/18/2016,TH,2032,1,CLIFTON PD               ,,0,0,0,0,P,I,N,N,1,2,NJ 3                                              ,W,3,,00000003__      ,,2,1,2,1,6,1,1,1,,AT,,,T,CR 601                   ,,50,,,,N,NONE                                                                            ,7213,20:30,120+07449
2013160213-5306                ,PASSAIC     ,CLIFTON CITY            ,5/10/2013,F ,1704,1,CLIFTON PD               ,PATROL/C1      ,0,0,0,0,P,I,N,N,1,2,NJ 3                                              ,W,3,,00000003__      ,0.51,2,1,2,1,1,1,1,1,,AT,W,CR 623 / GROVE ST                  ,,,,45,25,,,N,NONE                                                                            ,501,17:05,120+07449
2.02E+17,PASSAIC     ,CLIFTON CITY            ,8/19/2016,F ,1250,1,CLIFTON PD               ,,0,0,0,0,P,B,N,N,1,2,NJ 3                                              ,W,3,,00000003__      ,0.57,2,1,2,1,1,1,5,1,300,FE,E,CR 623 / GROVE ST                  ,,,,55,35,,,N,NONE                                                                            ,7118,12:50,120P07448
2.02E+17,PASSAIC     ,CLIFTON CITY            ,3/22/2018,TH,1544,1,CLIFTON PD               ,,0,2,0,0,I,B,N,N,1,2,NJ 3                                              ,W,3,,00000003__      ,1.27,2,,2,1,1,1,1,1,50,FE,E,ROUTE 509 / BROAD ST               ,,,,50,25,40.85621,74.17871,N,,7269,15:45,120P07447
2015160215-39722               ,PASSAIC     ,CLIFTON CITY            ,8/31/2015,M ,1628,1,CLIFTON PD               ,,0,0,0,0,P,B,N,N,1,2,NJ 3                                              ,W,3,,00000003__      ,,2,2,2,1,1,1,1,1,,,,,F,CR 601                   ,WB,55,,,,N,,239,16:30,120+07449
2015160215-39914               ,PASSAIC     ,CLIFTON CITY            ,9/1/2015,TU,1720,1,CLIFTON PD               ,,0,0,0,0,P,B,N,N,1,2,NJ 3                                              ,W,3,,00000003__      ,0.64,2,2,2,1,1,1,1,1,700,FE,E,CR 623 / GROVE ST                  ,,,,55,,,,N,NONE                                                                            ,239,17:20,120P07448
2014160214-6986                ,PASSAIC     ,CLIFTON CITY            ,6/26/2014,TH,2129,1,CLIFTON PD               ,CLIFTON        ,0,0,0,0,P,B,N,N,2,2,NJ 3                                              ,W,3,,00000003__      ,3.74,2,2,2,1,5,1,1,1,400,FE,W,CR 601 / MAIN AVE                  ,,,,55,25,40.83197,74.14336,N,,258,21:30,120+07442
2.02E+17,PASSAIC     ,CLIFTON CITY            ,5/17/2017,WE,1801,1,CLIFTON PD               ,,0,0,0,0,P,B,N,N,1,2,NJ 3                                              ,W,3,,00000003__      ,3.85,2,,2,1,1,1,5,1,150,FE,E,CR 601 / MAIN AVE                  ,,,,55,25,40.83027,74.13915,N,,547,18:00,120+07442
2013160213-5330                ,PASSAIC     ,CLIFTON CITY            ,5/11/2013,SA,1051,1,CLIFTON PD               ,CLIFTON        ,0,0,0,0,P,B,N,N,1,2,NJ 3                                              ,W,3,,00000003__      ,,2,5,2,1,1,5,1,1,,,,,F,MAIN AVE                 ,WB,55,,,,N,NONE                                                                            ,268,10:50,120+07449
2.02E+17,PASSAIC     ,CLIFTON CITY            ,8/21/2016,S ,2046,1,CLIFTON PD               ,,0,0,0,0,P,B,N,N,11,1,NJ 3                                              ,W,3,,00000003__      ,,2,5,2,2,6,2,2,1,25,FE,W,,T,VALLEY RD                ,NB,45,,,,N,GUARDRAIL FACE                                                                  ,7215,20:45,120+07449
2.02E+17,PASSAIC     ,CLIFTON CITY            ,3/22/2018,TH,1901,1,CLIFTON PD               ,,0,0,0,0,P,B,N,N,1,2,NJ 3                                              ,W,3,,00000003__      ,,2,,2,1,3,1,1,1,,,,,F,RIVER RD                 ,SB,55,,,,N,,7271,19:00,120+07449
2014160214-6989                ,PASSAIC     ,CLIFTON CITY            ,6/27/2014,F ,38,1,CLIFTON PD               ,PATROL         ,0,0,0,0,P,B,N,N,2,2,NJ 3                                              ,W,3,,00000003__      ,3.8,2,1,2,1,6,2,1,1,100,FE,W,CR 601 / MAIN AVE                  ,,,,55,25,40.83151,74.14237,N,NONE                                                                            ,7032,3:40,120+07442
2013160213-5362                ,PASSAIC     ,CLIFTON CITY            ,5/12/2013,S ,1414,1,CLIFTON PD               ,,0,0,0,0,P,B,N,N,1,2,NJ 3                                              ,W,3,,00000003__      ,,2,2,2,1,1,1,1,2,,,,,F,RT 21                    ,,55,,,,N,,260,14:15,120+07449
2.02E+17,PASSAIC     ,CLIFTON CITY            ,8/23/2016,TU,1648,1,CLIFTON PD               ,,0,0,0,0,P,B,N,N,2,2,NJ 3                                              ,W,3,,00000003__      ,0,2,1,2,1,1,1,1,1,150,FE,E,VALLEY RD                          ,,,,55,35,,,N,NONE                                                                            ,7166,16:50,120+07449
2.02E+17,PASSAIC     ,CLIFTON CITY            ,8/25/2016,TH,925,1,CLIFTON PD               ,,0,3,0,0,I,B,N,N,1,3,NJ 3                                              ,W,3,,00000003__      ,0,2,1,2,1,1,1,5,1,20,FE,E,US 46                              ,,,,50,50,,,N,NONE                                                                            ,7131,9:25,120+07449
2.02E+17,PASSAIC     ,CLIFTON CITY            ,3/23/2018,FR,1344,1,CLIFTON PD               ,,0,1,0,0,I,B,N,N,2,2,NJ 3                                              ,W,3,,00000003__      ,3.82,2,,2,1,1,1,1,1,,,,,F,MAIN AVE                 ,WB,55,,40.83126,74.14136,N,,7205,13:45,120+07442
2013160213-5367                ,PASSAIC     ,CLIFTON CITY            ,5/12/2013,S ,1913,1,CLIFTON PD               ,CLIFTON        ,0,0,0,0,P,B,N,N,1,2,NJ 3                                              ,W,3,,00000003__      ,,2,3,2,1,1,1,1,2,100,FE,E,,T,RT 21                    ,SB,40,,,,N,NONE                                                                            ,12513,19:15,120+07449
2.02E+17,PASSAIC     ,CLIFTON CITY            ,3/23/2018,FR,1552,1,CLIFTON PD               ,,0,0,0,0,P,B,N,N,1,3,NJ 3                                              ,W,3,,00000003__      ,1.55,2,,2,1,1,1,1,1,600,FE,E,GARDEN STATE PARKWAY               ,,,,50,50,40.85687,74.17883,N,,,15:50,120+07445
2.02E+17,PASSAIC     ,CLIFTON CITY            ,5/21/2017,SU,145,1,CLIFTON PD               ,,0,0,0,0,P,B,N,N,11,1,NJ 3                                              ,W,3,,00000003__      ,1.56,2,,2,1,7,1,1,1,1584,FE,E,ROUTE 509 / BROAD ST               ,,,,55,35,40.85314,74.17591,N,BLACK PAINT MARKS ON MEDIAN CONCRETE TRAFFIC BARRIER                            ,7246,1:45,120+07445
2014160214-7007                ,PASSAIC     ,CLIFTON CITY            ,6/27/2014,F ,2052,1,CLIFTON PD               ,PATROL         ,0,0,0,0,P,I,N,N,1,2,NJ 3                                              ,W,3,,00000003__      ,,2,5,2,1,3,1,1,1,,AT,,,F,MAIN AVE                 ,SB,45,,,,N,NONE                                                                            ,,20:50,120+07449
2.02E+17,PASSAIC     ,CLIFTON CITY            ,8/25/2016,TH,1036,1,CLIFTON PD               ,,0,0,0,0,P,B,N,N,1,2,NJ 3                                              ,W,3,,00000003__      ,,2,6,2,1,1,1,5,1,,,,,F,PASSAIC AVE              ,,55,,,,N,NONE                                                                            ,7118,10:35,120+07449
2013160213-5406                ,PASSAIC     ,CLIFTON CITY            ,5/13/2013,M ,1844,1,CLIFTON PD               ,CLIFTON        ,0,0,0,0,P,I,N,N,1,3,NJ 3                                              ,W,3,,00000003__      ,4.89,2,1,2,1,3,1,1,1,,AT,W,NJ 21                              ,,,,55,50,,,N,,258,18:45,120P04739
2015160215-40545               ,PASSAIC     ,CLIFTON CITY            ,9/9/2015,W ,2200,1,CLIFTON PD               ,,0,0,0,0,P,I,N,N,9,2,NJ 3                                              ,W,3,,00000003__      ,,2,1,2,1,6,1,5,1,,AT,,,,,,55,,,,N,NONE                                                                            ,239,22:00,120+07449
2.02E+17,PASSAIC     ,CLIFTON CITY            ,8/25/2016,TH,1101,1,CLIFTON PD               ,,0,1,0,0,I,B,N,N,1,2,NJ 3                                              ,W,3,,00000003__      ,,2,6,2,1,1,1,5,1,,,,,F,PASSAIC AVE              ,,55,,,,N,NONE                                                                            ,7118,11:00,120+07449
2.02E+17,PASSAIC     ,CLIFTON CITY            ,5/21/2017,SU,1528,1,CLIFTON PD               ,,0,0,0,0,P,B,N,N,1,2,NJ 3                                              ,W,3,,00000003__      ,,2,,2,1,1,1,5,1,,,,,F,MAIN AVE                 ,WB,55,,40.83181,74.14107,N,,7096,15:30,120+07449
2.02E+17,PASSAIC     ,CLIFTON CITY            ,3/24/2018,SA,2239,1,CLIFTON PD               ,,0,0,0,0,P,I,N,N,2,2,NJ 3                                              ,W,3,,00000003__      ,0,2,,2,1,6,1,3,1,,AT,,US 46 / CR 621 / VALLEY RD         ,,,,50,50,,,N,,7210,22:40,120+07449
2015160215-4134                ,PASSAIC     ,CLIFTON CITY            ,1/28/2015,W ,1801,1,CLIFTON PD               ,PATROL         ,0,0,0,0,P,B,N,N,1,2,NJ 3                                              ,W,3,,00000003__      ,3.38,2,2,2,1,1,1,1,1,200,FE,W,CR 603 / PASSAIC AVE               ,,,,55,35,,,N,NONE                                                                            ,6019,18:00,120+07443
2.02E+17,PASSAIC     ,CLIFTON CITY            ,8/25/2016,TH,1821,1,CLIFTON PD               ,,0,0,0,0,P,B,N,N,1,2,NJ 3                                              ,W,3,,00000003__      ,,2,1,2,1,1,1,5,1,200,FE,E,,F,RIVER RD                 ,,55,,,,N,NONE                                                                            ,7211,18:20,120+07449
2014160214-706                 ,PASSAIC     ,CLIFTON CITY            ,1/19/2014,S ,1810,1,CLIFTON PD               ,,0,0,0,0,P,I,N,N,15,1,NJ 3                                              ,W,3,,00000003__      ,0,2,1,2,1,6,1,2,1,,AT,E,US 46                              ,,,,55,55,40.87102,74.18962,N,NONE                                                                            ,239,18:10,120+07449
2.02E+17,PASSAIC     ,CLIFTON CITY            ,5/23/2017,TU,1749,1,CLIFTON PD               ,,0,0,0,0,P,B,N,N,1,2,NJ 3                                              ,W,3,,00000003__      ,2.73,2,,2,1,1,1,5,1,450,FE,E,CR 622 / BLOOMFIELD AVE            ,,,,55,35,40.83918,74.15823,N,,543,17:50,120+07444
2015160215-4206                ,PASSAIC     ,CLIFTON CITY            ,1/29/2015,TH,749,1,CLIFTON PD               ,,0,0,0,0,P,B,N,N,1,3,NJ 3                                              ,W,3,,00000003__      ,3.78,2,1,2,1,1,1,5,1,200,FE,W,CR 601 / MAIN AVE                  ,,,,55,,,,N,NONE                                                                            ,259,7:50,120+07442
2.02E+17,PASSAIC     ,CLIFTON CITY            ,8/29/2016,M ,1636,1,CLIFTON PD               ,,0,0,0,0,P,B,N,N,1,2,NJ 3                                              ,W,3,,00000003__      ,,2,5,2,1,1,1,1,1,,,,,F,PASSAIC AVE              ,WB,55,,,,N,NONE                                                                            ,7246,16:35,120+07449
2.02E+17,PASSAIC     ,CLIFTON CITY            ,3/25/2018,SU,1656,1,CLIFTON PD               ,,0,0,0,0,P,I,N,N,1,2,NJ 3                                              ,W,3,,00000003__      ,3.82,2,,2,1,1,1,1,1,,AT,,CR 601 / MAIN AVE                  ,,,,55,35,40.83125,74.14121,N,,7105,16:55,120+07442
2015160215-4210                ,PASSAIC     ,CLIFTON CITY            ,1/29/2015,TH,820,1,CLIFTON PD               ,,0,0,0,0,P,I,N,N,1,2,NJ 3                                              ,W,3,,00000003__      ,,2,2,1,1,1,1,1,1,,AT,,,F,ROUTE 21                 ,SB,55,,,,N,NONE                                                                            ,9041,8:20,120+07449
2.02E+17,PASSAIC     ,CLIFTON CITY            ,8/30/2016,TU,1504,1,CLIFTON PD               ,,0,2,0,0,I,I,N,N,2,4,NJ 3                                              ,W,3,,00000003__      ,,2,1,2,1,1,1,1,1,,AT,,,T,BROAD ST                 ,WB,55,,,,N,NONE                                                                            ,7107,15:05,120+07449
2.02E+17,PASSAIC     ,CLIFTON CITY            ,5/24/2017,WE,1311,1,CLIFTON PD               ,,0,0,0,0,P,B,N,N,99,1,NJ 3                                              ,W,3,,00000003__      ,1.44,2,,2,1,1,1,1,1,1000,FE,E,GARDEN STATE PARKWAY               ,,,,55,,,,N,,7079,13:10,120P07446
2.02E+17,PASSAIC     ,CLIFTON CITY            ,8/30/2016,TU,1606,1,CLIFTON PD               ,,0,0,0,0,P,B,N,N,2,2,NJ 3                                              ,W,3,,00000003__      ,3.81,2,2,2,1,1,1,1,1,50,FE,W,CR 601 / MAIN AVE                  ,,,,55,35,,,N,NONE                                                                            ,7246,16:05,120+07442
2015160215-426                 ,PASSAIC     ,CLIFTON CITY            ,1/4/2015,S ,1209,1,CLIFTON PD               ,,0,0,0,0,P,B,N,N,1,2,NJ 3                                              ,W,3,,00000003__      ,,2,2,2,8,2,5,1,1,,,,,F,CR 601                   ,WB,55,,,,N,,260,12:10,120+07449
2013160213-5513                ,PASSAIC     ,CLIFTON CITY            ,5/16/2013,TH,1356,1,CLIFTON PD               ,CLIFTON        ,0,0,0,0,P,I,N,N,1,2,NJ 3                                              ,W,3,,00000003__      ,4.89,2,1,2,1,1,1,5,1,,AT,W,NJ 21                              ,,,,55,,,,N,,269,13:55,120P04739
2015160215-4593                ,PASSAIC     ,CLIFTON CITY            ,1/31/2015,SA,1547,1,CLIFTON PD               ,CLIFTON        ,0,0,0,0,P,I,N,N,1,2,NJ 3                                              ,W,3,,00000003__      ,,2,2,2,1,1,1,1,1,,AT,,,T,CR 601                   ,,55,,,,N,,279,15:45,120+07449
2.02E+17,PASSAIC     ,CLIFTON CITY            ,8/31/2016,W ,338,1,CLIFTON PD               ,,0,0,0,0,P,B,N,N,11,1,NJ 3                                              ,W,3,,00000003__      ,0.51,2,1,2,1,6,1,4,1,300,FE,E,CR 622                             ,,,,55,25,,,N,GUARDRAIL                                                                       ,7233,3:40,120+07449
2.02E+17,PASSAIC     ,CLIFTON CITY            ,5/24/2017,WE,2132,1,CLIFTON PD               ,,0,0,0,0,P,B,N,N,1,2,NJ 3                                              ,W,3,,00000003__      ,,2,,2,1,6,1,1,1,,,,,F,MAIN AVE                 ,,55,,40.8348,74.14806,N,,7201,21:30,120+07449
2.02E+17,PASSAIC     ,CLIFTON CITY            ,5/25/2017,TH,732,1,CLIFTON PD               ,,0,2,0,0,I,B,N,N,1,3,NJ 3                                              ,W,3,,00000003__      ,1.28,2,,2,2,1,2,1,1,100,FE,E,ROUTE 509 / BROAD ST               ,,,,55,35,40.85098,74.17362,N,,,7:30,120+07447
2013160213-553                 ,PASSAIC     ,CLIFTON CITY            ,1/15/2013,TU,,1,CLIFTON PD               ,,0,0,0,0,P,B,N,N,1,2,NJ 3                                              ,W,3,,00000003__      ,,2,2,2,1,1,1,1,1,,,,,F,MAIN AVE                 ,,55,,,,N,,260,#VALUE!,120+07449
2.02E+17,PASSAIC     ,CLIFTON CITY            ,5/25/2017,TH,2115,1,CLIFTON PD               ,,0,0,0,0,P,B,N,N,2,2,NJ 3                                              ,W,3,,00000003__      ,2.89,2,,2,2,6,1,1,1,1320,FE,E,CR 622 / BLOOMFIELD AVE            ,,,,55,25,40.83823,74.15622,N,,551,21:15,120+07444
2013160213-562                 ,PASSAIC     ,CLIFTON CITY            ,1/15/2013,TU,1231,1,CLIFTON PD               ,CLIFTON        ,0,0,0,0,P,B,N,N,2,2,NJ 3                                              ,W,3,,00000003__      ,,2,2,2,1,6,1,1,1,100,FE,,,T,PASSAIC COUNTY 623       ,SB,55,,,,N,NONE                                                                            ,12514,12:30,120+07449
2014160214-7338                ,PASSAIC     ,CLIFTON CITY            ,7/7/2014,M ,1212,1,CLIFTON PD               ,,0,0,0,0,P,B,N,N,1,2,NJ 3                                              ,W,3,,00000003__      ,,2,2,2,1,3,1,1,1,,,,,F,MAIN AVE.                ,WB,55,,,,N,,260,12:10,120+07449
2.02E+17,PASSAIC     ,CLIFTON CITY            ,9/1/2016,TH,721,1,CLIFTON PD               ,,0,0,0,0,P,B,N,N,1,2,NJ 3                                              ,W,3,,00000003__      ,,2,1,2,2,1,2,1,1,,,,,T,BROAD ST                 ,WB,55,,,,N,NONE                                                                            ,7107,7:20,120+07449
2.02E+17,PASSAIC     ,CLIFTON CITY            ,9/1/2016,TH,808,1,CLIFTON PD               ,,0,1,0,0,I,I,N,N,1,2,NJ 3                                              ,W,3,,00000003__      ,0.51,2,1,2,2,1,2,1,1,,AT,,CR 623 / GROVE ST                  ,,,,55,35,,,N,NONE                                                                            ,7098,8:10,120+07449
2014160214-7370                ,PASSAIC     ,CLIFTON CITY            ,7/8/2014,TU,903,1,CLIFTON PD               ,,0,0,0,0,P,B,N,N,1,2,NJ 3                                              ,W,3,,00000003__      ,,2,2,2,1,1,1,1,1,,,,,F,PASSAIC AVE              ,WB,55,,,,N,,260,9:05,120+07449
2015160215-4729                ,PASSAIC     ,CLIFTON CITY            ,2/1/2015,S ,1502,1,CLIFTON PD               ,POST 7         ,0,0,0,0,P,I,N,N,1,2,NJ 3                                              ,W,3,,00000003__      ,,2,5,2,1,1,5,1,1,,AT,,,F,CR 603                   ,,55,,,,N,NONE                                                                            ,7030,15:00,120+07449
2.02E+17,PASSAIC     ,CLIFTON CITY            ,3/28/2018,WE,836,1,CLIFTON PD               ,,0,1,0,0,I,B,N,N,1,3,NJ 3                                              ,W,3,,00000003__      ,1.28,2,,2,1,1,5,5,1,200,FE,,ROUTE 509 / BROAD ST               ,,,,55,35,40.85359,74.17642,N,,,8:35,120+07447
2.02E+17,PASSAIC     ,CLIFTON CITY            ,9/1/2016,TH,1735,1,CLIFTON PD               ,,0,0,0,0,P,B,N,N,2,2,NJ 3                                              ,W,3,,00000003__      ,0.55,2,1,2,1,1,1,1,1,200,FE,E,CR 623 / GROVE ST                  ,,,,55,35,,,N,NONE                                                                            ,7166,17:35,120+07449
2.02E+17,PASSAIC     ,CLIFTON CITY            ,5/26/2017,FR,659,1,CLIFTON PD               ,,0,2,0,0,I,B,N,N,1,2,NJ 3                                              ,W,3,,00000003__      ,1.17,2,,2,2,1,1,1,1,500,FE,W,ROUTE 509 / BROAD ST               ,,,,55,25,,,N,,7204,7:00,120P07447
2.02E+17,PASSAIC     ,CLIFTON CITY            ,3/28/2018,WE,1040,1,CLIFTON PD               ,,0,0,0,0,P,B,N,N,3,2,NJ 3                                              ,W,3,,00000003__      ,3.33,2,,2,1,1,1,1,1,500,FE,W,CR 603 / PASSAIC AVE               ,,,,55,25,40.83755,74.15473,N,,7204,10:40,120+07443
2014160214-7408                ,PASSAIC     ,CLIFTON CITY            ,7/9/2014,W ,700,1,CLIFTON PD               ,,0,0,0,0,P,B,N,N,1,2,NJ 3                                              ,W,3,,00000003__      ,,2,2,2,1,1,1,1,2,,,,,F,MAIN AVE                 ,WB,55,,,,N,,260,7:00,120+07449
2015160215-4846                ,PASSAIC     ,CLIFTON CITY            ,2/2/2015,M ,1138,1,CLIFTON PD               ,,0,0,0,0,P,B,N,N,2,2,NJ 3                                              ,W,3,,00000003__      ,1.44,2,1,2,2,1,2,1,1,500,FE,W,GARDEN STATE PARKWAY               ,,,,55,55,,,N,,260,11:40,120P07446
2.02E+17,PASSAIC     ,CLIFTON CITY            ,3/28/2018,WE,1650,1,CLIFTON PD               ,,0,0,0,0,P,B,N,N,1,2,NJ 3                                              ,W,3,,00000003__      ,3.82,2,,2,1,1,1,1,1,25,FE,W,CR 601 / MAIN AVE                  ,,,,55,25,40.83127,74.14142,N,,7240,16:50,120+07442
2015160215-5121                ,PASSAIC     ,CLIFTON CITY            ,2/3/2015,TU,1739,1,CLIFTON PD               ,,0,0,0,0,P,B,N,N,1,2,NJ 3                                              ,W,3,,00000003__      ,0,2,5,2,5,6,1,1,1,200,FE,E,US 46                              ,,,,50,50,,,N,NONE                                                                            ,#515 ,17:40,120+07449
2.02E+17,PASSAIC     ,CLIFTON CITY            ,5/28/2017,SU,359,1,CLIFTON PD               ,,0,0,0,0,P,I,N,N,2,2,NJ 3                                              ,W,3,,00000003__      ,0,2,,2,1,6,1,4,1,,AT,,US 46                              ,,,,55,50,40.86955,74.18604,N,,7245,4:00,120+07449
2.02E+17,PASSAIC     ,CLIFTON CITY            ,3/29/2018,TH,1543,1,CLIFTON PD               ,,0,0,0,0,P,B,N,N,1,2,NJ 3                                              ,W,3,,00000003__      ,3.82,2,,2,2,1,1,1,1,,,,,F,MAIN AVE                 ,NB,55,,40.83122,74.14126,N,,7251,15:45,120+07442
2015160215-5315                ,PASSAIC     ,CLIFTON CITY            ,2/4/2015,W ,1928,1,CLIFTON PD               ,PATROL 5C      ,0,0,0,0,P,B,N,N,1,2,NJ 3                                              ,W,3,,00000003__      ,,2,1,2,4,6,1,5,1,50,FE,,,F,GSP                      ,NB,55,,,,N,NONE                                                                            ,498,19:30,120+07449
2.02E+17,PASSAIC     ,CLIFTON CITY            ,9/4/2016,S ,1149,1,CLIFTON PD               ,,0,0,0,0,P,B,N,N,1,2,NJ 3                                              ,W,3,,00000003__      ,,2,5,2,1,1,1,2,1,,,,,F,PASSAIC AVE              ,WB,55,,,,N,NONE                                                                            ,7144,11:50,120+07449
2013160213-5719                ,PASSAIC     ,CLIFTON CITY            ,5/21/2013,TU,912,1,CLIFTON PD               ,CLIFTON        ,0,0,0,0,P,I,N,N,9,2,NJ 3                                              ,W,3,,00000003__      ,0.51,2,1,2,1,1,1,1,1,,AT,,CR 623 / GROVE ST                  ,,,,50,25,,,N,,187,9:10,120+07449
2014160214-7459                ,PASSAIC     ,CLIFTON CITY            ,7/10/2014,TH,1847,1,CLIFTON PD               ,CLIFTON        ,0,0,0,0,P,B,N,N,1,2,NJ 3                                              ,W,3,,00000003__      ,,2,4,2,1,1,1,2,1,200,FE,W,,F,MAIN AVENUE              ,,55,,,,N,,12506,18:45,120+07449
2.02E+17,PASSAIC     ,CLIFTON CITY            ,3/29/2018,TH,1723,1,CLIFTON PD               ,,0,0,0,0,P,B,N,N,1,5,NJ 3                                              ,W,3,,00000003__      ,4.89,2,,2,1,1,1,1,1,25,FE,E,NJ 21                              ,,,,55,55,40.82324,74.12418,N,,,17:25,120P04739