CRASH_ID,CTY_NAME,MUN_NAME,DATE,DAY,TIME,POL_CODE,POL_DEPT,POL_STA,KILLED,INJURED,PED_KILL,PED_INJ,SEVERITY,INTERSEC,ALCOHOL,HAZMAT,CRASH_TYPE,VEH_COUNT,LOCATION,LOC_DIR,ROUTE,RT_SFX,SRI,MP,RD_SYS,RD_CHAR,RD_SURF,SURF_COND,LIGHT,WEATHER,RD_DIV,RD_WRKZN,X_DIST,DIST_UNT,X_DIR,X_NAME,IS_RAMP,RAMP_RT,RAMP_DIR,SPD_LMT,SPD_X,LAT,LONG,CELL_USE,PROP_DMG,BADGE,TIME_ROUND,TMC
2013160213-5755                ,PASSAIC     ,CLIFTON CITY            ,5/22/2013,W ,809,1,CLIFTON PD               ,,0,0,0,0,P,B,N,N,1,2,NJ 3                                              ,W,3,,00000003__      ,,2,2,2,1,1,1,1,1,,,,,,,,55,,,,N,,260,8:10,120+07449
2.02E+17,PASSAIC     ,CLIFTON CITY            ,5/30/2017,TU,835,1,CLIFTON PD               ,,0,1,0,0,I,B,N,N,1,2,NJ 3                                              ,W,3,,00000003__      ,1.53,2,,2,1,1,5,5,1,300,FE,E,GARDEN STATE PARKWAY N             ,,,,55,55,,,N,,7096,8:35,120+07445
2.02E+17,PASSAIC     ,CLIFTON CITY            ,3/29/2018,TH,1936,1,CLIFTON PD               ,,0,0,0,0,P,B,N,N,2,2,NJ 3                                              ,W,3,,00000003__      ,0.17,2,,2,1,6,1,1,1,,,,,T,RT 46                    ,WB,55,,40.8721,74.19152,N,,7271,19:35,120+07449
2.02E+17,PASSAIC     ,CLIFTON CITY            ,5/31/2017,WE,843,1,CLIFTON PD               ,,0,0,0,0,P,B,N,N,1,3,NJ 3                                              ,W,3,,00000003__      ,0.55,2,,2,2,1,5,5,1,200,FE,E,CR 623 / GROVE ST                  ,,,,55,35,40.86502,74.18142,N,,,8:45,120+07449
2014160214-7562                ,PASSAIC     ,CLIFTON CITY            ,7/13/2014,S ,1311,1,CLIFTON PD               ,,0,0,0,0,P,I,N,N,1,2,NJ 3                                              ,W,3,,00000003__      ,3.82,2,5,2,1,1,1,2,1,,AT,,CR 601 / MAIN AVE                  ,,,,55,35,40.83136,74.14205,N,NONE                                                                            ,9041,13:10,120+07442
2015160215-5758                ,PASSAIC     ,CLIFTON CITY            ,2/1/2015,S ,939,1,CLIFTON PD               ,CLIFTON        ,0,0,0,0,P,B,N,N,15,1,NJ 3                                              ,W,3,,00000003__      ,4.89,2,1,2,1,1,1,1,1,100,FE,W,NJ 21                              ,,,,50,50,,,N,NONE                                                                            ,1033,9:40,120P04739
2.02E+17,PASSAIC     ,CLIFTON CITY            ,3/30/2018,FR,1158,1,CLIFTON PD               ,,0,0,0,0,P,B,N,N,2,2,NJ 3                                              ,W,3,,00000003__      ,0.48,2,,2,1,1,1,5,1,150,FE,W,CR 623 / GROVE ST                  ,,,,55,35,,,N,,7131,12:00,120+07449
2014160214-7567                ,PASSAIC     ,CLIFTON CITY            ,7/13/2014,S ,1555,1,CLIFTON PD               ,CLIFTON        ,0,0,0,0,P,B,N,N,1,2,NJ 3                                              ,W,3,,00000003__      ,,2,5,2,1,1,1,1,1,,,,,F,CR 601                   ,,50,,,,N,,279,15:55,120+07449
2.02E+17,PASSAIC     ,CLIFTON CITY            ,9/6/2016,TU,1742,1,CLIFTON PD               ,,0,0,0,0,P,B,N,N,1,2,NJ 3                                              ,W,3,,00000003__      ,,2,2,2,1,1,1,1,1,2640,FE,W,,T,RT 21                    ,,55,,,,N,NONE                                                                            ,7206,17:40,120+07449
2.02E+17,PASSAIC     ,CLIFTON CITY            ,5/31/2017,WE,1411,1,CLIFTON PD               ,,0,0,0,0,P,B,N,N,1,2,NJ 3                                              ,W,3,,00000003__      ,,2,,2,1,1,1,5,1,,,,,F,MAIN AVE                 ,WB,55,,40.83181,74.14107,N,,7096,14:10,120+07449
2.02E+17,PASSAIC     ,CLIFTON CITY            ,5/31/2017,WE,1753,1,CLIFTON PD               ,,0,1,0,0,I,B,N,N,1,2,NJ 3                                              ,W,3,,00000003__      ,1.78,2,,2,1,1,1,5,1,25,FE,E,HEPBURN RD                         ,,,,55,25,40.84895,74.17204,N,,546,17:55,120+07445
2.02E+17,PASSAIC     ,CLIFTON CITY            ,3/30/2018,FR,1319,1,CLIFTON PD               ,,0,0,0,0,P,B,N,N,1,2,NJ 3                                              ,W,3,,00000003__      ,3.82,2,,2,2,1,5,1,1,,,,,F,MAIN AVE                 ,NB,55,,40.83124,74.14117,N,,7099,13:20,120+07442
2013160213-5873                ,PASSAIC     ,CLIFTON CITY            ,5/24/2013,F ,1233,1,CLIFTON PD               ,CLIFTON        ,0,0,0,0,P,B,N,N,1,2,NJ 3                                              ,W,3,,00000003__      ,4.1,2,2,2,2,1,2,1,2,1500,FE,E,CR 601 / MAIN AVE                  ,,,,35,35,,,N,NONE                                                                            ,5001,12:35,120+07442
2015160215-5857                ,PASSAIC     ,CLIFTON CITY            ,2/8/2015,S ,252,1,CLIFTON PD               ,CLIFTON        ,0,4,0,0,I,B,Y,N,2,4,NJ 3                                              ,W,3,,00000003__      ,4.64,2,2,2,1,7,1,1,1,1320,FE,W,NJ 21                              ,,,,55,,,,N,NONE                                                                            ,228,2:50,120+04740
2.02E+17,PASSAIC     ,CLIFTON CITY            ,3/30/2018,FR,1439,1,CLIFTON PD               ,,0,0,0,0,P,B,N,N,1,3,NJ 3                                              ,W,3,,00000003__      ,0.21,2,,2,1,1,1,3,1,200,FE,E,US 46                              ,,,,55,55,40.86931,74.18578,N,,,14:40,120+07449
2.02E+17,PASSAIC     ,CLIFTON CITY            ,6/2/2017,FR,841,1,CLIFTON PD               ,,0,0,0,0,P,B,N,N,1,2,NJ 3                                              ,W,3,,00000003__      ,3.82,2,,1,1,1,1,5,1,,,,,F,MAIN AVE                 ,,55,,40.83181,74.14107,N,,7096,8:40,120+07442
2013160213-5878                ,PASSAIC     ,CLIFTON CITY            ,5/24/2013,F ,1522,1,CLIFTON PD               ,CLIFTON        ,0,0,0,0,P,B,N,N,1,2,NJ 3                                              ,W,3,,00000003__      ,,2,1,2,2,1,2,2,1,686,FE,E,,F,RT 46                    ,WB,35,,,,N,NONE                                                                            ,5008,15:20,120+07449
2.02E+17,PASSAIC     ,CLIFTON CITY            ,9/7/2016,W ,1510,1,CLIFTON PD               ,,0,1,0,0,I,B,N,N,1,3,NJ 3                                              ,W,3,,00000003__      ,,2,1,1,1,1,1,1,1,,,,,T,ROUTE 21                 ,NB,55,,,,N,NONE                                                                            ,7201,15:10,120+07449
2.02E+17,PASSAIC     ,CLIFTON CITY            ,4/3/2018,TU,1453,1,CLIFTON PD               ,,0,0,0,0,P,B,N,N,1,2,NJ 3                                              ,W,3,,00000003__      ,3.43,2,,3,2,1,2,1,1,50,FE,E,CR 603 / PASSAIC AVE               ,,,,55,25,40.8348,74.14806,N,,7201,14:55,120+07443
2014160214-7679                ,PASSAIC     ,CLIFTON CITY            ,7/16/2014,W ,1435,1,CLIFTON PD               ,CLIFTON PD     ,0,0,0,0,P,B,N,N,99,1,NJ 3                                              ,W,3,,00000003__      ,4.86,2,1,2,1,1,1,5,1,150,FE,W,NJ 21                              ,,,,50,,40.82355,74.12509,N,NONE                                                                            ,,14:35,120P04739
2013160213-5885                ,PASSAIC     ,CLIFTON CITY            ,5/24/2013,F ,1647,1,CLIFTON PD               ,PATROL         ,0,0,0,0,P,B,N,N,8,2,NJ 3                                              ,W,3,,00000003__      ,,2,1,2,2,1,2,5,1,,,,,,,,15,,,,N,NONE                                                                            ,6019,16:45,120+07449
2015160215-6118                ,PASSAIC     ,CLIFTON CITY            ,2/10/2015,TU,615,1,CLIFTON PD               ,,0,0,0,0,P,B,N,N,2,3,NJ 3                                              ,W,3,,00000003__      ,,2,1,2,2,2,3,4,1,500,FE,E,,T,GROVE ST                 ,NB,50,,,,N,,519,6:15,120+07449
2014160214-771                 ,PASSAIC     ,CLIFTON CITY            ,1/21/2014,TU,1243,1,CLIFTON PD               ,,0,0,0,0,P,B,N,N,1,2,NJ 3                                              ,W,3,,00000003__      ,0.59,2,1,2,3,1,3,1,1,400,FE,E,CR 623 / GROVE ST                  ,,,,35,35,40.8643,74.18162,N,,260,12:45,120P07448
2015160215-6234                ,PASSAIC     ,CLIFTON CITY            ,2/10/2015,TU,1900,1,CLIFTON PD               ,,0,0,0,0,P,B,N,N,1,2,NJ 3                                              ,W,3,,00000003__      ,2.52,2,1,2,1,6,1,1,1,650,FE,W,CR 622 / BLOOMFIELD AVE            ,,,,55,35,,,N,NONE                                                                            ,239,19:00,120+07444
2.02E+17,PASSAIC     ,CLIFTON CITY            ,6/2/2017,FR,1458,1,CLIFTON PD               ,,0,0,0,0,P,B,N,N,1,3,NJ 3                                              ,W,3,,00000003__      ,3.86,2,,2,1,1,1,1,1,200,FE,E,CR 601 / MAIN AVE                  ,,,,55,25,40.83064,74.13998,N,,,15:00,120+07442
2013160213-5888                ,PASSAIC     ,CLIFTON CITY            ,5/24/2013,F ,1715,1,CLIFTON PD               ,CLIFTON        ,0,0,0,0,P,B,N,N,1,2,NJ 3                                              ,W,3,,00000003__      ,,2,1,2,2,1,2,1,1,300,FE,E,,T,PARKWAY                  ,SB,55,,,,N,NONE                                                                            ,5008,17:15,120+07449
2.02E+17,PASSAIC     ,CLIFTON CITY            ,9/8/2016,TH,1829,1,CLIFTON PD               ,,0,0,0,0,P,I,N,N,11,1,NJ 3                                              ,W,3,,00000003__      ,,2,4,2,1,1,1,5,1,,AT,,,T,VALLEY RD                ,,55,,,,N,NONE                                                                            ,7166,18:30,120+07449
2014160214-7734                ,PASSAIC     ,CLIFTON CITY            ,7/17/2014,TH,1822,1,CLIFTON PD               ,POST 7         ,0,1,0,0,I,I,N,N,1,2,NJ 3                                              ,W,3,,00000003__      ,,2,2,2,1,1,1,1,1,,AT,,,F,MAIN AVE                 ,,55,,,,N,NONE                                                                            ,1030,18:20,120+07449
2015160215-632                 ,PASSAIC     ,CLIFTON CITY            ,1/6/2015,TU,932,1,CLIFTON PD               ,,0,0,0,0,P,B,N,N,1,2,NJ 3                                              ,W,3,,00000003__      ,,2,1,2,3,1,3,1,1,100,FE,W,,T,GARDEN STATE PKWY        ,NB,55,,,,N,NONE                                                                            ,7027,9:30,120+07449
2014160214-7741                ,PASSAIC     ,CLIFTON CITY            ,7/18/2014,F ,10,1,CLIFTON PD               ,CAR 4          ,0,1,0,0,I,B,Y,N,2,2,NJ 3                                              ,W,3,,00000003__      ,0.03,2,4,2,1,6,1,1,1,150,FE,E,US 46                              ,,,,55,55,40.87076,74.18924,N,NONE                                                                            ,,1:10,120+07449
2013160213-5908                ,PASSAIC     ,CLIFTON CITY            ,5/25/2013,SA,718,1,CLIFTON PD               ,,0,2,0,0,I,B,N,N,1,3,NJ 3                                              ,W,3,,00000003__      ,4.01,2,1,2,6,1,2,1,2,1000,FE,E,CR 601 / MAIN AVE                  ,,,,55,35,,,N,NONE                                                                            ,5010,7:20,120+07442
2.02E+17,PASSAIC     ,CLIFTON CITY            ,9/11/2016,S ,152,1,CLIFTON PD               ,,0,0,0,0,P,B,N,N,1,2,NJ 3                                              ,W,3,,00000003__      ,,2,1,2,1,6,1,1,1,100,FE,E,,T,RT 21                    ,NB,55,,,,N,NONE                                                                            ,7153,1:50,120+07449
2.02E+17,PASSAIC     ,CLIFTON CITY            ,6/3/2017,SA,1103,1,CLIFTON PD               ,,0,0,0,0,P,B,N,N,1,2,NJ 3                                              ,W,3,,00000003__      ,,2,,2,1,1,1,1,1,,,,,F,MAIN AVE                 ,NB,55,,40.83124,74.14112,N,,7185,11:05,120+07449
2.02E+17,PASSAIC     ,CLIFTON CITY            ,4/4/2018,WE,1841,1,CLIFTON PD               ,,0,0,0,0,P,B,N,N,1,2,NJ 3                                              ,W,3,,00000003__      ,0.49,2,,2,1,1,1,1,1,100,FE,W,CR 623 / GROVE ST                  ,,,,55,25,40.86565,74.18162,N,,7254,18:40,120+07449
2014160214-7746                ,PASSAIC     ,CLIFTON CITY            ,7/18/2014,F ,808,1,CLIFTON PD               ,CLIFTON        ,0,0,0,0,P,B,N,N,2,2,NJ 3                                              ,W,3,,00000003__      ,0.51,2,1,2,1,1,1,5,1,10,FE,W,CR 623 / GROVE ST                  ,,,,55,,40.86533,74.18225,N,,269,8:10,120+07449
2015160215-6370                ,PASSAIC     ,CLIFTON CITY            ,2/11/2015,W ,1543,1,CLIFTON PD               ,,0,0,0,0,P,B,N,N,1,2,NJ 3                                              ,W,3,,00000003__      ,,2,2,2,1,1,1,1,1,,,,,F,CR 603                   ,,55,,,,N,NONE                                                                            ,515,15:45,120+07449
2.02E+17,PASSAIC     ,CLIFTON CITY            ,6/3/2017,SA,1306,1,CLIFTON PD               ,,0,0,0,0,P,B,N,N,1,2,NJ 3                                              ,W,3,,00000003__      ,,2,,2,1,1,1,5,1,,,,,F,CR 603                   ,SB,55,,40.8348,74.14806,N,,7167,13:05,120+07449
2.02E+17,PASSAIC     ,CLIFTON CITY            ,4/5/2018,TH,656,1,CLIFTON PD               ,,0,0,0,0,P,B,N,N,1,2,NJ 3                                              ,W,3,,00000003__      ,0.48,2,,2,1,1,1,5,1,150,FE,W,CR 623 / GROVE ST                  ,,,,55,35,40.86758,74.18416,N,,7131,6:55,120+07449
2.02E+17,PASSAIC     ,CLIFTON CITY            ,9/13/2016,TU,905,1,CLIFTON PD               ,,0,2,0,0,I,B,N,N,1,4,NJ 3                                              ,W,3,,00000003__      ,1.28,2,1,2,1,1,1,5,1,100,FE,E,ROUTE 509 / BROAD ST               ,,,,50,25,,,N,NONE                                                                            ,7167,9:05,120+07447
2014160214-7747                ,PASSAIC     ,CLIFTON CITY            ,7/18/2014,F ,842,1,CLIFTON PD               ,CLIFTON PD     ,0,0,0,0,P,B,N,N,2,2,NJ 3                                              ,W,3,,00000003__      ,4.89,2,2,2,1,7,1,5,1,25,FE,W,NJ 21                              ,,,,30,50,40.82333,74.12466,N,NONE                                                                            ,,8:40,120P04739
2.02E+17,PASSAIC     ,CLIFTON CITY            ,4/5/2018,TH,1835,1,CLIFTON PD               ,,0,0,0,0,P,B,N,N,2,2,NJ 3                                              ,W,3,,00000003__      ,0.45,2,,2,1,1,1,1,1,300,FE,W,CR 623 / GROVE ST                  ,,,,55,25,40.86817,74.1846,N,,7256,18:35,120+07449
2.02E+17,PASSAIC     ,CLIFTON CITY            ,6/5/2017,MO,649,1,CLIFTON PD               ,,0,0,0,0,P,B,N,N,2,2,NJ 3                                              ,W,3,,00000003__      ,0.47,2,,2,2,1,5,5,1,200,FE,W,CR 623 / GROVE ST                  ,,,,55,35,,,N,,7131,6:50,120+07449
2.02E+17,PASSAIC     ,CLIFTON CITY            ,9/13/2016,TU,950,1,CLIFTON PD               ,,0,0,0,0,P,B,N,N,1,2,NJ 3                                              ,W,3,,00000003__      ,2.45,2,1,2,1,1,1,5,1,1000,FE,W,CR 622 / BLOOMFIELD AVE            ,,,,55,,,,N,NONE                                                                            ,7131,9:50,120P07444
2015160215-6886                ,PASSAIC     ,CLIFTON CITY            ,2/14/2015,SA,1545,1,CLIFTON PD               ,PATROL         ,0,0,0,0,P,I,N,N,1,2,NJ 3                                              ,W,3,,00000003__      ,3.42,2,4,2,1,1,1,1,1,,AT,,CR 603 / PASSAIC AVE               ,,,,55,25,,,N,NONE                                                                            ,500,15:45,120+07443
2.02E+17,PASSAIC     ,CLIFTON CITY            ,6/5/2017,MO,1550,1,CLIFTON PD               ,,0,0,0,0,P,B,N,N,1,2,NJ 3                                              ,W,3,,00000003__      ,0.51,2,,2,1,1,1,1,1,25,FE,W,CR 623 / GROVE ST                  ,,,,55,35,40.8653,74.18196,N,,542,15:50,120+07449
2.02E+17,PASSAIC     ,CLIFTON CITY            ,9/14/2016,W ,754,1,CLIFTON PD               ,,0,0,0,0,P,B,N,N,1,2,NJ 3                                              ,W,3,,00000003__      ,3.9,2,1,2,1,1,1,1,1,2640,FE,E,,T,CR 601                   ,NB,55,,,,N,NONE                                                                            ,7157,7:55,120+07442
2013160213-6031                ,PASSAIC     ,CLIFTON CITY            ,5/28/2013,TU,1103,1,CLIFTON PD               ,,0,1,0,0,I,B,N,N,1,2,NJ 3                                              ,W,3,,00000003__      ,,2,5,2,2,1,2,1,1,,,,,F,PASSAIC AVE              ,NB,55,,,,N,NONE                                                                            ,5010,11:05,120+07449
2014160214-7860                ,PASSAIC     ,CLIFTON CITY            ,7/21/2014,M ,1747,1,CLIFTON PD               ,,0,0,0,0,P,B,N,N,2,2,NJ 3                                              ,W,3,,00000003__      ,,2,5,2,1,1,1,5,1,,,,,T,RT 46                    ,WB,55,,,,N,,508,17:45,120+07449
2.02E+17,PASSAIC     ,CLIFTON CITY            ,4/7/2018,SA,1958,1,CLIFTON PD               ,,0,0,0,0,P,B,N,N,99,1,NJ 3                                              ,W,3,,00000003__      ,2.7,2,,2,1,6,1,1,1,300,FE,E,CR 622 / BLOOMFIELD AVE            ,,,,55,25,40.84012,74.15971,N,,7105,20:00,120+07444
2013160213-6062                ,PASSAIC     ,CLIFTON CITY            ,5/28/2013,TU,2103,1,CLIFTON PD               ,CLIFTON        ,0,0,0,0,P,B,N,N,1,2,NJ 3                                              ,W,3,,00000003__      ,,2,5,2,2,6,2,2,1,,,,,T,US 46                    ,WB,40,,,,N,NONE                                                                            ,125??,21:05,120+07449
2015160215-7546                ,PASSAIC     ,CLIFTON CITY            ,2/18/2015,W ,2209,1,CLIFTON PD               ,CLIFTON        ,0,0,0,0,P,B,N,N,2,2,NJ 3                                              ,W,3,,00000003__      ,,2,2,2,1,6,1,1,1,50,FE,W,,F,ROUTE 21                 ,,55,,,,N,NONE                                                                            ,8035,22:10,120+07449
2.02E+17,PASSAIC     ,CLIFTON CITY            ,4/10/2018,TU,856,1,CLIFTON PD               ,,0,1,0,0,I,B,N,N,1,2,NJ 3                                              ,W,3,,00000003__      ,1.41,2,,2,2,1,5,5,1,800,FE,E,ROUTE 509 / BROAD ST               ,,,,55,25,40.84874,74.17185,N,,7096,8:55,120P07446
2015160215-7833                ,PASSAIC     ,CLIFTON CITY            ,2/20/2015,F ,1800,1,CLIFTON PD               ,CLIFTON        ,0,1,0,0,I,B,N,N,1,2,NJ 3                                              ,W,3,,00000003__      ,,2,1,2,1,6,1,1,1,150,FE,E,,F,ROUTE 21                 ,NB,55,,,,N,NONE                                                                            ,8075,18:00,120+07449
2.02E+17,PASSAIC     ,CLIFTON CITY            ,6/6/2017,TU,1129,1,CLIFTON PD               ,,0,0,0,0,P,I,N,N,2,2,NJ 3                                              ,W,3,,00000003__      ,,2,,2,2,1,2,5,1,,AT,,,F,GROVE ST                 ,WB,55,,40.86565,74.18162,N,,7118,11:30,120+07449
2.02E+17,PASSAIC     ,CLIFTON CITY            ,4/10/2018,TU,904,1,CLIFTON PD               ,,0,0,0,0,P,B,N,N,1,2,NJ 3                                              ,W,3,,00000003__      ,1.53,2,,2,2,1,5,1,1,500,FE,E,GARDEN STATE PARKWAY               ,,,,55,55,40.84962,74.17262,N,,7099,9:05,120+07445
2.02E+17,PASSAIC     ,CLIFTON CITY            ,6/6/2017,TU,1537,1,CLIFTON PD               ,,0,0,0,0,P,I,N,N,1,2,NJ 3                                              ,W,3,,00000003__      ,3.82,2,,2,1,1,1,1,1,,AT,,CR 601 / MAIN AVE                  ,,,,55,25,40.83181,74.14107,N,,7203,15:35,120+07442
2.02E+17,PASSAIC     ,CLIFTON CITY            ,9/14/2016,W ,1837,1,CLIFTON PD               ,,0,0,0,0,P,B,N,N,2,2,NJ 3                                              ,W,3,,00000003__      ,2.6,2,1,2,2,5,5,4,1,200,FE,W,CR 622 / BLOOMFIELD AVE            ,,,,50,25,,,N,NONE                                                                            ,7245,18:35,120+07444
2013160213-6113                ,PASSAIC     ,CLIFTON CITY            ,5/30/2013,TH,835,1,CLIFTON PD               ,,0,0,0,0,P,I,N,N,2,2,NJ 3                                              ,W,3,,00000003__      ,3.82,2,2,2,1,1,1,1,2,,AT,W,CR 601 / MAIN AVE                  ,,,,55,35,,,N,,260,8:35,120+07442
2.02E+17,PASSAIC     ,CLIFTON CITY            ,4/10/2018,TU,1531,1,CLIFTON PD               ,,0,0,0,0,P,B,N,N,2,2,NJ 3                                              ,W,3,,00000003__      ,3.88,2,,2,1,1,1,1,1,300,FE,E,CR 601 / MAIN AVE                  ,,,,55,25,,,N,,7201,15:30,120+07442
2015160215-7942                ,PASSAIC     ,CLIFTON CITY            ,2/21/2015,SA,1234,1,CLIFTON PD               ,CLIFTON        ,0,3,0,0,I,B,N,N,1,3,NJ 3                                              ,W,3,,00000003__      ,,2,1,2,1,1,5,5,1,50,FE,E,,T,MAIN AVENUE              ,,55,,,,N,NONE                                                                            ,269,12:35,120+07449
2.02E+17,PASSAIC     ,CLIFTON CITY            ,9/15/2016,TH,1346,1,CLIFTON PD               ,,0,0,0,0,P,B,N,N,1,2,NJ 3                                              ,W,3,,00000003__      ,2.68,2,1,2,1,1,1,5,1,200,FE,E,CR 622 / BLOOMFIELD AVE            ,,,,55,35,,,N,NONE                                                                            ,7118,13:45,120+07444
2015160215-8025                ,PASSAIC     ,CLIFTON CITY            ,2/21/2015,SA,,1,CLIFTON PD               ,PATROL         ,0,0,0,0,P,B,N,N,11,1,NJ 3                                              ,W,3,,00000003__      ,3.41,2,1,2,3,6,3,1,1,50,FE,W,CR 603 / PASSAIC AVE               ,,,,55,26,,,N,MINOR TO THE GUARD RAIL                                                         ,6019,#VALUE!,120+07443
2.02E+17,PASSAIC     ,CLIFTON CITY            ,6/6/2017,TU,818,1,CLIFTON PD               ,,0,0,0,0,P,B,N,N,1,2,NJ 3                                              ,W,3,,00000003__      ,1.17,2,,2,1,1,1,5,1,500,FE,W,ROUTE 509 / BROAD ST               ,,,,50,25,,,N,,7167,8:20,120P07447
2.02E+17,PASSAIC     ,CLIFTON CITY            ,4/11/2018,WE,722,1,CLIFTON PD               ,,0,1,0,0,I,B,N,N,1,2,NJ 3                                              ,W,3,,00000003__      ,3.42,2,,2,1,1,1,1,1,,,,,F,PASSAIC AVE              ,NB,55,,40.83434,74.14793,N,,7099,7:20,120+07443
2013160213-6117                ,PASSAIC     ,CLIFTON CITY            ,5/30/2013,TH,1204,1,CLIFTON PD               ,,0,0,0,0,P,I,N,N,1,2,NJ 3                                              ,W,3,,00000003__      ,4.89,2,2,2,1,1,1,1,2,,AT,E,NJ 21                              ,,,,55,55,,,N,,260,12:05,120P04739
2014160214-8023                ,PASSAIC     ,CLIFTON CITY            ,7/25/2014,F ,1818,1,CLIFTON PD               ,CLIFTON        ,0,0,0,0,P,B,N,N,1,2,NJ 3                                              ,W,3,,00000003__      ,0.51,2,1,2,1,1,1,1,1,1000,FE,,CR 623 / GROVE ST                  ,,,,50,,,,N,NONE                                                                            ,522,18:20,120+07449
2015160215-8056                ,PASSAIC     ,CLIFTON CITY            ,2/22/2015,S ,231,1,CLIFTON PD               ,,0,0,0,0,P,B,N,N,11,1,NJ 3                                              ,W,3,,00000003__      ,,2,2,2,4,6,6,1,1,,,,,F,ROUTE 21                 ,SB,55,,,,N,NONE                                                                            ,12604,2:30,120+07449
2014160214-8025                ,PASSAIC     ,CLIFTON CITY            ,7/25/2014,F ,1817,1,CLIFTON PD               ,,0,0,0,0,P,B,N,N,1,2,NJ 3                                              ,W,3,,00000003__      ,,2,5,2,1,1,1,4,1,,,,,F,CR 601                   ,SB,55,,,,N,NONE                                                                            ,515,18:15,120+07449
2.02E+17,PASSAIC     ,CLIFTON CITY            ,9/16/2016,F ,743,1,CLIFTON PD               ,,0,1,0,0,I,B,N,N,1,2,NJ 3                                              ,W,3,,00000003__      ,,2,1,2,1,1,1,1,1,100,FE,E,,T,GROVE ST                 ,NB,55,,,,N,NONE                                                                            ,7157,7:45,120+07449
2.02E+17,PASSAIC     ,CLIFTON CITY            ,4/11/2018,WE,842,1,CLIFTON PD               ,,0,1,0,0,I,B,N,N,1,3,NJ 3                                              ,W,3,,00000003__      ,2.26,2,,2,1,1,1,5,1,5280,FE,E,ROUTE 509 / BROAD ST               ,,,,55,25,40.84711,74.17033,N,,,8:40,120+07445
2.02E+17,PASSAIC     ,CLIFTON CITY            ,6/9/2017,FR,1346,1,CLIFTON PD               ,,0,0,0,0,P,B,N,N,1,2,NJ 3                                              ,W,3,,00000003__      ,3.42,2,,2,1,1,1,5,1,,,,,F,PASSAIC AVE              ,WB,55,,40.8348,74.14806,N,,7096,13:45,120+07443
2013160213-6167                ,PASSAIC     ,CLIFTON CITY            ,5/31/2013,F ,2023,1,CLIFTON PD               ,CLIFTON        ,0,0,0,0,P,I,N,N,1,2,NJ 3                                              ,W,3,,00000003__      ,4.89,2,1,2,1,1,1,1,2,,AT,W,NJ 21                              ,,,,55,50,,,N,,258,20:25,120P04739
2014160214-8043                ,PASSAIC     ,CLIFTON CITY            ,7/26/2014,SA,850,1,CLIFTON PD               ,,0,0,0,0,P,B,N,N,2,2,NJ 3                                              ,W,3,,00000003__      ,,2,5,2,1,1,1,1,1,,,,,T,RT 21                    ,NB,55,,,,N,,260,8:50,120+07449
2.02E+17,PASSAIC     ,CLIFTON CITY            ,9/16/2016,F ,1221,1,CLIFTON PD               ,,0,0,0,0,P,B,N,N,4,2,NJ 3                                              ,W,3,,00000003__      ,,2,4,2,1,1,1,2,1,,,,,F,MAIN AVE                 ,WB,55,,,,N,NONE                                                                            ,7179,12:20,120+07449
2014160214-8068                ,PASSAIC     ,CLIFTON CITY            ,7/27/2014,S ,704,1,CLIFTON PD               ,CLIFTON        ,0,1,0,0,I,B,N,N,2,2,NJ 3                                              ,W,3,,00000003__      ,0.6,2,4,2,2,1,2,5,1,500,FE,E,CR 623 / GROVE ST                  ,,,,55,,40.86417,74.18156,N,"SIGN AND POLE """"NO STOPPING OR STANDING"""" RT 3 WEST / GROVE STREET.             ",269,7:05,120P07448
2.02E+17,PASSAIC     ,CLIFTON CITY            ,4/11/2018,WE,1608,1,CLIFTON PD               ,,0,0,0,0,P,B,N,N,1,2,NJ 3                                              ,W,3,,00000003__      ,3.83,2,,2,1,1,1,1,1,50,FE,E,CR 601 / MAIN AVE                  ,,,,55,25,40.83384,74.14617,N,,7201,16:10,120+07442
2013160213-621                 ,PASSAIC     ,CLIFTON CITY            ,1/16/2013,W ,2017,1,CLIFTON PD               ,CLIFTON        ,0,0,0,0,P,I,N,N,1,2,NJ 3                                              ,W,3,,00000003__      ,,2,2,2,1,6,1,1,1,,AT,,,,,,55,,,,N,,279,20:15,120+07449
2015160215-8944                ,PASSAIC     ,CLIFTON CITY            ,2/27/2015,F ,1507,1,CLIFTON PD               ,PATROL         ,0,0,0,0,P,B,N,N,1,2,NJ 3                                              ,W,3,,00000003__      ,,2,5,2,1,1,1,2,1,75,FE,W,,F,CR 603                   ,EB,25,,,,N,NONE                                                                            ,6019,15:05,120+07449