CRASH_ID,CTY_NAME,MUN_NAME,DATE,DAY,TIME,POL_CODE,POL_DEPT,POL_STA,KILLED,INJURED,PED_KILL,PED_INJ,SEVERITY,INTERSEC,ALCOHOL,HAZMAT,CRASH_TYPE,VEH_COUNT,LOCATION,LOC_DIR,ROUTE,RT_SFX,SRI,MP,RD_SYS,RD_CHAR,RD_SURF,SURF_COND,LIGHT,WEATHER,RD_DIV,RD_WRKZN,X_DIST,DIST_UNT,X_DIR,X_NAME,IS_RAMP,RAMP_RT,RAMP_DIR,SPD_LMT,SPD_X,LAT,LONG,CELL_USE,PROP_DMG,BADGE,TIME_ROUND,TMC
2.02E+17,PASSAIC     ,CLIFTON CITY            ,6/11/2017,SU,216,1,CLIFTON PD               ,,0,1,0,0,I,B,Y,N,2,3,NJ 3                                              ,W,3,,00000003__      ,0.46,2,,2,1,6,1,1,1,250,FE,W,CR 623 / GROVE ST                  ,,,,55,25,40.86618,74.1826,N,,,2:15,120+07449
2013160213-6227                ,PASSAIC     ,CLIFTON CITY            ,6/2/2013,S ,2,1,CLIFTON PD               ,,0,1,0,0,I,I,N,N,2,2,NJ 3                                              ,W,3,,00000003__      ,2.64,2,2,2,2,6,1,1,1,,AT,E,CR 622 / BLOOMFIELD AVE            ,,,,55,35,,,N,NONE                                                                            ,10044,2:00,120+07444
2.02E+17,PASSAIC     ,CLIFTON CITY            ,4/11/2018,WE,1743,1,CLIFTON PD               ,,0,0,0,0,P,B,N,N,1,2,NJ 3                                              ,W,3,,00000003__      ,2.65,2,,2,1,1,1,1,1,75,FE,E,CR 622 / BLOOMFIELD AVE            ,,,,55,25,,,N,,7201,17:45,120+07444
2.02E+17,PASSAIC     ,CLIFTON CITY            ,4/12/2018,TH,1035,1,CLIFTON PD               ,,0,0,0,0,P,B,N,N,2,2,NJ 3                                              ,W,3,,00000003__      ,0.21,2,,2,1,1,5,2,1,200,FE,E,US 46                              ,,,,45,50,40.86873,74.1852,N,,7098,10:35,120+07449
2015160215-8967                ,PASSAIC     ,CLIFTON CITY            ,2/27/2015,F ,1720,1,CLIFTON PD               ,PATROL         ,0,0,0,0,P,B,N,N,1,2,NJ 3                                              ,W,3,,00000003__      ,2.73,2,1,2,1,1,1,1,1,500,FE,E,CR 622 / BLOOMFIELD AVE            ,,,,55,35,,,N,NONE                                                                            ,6019,17:20,120+07444
2.02E+17,PASSAIC     ,CLIFTON CITY            ,6/11/2017,SU,1154,1,CLIFTON PD               ,,0,0,0,0,P,B,N,N,1,2,NJ 3                                              ,W,3,,00000003__      ,,2,,2,1,1,1,5,1,,,,,F,MAIN AVE                 ,WB,55,,40.83133,74.1408,N,,7096,11:55,120+07449
2.02E+17,PASSAIC     ,CLIFTON CITY            ,6/11/2017,SU,1320,1,CLIFTON PD               ,,0,0,0,0,P,B,N,N,2,2,NJ 3                                              ,W,3,,00000003__      ,0.54,2,,2,1,1,1,5,1,150,FE,E,CR 623 / GROVE ST                  ,,,,55,35,40.86433,74.18138,N,,7131,13:20,120+07449
2014160214-8112                ,PASSAIC     ,CLIFTON CITY            ,7/28/2014,M ,1230,1,CLIFTON PD               ,,0,0,0,0,P,B,N,N,15,1,NJ 3                                              ,W,3,,00000003__      ,4.83,2,2,2,1,1,1,1,2,300,FE,W,NJ 21                              ,,,,55,55,40.82378,74.12556,N,,260,12:30,120P04739
2013160213-6282                ,PASSAIC     ,CLIFTON CITY            ,6/3/2013,M ,953,1,CLIFTON PD               ,CLIFTON        ,0,1,0,0,I,B,N,N,1,2,NJ 3                                              ,W,3,,00000003__      ,,2,2,2,2,1,2,1,1,,,,,F,PASSAIC AVE              ,,55,,,,N,NONE                                                                            ,5001,9:55,120+07449
2.02E+17,PASSAIC     ,CLIFTON CITY            ,9/20/2016,TU,1132,1,CLIFTON PD               ,,0,0,0,0,P,I,N,N,1,2,NJ 3                                              ,W,3,,00000003__      ,,2,5,2,1,1,5,2,1,,AT,,,F,CR 603                   ,,55,,,,N,NONE                                                                            ,7120,11:30,120+07449
2.02E+17,PASSAIC     ,CLIFTON CITY            ,4/12/2018,TH,1210,1,CLIFTON PD               ,,0,0,0,0,P,B,N,N,1,2,NJ 3                                              ,W,3,,00000003__      ,,2,,2,1,1,1,1,1,,,,,F,MAIN AVE                 ,WB,55,,40.83092,74.14067,N,,7135,12:10,120+07449
2.02E+17,PASSAIC     ,CLIFTON CITY            ,6/11/2017,SU,1344,1,CLIFTON PD               ,,0,0,0,0,P,I,N,N,2,2,NJ 3                                              ,W,3,,00000003__      ,0,2,,2,1,1,1,5,1,,AT,,US 46                              ,,,,55,50,40.86873,74.1852,N,,,13:45,120+07449
2.02E+17,PASSAIC     ,CLIFTON CITY            ,9/21/2016,W ,716,1,CLIFTON PD               ,,0,1,0,0,I,B,N,N,1,2,NJ 3                                              ,W,3,,00000003__      ,0.4,2,1,2,1,1,1,5,1,25,FE,W,,F,CR 623                   ,,50,,,,N,NONE                                                                            ,7131,7:15,120+07449
2014160214-8126                ,PASSAIC     ,CLIFTON CITY            ,7/28/2014,M ,1743,1,CLIFTON PD               ,PATROL         ,0,2,0,0,I,B,N,N,1,3,NJ 3                                              ,W,3,,00000003__      ,0.42,2,1,2,1,1,1,1,1,500,FE,W,CR 623 / GROVE ST                  ,,,,55,35,40.86663,74.18331,N,NONE                                                                            ,6019,17:45,120+07449
2.02E+17,PASSAIC     ,CLIFTON CITY            ,4/13/2018,FR,834,1,CLIFTON PD               ,,0,2,0,0,I,B,N,N,1,2,NJ 3                                              ,W,3,,00000003__      ,,2,,2,1,1,1,1,1,,,,,F,CR 601                   ,SB,25,,40.83126,74.14131,N,,7205,8:35,120+07449
2.02E+17,PASSAIC     ,CLIFTON CITY            ,4/13/2018,FR,1705,1,CLIFTON PD               ,,0,2,0,0,I,B,N,N,1,2,NJ 3                                              ,W,3,,00000003__      ,1.35,2,,2,1,1,1,1,1,480,FE,E,ROUTE 509 / BROAD ST               ,,,,50,25,40.85433,74.17705,N,,7253,17:05,120P07446
2.02E+17,PASSAIC     ,CLIFTON CITY            ,9/21/2016,W ,755,1,CLIFTON PD               ,,0,1,0,0,I,B,N,N,1,3,NJ 3                                              ,W,3,,00000003__      ,2.55,2,2,2,1,1,1,1,1,500,FE,W,CR 622 / BLOOMFIELD AVE            ,,,,55,25,,,N,NONE                                                                            ,7098,7:55,120+07444
2014160214-8181                ,PASSAIC     ,CLIFTON CITY            ,7/30/2014,W ,1105,1,CLIFTON PD               ,,0,0,0,0,P,B,N,N,1,2,NJ 3                                              ,W,3,,00000003__      ,3.82,2,2,2,1,1,1,1,1,,,,,F,MAIN AVE.                ,WB,55,,40.83136,74.14205,N,,260,11:05,120+07442
2.02E+17,PASSAIC     ,CLIFTON CITY            ,6/13/2017,TU,706,1,CLIFTON PD               ,,0,0,0,0,P,B,N,N,1,2,NJ 3                                              ,W,3,,00000003__      ,3.82,2,,2,1,1,1,5,1,5,FE,W,CR 601 / MAIN AVE                  ,,,,55,35,40.83133,74.1408,N,,7131,7:05,120+07442
2015160215-945                 ,PASSAIC     ,CLIFTON CITY            ,1/8/2015,TH,833,1,CLIFTON PD               ,,0,0,0,0,P,B,N,N,1,2,NJ 3                                              ,W,3,,00000003__      ,,2,2,2,1,1,1,1,1,,,,,F,CR 601                   ,WB,55,,,,N,,260,8:35,120+07449
2.02E+17,PASSAIC     ,CLIFTON CITY            ,6/13/2017,TU,905,1,CLIFTON PD               ,,0,0,0,0,P,B,N,N,2,2,NJ 3                                              ,W,3,,00000003__      ,0.48,2,,2,1,1,1,5,1,150,FE,W,CR 623 / GROVE ST                  ,,,,55,35,40.86579,74.18232,N,,7131,9:05,120+07449
2015160215-9469                ,PASSAIC     ,CLIFTON CITY            ,3/2/2015,M ,1652,1,CLIFTON PD               ,PATROL         ,0,0,0,0,P,B,N,N,1,2,NJ 3                                              ,W,3,,00000003__      ,0,2,1,2,1,1,1,1,1,1320,FE,E,CR 621                             ,,,,55,,,,N,NONE                                                                            ,6019,16:50,120+07449
2.02E+17,PASSAIC     ,CLIFTON CITY            ,9/21/2016,W ,838,1,CLIFTON PD               ,,0,0,0,0,P,B,N,N,2,2,NJ 3                                              ,W,3,,00000003__      ,,2,1,2,1,1,1,5,1,30,FE,W,,F,GSP SOUTH                ,SB,55,,,,N,NONE                                                                            ,7131,8:40,120+07449
2014160214-8254                ,PASSAIC     ,CLIFTON CITY            ,8/1/2014,F ,831,1,CLIFTON PD               ,,0,1,0,0,I,I,N,N,1,2,NJ 3                                              ,W,3,,00000003__      ,3.82,2,2,2,1,1,1,1,2,,AT,,CR 601 / MAIN AVE                  ,,,,55,35,40.83136,74.14205,N,NONE                                                                            ,9041,8:30,120+07442
2.02E+17,PASSAIC     ,CLIFTON CITY            ,4/14/2018,SA,428,1,CLIFTON PD               ,,0,0,0,0,P,B,N,N,11,1,NJ 3                                              ,W,3,,00000003__      ,3.82,2,,2,1,6,1,2,1,25,FE,,,T,CR 601                   ,WB,55,,40.83133,74.1408,N,GUARDRAIL FACE HAD HEAVY DAMAGE AND TREE HAS SLIGHT DAMAGE                      ,,4:30,120+07442
2015160215-9624                ,PASSAIC     ,CLIFTON CITY            ,3/3/2015,TU,1519,1,CLIFTON PD               ,CLIFTON        ,0,0,0,0,P,I,N,N,1,2,NJ 3                                              ,W,3,,00000003__      ,,2,2,2,2,1,3,1,1,,AT,,,F,CR 601                   ,,55,,,,N,,279,15:20,120+07449
2013160213-6317                ,PASSAIC     ,CLIFTON CITY            ,6/4/2013,TU,750,1,CLIFTON PD               ,,0,1,0,0,I,I,N,N,1,2,NJ 3                                              ,W,3,,00000003__      ,0.51,2,1,2,1,1,1,1,1,,AT,,CR 623 / GROVE ST                  ,,,,55,35,,,N,NONE                                                                            ,231,7:50,120+07449
2.02E+17,PASSAIC     ,CLIFTON CITY            ,4/14/2018,SA,1551,1,CLIFTON PD               ,,0,0,0,0,P,B,N,N,2,2,NJ 3                                              ,W,3,,00000003__      ,3.34,2,,2,1,1,1,1,1,400,FE,W,CR 603 / PASSAIC AVE               ,,,,55,35,40.83448,74.14752,N,,7259,15:50,120+07443
2015160215-9753                ,PASSAIC     ,CLIFTON CITY            ,3/4/2015,W ,849,1,CLIFTON PD               ,,0,0,0,0,P,B,N,N,1,2,NJ 3                                              ,W,3,,00000003__      ,,2,1,2,2,1,5,1,1,500,FE,W,,T,GSP NORTH                ,NB,50,,,,N,,519,8:50,120+07449
2013160213-6318                ,PASSAIC     ,CLIFTON CITY            ,6/11/2013,TU,,1,CLIFTON PD               ,CLIFTON        ,0,0,0,0,P,B,N,N,2,2,NJ 3                                              ,W,3,,00000003__      ,3.42,2,1,2,1,1,1,5,1,5,FE,E,CR 603 / PASSAIC AVE               ,,,,55,,,,N,,265,#VALUE!,120+07443
2.02E+17,PASSAIC     ,CLIFTON CITY            ,4/15/2018,SU,1814,1,CLIFTON PD               ,,0,0,0,0,P,B,N,N,1,2,NJ 3                                              ,W,3,,00000003__      ,3.81,2,,2,2,1,2,2,1,,,,,T,MAIN AVE                 ,,55,,40.83068,74.1434,N,,7201,18:15,120+07442
2015160215-9979                ,PASSAIC     ,CLIFTON CITY            ,3/5/2015,TH,1212,1,CLIFTON PD               ,CLIFTON        ,0,1,0,0,I,B,N,N,2,3,NJ 3                                              ,W,3,,00000003__      ,3.84,2,2,2,3,1,3,1,1,100,FE,E,CR 601 / MAIN AVE                  ,,,,55,,,,N,NONE                                                                            ,268,12:10,120+07442
2014160214-8332                ,PASSAIC     ,CLIFTON CITY            ,8/3/2014,S ,1157,1,CLIFTON PD               ,,0,0,0,0,P,B,N,N,1,2,NJ 3                                              ,W,3,,00000003__      ,3.42,2,1,2,1,1,1,1,1,,,,CR 603 / PASSAIC AVE               ,,,,55,35,,,N,NONE                                                                            ,274,11:55,120+07443
2.02E+17,PASSAIC     ,CLIFTON CITY            ,9/23/2016,F ,1742,1,CLIFTON PD               ,,0,2,0,0,I,B,N,N,1,3,NJ 3                                              ,W,3,,00000003__      ,,2,1,2,1,1,1,1,1,400,FE,E,,T,ROUTE 21                 ,NB,55,,,,N,NONE                                                                            ,7153,17:40,120+07449
2.02E+17,PASSAIC     ,CLIFTON CITY            ,6/16/2017,FR,853,1,CLIFTON PD               ,,0,1,0,0,I,B,N,N,1,2,NJ 3                                              ,W,3,,00000003__      ,,2,,2,1,1,5,2,1,,,,,F,RIVER RD                 ,SB,55,,40.82688,74.12338,N,,7108,8:55,120+07449
2013160213-633                 ,PASSAIC     ,CLIFTON CITY            ,1/17/2013,TH,809,1,CLIFTON PD               ,CLIFTON        ,0,0,0,0,P,B,Y,N,2,2,NJ 3                                              ,W,3,,00000003__      ,0.6,2,1,2,2,1,5,1,1,500,FE,E,CR 623 / GROVE ST                  ,,,,55,30,,,N,NONE                                                                            ,268,8:10,120P07448
2.02E+17,PASSAIC     ,CLIFTON CITY            ,4/16/2018,MO,1148,1,CLIFTON PD               ,,0,0,0,0,P,B,N,N,8,2,NJ 3                                              ,W,3,,00000003__      ,3.8,2,,2,2,1,2,1,1,100,FE,W,CR 601 / MAIN AVE                  ,,,,55,30,40.83181,74.14107,N,,7157,11:50,120+07442
2014160214-8351                ,PASSAIC     ,CLIFTON CITY            ,8/3/2014,S ,2200,1,CLIFTON PD               ,POST 7         ,0,1,0,0,I,B,N,N,2,2,NJ 3                                              ,W,3,,00000003__      ,,2,1,1,1,7,1,1,2,800,FE,E,,T,RT 21                    ,,55,,,,N,NONE                                                                            ,7030,22:00,120+07449
2.02E+17,PASSAIC     ,CLIFTON CITY            ,6/16/2017,FR,1447,1,CLIFTON PD               ,,0,0,0,0,P,B,N,N,2,2,NJ 3                                              ,W,3,,00000003__      ,,2,,2,1,1,1,4,1,,,,,T,MAIN ST                  ,,55,,40.83133,74.1408,N,,548,14:45,120+07449
2013160213-6338                ,PASSAIC     ,CLIFTON CITY            ,6/4/2013,TU,1905,1,CLIFTON PD               ,PATROL         ,0,0,0,0,P,B,N,N,1,3,NJ 3                                              ,W,3,,00000003__      ,0.04,2,1,2,1,1,1,1,1,200,FE,E,US 46                              ,,,,50,50,,,N,NONE                                                                            ,6019,19:05,120+07449
2.02E+17,PASSAIC     ,CLIFTON CITY            ,4/16/2018,MO,1552,1,CLIFTON PD               ,,0,0,0,0,P,B,N,N,2,2,NJ 3                                              ,W,3,,00000003__      ,0.51,2,,2,1,1,1,4,1,25,FE,E,CR 623 / GROVE ST                  ,,,,55,35,40.86565,74.18162,N,,7257,15:50,120+07449
2.02E+17,PASSAIC     ,CLIFTON CITY            ,6/17/2017,SA,1214,1,CLIFTON PD               ,,0,0,0,0,P,B,N,N,2,2,NJ 3                                              ,W,3,,00000003__      ,3.84,2,,2,2,1,2,1,1,100,FE,E,CR 601 / MAIN AVE                  ,,,,55,35,40.83133,74.1408,N,,7135,12:15,120+07442
2.02E+17,PASSAIC     ,CLIFTON CITY            ,9/25/2016,S ,1216,1,CLIFTON PD               ,,0,1,0,0,I,B,N,N,1,3,NJ 3                                              ,W,3,,00000003__      ,,2,1,2,1,1,1,5,1,500,FE,E,,T,CR 623                   ,,50,,,,N,NONE                                                                            ,7167,12:15,120+07449
2.02E+17,PASSAIC     ,CLIFTON CITY            ,4/16/2018,MO,1601,1,CLIFTON PD               ,,0,0,0,0,P,B,N,N,1,2,NJ 3                                              ,W,3,,00000003__      ,2.42,2,,2,1,1,1,4,1,1150,FE,S,CR 622 / BLOOMFIELD AVE            ,,,,55,30,40.83816,74.15611,N,,7268,16:00,120P07444
2.02E+17,PASSAIC     ,CLIFTON CITY            ,9/25/2016,S ,1256,1,CLIFTON PD               ,,0,0,0,0,P,B,N,N,2,2,NJ 3                                              ,W,3,,00000003__      ,2.7,2,1,2,1,1,1,5,1,300,FE,N,CR 622 / BLOOMFIELD AVE            ,,,,55,25,,,N,NONE                                                                            ,7096,12:55,120+07444
2013160213-6347                ,PASSAIC     ,CLIFTON CITY            ,6/5/2013,W ,808,1,CLIFTON PD               ,,0,0,0,0,P,B,N,N,1,2,NJ 3                                              ,W,3,,00000003__      ,,2,2,2,1,1,1,1,1,,,,,F,PASSAIC AVE              ,WB,55,,,,N,,260,8:10,120+07449
201516022015-10221             ,PASSAIC     ,CLIFTON CITY            ,3/6/2015,F ,1659,1,CLIFTON PD               ,,0,0,0,0,P,B,N,N,1,2,NJ 3                                              ,W,3,,00000003__      ,,2,1,2,1,1,1,1,1,200,FE,E,,,CR 601                   ,,55,,,,N,NONE OBSERVED/REPORTED                                                          ,7??9 ,17:00,120+07449
2.02E+17,PASSAIC     ,CLIFTON CITY            ,6/17/2017,SA,1525,1,CLIFTON PD               ,,0,0,0,0,P,B,N,N,1,2,NJ 3                                              ,W,3,,00000003__      ,,2,,2,2,1,5,5,1,,,,,F,MAIN AVE                 ,EB,55,,40.83072,74.14138,N,,550,15:25,120+07449
2.02E+17,PASSAIC     ,CLIFTON CITY            ,4/16/2018,MO,1619,1,CLIFTON PD               ,,0,1,0,0,I,B,N,N,3,2,NJ 3                                              ,W,3,,00000003__      ,0.5,2,,2,1,1,1,4,1,50,FE,S,CR 623 / GROVE ST                  ,,,,55,35,40.86567,74.18173,N,,7268,16:20,120+07449
201516022015-13741             ,PASSAIC     ,CLIFTON CITY            ,3/27/2015,F ,1440,1,CLIFTON PD               ,POST 7         ,0,0,0,0,P,B,N,N,1,2,NJ 3                                              ,W,3,,00000003__      ,,2,5,2,1,1,1,2,1,,,,,F,CR 601                   ,NB,50,,,,N,,144,14:40,120+07449
2.02E+17,PASSAIC     ,CLIFTON CITY            ,9/27/2016,TU,143,1,CLIFTON PD               ,,0,0,0,0,P,B,N,N,11,1,NJ 3                                              ,W,3,,00000003__      ,,2,5,2,1,6,5,1,1,,,,,T,CR 601                   ,,55,,,,N,UTILITY POLE #13574                                                             ,7234,1:45,120+07449
2013160213-6370                ,PASSAIC     ,CLIFTON CITY            ,6/5/2013,W ,1702,1,CLIFTON PD               ,CLIFTON        ,0,0,0,0,P,B,N,N,1,4,NJ 3                                              ,W,3,,00000003__      ,0.1,2,2,2,1,1,1,4,1,,,,,T,US 46                    ,WB,40,,,,N,NONE                                                                            ,12513,17:00,120+07449
2.02E+17,PASSAIC     ,CLIFTON CITY            ,4/16/2018,MO,1728,1,CLIFTON PD               ,,0,0,0,0,P,B,N,N,1,2,NJ 3                                              ,W,3,,00000003__      ,3.87,2,,2,1,1,1,1,1,250,FE,E,CR 601 / MAIN AVE                  ,,,,55,25,40.83181,74.14107,N,,7201,17:30,120+07442
201516022015-18603             ,PASSAIC     ,CLIFTON CITY            ,4/27/2015,M ,1814,1,CLIFTON PD               ,,0,0,0,0,P,B,N,N,1,2,NJ 3                                              ,W,3,,00000003__      ,,2,2,2,1,1,1,1,1,150,FE,E,,T,PASSAIC AVE.             ,,55,,,,N,NONE OBSERVED / REPORTED                                                        ,7029,18:15,120+07449
2.02E+17,PASSAIC     ,CLIFTON CITY            ,4/16/2018,MO,1854,1,CLIFTON PD               ,,0,0,0,0,P,B,N,N,2,2,NJ 3                                              ,W,3,,00000003__      ,0.1,2,,2,1,3,1,4,1,10,FE,W,PASSAIC COUNTY 621                 ,,,,55,25,40.86955,74.18604,N,,7257,18:55,120+07449
2.02E+17,PASSAIC     ,CLIFTON CITY            ,6/20/2017,TU,731,1,CLIFTON PD               ,,0,2,0,0,I,B,N,N,1,3,NJ 3                                              ,W,3,,00000003__      ,1.3,2,,2,1,1,1,5,1,200,FE,E,ROUTE 509 / BROAD ST               ,,,,55,35,40.85098,74.17362,N,,,7:30,120P07446
2.02E+17,PASSAIC     ,CLIFTON CITY            ,4/17/2018,TU,844,1,CLIFTON PD               ,,0,1,0,0,I,B,N,N,1,3,NJ 3                                              ,W,3,,00000003__      ,1.17,2,,2,1,1,1,1,1,500,FE,W,ROUTE 509 / BROAD ST               ,,,,55,25,40.85963,74.17974,N,,,8:45,120P07447
2013160213-6399                ,PASSAIC     ,CLIFTON CITY            ,6/6/2013,TH,1127,1,CLIFTON PD               ,,0,0,0,0,P,B,N,N,1,2,NJ 3                                              ,W,3,,00000003__      ,3.36,2,2,2,1,1,1,1,1,300,FE,W,CR 603 / PASSAIC AVE               ,,,,55,35,,,N,,260,11:25,120+07443
201516022015-20344             ,PASSAIC     ,CLIFTON CITY            ,5/7/2015,TH,1839,1,CLIFTON PD               ,,0,0,0,0,P,I,N,N,1,2,NJ 3                                              ,W,3,,00000003__      ,,2,5,2,1,1,1,1,1,,AT,,,F,PASSAIC AVE              ,,55,,,,N,NONE OBSERVED/REPORTED                                                          ,709,18:40,120+07449
2.02E+17,PASSAIC     ,CLIFTON CITY            ,4/17/2018,TU,1121,1,CLIFTON PD               ,,0,0,0,0,P,B,N,N,1,2,NJ 3                                              ,W,3,,00000003__      ,0.01,2,,2,1,1,1,1,1,50,FE,W,US 46 / CR 621 / VALLEY RD         ,,,,55,25,40.86955,74.18604,N,,7128,11:20,120+07449
2.02E+17,PASSAIC     ,CLIFTON CITY            ,6/20/2017,TU,1349,1,CLIFTON PD               ,,0,0,0,0,P,B,N,N,1,2,NJ 3                                              ,W,3,,00000003__      ,,2,,2,1,1,1,1,1,,,,,F,CR 603                   ,,55,,40.83435,74.14797,N,,7180,13:50,120+07449
2014160214-8522                ,PASSAIC     ,CLIFTON CITY            ,8/8/2014,F ,342,1,CLIFTON PD               ,PATROL         ,0,1,0,0,I,B,N,N,11,1,NJ 3                                              ,W,3,,00000003__      ,,2,2,2,1,6,1,1,1,500,FE,W,,F,ROUTE 21                 ,,55,,,,N,NONE                                                                            ,6022,3:40,120+07449
201516022015-28873             ,PASSAIC     ,CLIFTON CITY            ,6/26/2015,F ,1857,1,CLIFTON PD               ,,0,0,0,0,P,B,N,N,1,2,NJ 3                                              ,W,3,,00000003__      ,,2,2,2,1,1,1,1,1,300,FE,E,,F,RT 21                    ,,55,,,,N,NONE OBSERVED/REPORTED                                                          ,7029,18:55,120+07449
2.02E+17,PASSAIC     ,CLIFTON CITY            ,9/30/2016,F ,1547,1,CLIFTON PD               ,,0,0,0,0,P,B,N,N,1,3,NJ 3                                              ,W,3,,00000003__      ,,2,1,2,2,1,2,5,1,1000,FE,E,,T,GARDEN STATE PARKWAY     ,,55,,,,N,NONE                                                                            ,7211,15:45,120+07449
2.02E+17,PASSAIC     ,CLIFTON CITY            ,6/20/2017,TU,2002,1,CLIFTON PD               ,,0,0,0,0,P,B,N,N,1,2,NJ 3                                              ,W,3,,00000003__      ,,2,,2,1,1,1,1,1,,,,,F,MAIN AVE                 ,WB,55,,40.83092,74.14067,N,,7105,20:00,120+07449
2.02E+17,PASSAIC     ,CLIFTON CITY            ,4/17/2018,TU,1204,1,CLIFTON PD               ,,0,0,0,0,P,B,N,N,1,3,NJ 3                                              ,W,3,,00000003__      ,0,2,,2,1,1,1,1,1,500,FE,,US 46 / CR 621 / VALLEY RD         ,,,,55,25,40.86955,74.18604,N,,,12:05,120+07449
2.02E+17,PASSAIC     ,CLIFTON CITY            ,6/21/2017,WE,1619,1,CLIFTON PD               ,,0,0,0,0,P,B,Y,N,1,2,NJ 3                                              ,W,3,,00000003__      ,3.58,2,,2,1,1,1,1,1,850,FE,E,CR 603 / PASSAIC AVE               ,,,,55,35,40.83181,74.14107,N,,7105,16:20,120P07442
2013160213-6483                ,PASSAIC     ,CLIFTON CITY            ,6/8/2013,SA,1528,1,CLIFTON PD               ,CLIFTON        ,0,0,0,0,P,B,N,N,1,2,NJ 3                                              ,W,3,,00000003__      ,3.87,2,1,2,1,1,1,1,1,250,FE,E,CR 601 / MAIN AVE                  ,,,,55,25,,,N,,279,15:30,120+07442
2014160214-8539                ,PASSAIC     ,CLIFTON CITY            ,8/8/2014,F ,1526,1,CLIFTON PD               ,,0,1,0,0,I,B,N,N,1,2,NJ 3                                              ,W,3,,00000003__      ,,2,1,2,1,1,1,5,1,200,FE,,,T,CR 623                   ,,55,,,,N,NONE                                                                            ,508,15:25,120+07449
2013160213-6484                ,PASSAIC     ,CLIFTON CITY            ,6/8/2013,SA,1528,1,CLIFTON PD               ,POST 7         ,0,2,0,0,I,B,N,N,1,2,NJ 3                                              ,W,3,,00000003__      ,3.86,2,1,2,1,1,1,1,2,200,FE,E,CR 601 / MAIN AVE                  ,,,,55,,,,N,NONE                                                                            ,?030 ,15:30,120+07442
2014160214-8553                ,PASSAIC     ,CLIFTON CITY            ,8/9/2014,SA,131,1,CLIFTON PD               ,,0,1,0,0,I,B,N,N,11,1,NJ 3                                              ,W,3,,00000003__      ,,2,4,2,1,6,1,1,1,1000,FE,E,,T,GROVE ST                 ,,55,,,,N,NONE                                                                            ,523,1:30,120+07449
2.02E+17,PASSAIC     ,CLIFTON CITY            ,9/30/2016,F ,1726,1,CLIFTON PD               ,,0,0,0,0,P,I,N,N,1,2,NJ 3                                              ,W,3,,00000003__      ,1.53,2,1,2,2,3,2,1,1,,AT,,GARDEN STATE PARKWAY N             ,,,,55,55,,,N,NONE                                                                            ,7244,17:25,120+07445
2.02E+17,PASSAIC     ,CLIFTON CITY            ,6/22/2017,TH,1432,1,CLIFTON PD               ,,0,0,0,0,P,B,N,N,1,2,NJ 3                                              ,W,3,,00000003__      ,0.66,2,,2,1,1,1,1,1,800,FE,E,CR 623 / GROVE ST                  ,,,,55,25,40.86565,74.18162,N,,7157,14:30,120P07448
2013160213-6505                ,PASSAIC     ,CLIFTON CITY            ,6/9/2013,S ,216,1,CLIFTON PD               ,,0,0,0,0,P,B,N,N,11,1,NJ 3                                              ,W,3,,00000003__      ,1.44,2,1,2,1,6,1,1,1,500,FE,W,G.S.P. SOUTH RAMP                  ,,,,50,50,,,N,NONE                                                                            ,284,2:15,120P07446
201516022015-3393              ,PASSAIC     ,CLIFTON CITY            ,1/23/2015,F ,1706,1,CLIFTON PD               ,,0,0,0,0,P,B,N,N,1,2,NJ 3                                              ,W,3,,00000003__      ,,2,2,2,1,6,1,1,1,100,FE,W,,T,RT 21                    ,,55,,,,N,NONE OBSERVED/REPORTED                                                          ,7029,17:05,120+07449
2.02E+17,PASSAIC     ,CLIFTON CITY            ,4/19/2018,TH,803,1,CLIFTON PD               ,,0,0,0,0,P,B,N,N,2,2,NJ 3                                              ,W,3,,00000003__      ,1.41,2,,2,2,1,5,5,1,800,FE,E,ROUTE 509 / BROAD ST               ,,,,55,25,40.85298,74.17576,N,,7096,8:05,120P07446
201516022015-357               ,PASSAIC     ,CLIFTON CITY            ,1/3/2015,SA,1854,1,CLIFTON PD               ,,0,2,0,0,I,I,N,N,2,2,NJ 3                                              ,W,3,,00000003__      ,,2,2,2,2,7,2,1,1,,AT,,,,CR 601                   ,,55,,,,N,NONE OBSERVED/REPORTED                                                          ,7029,18:55,120+07449
2.02E+17,PASSAIC     ,CLIFTON CITY            ,10/1/2016,SA,2100,1,CLIFTON PD               ,,0,0,0,0,P,B,N,N,1,2,NJ 3                                              ,W,3,,00000003__      ,,2,2,2,2,5,2,4,1,,,,,F,BROAD ST                 ,WB,55,,,,N,NONE                                                                            ,7245,21:00,120+07449