CRASH_ID,CTY_NAME,MUN_NAME,DATE,DAY,TIME,POL_CODE,POL_DEPT,POL_STA,KILLED,INJURED,PED_KILL,PED_INJ,SEVERITY,INTERSEC,ALCOHOL,HAZMAT,CRASH_TYPE,VEH_COUNT,LOCATION,LOC_DIR,ROUTE,RT_SFX,SRI,MP,RD_SYS,RD_CHAR,RD_SURF,SURF_COND,LIGHT,WEATHER,RD_DIV,RD_WRKZN,X_DIST,DIST_UNT,X_DIR,X_NAME,IS_RAMP,RAMP_RT,RAMP_DIR,SPD_LMT,SPD_X,LAT,LONG,CELL_USE,PROP_DMG,BADGE,TIME_ROUND,TMC
2.02E+17,PASSAIC     ,CLIFTON CITY            ,6/23/2017,FR,948,1,CLIFTON PD               ,,0,0,0,0,P,B,N,N,1,2,NJ 3                                              ,W,3,,00000003__      ,,2,,2,1,1,1,1,1,,,,,F,GROVE ST                 ,WB,55,,40.86502,74.18142,N,,7135,9:50,120+07449
2013160213-6515                ,PASSAIC     ,CLIFTON CITY            ,6/9/2013,S ,1042,1,CLIFTON PD               ,,0,1,0,0,I,I,N,N,1,2,NJ 3                                              ,W,3,,00000003__      ,,2,2,2,1,1,1,1,1,,AT,,,F,PASSAIC AVE              ,WB,55,,,,N,NONE                                                                            ,274,10:40,120+07449
2014160214-8725                ,PASSAIC     ,CLIFTON CITY            ,8/14/2014,TH,717,1,CLIFTON PD               ,,0,0,0,0,P,B,N,N,1,2,NJ 3                                              ,W,3,,00000003__      ,,2,2,2,1,1,1,1,1,,,,,F,PASSAIC AVE              ,WB,55,,,,N,,260,7:15,120+07449
201516022015-562               ,PASSAIC     ,CLIFTON CITY            ,1/5/2015,M ,1813,1,CLIFTON PD               ,,0,0,0,0,P,B,N,N,1,2,NJ 3                                              ,W,3,,00000003__      ,,2,2,2,1,6,1,1,1,1500,FE,W,,F,CR 603                   ,,55,,,,N,NONE OBSERVED/RITEDEN                                                           ,7029,18:15,120+07449
2.02E+17,PASSAIC     ,CLIFTON CITY            ,6/23/2017,FR,1740,1,CLIFTON PD               ,,0,1,0,0,I,B,N,N,2,2,NJ 3                                              ,W,3,,00000003__      ,,2,,2,1,1,1,1,1,,,,,,,,55,,40.82806,74.13439,N,PSE&G POLE NUMBER                                                               ,7105,17:40,120+07449
2013160213-6524                ,PASSAIC     ,CLIFTON CITY            ,6/9/2013,S ,1603,1,CLIFTON PD               ,CLIFTON        ,0,0,0,0,P,B,N,N,1,2,NJ 3                                              ,W,3,,00000003__      ,,2,1,2,1,1,1,1,2,75,FE,W,,F,RT 21 SOUTH              ,SB,55,,,,N,,12506,16:05,120+07449
201516022015-6691              ,PASSAIC     ,CLIFTON CITY            ,2/13/2015,F ,1317,1,CLIFTON PD               ,,0,0,0,0,P,B,N,N,1,3,NJ 3                                              ,W,3,,00000003__      ,0.09,2,1,2,1,1,1,1,1,500,FE,E,US 46                              ,,,,55,50,,,N,,259,13:15,120+07449
2.02E+17,PASSAIC     ,CLIFTON CITY            ,4/20/2018,FR,1107,1,CLIFTON PD               ,,0,0,0,0,P,B,N,N,1,2,NJ 3                                              ,W,3,,00000003__      ,3.82,2,,2,1,1,1,1,1,,,,,F,MAIN AVE                 ,NB,55,,40.83125,74.1412,N,,7153,11:05,120+07442
2013160213-6530                ,PASSAIC     ,CLIFTON CITY            ,6/9/2013,S ,1932,1,CLIFTON PD               ,CLIFTON        ,0,0,0,0,P,I,Y,N,11,1,NJ 3                                              ,W,3,,00000003__      ,,2,2,2,1,1,1,1,2,,AT,,,T,ROUTE 21                 ,,50,,,,N,SAND FILLED CRASH BARREL                                                        ,279,19:30,120+07449
2.02E+17,PASSAIC     ,CLIFTON CITY            ,6/25/2017,SU,742,1,CLIFTON PD               ,,0,0,0,0,P,B,N,N,2,2,NJ 3                                              ,W,3,,00000003__      ,2.61,2,,2,1,1,1,1,1,150,FE,W,CR 622 / BLOOMFIELD AVE            ,,,,55,25,40.8404,74.16075,N,,7204,7:40,120+07444
2.02E+17,PASSAIC     ,CLIFTON CITY            ,4/20/2018,FR,1946,1,CLIFTON PD               ,,0,0,0,0,P,B,N,N,1,2,NJ 3                                              ,W,3,,00000003__      ,3.82,2,,2,1,3,1,1,1,,,,,F,MAIN AVE                 ,NB,55,,40.83133,74.1408,N,,7226,19:45,120+07442
2013160213-6586                ,PASSAIC     ,CLIFTON CITY            ,6/11/2013,TU,722,1,CLIFTON PD               ,CLIFTON        ,0,0,0,0,P,B,N,N,1,2,NJ 3                                              ,W,3,,00000003__      ,,2,1,2,1,1,1,5,1,100,FE,W,,,,,55,,,,N,,269,7:20,120+07449
2014160214-8823                ,PASSAIC     ,CLIFTON CITY            ,8/16/2014,SA,2105,1,CLIFTON PD               ,POST 7         ,0,0,0,0,P,B,N,N,1,2,NJ 3                                              ,W,3,,00000003__      ,,2,5,2,1,5,1,1,1,,,,,,MAIN AVE                 ,,55,,,,N,NONE                                                                            ,7030,21:05,120+07449
2013160213-6587                ,PASSAIC     ,CLIFTON CITY            ,6/11/2013,TU,733,1,CLIFTON PD               ,,0,0,0,0,P,B,N,N,1,2,NJ 3                                              ,W,3,,00000003__      ,1.22,2,1,2,1,1,1,1,1,200,FE,W,ROUTE 509 / BROAD ST               ,,,,55,35,,,N,,260,7:35,120P07447
2.02E+17,PASSAIC     ,CLIFTON CITY            ,4/21/2018,SA,153,1,CLIFTON PD               ,,0,0,0,0,P,B,N,N,2,2,NJ 3                                              ,W,3,,00000003__      ,3.8,2,,2,1,6,1,1,1,,,,,F,PASSAIC COUNTY 601       ,WB,55,,40.83356,74.1464,N,,7175,1:55,120+07442
2.02E+17,PASSAIC     ,CLIFTON CITY            ,10/3/2016,M ,1700,1,CLIFTON PD               ,,0,0,0,0,P,B,N,N,1,2,NJ 3                                              ,W,3,,00000003__      ,4.91,2,1,2,1,1,1,1,1,100,FE,E,NJ 21                              ,,,,55,55,,,N,NONE                                                                            ,7247,17:00,120P04739
201516022015-8636              ,PASSAIC     ,CLIFTON CITY            ,2/25/2015,W ,1822,1,CLIFTON PD               ,,0,0,0,0,P,B,N,N,1,2,NJ 3                                              ,W,3,,00000003__      ,,2,2,2,1,6,1,1,1,400,FE,E,,T,CR 622                   ,,55,,,,N,NONE OBSERVED/REPORTED                                                          ,7029,18:20,120+07449
2013160213-6588                ,PASSAIC     ,CLIFTON CITY            ,6/11/2013,TU,756,1,CLIFTON PD               ,,0,0,0,0,P,B,N,N,1,2,NJ 3                                              ,W,3,,00000003__      ,1.22,2,1,2,1,1,1,1,1,200,FE,W,ROUTE 509 / BROAD ST               ,,,,55,35,,,N,,260,7:55,120P07447
2.02E+17,PASSAIC     ,CLIFTON CITY            ,10/4/2016,TU,1706,1,CLIFTON PD               ,,0,0,0,0,P,I,N,N,2,2,NJ 3                                              ,W,3,,00000003__      ,,2,1,2,1,1,1,1,1,,AT,,,T,RT 21                    ,,55,,,,N,NONE                                                                            ,7204,17:05,120+07449
2013160213-6609                ,PASSAIC     ,CLIFTON CITY            ,6/11/2013,TU,1905,1,CLIFTON PD               ,CLIFTON        ,0,2,0,0,I,B,N,N,1,4,NJ 3                                              ,W,3,,00000003__      ,,2,2,2,1,1,1,4,1,200,FE,E,,T,RT 46                    ,WB,35,,,,N,NONE                                                                            ,12513,19:05,120+07449
2014160214-8843                ,PASSAIC     ,CLIFTON CITY            ,8/17/2014,S ,1714,1,CLIFTON PD               ,CLIFTON        ,0,0,0,0,P,B,N,N,1,2,NJ 3                                              ,W,3,,00000003__      ,,2,5,2,1,1,1,1,1,,,,,F,CR 601                   ,,55,,,,N,,279,17:15,120+07449
2.02E+17,PASSAIC     ,CLIFTON CITY            ,6/25/2015,TH,1000,1,CLIFTON PD               ,,0,0,0,0,P,B,N,N,2,2,NJ 3                                              ,W,3,,00000003__      ,,2,1,2,1,1,1,1,1,75,FE,E,,T,CR 602                   ,,55,,,,N,NONE                                                                            ,7174,10:00,120+07449
2.02E+17,PASSAIC     ,CLIFTON CITY            ,4/22/2018,SU,1419,1,CLIFTON PD               ,,0,0,0,0,P,B,N,N,1,2,NJ 3                                              ,W,3,,00000003__      ,0.55,2,,2,1,1,1,1,1,200,FE,E,CR 623 / GROVE ST                  ,,,,55,25,,,N,,7201,14:20,120+07449
2014160214-885                 ,PASSAIC     ,CLIFTON CITY            ,1/23/2014,TH,2146,1,CLIFTON PD               ,CLIFTON        ,0,0,0,0,P,I,N,N,11,1,NJ 3                                              ,W,3,,00000003__      ,3.42,2,2,2,1,6,1,1,1,,AT,E,CR 603 / PASSAIC AVE               ,,,,50,25,40.83439,74.1486,N,FLAGPOLE AND WIREBOX ON SIDE OF 552 RT.3 W                                      ,523,21:45,120+07443
2.02E+17,PASSAIC     ,CLIFTON CITY            ,6/29/2015,M ,1445,1,CLIFTON PD               ,,0,0,0,0,P,B,N,N,1,2,NJ 3                                              ,W,3,,00000003__      ,,2,5,2,1,1,1,1,1,,,,,F,CR 603                   ,,55,,,,N,NONE                                                                            ,7218,14:45,120+07449
2014160214-8892                ,PASSAIC     ,CLIFTON CITY            ,8/19/2014,TU,1015,1,CLIFTON PD               ,CLIFTON        ,0,0,0,0,P,B,N,N,1,2,NJ 3                                              ,W,3,,00000003__      ,0.04,2,5,2,1,1,1,1,1,200,FE,E,US 46                              ,,,,35,50,40.87067,74.1891,N,NONE                                                                            ,7033,10:15,120+07449
2.02E+17,PASSAIC     ,CLIFTON CITY            ,4/22/2018,SU,1717,1,CLIFTON PD               ,,0,0,0,0,P,B,N,N,1,2,NJ 3                                              ,W,3,,00000003__      ,3.83,2,,2,1,1,1,1,1,50,FE,E,CR 601 / MAIN AVE                  ,,,,55,25,40.83133,74.1408,N,,7201,17:15,120+07442
2.02E+17,PASSAIC     ,CLIFTON CITY            ,6/30/2015,TU,1705,1,CLIFTON PD               ,,0,0,0,0,P,B,N,N,1,2,NJ 3                                              ,W,3,,00000003__      ,,2,2,2,1,1,1,1,1,1320,FE,E,,T,CR 622                   ,,55,,,,N,NONE                                                                            ,7176,17:05,120+07449
2.02E+17,PASSAIC     ,CLIFTON CITY            ,4/23/2018,MO,1617,1,CLIFTON PD               ,,0,0,0,0,P,B,N,N,1,3,NJ 3                                              ,W,3,,00000003__      ,1.47,2,,2,1,1,1,1,1,150,FE,E,GARDEN STATE PARKWAY               ,,,,55,55,40.84944,74.17257,N,,,16:15,120+07445
2014160214-895                 ,PASSAIC     ,CLIFTON CITY            ,1/24/2014,F ,746,1,CLIFTON PD               ,,0,0,0,0,P,I,N,N,1,2,NJ 3                                              ,W,3,,00000003__      ,,2,5,2,1,1,1,1,1,,AT,,,F,MAIN AVE                 ,WB,55,,,,N,NONE                                                                            ,274,7:45,120+07449
2.02E+17,PASSAIC     ,CLIFTON CITY            ,10/6/2016,TH,1817,1,CLIFTON PD               ,,0,0,0,0,P,B,N,N,1,2,NJ 3                                              ,W,3,,00000003__      ,,2,2,2,1,3,1,1,1,,,,,F,MAIN AVE                 ,SB,55,,,,N,NONE                                                                            ,7246,18:15,120+07449
2.02E+17,PASSAIC     ,CLIFTON CITY            ,6/27/2017,TU,2202,1,CLIFTON PD               ,,0,0,0,0,P,B,N,N,1,2,NJ 3                                              ,W,3,,00000003__      ,,2,,2,1,6,1,4,1,,,,,F,MAIN AVE                 ,WB,55,,40.83128,74.14113,N,,,22:00,120+07449
2.02E+17,PASSAIC     ,CLIFTON CITY            ,4/24/2018,TU,743,1,CLIFTON PD               ,,0,0,0,0,P,B,N,N,1,2,NJ 3                                              ,W,3,,00000003__      ,1.52,2,,2,1,1,1,1,1,422,FE,E,GARDEN STATE PARKWAY               ,,,,55,55,40.85098,74.17362,N,,7157,7:45,120+07445
2013160213-6675                ,PASSAIC     ,CLIFTON CITY            ,6/13/2013,TH,737,1,CLIFTON PD               ,,0,0,0,0,P,B,N,N,1,2,NJ 3                                              ,W,3,,00000003__      ,2.7,2,1,2,2,1,2,1,1,300,FE,E,CR 622 / BLOOMFIELD AVE            ,,,,55,35,,,N,,260,7:35,120+07444
2.02E+17,PASSAIC     ,CLIFTON CITY            ,7/8/2015,W ,2359,1,CLIFTON PD               ,,0,0,0,0,P,B,N,N,1,2,NJ 3                                              ,W,3,,00000003__      ,3.84,2,2,2,1,6,1,1,1,100,FE,E,CR 601 / MAIN AVE                  ,,,,55,25,,,N,NONE                                                                            ,7198,0:00,120+07442
2014160214-8953                ,PASSAIC     ,CLIFTON CITY            ,8/20/2014,W ,1543,1,CLIFTON PD               ,CLIFTON        ,0,0,0,0,P,B,N,N,2,2,NJ 3                                              ,W,3,,00000003__      ,4.85,2,2,2,1,1,1,1,1,200,FE,W,NJ 21                              ,,,,50,50,40.82363,74.12524,N,NONE                                                                            ,10047,15:45,120P04739
2.02E+17,PASSAIC     ,CLIFTON CITY            ,10/6/2016,TH,1924,1,CLIFTON PD               ,,0,0,0,0,P,B,N,N,1,2,NJ 3                                              ,W,3,,00000003__      ,,2,2,2,1,5,1,1,1,,,,,F,PASSAIC AVE              ,SB,55,,,,N,NONE                                                                            ,7246,19:25,120+07449
2.02E+17,PASSAIC     ,CLIFTON CITY            ,6/28/2017,WE,1108,1,CLIFTON PD               ,,0,0,0,0,P,B,N,N,1,2,NJ 3                                              ,W,3,,00000003__      ,,2,,2,1,1,1,1,1,,,,,F,MAIN AVE                 ,,55,,40.83133,74.1408,N,,7176,11:10,120+07449
2.02E+17,PASSAIC     ,CLIFTON CITY            ,4/24/2018,TU,841,1,CLIFTON PD               ,,0,0,0,0,P,B,N,N,1,2,NJ 3                                              ,W,3,,00000003__      ,1.52,2,,2,1,1,1,1,1,422,FE,E,GARDEN STATE PARKWAY               ,,,,55,55,40.85098,74.17362,N,,7157,8:40,120+07445
2.02E+17,PASSAIC     ,CLIFTON CITY            ,10/6/2016,TH,2045,1,CLIFTON PD               ,,0,0,0,0,P,B,N,N,1,2,NJ 3                                              ,W,3,,00000003__      ,2.68,2,1,2,1,6,1,1,1,200,FE,E,CR 622 / BLOOMFIELD AVE            ,,,,55,25,,,N,NONE                                                                            ,7244,20:45,120+07444
2013160213-6684                ,PASSAIC     ,CLIFTON CITY            ,6/13/2013,TH,1129,1,CLIFTON PD               ,,0,0,0,0,P,B,N,N,1,2,NJ 3                                              ,W,3,,00000003__      ,,2,2,2,2,1,2,1,1,,,,,F,MAIN AVE                 ,,55,,,,N,,260,11:30,120+07449
2014160214-8959                ,PASSAIC     ,CLIFTON CITY            ,8/20/2014,W ,1747,1,CLIFTON PD               ,POST 7         ,0,0,0,0,P,B,N,N,1,2,NJ 3                                              ,W,3,,00000003__      ,,2,2,2,1,1,1,1,1,3960,FE,E,,,CR 622                   ,,55,,,,N,,7030,17:45,120+07449
2.02E+17,PASSAIC     ,CLIFTON CITY            ,6/28/2017,WE,1215,1,CLIFTON PD               ,,0,0,0,0,P,B,N,N,2,2,NJ 3                                              ,W,3,,00000003__      ,0,2,,2,1,1,1,5,1,10,FE,W,CR 621                             ,,,,55,35,,,N,,7131,12:15,120+07449
2.02E+17,PASSAIC     ,CLIFTON CITY            ,4/24/2018,TU,1529,1,CLIFTON PD               ,,0,0,0,0,P,B,N,N,1,2,NJ 3                                              ,W,3,,00000003__      ,3.83,2,,2,1,1,1,1,1,50,FE,E,CR 601 / MAIN AVE                  ,,,,55,25,40.83181,74.14107,N,,7201,15:30,120+07442
2013160213-6686                ,PASSAIC     ,CLIFTON CITY            ,6/13/2013,TH,1310,1,CLIFTON PD               ,,0,2,0,0,I,B,N,N,1,2,NJ 3                                              ,W,3,,00000003__      ,,2,2,2,2,1,5,1,2,,,,,F,RT 21                    ,,55,,,,N,,260,13:10,120+07449
2014160214-8968                ,PASSAIC     ,CLIFTON CITY            ,8/21/2014,TH,531,1,CLIFTON PD               ,PATROL         ,0,0,0,0,P,B,N,N,1,2,NJ 3                                              ,W,3,,00000003__      ,,2,4,2,2,6,2,2,1,,FE,,,T,RT 46 W                  ,SB,25,,,,N,NONE                                                                            ,3020,5:30,120+07449
2.02E+17,PASSAIC     ,CLIFTON CITY            ,7/9/2015,TH,1554,1,CLIFTON PD               ,,0,0,0,0,P,I,N,N,2,2,NJ 3                                              ,W,3,,00000003__      ,,2,2,2,1,1,1,1,1,,AT,,,F,CR 601                   ,,55,,,,N,NONE                                                                            ,7140,15:55,120+07449
2.02E+17,PASSAIC     ,CLIFTON CITY            ,10/7/2016,F ,1811,1,CLIFTON PD               ,,0,0,0,0,P,I,N,N,1,2,NJ 3                                              ,W,3,,00000003__      ,,2,6,2,1,1,1,1,1,,AT,,,F,ROUTE 21 SOUTH           ,SB,40,,,,N,NONE                                                                            ,7228,18:10,120+07449
2.02E+17,PASSAIC     ,CLIFTON CITY            ,4/25/2018,WE,856,1,CLIFTON PD               ,,0,0,0,0,P,B,N,N,2,2,NJ 3                                              ,W,3,,00000003__      ,0.57,2,,2,2,1,2,5,1,300,FE,E,CR 623 / GROVE ST                  ,,,,55,25,40.86459,74.18148,N,,7096,8:55,120P07448
2013160213-670                 ,PASSAIC     ,CLIFTON CITY            ,1/18/2013,F ,810,1,CLIFTON PD               ,,0,0,0,0,P,I,N,N,1,2,NJ 3                                              ,W,3,,00000003__      ,4.89,2,1,2,1,1,1,1,2,,AT,,NJ 21                              ,,,,55,55,,,N,,260,8:10,120P04739
2.02E+17,PASSAIC     ,CLIFTON CITY            ,10/8/2016,SA,356,1,CLIFTON PD               ,,0,0,0,0,P,B,N,N,11,1,NJ 3                                              ,W,3,,00000003__      ,,2,1,2,1,6,1,1,1,1000,FE,E,,T,GROVE ST                 ,,50,,,,N,NONE                                                                            ,7169,3:55,120+07449
2.02E+17,PASSAIC     ,CLIFTON CITY            ,7/13/2015,M ,1740,1,CLIFTON PD               ,,0,0,0,0,P,B,N,N,2,2,NJ 3                                              ,W,3,,00000003__      ,0.49,2,1,2,1,1,1,1,1,100,FE,W,CR 623 / GROVE ST                  ,,,,55,35,,,N,NONE                                                                            ,7166,17:40,120+07449
2.02E+17,PASSAIC     ,CLIFTON CITY            ,4/25/2018,WE,1531,1,CLIFTON PD               ,,0,0,0,0,P,B,N,N,1,2,NJ 3                                              ,W,3,,00000003__      ,0.6,2,,2,2,1,2,1,1,500,FE,E,CR 623 / GROVE ST                  ,,,,55,25,40.86388,74.1812,N,,7105,15:30,120P07448
2013160213-6749                ,PASSAIC     ,CLIFTON CITY            ,6/14/2013,F ,2015,1,CLIFTON PD               ,CLIFTON        ,0,0,0,0,P,B,N,N,1,2,NJ 3                                              ,W,3,,00000003__      ,,2,1,2,1,1,1,1,1,20,FE,W,,F,GROVE ST                 ,NB,55,,,,N,NONE                                                                            ,5008,20:15,120+07449
2014160214-899                 ,PASSAIC     ,CLIFTON CITY            ,1/24/2014,F ,855,1,CLIFTON PD               ,,0,0,0,0,P,B,N,N,1,2,NJ 3                                              ,W,3,,00000003__      ,,2,2,2,1,1,1,1,1,,,,,F,MAIN AVE                 ,WB,55,,,,N,,260,8:55,120+07449
2.02E+17,PASSAIC     ,CLIFTON CITY            ,10/11/2016,TU,1911,1,CLIFTON PD               ,,0,1,0,0,I,B,N,N,1,2,NJ 3                                              ,W,3,,00000003__      ,,2,1,2,1,6,1,1,1,,,,,T,MAIN AVENUE              ,NB,55,,,,N,NONE                                                                            ,7209,19:10,120+07449
2.02E+17,PASSAIC     ,CLIFTON CITY            ,6/29/2017,TH,1426,1,CLIFTON PD               ,,0,0,0,0,P,B,N,N,2,2,NJ 3                                              ,W,3,,00000003__      ,0.5,2,,2,1,1,1,1,1,2640,FE,E,US 46                              ,,,,55,55,40.86937,74.18415,N,,7157,14:25,120+07449
2014160214-9021                ,PASSAIC     ,CLIFTON CITY            ,8/22/2014,F ,2324,1,CLIFTON PD               ,POST 7         ,0,0,0,0,P,B,N,N,1,2,NJ 3                                              ,W,3,,00000003__      ,,2,5,2,1,6,1,2,1,,,,,F,MAIN AVE                 ,,,,,,N,NONE                                                                            ,13520,23:25,120+07449
2.02E+17,PASSAIC     ,CLIFTON CITY            ,10/12/2016,W ,803,1,CLIFTON PD               ,,0,1,0,0,I,I,N,N,1,2,NJ 3                                              ,W,3,,00000003__      ,1.44,2,1,2,1,1,1,1,1,,AT,,GARDEN STATE PARKWAY               ,,,,55,55,,,N,NONE                                                                            ,7098,8:05,120P07446
2.02E+17,PASSAIC     ,CLIFTON CITY            ,6/29/2017,TH,1754,1,CLIFTON PD               ,,0,0,0,0,P,B,N,N,1,3,NJ 3                                              ,W,3,,00000003__      ,0.64,2,,2,1,1,1,1,1,700,FE,E,CR 623 / GROVE ST                  ,,,,55,35,40.85963,74.17974,N,,,17:55,120P07448
2013160213-6762                ,PASSAIC     ,CLIFTON CITY            ,6/15/2013,SA,316,1,CLIFTON PD               ,,0,0,0,0,P,B,N,N,2,2,NJ 3                                              ,W,3,,00000003__      ,3.46,2,2,2,1,6,1,1,1,200,FE,E,CR 603 / PASSAIC AVE               ,,,,55,25,,,N,NONE                                                                            ,284,3:15,120+07443
2.02E+17,PASSAIC     ,CLIFTON CITY            ,7/14/2015,TU,1556,1,CLIFTON PD               ,,0,0,0,0,P,B,N,N,1,2,NJ 3                                              ,W,3,,00000003__      ,,2,2,2,1,1,5,1,1,250,FE,E,,T,PASSAIC AVE              ,,55,,,,N,NONE                                                                            ,7140,15:55,120+07449
2.02E+17,PASSAIC     ,CLIFTON CITY            ,10/12/2016,W ,834,1,CLIFTON PD               ,,0,0,0,0,P,B,N,N,11,1,NJ 3                                              ,W,3,,00000003__      ,,2,1,2,1,1,1,1,1,500,FE,E,,T,BROAD ST                 ,NB,55,,,,N,NONE                                                                            ,7167,8:35,120+07449
2.02E+17,PASSAIC     ,CLIFTON CITY            ,4/26/2018,TH,904,1,CLIFTON PD               ,,0,0,0,0,P,B,N,N,1,2,NJ 3                                              ,W,3,,00000003__      ,0.1,2,,2,1,1,1,5,2,,,,,T,US 46                    ,WB,50,,40.88828,74.13148,N,,7167,9:05,120+07449
2.02E+17,PASSAIC     ,CLIFTON CITY            ,6/29/2017,TH,1756,1,CLIFTON PD               ,,0,0,0,0,P,B,N,N,1,2,NJ 3                                              ,W,3,,00000003__      ,1.2,2,,2,1,1,1,1,1,300,FE,W,ROUTE 509 / BROAD ST               ,,,,50,25,40.85933,74.1802,N,,547,17:55,120P07447
2013160213-678                 ,PASSAIC     ,CLIFTON CITY            ,1/18/2013,F ,1354,1,CLIFTON PD               ,CLIFTON        ,0,0,0,0,P,I,N,N,1,2,NJ 3                                              ,W,3,,00000003__      ,3.82,2,6,2,1,1,1,1,1,,AT,,CR 601 / MAIN AVE                  ,,,,50,25,,,N,,187,13:55,120+07442
2.02E+17,PASSAIC     ,CLIFTON CITY            ,7/16/2015,TH,1335,1,CLIFTON PD               ,,0,0,0,0,P,B,N,N,2,2,NJ 3                                              ,W,3,,00000003__      ,1.44,2,1,2,1,1,1,1,1,300,MI,E,GARDEN STATE PARKWAY               ,,,,55,55,,,N,NONE                                                                            ,7124,13:35,120P07446
2.02E+17,PASSAIC     ,CLIFTON CITY            ,4/26/2018,TH,1359,1,CLIFTON PD               ,,0,0,0,0,P,B,N,N,2,2,NJ 3                                              ,W,3,,00000003__      ,3.87,2,,2,1,1,1,1,1,250,FE,E,CR 601 / MAIN AVE                  ,,,,55,25,40.82916,74.13677,N,ONE (1) ROADSIDE GUARDRAIL.                                                     ,7269,14:00,120+07442
2014160214-9142                ,PASSAIC     ,CLIFTON CITY            ,8/26/2014,TU,1112,1,CLIFTON PD               ,,0,0,0,0,P,B,N,N,1,2,NJ 3                                              ,W,3,,00000003__      ,,2,2,2,1,1,1,1,1,,,,,F,CR 603                   ,WB,55,,,,N,,260,11:10,120+07449
2.02E+17,PASSAIC     ,CLIFTON CITY            ,10/13/2016,TH,1956,1,CLIFTON PD               ,,0,0,0,0,P,B,N,N,1,2,NJ 3                                              ,W,3,,00000003__      ,,2,5,2,1,6,1,1,1,,,,,F,MAIN AVE                 ,WB,55,,,,N,NONE                                                                            ,7206,19:55,120+07449
2.02E+17,PASSAIC     ,CLIFTON CITY            ,10/14/2016,F ,800,1,CLIFTON PD               ,,0,1,0,0,I,B,N,N,1,2,NJ 3                                              ,W,3,,00000003__      ,0.5,2,1,2,1,1,1,1,1,,,W,,F,CR 623                   ,,55,,,,N,NONE                                                                            ,7120,8:00,120+07449
2.02E+17,PASSAIC     ,CLIFTON CITY            ,4/26/2018,TH,1519,1,CLIFTON PD               ,,0,0,0,0,P,B,N,N,1,2,NJ 3                                              ,W,3,,00000003__      ,2.69,2,,2,1,1,1,1,1,250,FE,E,CR 622 / BLOOMFIELD AVE            ,,,,55,25,40.84064,74.16044,N,,7145,15:20,120+07444
2013160213-6811                ,PASSAIC     ,CLIFTON CITY            ,6/16/2013,S ,806,1,CLIFTON PD               ,,0,1,0,0,I,B,N,N,1,2,NJ 3                                              ,W,3,,00000003__      ,3.42,2,5,2,1,1,5,1,1,,,,,F,CR 603                   ,NB,55,,,,N,NONE                                                                            ,5010,8:05,120+07443
2014160214-9208                ,PASSAIC     ,CLIFTON CITY            ,8/28/2014,TH,625,1,CLIFTON PD               ,CLIFTON        ,0,1,0,0,I,B,N,N,2,2,NJ 3                                              ,W,3,,00000003__      ,,2,1,2,1,1,1,1,1,100,FE,W,,T,GSP                      ,NB,55,,,,N,NONE                                                                            ,12514,6:25,120+07449
2013160213-6849                ,PASSAIC     ,CLIFTON CITY            ,6/17/2013,M ,1055,1,CLIFTON PD               ,,0,0,0,0,P,B,N,N,1,3,NJ 3                                              ,W,3,,00000003__      ,3.44,2,2,2,1,1,1,1,1,100,FE,E,CR 603 / PASSAIC AVE               ,,,,55,35,,,N,,260,10:55,120+07443
2.02E+17,PASSAIC     ,CLIFTON CITY            ,4/26/2018,TH,2008,1,CLIFTON PD               ,,0,0,0,0,P,B,N,N,2,2,NJ 3                                              ,W,3,,00000003__      ,3.91,2,,2,1,6,1,1,1,500,FE,E,CR 601 / MAIN AVE                  ,,,,55,25,40.829,74.1365,N,,7269,20:10,120+07442
2.02E+17,PASSAIC     ,CLIFTON CITY            ,10/14/2016,F ,1724,1,CLIFTON PD               ,,0,0,0,0,P,B,N,N,1,2,NJ 3                                              ,W,3,,00000003__      ,,2,1,2,1,1,1,1,1,200,FE,E,,T,GARDEN STATE PARKWA?     ,,55,,,,N,NONE                                                                            ,7153,17:25,120+07449
2.02E+17,PASSAIC     ,CLIFTON CITY            ,6/30/2017,FR,1403,1,CLIFTON PD               ,,0,1,0,0,I,B,N,N,1,2,NJ 3                                              ,W,3,,00000003__      ,0,2,,2,1,1,1,5,1,500,FE,E,C                                  ,,,,55,35,40.86873,74.1852,N,,546,14:05,120+07449