CRASH_ID,CTY_NAME,MUN_NAME,DATE,DAY,TIME,POL_CODE,POL_DEPT,POL_STA,KILLED,INJURED,PED_KILL,PED_INJ,SEVERITY,INTERSEC,ALCOHOL,HAZMAT,CRASH_TYPE,VEH_COUNT,LOCATION,LOC_DIR,ROUTE,RT_SFX,SRI,MP,RD_SYS,RD_CHAR,RD_SURF,SURF_COND,LIGHT,WEATHER,RD_DIV,RD_WRKZN,X_DIST,DIST_UNT,X_DIR,X_NAME,IS_RAMP,RAMP_RT,RAMP_DIR,SPD_LMT,SPD_X,LAT,LONG,CELL_USE,PROP_DMG,BADGE,TIME_ROUND,TMC
2.02E+17,PASSAIC     ,CLIFTON CITY            ,7/21/2015,TU,1717,1,CLIFTON PD               ,,0,0,0,0,P,B,N,N,1,2,NJ 3                                              ,W,3,,00000003__      ,0.76,2,1,2,1,1,1,1,1,1320,FE,E,CR 623 / GROVE ST                  ,,,,55,35,,,N,NONE                                                                            ,7166,17:15,120+07448
2013160213-6878                ,PASSAIC     ,CLIFTON CITY            ,6/18/2013,TU,805,1,CLIFTON PD               ,,0,0,0,0,P,B,N,N,1,2,NJ 3                                              ,W,3,,00000003__      ,3.82,2,2,2,1,1,1,1,1,,,,,F,CR 601                   ,,55,,,,N,,260,8:05,120+07442
2014160214-9219                ,PASSAIC     ,CLIFTON CITY            ,8/28/2014,TH,1040,1,CLIFTON PD               ,,0,0,0,0,P,B,N,N,1,2,NJ 3                                              ,W,3,,00000003__      ,,2,2,2,1,1,1,1,1,,FE,,,F,MAIN A?                  ,WB,55,,,,N,,,10:40,120+07449
2.02E+17,PASSAIC     ,CLIFTON CITY            ,10/15/2016,SA,2,1,CLIFTON PD               ,,0,0,0,0,P,B,Y,N,1,2,NJ 3                                              ,W,3,,00000003__      ,,2,2,2,1,6,1,1,1,100,FE,W,,F,CR 601                   ,NB,55,,,,N,NONE                                                                            ,7153,2:00,120+07449
2.02E+17,PASSAIC     ,CLIFTON CITY            ,4/27/2018,FR,1549,1,CLIFTON PD               ,,0,0,0,0,P,B,N,N,1,2,NJ 3                                              ,W,3,,00000003__      ,0.65,2,,2,2,1,2,1,1,760,FE,E,CR 623 / GROVE ST                  ,,,,50,25,40.86347,74.18106,N,,7253,15:50,120P07448
2014160214-9224                ,PASSAIC     ,CLIFTON CITY            ,8/28/2014,TH,1528,1,CLIFTON PD               ,PATROL         ,0,0,0,0,P,B,N,N,1,2,NJ 3                                              ,W,3,,00000003__      ,0.76,2,1,2,1,1,1,1,1,1320,FE,E,CR 623 / GROVE ST                  ,,,,55,35,40.86198,74.18081,N,NONE                                                                            ,6019,15:30,120+07448
2.02E+17,PASSAIC     ,CLIFTON CITY            ,10/15/2016,SA,1219,1,CLIFTON PD               ,,0,0,0,0,P,B,N,N,1,2,NJ 3                                              ,W,3,,00000003__      ,3.9,2,1,2,1,1,1,5,1,,,,,F,CR 601                   ,NB,55,,,,N,NONE                                                                            ,7157,12:20,120+07442
2013160213-6922                ,PASSAIC     ,CLIFTON CITY            ,6/19/2013,W ,742,1,CLIFTON PD               ,,0,0,0,0,P,B,N,N,1,3,NJ 3                                              ,W,3,,00000003__      ,0.53,2,1,2,1,1,1,1,1,100,FE,E,CR 623 / GROVE ST                  ,,,,55,35,,,N,,260,7:40,120+07449
2.02E+17,PASSAIC     ,CLIFTON CITY            ,4/27/2018,FR,1818,1,CLIFTON PD               ,,0,0,0,0,P,B,N,N,1,2,NJ 3                                              ,W,3,,00000003__      ,3.9,2,,2,2,1,1,1,1,430,FE,E,CR 601 / MAIN AVE                  ,,,,50,25,40.83086,74.14054,N,,7253,18:20,120+07442
2014160214-9365                ,PASSAIC     ,CLIFTON CITY            ,9/2/2014,TU,1104,1,CLIFTON PD               ,,0,1,0,0,I,I,N,N,1,2,NJ 3                                              ,W,3,,00000003__      ,,2,5,2,1,1,1,1,1,,AT,,,T,RT 3                     ,WB,55,,,,N,NONE                                                                            ,231,11:05,120+07449
2.02E+17,PASSAIC     ,CLIFTON CITY            ,7/2/2017,SU,434,1,CLIFTON PD               ,,0,0,0,0,P,B,N,N,11,1,NJ 3                                              ,W,3,,00000003__      ,3.73,2,,2,1,4,1,1,1,500,FE,W,CR 601 / MAIN AVE                  ,,,,55,10,40.83133,74.1408,N,RIVER FRONT CENTER ENTRANCE PILLAR TO THE SIGN  FENCE  CURB  ROCK  AND SHRUBBER?,7080,4:35,120+07442
2.02E+17,PASSAIC     ,CLIFTON CITY            ,4/28/2018,SA,825,1,CLIFTON PD               ,,0,0,0,0,P,B,N,N,2,2,NJ 3                                              ,W,3,,00000003__      ,4.87,2,,2,1,1,1,1,1,100,FE,W,NJ 21                              ,,,,55,55,40.82362,74.12503,N,,7204,8:25,120P04739
2.02E+17,PASSAIC     ,CLIFTON CITY            ,7/23/2015,TH,757,1,CLIFTON PD               ,,0,0,0,0,P,B,N,N,2,3,NJ 3                                              ,W,3,,00000003__      ,1.44,2,1,2,1,1,1,1,1,300,FE,E,GARDEN STATE PARKWAY               ,,,,55,55,,,N,NONE                                                                            ,7118,7:55,120P07446
2.02E+17,PASSAIC     ,CLIFTON CITY            ,10/17/2016,M ,757,1,CLIFTON PD               ,,0,0,0,0,P,B,N,N,1,2,NJ 3                                              ,W,3,,00000003__      ,,2,1,2,1,1,1,1,1,100,FE,N,,T,BROAD ST                 ,NB,55,,,,N,NONE                                                                            ,7107,7:55,120+07449
2.02E+17,PASSAIC     ,CLIFTON CITY            ,4/28/2018,SA,2002,1,CLIFTON PD               ,,0,0,0,0,P,B,N,N,1,2,NJ 3                                              ,W,3,,00000003__      ,3.62,2,,2,2,3,2,1,1,,,,,F,CR 601                   ,,55,,40.83124,74.14126,N,,7226,20:00,120P07442
2014160214-9382                ,PASSAIC     ,CLIFTON CITY            ,9/2/2014,TU,1823,1,CLIFTON PD               ,PATROL         ,0,0,0,0,P,B,N,N,1,2,NJ 3                                              ,W,3,,00000003__      ,,2,1,2,1,1,1,1,1,100,FE,W,,,RT 444                   ,,55,,,,N,NONE                                                                            ,6019,18:25,120+07449
2.02E+17,PASSAIC     ,CLIFTON CITY            ,7/23/2015,TH,1413,1,CLIFTON PD               ,,0,0,0,0,P,B,N,N,1,2,NJ 3                                              ,W,3,,00000003__      ,,2,4,2,1,1,1,1,1,,,,,F,MAIN AVE                 ,WB,55,,,,N,NONE                                                                            ,7128,14:15,120+07449
2.02E+17,PASSAIC     ,CLIFTON CITY            ,10/18/2016,TU,124,1,CLIFTON PD               ,,0,0,0,0,P,B,N,N,11,1,NJ 3                                              ,W,3,,00000003__      ,,2,5,2,1,6,1,1,1,,,,,T,VALLEY ROAD              ,,55,,,,N,NONE                                                                            ,7198,1:25,120+07449
2.02E+17,PASSAIC     ,CLIFTON CITY            ,4/29/2018,SU,1303,1,CLIFTON PD               ,,0,0,0,0,P,B,N,N,1,2,NJ 3                                              ,W,3,,00000003__      ,0.3,2,,2,1,1,1,2,1,660,FE,E,US 46                              ,,,,55,55,40.86899,74.18555,N,,7091,13:05,120+07449
2.02E+17,PASSAIC     ,CLIFTON CITY            ,7/3/2017,MO,1404,1,CLIFTON PD               ,,0,0,0,0,P,B,N,N,1,2,NJ 3                                              ,W,3,,00000003__      ,3.87,2,,2,1,1,1,5,1,250,FE,E,CR 601 / MAIN AVE                  ,,,,55,25,40.83133,74.1408,N,,7096,14:05,120+07442
2014160214-9399                ,PASSAIC     ,CLIFTON CITY            ,9/3/2014,W ,732,1,CLIFTON PD               ,CLIFTON        ,0,0,0,0,P,B,N,N,2,2,NJ 3                                              ,W,3,,00000003__      ,,2,1,2,1,1,1,1,1,500,FE,W,,,GROVE ST                 ,,55,,,,N,NONE                                                                            ,8035,7:30,120+07449
2.02E+17,PASSAIC     ,CLIFTON CITY            ,7/5/2017,WE,921,1,CLIFTON PD               ,,0,0,0,0,P,B,N,N,2,2,NJ 3                                              ,W,3,,00000003__      ,0.32,2,,2,1,1,1,1,1,1000,FE,W,CR 623 / GROVE ST                  ,,,,50,35,40.86502,74.18142,N,,7104,9:20,120+07449
2014160214-9416                ,PASSAIC     ,CLIFTON CITY            ,9/3/2014,W ,1504,1,CLIFTON PD               ,PATROL         ,0,0,0,0,P,B,N,N,2,2,NJ 3                                              ,W,3,,00000003__      ,0.53,2,1,2,1,1,1,1,1,100,FE,E,CR 623 / GROVE ST                  ,,,,55,35,40.86508,74.18209,N,NONE                                                                            ,6019,15:05,120+07449
2.02E+17,PASSAIC     ,CLIFTON CITY            ,10/18/2016,TU,1850,1,CLIFTON PD               ,,0,0,0,0,P,B,N,N,1,2,NJ 3                                              ,W,3,,00000003__      ,1.25,2,1,2,1,6,1,1,1,50,FE,W,ROUTE 509 / BROAD ST               ,,,,55,,,,N,NONE                                                                            ,7166,18:50,120P07447
2013160213-696                 ,PASSAIC     ,CLIFTON CITY            ,1/18/2013,F ,2008,1,CLIFTON PD               ,PATROL         ,0,0,0,0,P,B,N,N,1,2,NJ 3                                              ,W,3,,00000003__      ,3.83,2,5,2,1,6,1,2,2,45,FE,E,CR 601 / MAIN AVE                  ,,,,35,35,,,N,NONE                                                                            ,6019,20:10,120+07442
2.02E+17,PASSAIC     ,CLIFTON CITY            ,7/5/2017,WE,1635,1,CLIFTON PD               ,,0,0,0,0,P,B,N,N,1,2,NJ 3                                              ,W,3,,00000003__      ,3.85,2,,2,1,1,1,1,1,150,FE,E,CR 601 / MAIN AVE                  ,,,,55,25,40.83181,74.14107,N,,7201,16:35,120+07442
2.02E+17,PASSAIC     ,CLIFTON CITY            ,10/19/2016,W ,756,1,CLIFTON PD               ,,0,0,0,0,P,I,N,N,15,2,NJ 3                                              ,W,3,,00000003__      ,4.89,2,5,2,1,1,1,1,1,,AT,,NJ 21                              ,,,,55,50,,,N,NONE                                                                            ,7098,7:55,120P04739
2014160214-9427                ,PASSAIC     ,CLIFTON CITY            ,9/3/2014,W ,2112,1,CLIFTON PD               ,POST 7         ,0,4,0,0,I,I,N,N,1,2,NJ 3                                              ,W,3,,00000003__      ,,2,1,2,1,7,1,1,1,,AT,E,,T,CR 601                   ,,55,,,,N,NONE                                                                            ,7030,21:10,120+07449
2.02E+17,PASSAIC     ,CLIFTON CITY            ,4/30/2018,MO,1507,1,CLIFTON PD               ,,0,0,0,0,P,B,N,N,1,2,NJ 3                                              ,W,3,,00000003__      ,1.2,2,,2,1,1,2,1,1,300,FE,W,ROUTE 509 / BROAD ST               ,,,,55,25,40.85446,74.17649,N,,7252,15:05,120P07447
2.02E+17,PASSAIC     ,CLIFTON CITY            ,7/6/2017,TH,756,1,CLIFTON PD               ,,0,1,0,0,I,B,N,N,1,3,NJ 3                                              ,W,3,,00000003__      ,2.69,2,,2,2,1,2,5,1,250,FE,E,CR 622 / BLOOMFIELD AVE            ,,,,55,25,40.84064,74.16044,N,,,7:55,120+07444
2.02E+17,PASSAIC     ,CLIFTON CITY            ,7/23/2015,TH,1934,1,CLIFTON PD               ,,0,0,0,0,P,B,N,N,2,2,NJ 3                                              ,W,3,,00000003__      ,3.9,2,1,2,1,1,1,1,1,400,FE,E,CR 601 / MAIN AVE                  ,,,,55,30,,,N,NONE                                                                            ,7176,19:35,120+07442
2.02E+17,PASSAIC     ,CLIFTON CITY            ,10/19/2016,W ,849,1,CLIFTON PD               ,,0,0,0,0,P,B,N,N,1,3,NJ 3                                              ,W,3,,00000003__      ,3.91,2,1,2,1,1,1,1,1,500,FE,E,CR 601 / MAIN AVE                  ,,,,55,25,,,N,NONE                                                                            ,7203,8:50,120+07442
2014160214-9467                ,PASSAIC     ,CLIFTON CITY            ,9/4/2014,TH,1949,1,CLIFTON PD               ,POST 7         ,0,1,0,0,I,I,N,N,1,2,NJ 3                                              ,W,3,,00000003__      ,,2,5,2,1,5,1,1,1,,AT,,,F,MAIN AVE                 ,,55,,,,N,NONE                                                                            ,7030,19:50,120+07449
2.02E+17,PASSAIC     ,CLIFTON CITY            ,7/6/2017,TH,1042,1,CLIFTON PD               ,,0,0,0,0,P,B,N,N,1,2,NJ 3                                              ,W,3,,00000003__      ,1.01,2,,2,1,1,1,1,1,2640,FE,E,CR 623 / GROVE ST                  ,,,,55,25,40.85963,74.17974,N,,7157,10:40,120+07448
2.02E+17,PASSAIC     ,CLIFTON CITY            ,4/30/2018,MO,1754,1,CLIFTON PD               ,,0,0,0,0,P,B,N,N,1,2,NJ 3                                              ,W,3,,00000003__      ,3.42,2,,2,2,1,2,1,1,,,,,F,PASSAIC AVE              ,WB,55,,40.83434,74.14781,N,,7105,17:55,120+07443
2013160213-6981                ,PASSAIC     ,CLIFTON CITY            ,6/20/2013,TH,1551,1,CLIFTON PD               ,PATROL         ,0,2,0,0,I,B,N,N,1,2,NJ 3                                              ,W,3,,00000003__      ,,2,1,2,1,1,1,1,1,250,FE,W,,F,NJ 444                   ,NB,55,,,,N,NONE                                                                            ,512,15:50,120+07449
2014160214-9473                ,PASSAIC     ,CLIFTON CITY            ,9/5/2014,F ,21,1,CLIFTON PD               ,,0,0,0,0,P,B,N,N,11,1,NJ 3                                              ,W,3,,00000003__      ,,2,5,2,1,6,1,2,1,,,,,T,MAIN AVE                 ,NB,55,,,,N,GUARD RAIL ON THE ON RAMP SIDE                                                  ,12504,2:20,120+07449
2.02E+17,PASSAIC     ,CLIFTON CITY            ,10/20/2016,TH,2239,1,CLIFTON PD               ,,0,1,0,0,I,B,Y,N,1,2,NJ 3                                              ,W,3,,00000003__      ,,2,2,2,2,6,5,1,1,,,,,F,CR 601                   ,NB,55,,,,N,NONE                                                                            ,7247,22:40,120+07449
2.02E+17,PASSAIC     ,CLIFTON CITY            ,7/7/2017,FR,1545,1,CLIFTON PD               ,,0,0,0,0,P,B,N,N,1,2,NJ 3                                              ,W,3,,00000003__      ,0.76,2,,2,1,1,1,1,1,1320,FE,E,CR 623 / GROVE ST                  ,,,,55,25,,,N,,545,15:45,120+07448
2014160214-9501                ,PASSAIC     ,CLIFTON CITY            ,9/5/2014,F ,1959,1,CLIFTON PD               ,,0,1,0,0,I,I,N,N,1,2,NJ 3                                              ,W,3,,00000003__      ,2.64,2,2,2,1,1,1,5,1,,AT,,CR 622 / BLOOMFIELD AVE            ,,,,25,25,40.84038,74.16117,N,NONE                                                                            ,239,20:00,120+07444
2.02E+17,PASSAIC     ,CLIFTON CITY            ,7/26/2015,S ,2030,1,CLIFTON PD               ,,0,3,0,0,I,B,N,N,2,2,NJ 3                                              ,W,3,,00000003__      ,3.81,2,2,3,1,5,1,1,1,30,FE,W,CR 601 / MAIN AVE                  ,,,,55,30,,,N,NONE                                                                            ,7176,20:30,120+07442
2013160213-7022                ,PASSAIC     ,CLIFTON CITY            ,6/21/2013,F ,1417,1,CLIFTON PD               ,CLIFTON        ,0,0,0,0,P,B,N,N,1,2,NJ 3                                              ,W,3,,00000003__      ,3.91,2,1,2,1,1,1,1,2,500,FE,E,CR 601 / MAIN AVE                  ,,,,55,25,,,N,,268,14:15,120+07442
2013160213-7027                ,PASSAIC     ,CLIFTON CITY            ,6/21/2013,F ,1623,1,CLIFTON PD               ,,0,0,0,0,P,B,N,N,1,2,NJ 3                                              ,W,3,,00000003__      ,0.01,2,1,2,1,1,1,1,1,700,FE,W,US 46                              ,,,,55,55,,,N,NONE                                                                            ,239,16:25,120+07449
2014160214-952                 ,PASSAIC     ,CLIFTON CITY            ,1/25/2014,SA,1118,1,CLIFTON PD               ,CLIFTON        ,0,1,0,0,I,I,N,N,13,1,NJ 3                                              ,W,3,,00000003__      ,3.42,2,3,2,1,1,5,1,1,,AT,E,CR 603 / PASSAIC AVE               ,,,,50,25,40.83439,74.1486,N,,187,11:20,120+07443
2.02E+17,PASSAIC     ,CLIFTON CITY            ,5/2/2018,WE,1943,1,CLIFTON PD               ,,0,1,0,0,I,B,N,N,1,2,NJ 3                                              ,W,3,,00000003__      ,3.43,2,,2,1,1,1,1,1,50,FE,E,CR 603 / PASSAIC AVE               ,,,,55,25,40.8348,74.14806,N,,7201,19:45,120+07443
2.02E+17,PASSAIC     ,CLIFTON CITY            ,10/21/2016,F ,1409,1,CLIFTON PD               ,,0,0,0,0,P,B,N,N,1,2,NJ 3                                              ,W,3,,00000003__      ,,2,1,2,2,1,2,5,1,,,,,T,MAIN AVE                 ,NB,55,,,,N,NONE                                                                            ,7096,14:10,120+07449
2013160213-7030                ,PASSAIC     ,CLIFTON CITY            ,6/21/2013,F ,1658,1,CLIFTON PD               ,PATROL POST CA?,0,0,0,0,P,B,Y,N,2,2,NJ 3                                              ,W,3,,00000003__      ,,2,4,2,1,1,1,1,1,25,FE,W,,F,RT 444                   ,,50,,,,N,,11502,17:00,120+07449
2.02E+17,PASSAIC     ,CLIFTON CITY            ,10/21/2016,F ,1532,1,CLIFTON PD               ,,0,1,0,0,I,B,N,N,1,2,NJ 3                                              ,W,3,,00000003__      ,,2,1,2,2,1,1,1,1,200,FE,W,,T,RT 509                   ,,55,,,,N,NONE                                                                            ,7166,15:30,120+07449
2.02E+17,PASSAIC     ,CLIFTON CITY            ,7/8/2017,SA,1147,1,CLIFTON PD               ,,0,1,0,0,I,B,N,N,1,2,NJ 3                                              ,W,3,,00000003__      ,,2,,2,1,1,1,5,1,,,,,F,CR 601                   ,,55,,40.83181,74.14107,N,,7118,11:45,120+07449
2.02E+17,PASSAIC     ,CLIFTON CITY            ,7/31/2015,F ,306,1,CLIFTON PD               ,,2,3,0,0,F,B,N,N,11,1,NJ 3                                              ,W,3,,00000003__      ,0.1,2,5,2,1,6,1,2,1,,,,,T,CR 621                   ,NB,50,,,,N,UTILITY POLE #E64805C                                                           ,,3:05,120+07449
2013160213-7052                ,PASSAIC     ,CLIFTON CITY            ,6/22/2013,SA,929,1,CLIFTON PD               ,900 CLIFTON AVE,0,0,0,0,P,B,N,N,2,2,NJ 3                                              ,W,3,,00000003__      ,3.44,2,1,2,1,6,1,1,1,100,FE,E,CR 603 / PASSAIC AVE               ,,,,55,35,,,N,,12505,9:30,120+07443
2014160214-9564                ,PASSAIC     ,CLIFTON CITY            ,9/8/2014,M ,617,1,CLIFTON PD               ,POST 7         ,0,0,0,0,P,B,N,N,1,2,NJ 3                                              ,W,3,,00000003__      ,,2,2,2,1,1,1,1,1,1000,FE,E,,T,CR 603 / PASSAIC AVE     ,,55,,,,N,NONE                                                                            ,13520,6:15,120+07449
2.02E+17,PASSAIC     ,CLIFTON CITY            ,10/21/2016,F ,1615,1,CLIFTON PD               ,,0,0,0,0,P,B,N,N,1,2,NJ 3                                              ,W,3,,00000003__      ,0,2,1,2,2,1,1,1,1,800,FE,E,VALLEY                             ,,,,55,35,,,N,NONE                                                                            ,7246,16:15,120+07449
2.02E+17,PASSAIC     ,CLIFTON CITY            ,7/11/2017,TU,128,1,CLIFTON PD               ,,0,0,0,0,P,B,N,N,1,2,NJ 3                                              ,W,3,,00000003__      ,,2,,2,1,6,1,1,1,200,FE,E,,T,BLOOMFIELD AVE           ,,55,,40.84064,74.16044,N,MINOR DAMAGE TO GUARDRAIL                                                       ,7169,1:30,120+07449
2.02E+17,PASSAIC     ,CLIFTON CITY            ,5/5/2018,SA,1031,1,CLIFTON PD               ,,0,0,0,0,P,B,N,N,15,2,NJ 3                                              ,W,3,,00000003__      ,1.5,2,,2,1,1,5,1,1,300,FE,E,GARDEN STATE PARKWAY               ,,,,55,55,40.84979,74.17289,N,,7098,10:30,120+07445
2.02E+17,PASSAIC     ,CLIFTON CITY            ,7/31/2015,F ,1748,1,CLIFTON PD               ,,0,2,0,0,I,B,N,N,1,2,NJ 3                                              ,W,3,,00000003__      ,4.57,2,1,2,1,1,1,1,1,3960,FE,E,CR 601 / MAIN AVE                  ,,,,55,35,,,N,NONE                                                                            ,7166,17:50,120+04740
2013160213-7111                ,PASSAIC     ,CLIFTON CITY            ,6/23/2013,S ,1759,1,CLIFTON PD               ,CLIFTON        ,0,0,0,0,P,I,N,N,1,4,NJ 3                                              ,W,3,,00000003__      ,,2,2,1,1,1,1,1,2,,AT,,,F,NJ 21                    ,NB,50,,,,N,,279,18:00,120+07449
2.02E+17,PASSAIC     ,CLIFTON CITY            ,10/21/2016,F ,1622,1,CLIFTON PD               ,,0,0,0,0,P,B,N,N,1,2,NJ 3                                              ,W,3,,00000003__      ,,2,2,2,2,1,1,1,1,5280,FE,E,,T,BLOOMFIELD AVE           ,,55,,,,N,NONE                                                                            ,7246,16:20,120+07449
2013160213-7137                ,PASSAIC     ,CLIFTON CITY            ,6/24/2013,M ,1629,1,CLIFTON PD               ,POST 7         ,0,0,0,0,P,I,N,N,1,2,NJ 3                                              ,W,3,,00000003__      ,3.82,2,2,2,1,1,1,1,1,,AT,,,F,CR 601                   ,,55,,,,N,NONE                                                                            ,7030,16:30,120+07442
2.02E+17,PASSAIC     ,CLIFTON CITY            ,8/4/2015,TU,1631,1,CLIFTON PD               ,,0,0,0,0,P,I,N,N,1,2,NJ 3                                              ,W,3,,00000003__      ,4.89,2,1,2,1,1,1,1,1,,AT,,NJ 21                              ,,,,55,35,,,N,NONE                                                                            ,7176,16:30,120P04739
2.02E+17,PASSAIC     ,CLIFTON CITY            ,10/21/2016,F ,1913,1,CLIFTON PD               ,,0,0,0,0,P,B,N,N,2,2,NJ 3                                              ,W,3,,00000003__      ,,2,1,2,1,6,1,1,1,300,FE,E,,T,MAIN AVE                 ,,55,,,,N,NONE                                                                            ,7224,19:15,120+07449
2.02E+17,PASSAIC     ,CLIFTON CITY            ,10/21/2016,F ,2351,1,CLIFTON PD               ,,0,0,0,0,P,B,N,N,1,3,NJ 3                                              ,W,3,,00000003__      ,,2,2,2,2,6,2,1,1,50,FE,W,,F,CR 601                   ,,55,,,,N,NONE                                                                            ,7229,23:50,120+07449
2014160214-9611                ,PASSAIC     ,CLIFTON CITY            ,9/9/2014,TU,833,1,CLIFTON PD               ,,0,0,0,0,P,B,N,N,1,2,NJ 3                                              ,W,3,,00000003__      ,3.38,2,2,2,1,1,1,1,1,200,FE,W,CR 603 / PASSAIC AVE               ,,,,55,35,40.83468,74.14925,N,,260,8:35,120+07443
2.02E+17,PASSAIC     ,CLIFTON CITY            ,5/7/2018,MO,1909,1,CLIFTON PD               ,,0,0,0,0,P,B,N,N,1,2,NJ 3                                              ,W,3,,00000003__      ,3.43,2,,2,1,1,1,1,1,50,FE,E,CR 603 / PASSAIC AVE               ,,,,55,25,40.83545,74.15033,N,,7201,19:10,120+07443
2013160213-7210                ,PASSAIC     ,CLIFTON CITY            ,6/26/2013,W ,638,1,CLIFTON PD               ,,0,0,0,0,P,B,N,N,2,2,NJ 3                                              ,W,3,,00000003__      ,4.7,2,5,2,1,1,1,5,1,,,,,T,NJ 21                    ,NB,25,,,,N,,10048,6:40,120P04739
2014160214-9612                ,PASSAIC     ,CLIFTON CITY            ,9/9/2014,TU,847,1,CLIFTON PD               ,,0,0,0,0,P,B,N,N,1,2,NJ 3                                              ,W,3,,00000003__      ,,2,2,2,1,1,1,1,1,,,,,F,CR 501                   ,WB,55,,,,N,,260,8:45,120+07449
2.02E+17,PASSAIC     ,CLIFTON CITY            ,8/11/2015,TU,1354,1,CLIFTON PD               ,,0,0,0,0,P,B,N,N,1,2,NJ 3                                              ,W,3,,00000003__      ,,2,4,2,1,1,5,1,1,,,,,F,MAIN AVE                 ,,55,,,,N,NONE                                                                            ,7138,13:55,120+07449
2013160213-7215                ,PASSAIC     ,CLIFTON CITY            ,6/26/2013,W ,831,1,CLIFTON PD               ,CLIFTON        ,0,0,0,0,P,B,N,N,1,3,NJ 3                                              ,W,3,,00000003__      ,0.14,2,1,2,1,1,1,1,1,500,FE,E,NJ 46                              ,,,,50,,,,N,NONE                                                                            ,1033,8:30,120+07449
2014160214-9646                ,PASSAIC     ,CLIFTON CITY            ,9/10/2014,W ,749,1,CLIFTON PD               ,CLIFTON        ,0,0,0,0,P,B,N,N,2,2,NJ 3                                              ,W,3,,00000003__      ,0.6,2,1,2,1,1,1,1,1,500,FE,E,CR 623 / GROVE ST                  ,,,,50,25,40.86417,74.18156,N,NONE                                                                            ,7033,7:50,120P07448
2.02E+17,PASSAIC     ,CLIFTON CITY            ,5/8/2018,TU,1433,1,CLIFTON PD               ,,0,1,0,0,I,B,N,N,1,2,NJ 3                                              ,W,3,,00000003__      ,1.06,2,,2,1,1,1,4,1,1056,FE,W,ROUTE 509 / BROAD ST               ,,,,55,35,40.85907,74.18017,N,,7257,14:35,120+07448
2.02E+17,PASSAIC     ,CLIFTON CITY            ,10/22/2016,SA,1310,1,CLIFTON PD               ,,0,0,0,0,P,B,N,N,1,2,NJ 3                                              ,W,3,,00000003__      ,,2,1,2,2,1,2,5,1,100,FE,E,,F,MAIN AVENUE              ,,50,,,,N,NONE                                                                            ,7131,13:10,120+07449
2.02E+17,PASSAIC     ,CLIFTON CITY            ,7/15/2017,SA,2221,1,CLIFTON PD               ,,0,0,0,0,P,B,N,N,1,2,NJ 3                                              ,W,3,,00000003__      ,,2,,2,1,6,1,4,1,,,,,F,MAIN AVE                 ,NB,55,,40.83124,74.14121,N,,543,22:20,120+07449
2.02E+17,PASSAIC     ,CLIFTON CITY            ,7/16/2017,SU,2140,1,CLIFTON PD               ,,0,1,0,0,I,B,N,N,2,2,NJ 3                                              ,W,3,,00000003__      ,4.07,2,,2,1,1,1,1,1,1320,FE,E,CR 601 / MAIN AVE                  ,,,,55,25,40.83014,74.13887,N,,7206,21:40,120+07442
2014160214-9649                ,PASSAIC     ,CLIFTON CITY            ,9/10/2014,W ,845,1,CLIFTON PD               ,CLIFTON        ,0,0,0,0,P,B,N,N,2,2,NJ 3                                              ,W,3,,00000003__      ,4.85,2,1,2,1,1,1,1,1,200,FE,W,NJ 21                              ,,,,50,50,40.82363,74.12524,N,NONE                                                                            ,7033,8:45,120P04739
2.02E+17,PASSAIC     ,CLIFTON CITY            ,8/12/2015,W ,826,1,CLIFTON PD               ,,0,0,0,0,P,I,N,N,2,2,NJ 3                                              ,W,3,,00000003__      ,1.44,2,1,2,1,1,1,1,1,,AT,,GARDEN STATE PARKWAY               ,,,,55,55,,,N,NONE                                                                            ,7098,8:25,120P07446
2.02E+17,PASSAIC     ,CLIFTON CITY            ,10/23/2016,S ,957,1,CLIFTON PD               ,,0,0,0,0,P,B,N,N,1,2,NJ 3                                              ,W,3,,00000003__      ,,2,4,2,1,1,1,5,1,,,,,F,CR 601                   ,,55,,,,N,NONE                                                                            ,7118,9:55,120+07449
2.02E+17,PASSAIC     ,CLIFTON CITY            ,5/8/2018,TU,1516,1,CLIFTON PD               ,,0,1,0,0,I,B,N,N,1,2,NJ 3                                              ,W,3,,00000003__      ,0.1,2,,2,1,1,1,1,1,1320,FE,E,PASSAIC COUNTY 621                 ,,,,55,,40.86502,74.18142,N,,7254,15:15,120+07449