CRASH_ID,CTY_NAME,MUN_NAME,DATE,DAY,TIME,POL_CODE,POL_DEPT,POL_STA,KILLED,INJURED,PED_KILL,PED_INJ,SEVERITY,INTERSEC,ALCOHOL,HAZMAT,CRASH_TYPE,VEH_COUNT,LOCATION,LOC_DIR,ROUTE,RT_SFX,SRI,MP,RD_SYS,RD_CHAR,RD_SURF,SURF_COND,LIGHT,WEATHER,RD_DIV,RD_WRKZN,X_DIST,DIST_UNT,X_DIR,X_NAME,IS_RAMP,RAMP_RT,RAMP_DIR,SPD_LMT,SPD_X,LAT,LONG,CELL_USE,PROP_DMG,BADGE,TIME_ROUND,TMC
2.02E+17,PASSAIC     ,CLIFTON CITY            ,5/8/2018,TU,1559,1,CLIFTON PD               ,,0,0,0,0,P,B,N,N,1,3,NJ 3                                              ,W,3,,00000003__      ,2.73,2,,2,1,1,1,1,1,500,FE,E,CR 622 / BLOOMFIELD AVE            ,,,,55,35,40.83697,74.15371,N,,,16:00,120+07444
2013160213-7239                ,PASSAIC     ,CLIFTON CITY            ,6/26/2013,W ,1704,1,CLIFTON PD               ,PATROL         ,0,0,0,0,P,B,N,N,1,2,NJ 3                                              ,W,3,,00000003__      ,0,2,1,2,1,1,1,1,1,1000,FE,E,VALLEY RD                          ,,,,50,35,,,N,,6019,17:05,120+07449
2.02E+17,PASSAIC     ,CLIFTON CITY            ,8/12/2015,W ,1306,1,CLIFTON PD               ,,0,0,0,0,P,B,N,N,1,2,NJ 3                                              ,W,3,,00000003__      ,,2,5,2,1,1,1,5,1,5,FE,W,,F,GROVE STREET             ,SB,55,,,,N,NONE                                                                            ,7131,13:05,120+07449
2013160213-7253                ,PASSAIC     ,CLIFTON CITY            ,6/27/2013,TH,629,1,CLIFTON PD               ,900 CLIFTON AVE,0,0,0,0,P,B,N,N,2,2,NJ 3                                              ,W,3,,00000003__      ,0,2,4,2,1,1,1,1,1,25,FE,W,US 46                              ,,,,55,55,,,N,,12505,6:30,120+07449
2014160214-9665                ,PASSAIC     ,CLIFTON CITY            ,9/10/2014,W ,1607,1,CLIFTON PD               ,PATROL         ,0,0,0,0,P,B,N,N,1,2,NJ 3                                              ,W,3,,00000003__      ,1.22,2,1,2,1,1,1,1,1,200,FE,W,ROUTE 509 / BROAD ST               ,,,,55,25,40.85574,74.17858,N,NONE                                                                            ,6019,16:05,120P07447
2.02E+17,PASSAIC     ,CLIFTON CITY            ,5/8/2018,TU,1609,1,CLIFTON PD               ,,0,0,0,0,P,B,N,N,1,2,NJ 3                                              ,W,3,,00000003__      ,1.38,2,,2,1,1,1,1,1,300,FE,W,GARDEN STATE PARKWAY               ,,,,55,55,40.85122,74.1742,N,,7105,16:10,120P07446
2.02E+17,PASSAIC     ,CLIFTON CITY            ,8/12/2015,W ,2148,1,CLIFTON PD               ,,0,0,0,0,P,B,N,N,11,1,NJ 3                                              ,W,3,,00000003__      ,,2,1,2,1,6,1,1,1,100,FE,W,,F,CR 602                   ,WB,55,,,,N,MINOR TO RIGHT GUARD RAIL                                                       ,7166,21:50,120+07449
2014160214-9690                ,PASSAIC     ,CLIFTON CITY            ,9/11/2014,TH,934,1,CLIFTON PD               ,,0,0,0,0,P,B,N,N,1,2,NJ 3                                              ,W,3,,00000003__      ,3.8,2,2,2,1,1,5,1,2,100,FE,W,CR 601 / MAIN AVE                  ,,,,55,35,40.83151,74.14237,N,,260,9:35,120+07442
2.02E+17,PASSAIC     ,CLIFTON CITY            ,10/24/2016,M ,1844,1,CLIFTON PD               ,,0,0,0,0,P,B,N,N,1,2,NJ 3                                              ,W,3,,00000003__      ,,2,1,2,1,1,1,5,1,800,FE,E,,T,BLOOMFIELD AVE           ,,55,,,,N,NONE                                                                            ,7211,18:45,120+07449
2.02E+17,PASSAIC     ,CLIFTON CITY            ,7/18/2017,TU,1440,1,CLIFTON PD               ,,0,1,0,0,I,B,N,N,1,2,NJ 3                                              ,W,3,,00000003__      ,,2,,2,1,1,1,5,1,,,,,F,MAIN AVE                 ,WB,55,,40.83181,74.14107,N,,7096,14:40,120+07449
2.02E+17,PASSAIC     ,CLIFTON CITY            ,10/25/2016,TU,936,1,CLIFTON PD               ,,0,0,0,0,P,B,N,N,2,2,NJ 3                                              ,W,3,,00000003__      ,0.45,2,1,2,2,1,2,2,1,300,FE,W,CR 623 / GROVE ST                  ,,,,55,25,,,N,NONE                                                                            ,7179,9:35,120+07449
2.02E+17,PASSAIC     ,CLIFTON CITY            ,7/19/2017,WE,1619,1,CLIFTON PD               ,,0,0,0,0,P,B,N,N,1,2,NJ 3                                              ,W,3,,00000003__      ,3.74,2,,2,1,1,1,1,1,400,FE,W,CR 601 / MAIN AVE                  ,,,,55,25,40.83181,74.14107,N,,7201,16:20,120+07442
2014160214-9766                ,PASSAIC     ,CLIFTON CITY            ,9/13/2014,SA,1337,1,CLIFTON PD               ,CLIFTON PD     ,0,0,0,0,P,B,N,N,2,2,NJ 3                                              ,W,3,,00000003__      ,3.68,2,1,2,1,1,5,5,1,750,FE,W,CR 601 / MAIN AVE                  ,,,,10,,40.83242,74.14434,N,NONE                                                                            ,,13:35,120+07442
2.02E+17,PASSAIC     ,CLIFTON CITY            ,5/9/2018,WE,2006,1,CLIFTON PD               ,,0,0,0,0,P,B,N,N,1,2,NJ 3                                              ,W,3,,00000003__      ,4.82,2,,2,1,7,1,1,1,350,FE,W,NJ 21                              ,,,,55,55,40.82806,74.13439,N,,7201,20:05,120P04739
2013160213-7356                ,PASSAIC     ,CLIFTON CITY            ,6/29/2013,SA,2226,1,CLIFTON PD               ,CLIFTON        ,0,1,0,0,I,B,N,N,1,3,NJ 3                                              ,W,3,,00000003__      ,,2,2,2,1,4,1,1,1,80,FE,E,,F,CR 603                   ,NB,55,,,,N,NONE                                                                            ,5008,22:25,120+07449
2.02E+17,PASSAIC     ,CLIFTON CITY            ,10/25/2016,TU,1825,1,CLIFTON PD               ,,0,0,0,0,P,B,N,N,2,2,NJ 3                                              ,W,3,,00000003__      ,,2,1,2,1,6,1,1,1,25,FE,E,,T,PARKWAY NORTH            ,NB,50,,,,N,NONE                                                                            ,7206,18:25,120+07449
2.02E+17,PASSAIC     ,CLIFTON CITY            ,7/21/2017,FR,729,1,CLIFTON PD               ,,0,0,0,0,P,B,N,N,1,2,NJ 3                                              ,W,3,,00000003__      ,0.43,2,,2,1,1,1,1,1,400,FE,W,CR 623 / GROVE ST                  ,,,,55,,40.86502,74.18142,N,,7176,7:30,120+07449
2.02E+17,PASSAIC     ,CLIFTON CITY            ,5/9/2018,WE,2324,1,CLIFTON PD               ,,0,1,0,0,I,B,N,N,1,2,NJ 3                                              ,W,3,,00000003__      ,3.82,2,,2,1,6,1,1,1,,,,,F,CR 601                   ,NB,55,,40.84012,74.15971,N,,7222,23:25,120+07442
2.02E+17,PASSAIC     ,CLIFTON CITY            ,8/15/2015,SA,1957,1,CLIFTON PD               ,,0,0,0,0,P,I,N,N,11,1,NJ 3                                              ,W,3,,00000003__      ,4.89,2,1,2,1,1,1,1,1,,AT,,NJ 21                              ,,,,55,55,,,N,NONE                                                                            ,7203,19:55,120P04739
2.02E+17,PASSAIC     ,CLIFTON CITY            ,5/11/2018,FR,1141,1,CLIFTON PD               ,,0,0,0,0,P,B,N,N,1,2,NJ 3                                              ,W,3,,00000003__      ,3.42,2,,2,1,1,1,1,1,,,,,F,PASSAIC                  ,NB,55,,40.83434,74.1479,N,,7099,11:40,120+07443
2.02E+17,PASSAIC     ,CLIFTON CITY            ,7/21/2017,FR,1710,1,CLIFTON PD               ,,0,0,0,0,P,B,N,N,2,2,NJ 3                                              ,W,3,,00000003__      ,3.91,2,,2,1,1,1,1,1,500,FE,E,CR 601 / MAIN AVE                  ,,,,55,25,,,N,,543,17:10,120+07442
2013160213-7379                ,PASSAIC     ,CLIFTON CITY            ,6/30/2013,S ,1506,1,CLIFTON PD               ,POST 7         ,0,0,0,0,P,I,N,N,1,2,NJ 3                                              ,W,3,,00000003__      ,,2,2,2,2,1,2,1,1,,AT,,,F,MAIN AVE                 ,,55,,,,N,NONE                                                                            ,7030,15:05,120+07449
2014160214-9822                ,PASSAIC     ,CLIFTON CITY            ,9/14/2014,S ,1831,1,CLIFTON PD               ,,0,1,0,0,I,I,N,N,10,1,NJ 3                                              ,W,3,,00000003__      ,,2,2,2,1,1,1,2,1,,AT,,,F,CR 621                   ,,35,,,,N,WALL AT 855 VALLEY ROAD                                                         ,239,18:30,120+07449
2.02E+17,PASSAIC     ,CLIFTON CITY            ,10/26/2016,W ,1846,1,CLIFTON PD               ,,0,0,0,0,P,B,N,N,1,2,NJ 3                                              ,W,3,,00000003__      ,0.54,2,1,2,1,6,1,1,1,150,FE,N,CR 623 / GROVE ST                  ,,,,55,25,,,N,NONE                                                                            ,7209,18:45,120+07449
2014160214-9839                ,PASSAIC     ,CLIFTON CITY            ,9/15/2014,M ,759,1,CLIFTON PD               ,,0,0,0,0,P,B,N,N,1,2,NJ 3                                              ,W,3,,00000003__      ,3.41,2,2,2,1,1,1,1,1,50,FE,W,CR 603 / PASSAIC AVE               ,,,,55,35,40.83446,74.14876,N,NONE                                                                            ,,8:00,120+07443
2013160213-7403                ,PASSAIC     ,CLIFTON CITY            ,7/1/2013,M ,825,1,CLIFTON PD               ,,0,0,0,0,P,B,N,N,1,2,NJ 3                                              ,W,3,,00000003__      ,,2,1,2,1,1,1,1,2,,,,,F,NJ 21                    ,SB,55,,,,N,NONE                                                                            ,274,8:25,120+07449
2.02E+17,PASSAIC     ,CLIFTON CITY            ,8/17/2015,M ,1628,1,CLIFTON PD               ,,0,1,0,0,I,I,N,N,1,2,NJ 3                                              ,W,3,,00000003__      ,1.44,2,1,2,1,1,1,1,1,,AT,,GARDEN STATE PARKWAY               ,,,,50,50,,,N,NONE                                                                            ,7187,16:30,120P07446
2.02E+17,PASSAIC     ,CLIFTON CITY            ,7/22/2017,SA,1836,1,CLIFTON PD               ,,0,0,0,0,P,B,N,N,1,2,NJ 3                                              ,W,3,,00000003__      ,,2,,2,1,1,1,2,1,,,,,F,PASSAIC AVE              ,SB,55,,40.8348,74.14806,N,,7201,18:35,120+07449
2.02E+17,PASSAIC     ,CLIFTON CITY            ,10/26/2016,W ,1945,1,CLIFTON PD               ,,0,0,0,0,P,B,N,N,1,2,NJ 3                                              ,W,3,,00000003__      ,2.7,2,1,2,1,6,1,1,1,300,FE,E,CR 622 / BLOOMFIELD AVE            ,,,,55,25,,,Y,NONE                                                                            ,7218,19:45,120+07444
2013160213-7423                ,PASSAIC     ,CLIFTON CITY            ,7/1/2013,M ,1125,1,CLIFTON PD               ,CLIFTON PD     ,0,1,0,0,I,B,N,N,1,2,NJ 3                                              ,W,3,,00000003__      ,3.67,2,1,2,2,1,2,5,1,800,FE,W,CR 601 / MAIN AVE                  ,,,,55,25,,,N,NONE                                                                            ,*****,11:25,120+07442
2.02E+17,PASSAIC     ,CLIFTON CITY            ,7/23/2017,SU,1252,1,CLIFTON PD               ,,0,0,0,0,P,B,N,N,1,2,NJ 3                                              ,W,3,,00000003__      ,3.82,2,,2,1,1,5,5,1,,,,,F,MAIN AVE                 ,WB,55,,40.83133,74.1408,N,,7096,12:50,120+07442
2014160214-9842                ,PASSAIC     ,CLIFTON CITY            ,9/15/2014,M ,857,1,CLIFTON PD               ,,0,0,0,0,P,B,N,N,1,4,NJ 3                                              ,W,3,,00000003__      ,,2,1,2,1,1,1,1,1,100,FE,E,,T,GSP                      ,NB,55,,,,N,NONE                                                                            ,274,8:55,120+07449
2.02E+17,PASSAIC     ,CLIFTON CITY            ,8/18/2015,TU,1031,1,CLIFTON PD               ,,0,0,0,0,P,B,N,N,1,2,NJ 3                                              ,W,3,,00000003__      ,,2,2,2,1,1,1,1,1,,,,,F,CR 601                   ,WB,55,,,,N,NONE                                                                            ,7124,10:30,120+07449
2.02E+17,PASSAIC     ,CLIFTON CITY            ,5/13/2018,SU,1031,1,CLIFTON PD               ,,0,0,0,0,P,B,N,N,1,2,NJ 3                                              ,W,3,,00000003__      ,0.5,2,,2,1,1,5,5,1,,,,,F,GROVE STREET             ,WB,55,,40.86509,74.18176,N,,7131,10:30,120+07449
2013160213-7427                ,PASSAIC     ,CLIFTON CITY            ,7/1/2013,M ,1221,1,CLIFTON PD               ,CLIFTON        ,0,0,0,0,P,B,N,N,2,2,NJ 3                                              ,W,3,,00000003__      ,0.6,2,1,2,2,1,2,1,1,500,FE,E,CR 623 / GROVE ST                  ,,,,55,25,,,N,NONE                                                                            ,268,12:20,120P07448
2014160214-9845                ,PASSAIC     ,CLIFTON CITY            ,9/15/2014,M ,1046,1,CLIFTON PD               ,CLIFTON        ,0,1,0,0,I,B,N,N,1,2,NJ 3                                              ,W,3,,00000003__      ,,2,5,1,1,1,1,2,1,,,,,F,MAIN AVE                 ,,55,,,,N,NONE                                                                            ,39,10:45,120+07449
2.02E+17,PASSAIC     ,CLIFTON CITY            ,10/26/2016,W ,1954,1,CLIFTON PD               ,,0,0,0,0,P,B,N,N,1,2,NJ 3                                              ,W,3,,00000003__      ,,2,1,2,1,6,1,1,1,1000,FE,E,,T,BLOOMFIELD AVE           ,NB,55,,,,N,NONE                                                                            ,7215,19:55,120+07449
2014160214-9924                ,PASSAIC     ,CLIFTON CITY            ,9/17/2014,W ,716,1,CLIFTON PD               ,,0,0,0,0,P,B,N,N,2,2,NJ 3                                              ,W,3,,00000003__      ,0.45,2,1,2,1,1,1,1,1,300,FE,W,CR 623 / GROVE ST                  ,,,,50,35,40.8662,74.18293,N,NONE                                                                            ,526,7:15,120+07449
2.02E+17,PASSAIC     ,CLIFTON CITY            ,5/16/2018,WE,1315,1,CLIFTON PD               ,,0,2,0,0,I,B,N,N,1,2,NJ 3                                              ,W,3,,00000003__      ,0.46,2,,2,2,1,2,1,1,250,FE,W,CR 623 / GROVE ST                  ,,,,55,30,40.86573,74.18235,N,,7079,13:15,120+07449
2.02E+17,PASSAIC     ,CLIFTON CITY            ,7/24/2017,MO,928,1,CLIFTON PD               ,,0,0,0,0,P,B,N,N,1,2,NJ 3                                              ,W,3,,00000003__      ,0.49,2,,2,2,1,2,5,1,100,FE,W,CR 623 / GROVE ST                  ,,,,50,35,40.86502,74.18142,N,,7131,9:30,120+07449
2013160213-743                 ,PASSAIC     ,CLIFTON CITY            ,1/20/2013,S ,1553,1,CLIFTON PD               ,PATROL/C1      ,0,2,0,0,I,I,N,N,1,2,NJ 3                                              ,W,3,,00000003__      ,,2,2,2,1,1,1,0,1,,AT,,,F,MAIN AVE                 ,,45,,,,N,NONE                                                                            ,50,15:55,120+07449
2.02E+17,PASSAIC     ,CLIFTON CITY            ,8/25/2015,TU,731,1,CLIFTON PD               ,,0,1,0,0,I,B,N,N,1,2,NJ 3                                              ,W,3,,00000003__      ,,2,2,2,1,1,1,1,1,,,,,F,CR 603                   ,WB,25,,,,N,NONE                                                                            ,7120,7:30,120+07449
2.02E+17,PASSAIC     ,CLIFTON CITY            ,5/17/2018,TH,739,1,CLIFTON PD               ,,0,0,0,0,P,B,N,N,1,2,NJ 3                                              ,W,3,,00000003__      ,0.49,2,,2,2,1,1,1,1,100,FE,W,CR 623 / GROVE ST                  ,,,,55,25,40.86565,74.18162,N,,7128,7:40,120+07449
2.02E+17,PASSAIC     ,CLIFTON CITY            ,10/27/2016,TH,1507,1,CLIFTON PD               ,,0,0,0,0,P,B,N,N,2,2,NJ 3                                              ,W,3,,00000003__      ,0.52,2,1,2,2,1,2,1,1,30,FE,E,CR 623 / GROVE ST                  ,,,,55,35,,,N,NONE                                                                            ,7166,15:05,120+07449
2014160214-9935                ,PASSAIC     ,CLIFTON CITY            ,9/17/2014,W ,1616,1,CLIFTON PD               ,CLIFTON        ,0,0,0,0,P,B,N,N,1,2,NJ 3                                              ,W,3,,00000003__      ,3.81,2,2,2,1,1,1,1,1,50,FE,W,CR 601 / MAIN AVE                  ,,,,50,25,40.83143,74.14221,N,,258,16:15,120+07442
2013160213-7431                ,PASSAIC     ,CLIFTON CITY            ,7/10/2013,W ,1335,1,CLIFTON PD               ,CLIFTON        ,0,0,0,0,P,B,N,N,2,2,NJ 3                                              ,W,3,,00000003__      ,3.84,2,1,2,2,1,2,5,1,100,FE,E,CR 601 / MAIN AVE                  ,,,,55,,,,N,,269,13:35,120+07442
2.02E+17,PASSAIC     ,CLIFTON CITY            ,8/26/2015,W ,729,1,CLIFTON PD               ,,0,0,0,0,P,B,N,N,1,2,NJ 3                                              ,W,3,,00000003__      ,0.51,2,1,2,1,1,1,5,1,,,E,CR 623 / GROVE ST                  ,,,,,,,,N,NONE                                                                            ,7131,7:30,120+07449
2.02E+17,PASSAIC     ,CLIFTON CITY            ,8/26/2015,W ,905,1,CLIFTON PD               ,,0,2,0,0,I,B,N,N,1,3,NJ 3                                              ,W,3,,00000003__      ,0.09,2,1,2,1,0,1,1,1,500,FE,E,US 46                              ,,,,55,50,,,N,NONE                                                                            ,7098,9:05,120+07449
2.02E+17,PASSAIC     ,CLIFTON CITY            ,5/17/2018,TH,1759,1,CLIFTON PD               ,,0,0,0,0,P,B,N,N,1,2,NJ 3                                              ,W,3,,00000003__      ,3.47,2,,2,1,1,1,1,1,250,FE,E,CR 603 / PASSAIC AVE               ,,,,55,25,40.83133,74.1408,N,,7201,18:00,120+07443
2013160213-7434                ,PASSAIC     ,CLIFTON CITY            ,7/1/2013,M ,1409,1,CLIFTON PD               ,CLIFTON        ,0,0,0,0,P,B,N,N,1,2,NJ 3                                              ,W,3,,00000003__      ,1.44,2,1,2,2,1,2,5,1,100,FE,E,RT 444                             ,,,,55,,,,N,,269,14:10,120P07446
2014160214-9945                ,PASSAIC     ,CLIFTON CITY            ,9/17/2014,W ,1958,1,CLIFTON PD               ,CLIFTON        ,0,2,0,0,I,B,N,N,1,2,NJ 3                                              ,W,3,,00000003__      ,,2,5,2,1,4,1,1,1,,,,,F,MAIN AVE                 ,SB,55,,,,N,NONE                                                                            ,5008,20:00,120+07449
2.02E+17,PASSAIC     ,CLIFTON CITY            ,10/27/2016,TH,1623,1,CLIFTON PD               ,,0,0,0,0,P,B,N,N,1,2,NJ 3                                              ,W,3,,00000003__      ,1.44,2,1,2,2,1,2,1,1,200,FE,E,GARDEN STATE PARKWAY               ,,,,55,55,,,N,NONE                                                                            ,7244,16:25,120P07446
2.02E+17,PASSAIC     ,CLIFTON CITY            ,7/24/2017,MO,1617,1,CLIFTON PD               ,,0,1,0,0,I,B,N,N,1,2,NJ 3                                              ,W,3,,00000003__      ,,2,,2,1,1,1,2,1,,,,,F,MAIN AVE                 ,SB,55,,40.83128,74.14122,N,,7206,16:15,120+07449
2.02E+17,PASSAIC     ,CLIFTON CITY            ,7/25/2017,TU,1725,1,CLIFTON PD               ,,0,0,0,0,P,B,N,N,1,2,NJ 3                                              ,W,3,,00000003__      ,1.46,2,,2,1,1,1,1,1,1056,FE,E,ROUTE 509 / BROAD ST               ,,,,50,25,40.85,74.17,N,,544,17:25,120+07445
2013160213-7461                ,PASSAIC     ,CLIFTON CITY            ,7/2/2013,TU,619,1,CLIFTON PD               ,,0,0,0,0,P,B,N,N,1,2,NJ 3                                              ,W,3,,00000003__      ,,2,1,2,2,1,5,3,1,300,FE,E,,,,,55,,,,N,NONE                                                                            ,10046,6:20,120+07449
2.02E+17,PASSAIC     ,CLIFTON CITY            ,8/27/2015,TH,1203,1,CLIFTON PD               ,,0,0,0,0,P,B,N,N,1,2,NJ 3                                              ,W,3,,00000003__      ,,2,5,2,1,1,1,2,1,,,,,F,CR 601                   ,,55,,,,N,NONE                                                                            ,,12:05,120+07449
2.02E+17,PASSAIC     ,CLIFTON CITY            ,10/27/2016,TH,1748,1,CLIFTON PD               ,,0,0,0,0,P,I,N,N,1,2,NJ 3                                              ,W,3,,00000003__      ,1.44,2,1,2,2,5,2,1,1,,AT,,GARDEN STATE PARKWAY               ,,,,55,55,,,N,NONE                                                                            ,7244,17:50,120P07446
2013160213-7466                ,PASSAIC     ,CLIFTON CITY            ,7/2/2013,TU,856,1,CLIFTON PD               ,,0,0,0,0,P,B,N,N,2,2,NJ 3                                              ,W,3,,00000003__      ,3.5,2,2,2,1,1,1,1,1,400,FE,E,CR 603 / PASSAIC AVE               ,,,,55,55,,,N,,260,8:55,120+07443
2.02E+17,PASSAIC     ,CLIFTON CITY            ,10/27/2016,TH,2105,1,CLIFTON PD               ,,0,0,0,0,P,I,N,N,2,2,NJ 3                                              ,W,3,,00000003__      ,3.82,2,2,2,2,6,2,1,1,,AT,,CR 601 / MAIN AVE                  ,,,,55,25,,,N,NONE                                                                            ,7244,21:05,120+07442
2014160214-9961                ,PASSAIC     ,CLIFTON CITY            ,9/18/2014,TH,902,1,CLIFTON PD               ,,0,0,0,0,P,B,N,N,2,2,NJ 3                                              ,W,3,,00000003__      ,1.44,2,1,2,1,1,1,1,1,50,FE,E,GARDEN STATE PARKWAY               ,,,,55,55,,,N,NONE                                                                            ,231,9:00,120P07446
2.02E+17,PASSAIC     ,CLIFTON CITY            ,8/28/2015,F ,1314,1,CLIFTON PD               ,,0,0,0,0,P,B,N,N,1,2,NJ 3                                              ,W,3,,00000003__      ,,2,5,2,1,1,1,2,1,,,,,F,CR 601                   ,,55,,,,N,NONE                                                                            ,7174,13:15,120+07449
2.02E+17,PASSAIC     ,CLIFTON CITY            ,7/26/2017,WE,751,1,CLIFTON PD               ,,0,2,0,0,I,B,N,N,1,3,NJ 3                                              ,W,3,,00000003__      ,0.42,2,,2,1,1,1,5,1,500,FE,W,CR 623 / GROVE ST                  ,,,,55,35,40.86783,74.18431,N,,,7:50,120+07449
2.02E+17,PASSAIC     ,CLIFTON CITY            ,8/29/2015,SA,731,1,CLIFTON PD               ,,0,1,0,0,I,B,N,N,2,2,NJ 3                                              ,W,3,,00000003__      ,3.91,2,1,2,1,1,1,1,1,500,FE,E,CR 601 / MAIN AVE                  ,,,,55,35,,,N,PSEG POLE 13550C/PSEG NOTIFIED                                                  ,7124,7:30,120+07442
2014160214-9968                ,PASSAIC     ,CLIFTON CITY            ,9/18/2014,TH,1119,1,CLIFTON PD               ,,0,0,0,0,P,B,N,N,1,2,NJ 3                                              ,W,3,,00000003__      ,3.82,2,2,2,1,1,1,1,1,,,,CR 601 / MAIN AVE                  ,,,,55,35,,,N,NONE                                                                            ,274,11:20,120+07442
2.02E+17,PASSAIC     ,CLIFTON CITY            ,8/29/2015,SA,2123,1,CLIFTON PD               ,,0,0,0,0,P,B,N,N,3,2,NJ 3                                              ,W,3,,00000003__      ,2.66,2,1,2,1,6,1,1,1,100,FE,E,CR 622 / BLOOMFIELD AVE            ,,,,55,30,,,N,NONE                                                                            ,7140,21:25,120+07444
2014160214122?5                ,PASSAIC     ,CLIFTON CITY            ,11/14/2014,F ,1831,1,CLIFTON PD               ,POST 7         ,0,0,0,0,P,B,N,N,1,2,NJ 3                                              ,W,3,,00000003__      ,,2,1,2,1,7,1,1,1,1500,FE,E,,T,CR 601                   ,,55,,,,N,NONE                                                                            ,7030,18:30,120+07449
2.02E+17,PASSAIC     ,CLIFTON CITY            ,10/28/2016,F ,1044,1,CLIFTON PD               ,,0,0,0,0,P,B,N,N,1,2,NJ 3                                              ,W,3,,00000003__      ,,2,1,2,1,1,1,5,1,500,FE,E,,T,GROVE ST                 ,WB,55,,,,N,NONE                                                                            ,7167,10:45,120+07449
2.02E+17,PASSAIC     ,CLIFTON CITY            ,5/19/2018,SA,1440,1,CLIFTON PD               ,,0,0,0,0,P,B,N,N,1,2,NJ 3                                              ,W,3,,00000003__      ,1.01,2,,2,2,1,2,1,1,2640,FE,E,CR 623 / GROVE ST                  ,,,,55,35,40.85963,74.17974,N,,7254,14:40,120+07448
2013160213-7487                ,PASSAIC     ,CLIFTON CITY            ,7/2/2013,TU,1727,1,CLIFTON PD               ,,0,0,0,0,P,I,N,N,2,2,NJ 3                                              ,W,3,,00000003__      ,4.89,2,2,2,1,1,1,1,2,,AT,,NJ 21                              ,,,,45,30,,,N,NONE                                                                            ,237,17:25,120P04739
2.02E+17,PASSAIC     ,CLIFTON CITY            ,8/31/2015,M ,1147,1,CLIFTON PD               ,,0,1,0,0,I,B,N,N,1,2,NJ 3                                              ,W,3,,00000003__      ,,2,2,2,1,1,1,1,1,,,,,F,PASSAIC AVE              ,WB,55,,,,N,NONE                                                                            ,7124,11:45,120+07449
2013160213-7493                ,PASSAIC     ,CLIFTON CITY            ,7/2/2013,TU,1834,1,CLIFTON PD               ,,0,0,0,0,P,B,N,N,1,2,NJ 3                                              ,W,3,,00000003__      ,2.73,2,1,2,1,1,1,1,1,500,FE,E,CR 622 / BLOOMFIELD AVE            ,,,,55,35,,,N,NONE                                                                            ,239,18:35,120+07444
2.02E+17,PASSAIC     ,CLIFTON CITY            ,7/29/2017,SA,1710,1,CLIFTON PD               ,,0,0,0,0,P,B,N,N,1,2,NJ 3                                              ,W,3,,00000003__      ,3.83,2,,2,1,1,1,5,1,75,FE,N,CR 601 / MAIN AVE                  ,,,,55,25,40.82951,74.13752,N,,7201,17:10,120+07442
2.02E+17,PASSAIC     ,CLIFTON CITY            ,5/20/2018,SU,949,1,CLIFTON PD               ,,0,0,0,0,P,B,N,N,2,2,NJ 3                                              ,W,3,,00000003__      ,0.19,2,,2,2,1,5,5,1,100,FE,E,US 46                              ,,,,55,55,40.86955,74.18604,N,,7118,9:50,120+07449
2013160213-7524                ,PASSAIC     ,CLIFTON CITY            ,7/3/2013,W ,1415,1,CLIFTON PD               ,,0,1,0,0,I,B,N,N,1,2,NJ 3                                              ,W,3,,00000003__      ,4.83,2,2,2,1,1,1,1,2,300,FE,W,NJ 21                              ,,,,55,55,,,N,,260,14:15,120P04739
2.01E+13,PASSAIC     ,CLIFTON CITY            ,7/25/2014,F ,2004,1,CLIFTON PD               ,,0,1,0,0,I,B,N,N,1,2,NJ 3                                              ,W,3,,00000003__      ,,2,5,2,1,1,1,4,1,,,,,F,MAIN AVE                 ,SB,55,,,,N,NONE                                                                            ,515,20:05,120+07449
2.02E+17,PASSAIC     ,CLIFTON CITY            ,9/1/2015,TU,1928,1,CLIFTON PD               ,,0,0,0,0,P,B,N,N,1,2,NJ 3                                              ,W,3,,00000003__      ,,2,1,2,1,6,1,1,1,150,FE,E,,T,GARDEN STATE PARKWAY     ,NB,55,,,,N,NONE OBSERVED/REPORTED                                                          ,7177,19:30,120+07449