CRASH_ID,CTY_NAME,MUN_NAME,DATE,DAY,TIME,POL_CODE,POL_DEPT,POL_STA,KILLED,INJURED,PED_KILL,PED_INJ,SEVERITY,INTERSEC,ALCOHOL,HAZMAT,CRASH_TYPE,VEH_COUNT,LOCATION,LOC_DIR,ROUTE,RT_SFX,SRI,MP,RD_SYS,RD_CHAR,RD_SURF,SURF_COND,LIGHT,WEATHER,RD_DIV,RD_WRKZN,X_DIST,DIST_UNT,X_DIR,X_NAME,IS_RAMP,RAMP_RT,RAMP_DIR,SPD_LMT,SPD_X,LAT,LONG,CELL_USE,PROP_DMG,BADGE,TIME_ROUND,TMC
2.02E+17,PASSAIC     ,CLIFTON CITY            ,5/29/2018,TU,2253,1,CLIFTON PD               ,,0,0,0,0,P,B,N,N,2,2,NJ 3                                              ,W,3,,00000003__      ,3.46,2,,2,1,6,1,1,1,200,FE,E,CR 603 / PASSAIC AVE               ,,,,55,25,40.8348,74.14806,N,,7222,22:55,120+07443
2.02E+17,PASSAIC     ,CLIFTON CITY            ,11/8/2016,TU,1734,1,CLIFTON PD               ,,0,0,0,0,P,B,N,N,3,2,NJ 3                                              ,W,3,,00000003__      ,3.91,2,1,2,1,6,1,1,1,500,FE,E,CR 601 / MAIN AVE                  ,,,,55,25,,,N,NONE                                                                            ,7205,17:35,120+07442
2.02E+17,PASSAIC     ,CLIFTON CITY            ,9/14/2015,M ,855,1,CLIFTON PD               ,,0,1,0,0,I,B,N,N,1,2,NJ 3                                              ,W,3,,00000003__      ,,2,1,2,1,1,1,1,1,800,FE,E,,T,RT 509                   ,,55,,,,N,NONE                                                                            ,7144,8:55,120+07449
2.02E+17,PASSAIC     ,CLIFTON CITY            ,5/30/2018,WE,4,1,CLIFTON PD               ,,0,0,0,0,P,B,N,N,1,2,NJ 3                                              ,W,3,,00000003__      ,0.26,2,,2,1,6,1,3,1,500,FE,E,US 46                              ,,,,55,55,40.86955,74.18604,N,,7273,4:05,120+07449
2.02E+17,PASSAIC     ,CLIFTON CITY            ,11/8/2016,TU,1747,1,CLIFTON PD               ,,0,0,0,0,P,B,N,N,1,2,NJ 3                                              ,W,3,,00000003__      ,3.91,2,1,2,1,6,1,1,1,500,FE,E,CR 601 / MAIN AVE                  ,,,,55,25,,,N,NONE                                                                            ,7205,17:45,120+07442
201416022014-12017             ,PASSAIC     ,CLIFTON CITY            ,11/10/2014,M ,813,1,CLIFTON PD               ,CLIFTON        ,0,0,0,0,P,B,N,N,1,3,NJ 3                                              ,W,3,,00000003__      ,,2,1,2,1,1,1,1,1,100,FE,E,,T,RT 21                    ,NB,55,,,,N,NONE                                                                            ,,8:15,120+07449
2.02E+17,PASSAIC     ,CLIFTON CITY            ,8/8/2017,TU,1215,1,CLIFTON PD               ,,0,1,0,0,I,B,N,N,1,2,NJ 3                                              ,W,3,,00000003__      ,,2,,2,1,1,1,1,1,,,,,F,PASSAIC AVE              ,SB,55,,40.83433,74.14788,N,,7099,12:15,120+07449
2.02E+17,PASSAIC     ,CLIFTON CITY            ,5/30/2018,WE,1428,1,CLIFTON PD               ,,0,0,0,0,P,B,N,N,1,2,NJ 3                                              ,W,3,,00000003__      ,1.16,2,,2,1,1,1,1,1,550,FE,W,ROUTE 509 / BROAD ST               ,,,,55,25,40.85906,74.18007,N,,7201,14:30,120P07447
2.02E+17,PASSAIC     ,CLIFTON CITY            ,9/15/2015,TU,736,1,CLIFTON PD               ,,0,0,0,0,P,B,N,N,1,2,NJ 3                                              ,W,3,,00000003__      ,3.31,2,2,2,1,1,1,1,1,600,FE,W,CR 603 / PASSAIC AVE               ,,,,55,55,,,N,NONE                                                                            ,7118,7:35,120+07443
2013160213-8123                ,PASSAIC     ,CLIFTON CITY            ,7/19/2013,F ,1421,1,CLIFTON PD               ,,0,0,0,0,P,B,N,N,2,2,NJ 3                                              ,W,3,,00000003__      ,4.91,2,2,2,1,1,1,1,2,100,FE,E,NJ 21                              ,,,,55,55,,,N,,260,14:20,120P04739
2.02E+17,PASSAIC     ,CLIFTON CITY            ,11/10/2016,TH,1230,1,CLIFTON PD               ,,0,1,0,0,I,B,N,N,1,3,NJ 3                                              ,W,3,,00000003__      ,,2,1,2,1,1,1,1,1,200,FE,,,T,GROVE STREET             ,NB,55,,,,N,NONE                                                                            ,7107,12:30,120+07449
2.02E+17,PASSAIC     ,CLIFTON CITY            ,8/9/2017,WE,637,1,CLIFTON PD               ,,0,1,0,0,I,B,N,N,11,1,NJ 3                                              ,W,3,,00000003__      ,0.17,2,,2,1,1,1,3,1,1800,FE,W,CR 623 / GROVE ST                  ,,,,55,25,40.86955,74.18604,N,UTILITY POLE                                                                    ,7199,6:35,120+07449
2.02E+17,PASSAIC     ,CLIFTON CITY            ,11/10/2016,TH,1327,1,CLIFTON PD               ,,0,0,0,0,P,B,N,N,2,2,NJ 3                                              ,W,3,,00000003__      ,1.24,2,1,2,1,1,1,1,1,100,FE,W,ROUTE 509 / BROAD ST               ,,,,50,25,,,N,NONE                                                                            ,7179,13:25,120P07447
2.02E+17,PASSAIC     ,CLIFTON CITY            ,9/16/2015,W ,841,1,CLIFTON PD               ,,0,0,0,0,P,B,N,N,1,2,NJ 3                                              ,W,3,,00000003__      ,1.32,2,1,2,1,1,1,5,1,300,FE,E,ROUTE 509 / BROAD ST               ,,,,55,25,,,N,NONE                                                                            ,7096,8:40,120P07446
2.02E+17,PASSAIC     ,CLIFTON CITY            ,5/30/2018,WE,2214,1,CLIFTON PD               ,,0,0,0,0,P,B,N,N,1,2,NJ 3                                              ,W,3,,00000003__      ,3.42,2,,2,1,6,1,1,1,10,FE,W,CR 603 / PASSAIC AVE               ,,,,55,35,40.83434,74.14803,N,,7232,22:15,120+07443
201416022014-12430             ,PASSAIC     ,CLIFTON CITY            ,11/20/2014,TH,1515,1,CLIFTON PD               ,,0,0,0,0,P,I,N,N,1,2,NJ 3                                              ,W,3,,00000003__      ,,2,5,2,1,1,1,1,1,,AT,,,F,CR 603                   ,,55,,,,N,NONE OBSERVED/REPORTED                                                          ,7024,15:15,120+07449
2.02E+17,PASSAIC     ,CLIFTON CITY            ,8/9/2017,WE,1600,1,CLIFTON PD               ,,0,0,0,0,P,B,N,N,2,2,NJ 3                                              ,W,3,,00000003__      ,0.49,2,,2,1,1,1,1,1,100,FE,W,CR 623 / GROVE ST                  ,,,,55,25,40.86595,74.18245,N,,546,16:00,120+07449
2013160213-8211                ,PASSAIC     ,CLIFTON CITY            ,7/21/2013,S ,1542,1,CLIFTON PD               ,PATROL         ,0,2,0,0,I,B,N,N,1,2,NJ 3                                              ,W,3,,00000003__      ,3.82,2,2,2,1,1,1,1,5,,,,,F,601,WB,55,,,,N,NONE                                                                            ,??505,15:40,120+07442
2.02E+17,PASSAIC     ,CLIFTON CITY            ,9/17/2015,TH,1928,1,CLIFTON PD               ,,0,0,0,0,P,B,N,N,1,2,NJ 3                                              ,W,3,,00000003__      ,,2,1,2,1,5,1,1,1,300,FE,E,,T,GROVE ST                 ,NB,55,,,,N,NONE                                                                            ,7153,19:30,120+07449
2.02E+17,PASSAIC     ,CLIFTON CITY            ,11/10/2016,TH,1738,1,CLIFTON PD               ,,0,2,0,0,I,B,N,N,1,2,NJ 3                                              ,W,3,,00000003__      ,0.02,2,1,2,1,1,1,2,1,100,FE,E,US 46                              ,,,,55,55,,,N,NONE                                                                            ,7166,17:40,120+07449
2013160213-8217                ,PASSAIC     ,CLIFTON CITY            ,7/21/2013,S ,1740,1,CLIFTON PD               ,,0,0,0,0,P,B,N,N,1,2,NJ 3                                              ,W,3,,00000003__      ,3.42,2,5,2,1,1,1,1,1,,,,,F,CR 603                   ,WB,55,,,,N,NONE                                                                            ,239,17:40,120+07443
201416022014-12687             ,PASSAIC     ,CLIFTON CITY            ,11/28/2014,F ,1857,1,CLIFTON PD               ,,0,0,0,0,P,B,N,N,1,2,NJ 3                                              ,W,3,,00000003__      ,,2,2,2,2,6,1,1,1,40,FE,,,,CR 601                   ,,55,,,,N,NONE OBSERVED/REPORTED                                                          ,7029,18:55,120+07449
2.02E+17,PASSAIC     ,CLIFTON CITY            ,9/18/2015,F ,41,1,CLIFTON PD               ,,0,1,0,0,I,B,N,N,99,1,NJ 3                                              ,W,3,,00000003__      ,0.06,2,4,2,1,6,1,1,1,300,FE,E,US 46                              ,,,,50,50,,,N,NONE                                                                            ,7221,4:40,120+07449
2.02E+17,PASSAIC     ,CLIFTON CITY            ,6/1/2018,FR,1053,1,CLIFTON PD               ,,0,0,0,0,P,B,N,N,1,2,NJ 3                                              ,W,3,,00000003__      ,3.8,2,,2,1,1,5,1,1,,,,,F,CR 601                   ,NB,55,,40.83125,74.1412,N,,7099,10:55,120+07442
201416022014-12688             ,PASSAIC     ,CLIFTON CITY            ,11/28/2014,F ,1924,1,CLIFTON PD               ,,0,0,0,0,P,B,N,N,1,2,NJ 3                                              ,W,3,,00000003__      ,,2,2,2,1,6,1,1,1,80,FE,E,,,CR 601                   ,,55,,,,N,NONE OBSERVED/REPORTED                                                          ,7029,19:25,120+07449
2.02E+17,PASSAIC     ,CLIFTON CITY            ,9/19/2015,SA,1101,1,CLIFTON PD               ,,0,0,0,0,P,B,N,N,2,2,NJ 3                                              ,W,3,,00000003__      ,0.02,2,1,2,1,1,1,1,1,100,FE,E,US 46                              ,,,,50,50,,,N,NONE                                                                            ,7145,11:00,120+07449
2013160213-8227                ,PASSAIC     ,CLIFTON CITY            ,7/21/2013,S ,2150,1,CLIFTON PD               ,CLIFTON        ,0,0,0,0,P,B,N,N,12,1,NJ 3                                              ,W,3,,00000003__      ,2.64,2,1,2,1,6,1,1,1,,,W,,T,CR 622                   ,NB,55,,,,N,,12506,21:50,120+07444
2.02E+17,PASSAIC     ,CLIFTON CITY            ,6/3/2018,SU,1642,1,CLIFTON PD               ,,0,0,0,0,P,B,N,N,1,2,NJ 3                                              ,W,3,,00000003__      ,3.88,2,,2,1,1,1,1,1,300,FE,E,CR 601 / MAIN AVE                  ,,,,55,25,40.83133,74.1408,N,,7201,16:40,120+07442
201416022014-12833             ,PASSAIC     ,CLIFTON CITY            ,12/3/2014,W ,745,1,CLIFTON PD               ,CLIFTON        ,0,0,0,0,P,B,N,N,1,2,NJ 3                                              ,W,3,,00000003__      ,,2,1,2,2,1,2,1,1,75,FE,E,,T,CR 623                   ,NB,45,,,,N,NONE                                                                            ,9042,7:45,120+07449
2.02E+17,PASSAIC     ,CLIFTON CITY            ,6/3/2018,SU,1847,1,CLIFTON PD               ,,0,0,0,0,P,B,N,N,1,2,NJ 3                                              ,W,3,,00000003__      ,3.43,2,,2,1,1,1,1,1,50,FE,E,CR 603 / PASSAIC AVE               ,,,,55,25,40.83441,74.14819,N,,7201,18:45,120+07443
2013160213-8238                ,PASSAIC     ,CLIFTON CITY            ,7/22/2013,M ,828,1,CLIFTON PD               ,CLIFTON PD     ,0,0,0,0,P,B,N,N,1,4,NJ 3                                              ,W,3,,00000003__      ,4.8,2,1,2,1,1,1,5,2,450,FE,W,NJ 21                              ,,,,55,,,,N,NONE                                                                            ,*****,8:30,120P04739
2.02E+17,PASSAIC     ,CLIFTON CITY            ,9/22/2015,TU,800,1,CLIFTON PD               ,,0,1,0,0,I,B,N,N,1,2,NJ 3                                              ,W,3,,00000003__      ,,2,2,2,1,1,1,1,1,,,,,F,CR 603                   ,WB,55,,,,N,NONE                                                                            ,7124,8:00,120+07449
2.02E+17,PASSAIC     ,CLIFTON CITY            ,8/10/2017,TH,1609,1,CLIFTON PD               ,,0,0,0,0,P,B,N,N,1,2,NJ 3                                              ,W,3,,00000003__      ,,2,,1,1,1,1,4,1,,,,,T,ROUTE 21                 ,NB,55,,40.82286,74.12482,N,,7201,16:10,120+07449
2.02E+17,PASSAIC     ,CLIFTON CITY            ,6/5/2018,TU,725,1,CLIFTON PD               ,,0,0,0,0,P,B,N,N,1,3,NJ 3                                              ,W,3,,00000003__      ,0.55,2,,2,1,1,1,5,1,200,FE,E,CR 623 / GROVE ST                  ,,,,55,35,40.85848,74.17995,N,,,7:25,120+07449
201416022014-12907             ,PASSAIC     ,CLIFTON CITY            ,12/5/2014,F ,1617,1,CLIFTON PD               ,,0,0,0,0,P,B,N,N,1,3,NJ 3                                              ,W,3,,00000003__      ,,2,2,1,1,3,5,1,1,1500,FE,E,,F,RT 21                    ,,55,,,,N,CLAIMED/REPORTED                                                                ,7029,16:15,120+07449
2.02E+17,PASSAIC     ,CLIFTON CITY            ,9/23/2015,W ,1231,1,CLIFTON PD               ,,0,0,0,0,P,B,N,N,1,2,NJ 3                                              ,W,3,,00000003__      ,,2,1,2,1,1,1,1,1,,,,,T,RT 46                    ,WB,55,,,,N,NONE                                                                            ,7128,12:30,120+07449
2.02E+17,PASSAIC     ,CLIFTON CITY            ,11/11/2016,F ,1734,1,CLIFTON PD               ,,0,0,0,0,P,B,N,N,1,2,NJ 3                                              ,W,3,,00000003__      ,,2,5,2,1,6,1,2,1,,,,,F,PASSAIC AVE              ,WB,55,,,,N,NONE                                                                            ,7079,17:35,120+07449
2013160213-8263                ,PASSAIC     ,CLIFTON CITY            ,7/22/2013,M ,,1,CLIFTON PD               ,CLIFTON        ,0,0,0,0,P,B,N,N,1,2,NJ 3                                              ,W,3,,00000003__      ,0.14,2,4,2,2,1,2,1,1,80,FE,E,,F,NJ 46                    ,WB,55,,,,N,NONE                                                                            ,5008,#VALUE!,120+07449
2.02E+17,PASSAIC     ,CLIFTON CITY            ,6/5/2018,TU,1614,1,CLIFTON PD               ,,0,3,0,0,I,B,N,N,1,3,NJ 3                                              ,W,3,,00000003__      ,3.88,2,,2,1,1,1,1,1,300,FE,E,CR 601 / MAIN AVE                  ,,,,55,35,40.82933,74.13716,N,CONCRETE BARRIER IN BETWEEN RT 3 W AND RT 3 E DAMAGED.                          ,,16:15,120+07442
201416022014-1448              ,PASSAIC     ,CLIFTON CITY            ,2/6/2014,TH,1938,1,CLIFTON PD               ,,0,0,0,0,P,B,N,N,1,2,NJ 3                                              ,W,3,,00000003__      ,,2,2,2,1,,1,1,1,300,FE,W,,F,PASSAIC AVE              ,,55,,,,N,NONE O?ARW/REP?TC?                                                              ,1029,19:40,120+07449
2.02E+17,PASSAIC     ,CLIFTON CITY            ,9/24/2015,TH,1651,1,CLIFTON PD               ,,0,2,0,0,I,B,N,N,1,3,NJ 3                                              ,W,3,,00000003__      ,,2,1,2,1,1,1,1,1,2640,FE,E,,T,RT 46                    ,WB,55,,,,N,NONE                                                                            ,7205,16:50,120+07449
2.02E+17,PASSAIC     ,CLIFTON CITY            ,11/12/2016,SA,1655,1,CLIFTON PD               ,,0,1,0,0,I,I,N,N,1,2,NJ 3                                              ,W,3,,00000003__      ,,2,5,2,1,3,1,1,1,,AT,,,F,PASSAIC AVE              ,,55,,,,N,NONE                                                                            ,7176,16:55,120+07449
2013160213-8267                ,PASSAIC     ,CLIFTON CITY            ,7/22/2013,M ,1750,1,CLIFTON PD               ,CLIFTON        ,0,0,0,0,P,B,N,N,1,2,NJ 3                                              ,W,3,,00000003__      ,0.14,2,4,2,2,1,2,1,1,180,FE,E,,,NJ 46                    ,WB,55,,,,N,NONE                                                                            ,5008,17:50,120+07449
2.02E+17,PASSAIC     ,CLIFTON CITY            ,6/5/2018,TU,1736,1,CLIFTON PD               ,,0,0,0,0,P,B,N,N,2,2,NJ 3                                              ,W,3,,00000003__      ,0.51,2,,2,1,1,1,1,1,25,FE,W,CR 623 / GROVE ST                  ,,,,55,,40.86531,74.18193,N,,7271,17:35,120+07449
201416022014-18038             ,PASSAIC     ,CLIFTON CITY            ,10/10/2014,F ,1834,1,CLIFTON PD               ,,0,0,0,0,P,B,N,N,1,2,NJ 3                                              ,W,3,,00000003__      ,,2,5,2,1,3,1,1,1,,,,,F,CR 601                   ,,55,,,,N,NONE OBSERVED/ REPORTED                                                         ,7029,18:35,120+07449
2.02E+17,PASSAIC     ,CLIFTON CITY            ,9/24/2015,TH,1656,1,CLIFTON PD               ,,0,0,0,0,P,B,N,N,2,2,NJ 3                                              ,W,3,,00000003__      ,,2,1,2,1,1,1,1,1,250,FE,,,T,CR 601                   ,WB,,,,,N,NONE                                                                            ,7107,16:55,120+07449
2013160213-8282                ,PASSAIC     ,CLIFTON CITY            ,7/23/2013,TU,149,1,CLIFTON PD               ,PATROL         ,0,0,0,0,P,B,N,N,11,1,NJ 3                                              ,W,3,,00000003__      ,0.49,2,1,2,2,6,2,5,1,100,FE,W,CR 623 / GROVE ST                  ,,,,50,25,,,N,UTILITY POLE # 1089C                                                            ,3020,1:50,120+07449
2.02E+17,PASSAIC     ,CLIFTON CITY            ,8/11/2017,FR,1541,1,CLIFTON PD               ,,0,0,0,0,P,B,N,N,1,2,NJ 3                                              ,W,3,,00000003__      ,1.01,2,,2,1,1,1,1,1,1320,FE,W,ROUTE 509 / BROAD ST               ,,,,55,,40.85969,74.1803,N,,7232,15:40,120+07448
2.02E+17,PASSAIC     ,CLIFTON CITY            ,6/5/2018,TU,1848,1,CLIFTON PD               ,,0,1,0,0,I,B,N,N,1,2,NJ 3                                              ,W,3,,00000003__      ,4.9,2,,2,1,1,1,1,1,50,FE,E,NJ 21                              ,,,,55,55,40.82686,74.13165,N,,7256,18:50,120P04739
2.02E+17,PASSAIC     ,CLIFTON CITY            ,9/24/2015,TH,1853,1,CLIFTON PD               ,,0,1,0,0,I,B,N,N,1,2,NJ 3                                              ,W,3,,00000003__      ,,2,5,2,1,6,1,1,1,,,,,F,CR 601                   ,,55,,,,N,NONE                                                                            ,7105,18:55,120+07449
2.02E+17,PASSAIC     ,CLIFTON CITY            ,8/14/2017,MO,757,1,CLIFTON PD               ,,0,1,0,0,I,B,N,N,1,2,NJ 3                                              ,W,3,,00000003__      ,1.22,2,,2,1,1,1,1,1,200,FE,W,ROUTE 509 / BROAD ST               ,,,,55,,40.85963,74.17974,N,,7099,7:55,120P07447
2013160213-8288                ,PASSAIC     ,CLIFTON CITY            ,7/23/2013,TU,717,1,CLIFTON PD               ,,0,0,0,0,P,B,N,N,2,2,NJ 3                                              ,W,3,,00000003__      ,,2,2,2,2,1,1,1,2,25,FE,,,F,NJ 21                    ,SB,45,,,,N,NONE                                                                            ,E#224,7:15,120+07449
2.02E+17,PASSAIC     ,CLIFTON CITY            ,9/25/2015,F ,1524,1,CLIFTON PD               ,,0,1,0,0,I,I,N,N,1,2,NJ 3                                              ,W,3,,00000003__      ,2.75,2,1,2,1,1,1,1,1,,AT,,EXIT FROM PROMENADE CENTER         ,,,,55,10,,,N,NONE                                                                            ,7176,15:25,120+07444
2013160213-831                 ,PASSAIC     ,CLIFTON CITY            ,1/23/2013,W ,947,1,CLIFTON PD               ,CLIFTON        ,0,0,0,0,P,B,N,N,1,2,NJ 3                                              ,W,3,,00000003__      ,0.09,2,1,2,1,1,1,5,1,500,FE,E,US 46                              ,,,,55,,,,N,,269,9:45,120+07449
2.02E+17,PASSAIC     ,CLIFTON CITY            ,8/14/2017,MO,1422,1,CLIFTON PD               ,,0,0,0,0,P,B,N,N,2,2,NJ 3                                              ,W,3,,00000003__      ,3.8,2,,2,1,1,5,5,1,,,,,T,PASSAIC COUNTY 601       ,WB,55,,40.83186,74.14109,N,,7167,14:20,120+07442
2.02E+17,PASSAIC     ,CLIFTON CITY            ,6/7/2018,TH,1156,1,CLIFTON PD               ,,0,2,0,0,I,B,N,N,1,2,NJ 3                                              ,W,3,,00000003__      ,3.8,2,,2,1,1,1,5,1,,,,,F,CR 601                   ,,55,,40.83181,74.14107,N,,7118,11:55,120+07442
2.02E+17,PASSAIC     ,CLIFTON CITY            ,8/14/2017,MO,1513,1,CLIFTON PD               ,,0,1,0,0,I,B,N,N,2,2,NJ 3                                              ,W,3,,00000003__      ,0.53,2,,2,1,1,1,1,1,100,FE,E,CR 623 / GROVE ST                  ,,,,55,25,40.86502,74.18142,N,,7105,15:15,120+07449
2.02E+17,PASSAIC     ,CLIFTON CITY            ,9/26/2015,SA,910,1,CLIFTON PD               ,,0,0,0,0,P,B,N,N,11,1,NJ 3                                              ,W,3,,00000003__      ,,2,1,2,1,1,1,1,1,,,,,,,,55,,,,N,NONE                                                                            ,7152,9:10,120+07449
2.02E+17,PASSAIC     ,CLIFTON CITY            ,8/14/2017,MO,1743,1,CLIFTON PD               ,,0,0,0,0,P,B,N,N,2,2,NJ 3                                              ,W,3,,00000003__      ,0.91,2,,2,1,1,1,1,1,2112,FE,E,CR 623 / GROVE ST                  ,,,,50,25,40.85977,74.18023,N,,544,17:45,120+07448
2.02E+17,PASSAIC     ,CLIFTON CITY            ,6/8/2018,FR,1250,1,CLIFTON PD               ,,0,1,0,0,I,B,N,N,1,2,NJ 3                                              ,W,3,,00000003__      ,3.8,2,,2,1,1,1,5,1,,,,,F,CR 601                   ,,55,,,,N,,7118,12:50,120+07442
2013160213-835                 ,PASSAIC     ,CLIFTON CITY            ,1/23/2013,W ,1239,1,CLIFTON PD               ,,0,0,0,0,P,B,N,N,1,2,NJ 3                                              ,W,3,,00000003__      ,4.87,2,1,2,1,1,1,1,2,100,FE,W,NJ 21                              ,,,,55,55,,,N,NONE                                                                            ,277,12:40,120P04739
2.02E+17,PASSAIC     ,CLIFTON CITY            ,9/26/2015,SA,1630,1,CLIFTON PD               ,,0,0,0,0,P,I,N,N,1,2,NJ 3                                              ,W,3,,00000003__      ,,2,2,2,1,1,1,5,1,,AT,,,T,BLOOMFIELD AVE           ,,55,,,,N,NONE                                                                            ,7107,16:30,120+07449
2.02E+17,PASSAIC     ,CLIFTON CITY            ,11/15/2016,TU,746,1,CLIFTON PD               ,,0,0,0,0,P,B,N,N,1,2,NJ 3                                              ,W,3,,00000003__      ,2.6,2,1,2,2,1,2,5,1,200,FE,W,CR 622 / BLOOMFIELD AVE            ,,,,55,35,,,N,NONE                                                                            ,7118,7:45,120+07444
2.02E+17,PASSAIC     ,CLIFTON CITY            ,9/27/2015,S ,747,1,CLIFTON PD               ,,0,0,0,0,P,B,N,N,11,1,NJ 3                                              ,W,3,,00000003__      ,2.67,2,2,2,1,1,1,1,1,150,FE,E,CR 622 / BLOOMFIELD AVE            ,,,,55,25,,,N,NONE                                                                            ,7145,7:45,120+07444
201416022014-4229              ,PASSAIC     ,CLIFTON CITY            ,4/17/2014,TH,1735,1,CLIFTON PD               ,PATROL         ,0,0,0,0,P,B,N,N,2,3,NJ 3                                              ,W,3,,00000003__      ,2.7,2,1,2,1,1,1,1,1,300,FE,E,CR 622 / BLOOMFIELD AVE            ,,,,50,30,40.83992,74.16021,N,NONE                                                                            ,,17:35,120+07444
2.02E+17,PASSAIC     ,CLIFTON CITY            ,6/8/2018,FR,1754,1,CLIFTON PD               ,,0,0,0,0,P,B,N,N,1,2,NJ 3                                              ,W,3,,00000003__      ,3.83,2,,2,1,1,1,2,1,50,FE,E,CR 601 / MAIN AVE                  ,,,,55,25,40.8348,74.14806,N,,7201,17:55,120+07442
201416022014-4455              ,PASSAIC     ,CLIFTON CITY            ,4/24/2014,TH,858,1,CLIFTON PD               ,POST #5        ,0,1,0,0,I,B,N,N,1,3,NJ 3                                              ,W,3,,00000003__      ,1.22,2,1,2,1,1,1,1,1,200,FE,W,ROUTE 509 / BROAD ST               ,,,,50,15,40.85574,74.17858,N,,211,9:00,120P07447
2013160213-8459                ,PASSAIC     ,CLIFTON CITY            ,7/27/2013,SA,1357,1,CLIFTON PD               ,,0,0,0,0,P,B,N,N,1,2,NJ 3                                              ,W,3,,00000003__      ,3.42,2,2,2,1,1,1,1,1,,,,,F,CR 603                   ,WB,55,,,,N,,260,13:55,120+07443
2.02E+17,PASSAIC     ,CLIFTON CITY            ,8/15/2017,TU,1714,1,CLIFTON PD               ,,0,1,0,0,I,B,N,N,1,3,NJ 3                                              ,W,3,,00000003__      ,3.84,2,,2,1,1,1,1,1,100,FE,E,CR 601 / MAIN AVE                  ,,,,50,35,40.83181,74.14107,N,,,17:15,120+07442
2.02E+17,PASSAIC     ,CLIFTON CITY            ,8/16/2017,WE,737,1,CLIFTON PD               ,,0,0,0,0,P,B,N,N,1,3,NJ 3                                              ,W,3,,00000003__      ,1.28,2,,2,1,1,1,5,1,100,FE,E,ROUTE 509 / BROAD ST               ,,,,55,35,40.85481,74.17752,N,,,7:35,120+07447
201416022014-5110              ,PASSAIC     ,CLIFTON CITY            ,5/10/2014,SA,1658,1,CLIFTON PD               ,,0,0,0,0,P,B,N,N,2,2,NJ 3                                              ,W,3,,00000003__      ,,2,2,2,6,1,5,1,1,120,FE,E,,T,GARDEN STATE PARKWAY     ,NB,55,,,,N,NONE OBSERVED/REPORTED                                                          ,5003,17:00,120+07449
2.02E+17,PASSAIC     ,CLIFTON CITY            ,9/28/2015,M ,1348,1,CLIFTON PD               ,,0,0,0,0,P,B,N,N,2,2,NJ 3                                              ,W,3,,00000003__      ,,2,1,2,1,1,1,1,1,,,,,T,MAIN AVE                 ,WB,25,,,,N,NONE                                                                            ,7144,13:50,120+07449
2.02E+17,PASSAIC     ,CLIFTON CITY            ,11/16/2016,W ,727,1,CLIFTON PD               ,,0,0,0,0,P,B,N,N,1,2,NJ 3                                              ,W,3,,00000003__      ,,2,2,2,1,1,1,3,1,250,FE,,,T,VALLEY ROAD              ,NB,55,,,,N,NONE                                                                            ,7107,7:25,120+07449
2013160213-8542                ,PASSAIC     ,CLIFTON CITY            ,7/29/2013,M ,1743,1,CLIFTON PD               ,CLIFTON        ,0,0,0,0,P,B,N,N,2,2,NJ 3                                              ,W,3,,00000003__      ,1.44,2,1,2,1,1,1,1,1,100,FE,W,GARDEN STATE PARKWAY               ,,,,55,55,,,N,,258,17:45,120P07446
2.02E+17,PASSAIC     ,CLIFTON CITY            ,9/29/2015,TU,2235,1,CLIFTON PD               ,,0,1,0,0,I,I,N,N,11,1,NJ 3                                              ,W,3,,00000003__      ,,2,4,2,2,6,2,1,1,,AT,,,T,RT 21                    ,,,,,,N,NONE                                                                            ,7107,22:35,120+07449
2.02E+17,PASSAIC     ,CLIFTON CITY            ,11/16/2016,W ,859,1,CLIFTON PD               ,,0,0,0,0,P,B,N,N,1,2,NJ 3                                              ,W,3,,00000003__      ,,2,3,2,1,1,1,1,1,300,FE,,,T,GROVE STREET             ,NB,55,,,,N,NONE                                                                            ,7107,9:00,120+07449
2.02E+17,PASSAIC     ,CLIFTON CITY            ,8/16/2017,WE,1402,1,CLIFTON PD               ,,0,0,0,0,P,B,N,N,2,2,NJ 3                                              ,W,3,,00000003__      ,,2,,2,1,1,1,5,1,,,,,T,RT 46 W                  ,WB,50,,40.83334,74.136,N,,7167,14:00,120+07449