CRASH_ID,CTY_NAME,MUN_NAME,DATE,DAY,TIME,POL_CODE,POL_DEPT,POL_STA,KILLED,INJURED,PED_KILL,PED_INJ,SEVERITY,INTERSEC,ALCOHOL,HAZMAT,CRASH_TYPE,VEH_COUNT,LOCATION,LOC_DIR,ROUTE,RT_SFX,SRI,MP,RD_SYS,RD_CHAR,RD_SURF,SURF_COND,LIGHT,WEATHER,RD_DIV,RD_WRKZN,X_DIST,DIST_UNT,X_DIR,X_NAME,IS_RAMP,RAMP_RT,RAMP_DIR,SPD_LMT,SPD_X,LAT,LONG,CELL_USE,PROP_DMG,BADGE,TIME_ROUND,TMC
2.02E+17,PASSAIC     ,CLIFTON CITY            ,6/10/2018,SU,304,1,CLIFTON PD               ,,0,2,0,0,I,B,N,N,10,1,NJ 3                                              ,W,3,,00000003__      ,,2,,2,1,6,1,1,1,,,,,,,,55,,40.83703,74.15365,N,CONCRETE BLOCK RETAINING WALL SEPARATING 776 AND 790 RT 3 W  TELEPHONE POLE #67?,7175,3:05,120+07449
2.02E+17,PASSAIC     ,CLIFTON CITY            ,6/10/2018,SU,1542,1,CLIFTON PD               ,,0,0,0,0,P,B,N,N,1,2,NJ 3                                              ,W,3,,00000003__      ,3.43,2,,2,2,1,2,1,1,50,FE,E,CR 603 / PASSAIC AVE               ,,,,55,25,40.83439,74.14808,N,,7201,15:40,120+07443
201416022014-6309              ,PASSAIC     ,CLIFTON CITY            ,6/10/2014,TU,1705,1,CLIFTON PD               ,CLIFTON        ,0,0,0,0,P,B,N,N,1,2,NJ 3                                              ,W,3,,00000003__      ,,2,1,2,1,1,1,1,1,500,FE,E,,T,CR 623                   ,NB,55,,,,N,NONE                                                                            ,9042,17:05,120+07449
2.02E+17,PASSAIC     ,CLIFTON CITY            ,9/30/2015,W ,734,1,CLIFTON PD               ,,0,0,0,0,P,B,N,N,1,2,NJ 3                                              ,W,3,,00000003__      ,3.86,2,1,2,2,1,1,1,1,200,FE,E,CR 601 / MAIN AVE                  ,,,,55,35,,,N,NONE                                                                            ,7135,7:35,120+07442
201416022014-6523              ,PASSAIC     ,CLIFTON CITY            ,6/16/2014,M ,747,1,CLIFTON PD               ,POST # 5       ,0,0,0,0,P,B,N,N,1,3,NJ 3                                              ,W,3,,00000003__      ,1.53,2,1,2,1,1,1,1,1,3696,FE,W,GS PARKWAY NORTH ENTRANCE          ,,,,50,35,,,N,,211,7:45,120+07445
2.02E+17,PASSAIC     ,CLIFTON CITY            ,8/17/2017,TH,827,1,CLIFTON PD               ,,0,1,0,0,I,B,N,N,1,2,NJ 3                                              ,W,3,,00000003__      ,1.82,2,,2,1,1,1,5,1,200,FE,E,HEPBURN RD                         ,,,,55,25,40.8482,74.17134,N,,7096,8:25,120+07445
2.02E+17,PASSAIC     ,CLIFTON CITY            ,11/17/2016,TH,836,1,CLIFTON PD               ,,0,0,0,0,P,B,N,N,2,2,NJ 3                                              ,W,3,,00000003__      ,,2,1,2,1,1,1,5,1,,,,,T,GSP SOUTH                ,SB,55,,,,N,NONE                                                                            ,7096,8:35,120+07449
2.02E+17,PASSAIC     ,CLIFTON CITY            ,8/17/2017,TH,940,1,CLIFTON PD               ,,0,0,0,0,P,B,N,N,1,2,NJ 3                                              ,W,3,,00000003__      ,1.76,2,,2,1,1,1,5,1,100,FE,W,HEPBURN RD                         ,,,,55,25,40.84863,74.1718,N,,7096,9:40,120+07445
2.02E+17,PASSAIC     ,CLIFTON CITY            ,6/12/2018,TU,734,1,CLIFTON PD               ,,0,2,0,0,I,B,N,N,1,3,NJ 3                                              ,W,3,,00000003__      ,3.47,2,,2,1,1,1,1,1,250,FE,E,CR 603 / PASSAIC AVE               ,,,,55,35,40.83354,74.14639,N,,,7:35,120+07443
201416022014-6893              ,PASSAIC     ,CLIFTON CITY            ,6/24/2014,TU,1901,1,CLIFTON PD               ,,0,0,0,0,P,I,N,N,1,2,NJ 3                                              ,W,3,,00000003__      ,,2,5,2,1,1,1,5,2,,AT,,,F,MAIN AVE.                ,,55,,,,N,NONE OBSERVED/REPORTED                                                          ,7079,19:00,120+07449
2.02E+17,PASSAIC     ,CLIFTON CITY            ,10/1/2015,TH,1743,1,CLIFTON PD               ,,0,0,0,0,P,B,N,N,1,2,NJ 3                                              ,W,3,,00000003__      ,,2,1,2,2,1,2,2,1,300,FE,,,T,CR 621                   ,NB,55,,,,N,NONE                                                                            ,7153,17:45,120+07449
2.02E+17,PASSAIC     ,CLIFTON CITY            ,11/17/2016,TH,1843,1,CLIFTON PD               ,,0,0,0,0,P,B,N,N,2,2,NJ 3                                              ,W,3,,00000003__      ,,2,1,2,1,6,1,1,1,250,FE,,,T,GROVE STREET             ,NB,55,,,,N,NONE                                                                            ,7209,18:45,120+07449
2013160213-8622                ,PASSAIC     ,CLIFTON CITY            ,7/31/2013,W ,1349,1,CLIFTON PD               ,,0,0,0,0,P,B,N,N,15,2,NJ 3                                              ,W,3,,00000003__      ,3.4,2,1,2,1,1,1,1,1,100,FE,W,CR 603 / PASSAIC AVE               ,,,,55,35,,,N,NONE                                                                            ,274,13:50,120+07443
2.02E+17,PASSAIC     ,CLIFTON CITY            ,6/12/2018,TU,1114,1,CLIFTON PD               ,,0,1,0,0,I,B,N,N,1,2,NJ 3                                              ,W,3,,00000003__      ,3.4,2,,2,1,1,1,1,1,,,,,F,PASSAIC AVE              ,NB,55,,40.83545,74.15033,N,,7099,11:15,120+07443
2.02E+17,PASSAIC     ,CLIFTON CITY            ,8/17/2017,TH,1050,1,CLIFTON PD               ,,0,0,0,0,P,B,N,N,1,2,NJ 3                                              ,W,3,,00000003__      ,3.42,2,,2,1,1,1,1,1,,,,,F,CR 603                   ,WB,55,,40.83432,74.14792,N,,7111,10:50,120+07443
201416022014-7122              ,PASSAIC     ,CLIFTON CITY            ,7/1/2014,TU,1523,1,CLIFTON PD               ,,0,0,0,0,P,I,N,N,1,2,NJ 3                                              ,W,3,,00000003__      ,,2,5,2,1,1,1,5,1,,AT,,,F,CR 603                   ,,55,,,,N,NONE OBSERVED/REPORTED                                                          ,7079,15:25,120+07449
2.02E+17,PASSAIC     ,CLIFTON CITY            ,10/3/2015,SA,343,1,CLIFTON PD               ,,0,2,0,0,I,B,Y,N,1,3,NJ 3                                              ,W,3,,00000003__      ,,2,1,2,2,6,2,1,1,100,FE,,,F,ALLWOOD RD               ,,50,,,,N,NONE                                                                            ,7210,3:45,120+07449
2.02E+17,PASSAIC     ,CLIFTON CITY            ,11/17/2016,TH,2042,1,CLIFTON PD               ,,0,0,0,0,P,B,N,N,2,2,NJ 3                                              ,W,3,,00000003__      ,,2,1,2,1,6,1,1,1,400,FE,W,,F,BLOOMFIELD AVENUE        ,SB,55,,,,N,NONE                                                                            ,7209,20:40,120+07449
2.02E+17,PASSAIC     ,CLIFTON CITY            ,6/12/2018,TU,1231,1,CLIFTON PD               ,,0,2,0,0,I,B,N,N,1,2,NJ 3                                              ,W,3,,00000003__      ,3.84,2,,2,1,1,1,1,1,100,FE,E,CR 601 / MAIN AVE                  ,,,,55,35,40.83793,74.15552,N,,7099,12:30,120+07442
2.02E+17,PASSAIC     ,CLIFTON CITY            ,11/18/2016,F ,1757,1,CLIFTON PD               ,,0,0,0,0,P,B,N,N,1,2,NJ 3                                              ,W,3,,00000003__      ,4.82,2,1,2,1,6,1,1,1,5280,FE,E,CR 601 / MAIN AVE                  ,,,,50,25,,,N,NONE                                                                            ,7122,17:55,120P04739
2.02E+17,PASSAIC     ,CLIFTON CITY            ,6/13/2018,WE,1259,1,CLIFTON PD               ,,0,0,0,0,P,B,N,N,1,2,NJ 3                                              ,W,3,,00000003__      ,3.4,2,,2,2,1,2,1,1,,,,,F,CR 601                   ,NB,55,,40.83124,74.14119,N,,7099,13:00,120+07443
2.02E+17,PASSAIC     ,CLIFTON CITY            ,11/18/2016,F ,1848,1,CLIFTON PD               ,,0,0,0,0,P,B,N,N,1,2,NJ 3                                              ,W,3,,00000003__      ,4.32,2,1,2,1,6,1,1,1,2640,FE,E,CR 601 / MAIN AVE                  ,,,,50,25,,,N,NONE                                                                            ,7122,18:50,120P04740
201416022014-7203              ,PASSAIC     ,CLIFTON CITY            ,7/3/2014,TH,1732,1,CLIFTON PD               ,PATROL CAR4    ,0,0,0,0,P,B,N,N,1,2,NJ 3                                              ,W,3,,00000003__      ,0,2,1,2,1,1,1,1,1,1320,FE,E,CR 621                             ,,,,55,35,,,N,,11503,17:30,120+07449
2.02E+17,PASSAIC     ,CLIFTON CITY            ,10/4/2015,S ,1702,1,CLIFTON PD               ,,0,2,0,0,I,B,N,N,1,2,NJ 3                                              ,W,3,,00000003__      ,,2,1,2,1,1,1,1,1,300,FE,E,,T,BLOOMFIELD AVE           ,NB,55,,,,N,NONE                                                                            ,7153,17:00,120+07449
2.02E+17,PASSAIC     ,CLIFTON CITY            ,6/14/2018,TH,1446,1,CLIFTON PD               ,,0,0,0,0,P,B,N,N,1,2,NJ 3                                              ,W,3,,00000003__      ,3.83,2,,2,1,1,1,1,1,50,FE,E,CR 601 / MAIN AVE                  ,,,,55,25,40.83545,74.15033,N,,7201,14:45,120+07442
201416022014-7356              ,PASSAIC     ,CLIFTON CITY            ,7/7/2014,M ,1758,1,CLIFTON PD               ,,0,1,0,0,I,B,N,N,1,2,NJ 3                                              ,W,3,,00000003__      ,,2,1,2,1,1,1,1,1,150,FE,E,,T,CR 622                   ,,55,,,,N,NONE OBSERVED/REPORTED                                                          ,7029,18:00,120+07449
2.02E+17,PASSAIC     ,CLIFTON CITY            ,10/6/2015,TU,857,1,CLIFTON PD               ,,0,0,0,0,P,B,N,N,1,2,NJ 3                                              ,W,3,,00000003__      ,,2,1,2,1,1,1,1,1,250,FE,,,T,GSP NORTH                ,,55,,,,N,NONE                                                                            ,7107,8:55,120+07449
2.02E+17,PASSAIC     ,CLIFTON CITY            ,8/18/2017,FR,1327,1,CLIFTON PD               ,,0,0,0,0,P,I,N,N,1,2,NJ 3                                              ,W,3,,00000003__      ,,2,,2,2,1,5,1,1,,AT,,,F,PASSAIC AVE              ,NB,55,,40.83434,74.14793,N,,7176,13:25,120+07449
2013160213-8658                ,PASSAIC     ,CLIFTON CITY            ,8/1/2013,TH,755,1,CLIFTON PD               ,CLIFTON        ,0,0,0,0,P,B,N,N,1,4,NJ 3                                              ,W,3,,00000003__      ,0.38,2,1,2,1,1,5,5,1,2000,FE,E,US 46                              ,,,,55,,,,N,,269,7:55,120+07449
2.02E+17,PASSAIC     ,CLIFTON CITY            ,6/14/2018,TH,1612,1,CLIFTON PD               ,,0,1,0,0,I,B,N,N,1,2,NJ 3                                              ,W,3,,00000003__      ,1.63,2,,2,1,1,1,1,1,1000,FE,E,GARDEN STATE PARKWAY               ,,,,55,55,40.84804,74.17118,N,,7105,16:10,120+07445
201416022014-7904              ,PASSAIC     ,CLIFTON CITY            ,7/22/2014,TU,2153,1,CLIFTON PD               ,,0,0,0,0,P,I,N,N,1,2,NJ 3                                              ,W,3,,00000003__      ,,2,5,2,1,7,1,1,1,,AT,,,F,PASSAIC AVE              ,,55,,,,N,NONE OBSERVED/REPORTED                                                          ,7029,21:55,120+07449
2.02E+17,PASSAIC     ,CLIFTON CITY            ,11/19/2016,SA,1317,1,CLIFTON PD               ,,0,3,0,0,I,B,N,N,1,3,NJ 3                                              ,W,3,,00000003__      ,,2,1,2,1,1,1,1,1,500,FE,E,,T,VALLEY RD                ,WB,50,,,,N,NONE                                                                            ,7167,13:15,120+07449
2.02E+17,PASSAIC     ,CLIFTON CITY            ,8/19/2017,SA,910,1,CLIFTON PD               ,,0,0,0,0,P,B,N,N,1,2,NJ 3                                              ,W,3,,00000003__      ,1.53,2,,2,1,1,1,5,1,250,FE,E,GARDEN STATE PARKWAY N             ,,,,55,50,40.85098,74.17362,N,,7096,9:10,120+07445
2.02E+17,PASSAIC     ,CLIFTON CITY            ,6/15/2018,FR,1650,1,CLIFTON PD               ,,0,0,0,0,P,B,N,N,2,2,NJ 3                                              ,W,3,,00000003__      ,1.26,2,,2,1,1,1,4,1,25,FE,E,ROUTE 509 / BROAD ST               ,,,,55,35,40.85623,74.17869,N,,7257,16:50,120P07447
2013160213-8762                ,PASSAIC     ,CLIFTON CITY            ,8/3/2013,SA,1422,1,CLIFTON PD               ,,0,0,0,0,P,B,N,N,1,3,NJ 3                                              ,W,3,,00000003__      ,4.85,2,1,2,1,1,1,1,2,200,FE,W,NJ 21                              ,,,,55,55,,,N,,260,14:20,120P04739
2.02E+17,PASSAIC     ,CLIFTON CITY            ,10/7/2015,W ,840,1,CLIFTON PD               ,,0,0,0,0,P,I,N,N,15,2,NJ 3                                              ,W,3,,00000003__      ,4.89,2,1,2,1,1,1,1,1,,AT,,NJ 21                              ,,,,55,25,,,N,NONE                                                                            ,7145,8:40,120P04739
2.02E+17,PASSAIC     ,CLIFTON CITY            ,8/19/2017,SA,1846,1,CLIFTON PD               ,,0,0,0,0,P,B,N,N,1,2,NJ 3                                              ,W,3,,00000003__      ,3.82,2,,2,1,1,1,1,1,50,FE,E,MAIN AVE                           ,,,,55,25,40.83133,74.1408,N,,7201,18:45,120+07442
2.02E+17,PASSAIC     ,CLIFTON CITY            ,11/22/2016,TU,842,1,CLIFTON PD               ,,0,0,0,0,P,B,N,N,1,2,NJ 3                                              ,W,3,,00000003__      ,1.25,2,1,2,1,1,1,1,1,50,FE,W,ROUTE 509 / BROAD ST               ,,,,50,25,,,N,NONE                                                                            ,7080,8:40,120P07447
2.02E+17,PASSAIC     ,CLIFTON CITY            ,8/20/2017,SU,1556,1,CLIFTON PD               ,,0,0,0,0,P,B,N,N,1,2,NJ 3                                              ,W,3,,00000003__      ,3.81,2,,2,1,1,1,1,1,50,FE,W,CR 601 / MAIN AVE                  ,,,,55,25,40.83181,74.14107,N,,7201,15:55,120+07442
2013160213-8764                ,PASSAIC     ,CLIFTON CITY            ,8/3/2013,SA,1534,1,CLIFTON PD               ,CLIFTON        ,0,0,0,0,P,B,N,N,2,2,NJ 3                                              ,W,3,,00000003__      ,,2,1,2,1,1,1,1,1,300,FE,W,,F,RT 21                    ,NB,50,,,,N,SCRAPES ON CONCRETE BARRIER MEDIAN                                              ,513,15:35,120+07449
2.02E+17,PASSAIC     ,CLIFTON CITY            ,11/22/2016,TU,1121,1,CLIFTON PD               ,,0,0,0,0,P,B,N,N,15,2,NJ 3                                              ,W,3,,00000003__      ,0.76,2,1,2,1,1,1,1,1,2640,FE,W,ROUTE 509 / BROAD ST               ,,,,50,25,,,N,NONE                                                                            ,7080,11:20,120+07448
2.02E+17,PASSAIC     ,CLIFTON CITY            ,8/21/2017,MO,652,1,CLIFTON PD               ,,0,1,0,0,I,B,N,N,99,1,NJ 3                                              ,W,3,,00000003__      ,3.8,2,,2,8,1,1,1,1,100,FE,W,CR 601 / MAIN AVE                  ,,,,50,15,,,N,,7238,6:50,120+07442
2.02E+17,PASSAIC     ,CLIFTON CITY            ,6/15/2018,FR,1809,1,CLIFTON PD               ,,0,0,0,0,P,B,N,N,1,2,NJ 3                                              ,W,3,,00000003__      ,3.96,2,,2,1,1,1,1,1,750,FE,E,CR 601 / MAIN AVE                  ,,,,55,35,40.82802,74.13429,N,,7232,18:10,120+07442
2013160213-8790                ,PASSAIC     ,CLIFTON CITY            ,8/4/2013,S ,1253,1,CLIFTON PD               ,,0,0,0,0,P,B,N,N,1,2,NJ 3                                              ,W,3,,00000003__      ,,2,5,2,1,1,1,1,1,,,,,F,GROVE ST                 ,,55,,,,N,NONE                                                                            ,5010,12:55,120+07449
2.02E+17,PASSAIC     ,CLIFTON CITY            ,10/8/2015,TH,1520,1,CLIFTON PD               ,,0,0,0,0,P,B,N,N,2,2,NJ 3                                              ,W,3,,00000003__      ,,2,1,2,1,1,1,1,1,1000,FE,W,,F,PASSAIC COUNTY 625       ,NB,,,,,N,NONE                                                                            ,7215,15:20,120+07449
201416022014-8287              ,PASSAIC     ,CLIFTON CITY            ,8/1/2014,F ,2143,1,CLIFTON PD               ,CLIFTON        ,0,0,0,0,P,B,N,N,11,1,NJ 3                                              ,W,3,,00000003__      ,3.36,2,2,2,1,6,1,1,1,300,FE,S,CR 603 / PASSAIC AVE               ,,,,55,35,40.83484,74.14957,N,NONE                                                                            ,9043,21:45,120+07443
2013160213-8843                ,PASSAIC     ,CLIFTON CITY            ,8/6/2013,TU,1217,1,CLIFTON PD               ,,0,1,0,0,I,B,N,N,1,2,NJ 3                                              ,W,3,,00000003__      ,3.82,2,5,2,1,1,1,1,1,,,,,F,CR 601                   ,,55,,,,N,NONE                                                                            ,5010,12:15,120+07442
2.02E+17,PASSAIC     ,CLIFTON CITY            ,6/15/2018,FR,1936,1,CLIFTON PD               ,,0,1,0,0,I,B,N,N,1,2,NJ 3                                              ,W,3,,00000003__      ,3.82,2,,2,1,1,1,1,1,10,FE,W,CR 601 / MAIN AVE                  ,,,,55,35,40.8313,74.14147,N,,7232,19:35,120+07442
2.02E+17,PASSAIC     ,CLIFTON CITY            ,11/22/2016,TU,1908,1,CLIFTON PD               ,,0,0,0,0,P,B,N,N,1,2,NJ 3                                              ,W,3,,00000003__      ,3.82,2,2,2,1,6,1,1,1,250,FE,W,MAIN AVE                           ,,,,55,35,,,N,NONE                                                                            ,7246,19:10,120+07442
2.02E+17,PASSAIC     ,CLIFTON CITY            ,11/23/2016,W ,1239,1,CLIFTON PD               ,,0,0,0,0,P,B,N,N,2,2,NJ 3                                              ,W,3,,00000003__      ,0.02,2,4,2,1,1,1,1,1,100,FE,E,US 46                              ,,,,55,55,,,N,NONE                                                                            ,7157,12:40,120+07449
2.02E+17,PASSAIC     ,CLIFTON CITY            ,8/22/2017,TU,1637,1,CLIFTON PD               ,,0,0,0,0,P,B,N,N,1,2,NJ 3                                              ,W,3,,00000003__      ,0.7,2,,2,1,1,1,1,1,1000,FE,E,CR 623 / GROVE ST                  ,,,,55,25,40.85987,74.18035,N,,547,16:35,120P07448
2.02E+17,PASSAIC     ,CLIFTON CITY            ,10/8/2015,TH,1620,1,CLIFTON PD               ,,0,0,0,0,P,B,N,N,1,2,NJ 3                                              ,W,3,,00000003__      ,2.7,2,1,2,1,1,1,1,1,300,FE,E,CR 622 / BLOOMFIELD AVE            ,,,,55,35,,,N,NONE                                                                            ,7105,16:20,120+07444
2.02E+17,PASSAIC     ,CLIFTON CITY            ,6/19/2018,TU,1455,1,CLIFTON PD               ,,0,1,0,0,I,B,N,N,1,2,NJ 3                                              ,W,3,,00000003__      ,3.8,2,,2,1,1,1,5,1,,,,,F,MAIN AVE                 ,SB,55,,40.83133,74.1408,N,,7259,14:55,120+07442
2013160213-8849                ,PASSAIC     ,CLIFTON CITY            ,5/6/2013,M ,1504,1,CLIFTON PD               ,CLIFTON PD     ,0,1,0,0,I,B,N,N,1,3,NJ 3                                              ,W,3,,00000003__      ,4.85,2,1,2,1,1,1,5,2,200,FE,W,NJ 21                              ,,,,50,50,,,N,NONE                                                                            ,*****,15:05,120P04739
2.02E+17,PASSAIC     ,CLIFTON CITY            ,6/19/2018,TU,1553,1,CLIFTON PD               ,,0,0,0,0,P,B,N,N,1,2,NJ 3                                              ,W,3,,00000003__      ,1.46,2,,2,1,1,1,1,1,100,FE,E,GARDEN STATE PARKWAY               ,,,,55,55,40.85618,74.17869,N,,7232,15:55,120+07445
2013160213-8851                ,PASSAIC     ,CLIFTON CITY            ,8/6/2013,TU,1533,1,CLIFTON PD               ,CLIFTON        ,0,0,0,0,P,B,N,N,1,2,NJ 3                                              ,W,3,,00000003__      ,4.42,2,2,2,1,1,1,1,2,50,FE,,,F,CR 624                   ,,50,,,,N,,279,15:35,120+04740
201416022014-8747              ,PASSAIC     ,CLIFTON CITY            ,8/14/2014,TH,1643,1,CLIFTON PD               ,,0,1,0,0,I,B,N,N,2,2,NJ 3                                              ,W,3,,00000003__      ,,2,2,2,1,1,1,1,1,500,FE,W,,F,RT 21                    ,,55,,,,N,NONE OBSERVED/REPORTED                                                          ,7029,16:45,120+07449
2.02E+17,PASSAIC     ,CLIFTON CITY            ,11/23/2016,W ,1443,1,CLIFTON PD               ,,0,0,0,0,P,B,N,N,2,2,NJ 3                                              ,W,3,,00000003__      ,1.2,2,1,2,1,1,1,1,1,5,FE,E,GARDEN STATE PARKWAY               ,,,,50,15,,,N,NONE                                                                            ,7206,14:45,120P07447
2.02E+17,PASSAIC     ,CLIFTON CITY            ,6/19/2018,TU,1738,1,CLIFTON PD               ,,0,1,0,0,I,B,N,N,1,5,NJ 3                                              ,W,3,,00000003__      ,1.44,2,,2,1,1,1,1,1,500,FE,E,GARDEN STATE PARKWAY               ,,,,50,55,40.85706,74.17865,N,,,17:40,120P07446
2013160213-8852                ,PASSAIC     ,CLIFTON CITY            ,8/6/2013,TU,1548,1,CLIFTON PD               ,PATROL         ,0,1,0,0,I,B,N,N,1,2,NJ 3                                              ,W,3,,00000003__      ,4.87,2,2,2,1,1,1,1,2,100,FE,W,NJ 21                              ,,,,45,25,,,N,NONE                                                                            ,6019,15:50,120P04739
201416022014-9128              ,PASSAIC     ,CLIFTON CITY            ,8/25/2014,M ,2236,1,CLIFTON PD               ,PATROL         ,0,0,0,0,P,B,N,N,1,2,NJ 3                                              ,W,3,,00000003__      ,,2,2,2,1,6,1,1,2,750,FE,E,,T,MAIN AVENUE              ,,55,,,,N,NONE                                                                            ,512,22:35,120+07449
2.02E+17,PASSAIC     ,CLIFTON CITY            ,10/9/2015,F ,2039,1,CLIFTON PD               ,,0,0,0,0,P,B,N,N,1,2,NJ 3                                              ,W,3,,00000003__      ,,2,5,2,2,6,2,2,1,,,,,T,MAIN AVE                 ,SB,55,,,,N,NONE                                                                            ,7218,20:40,120+07449
2.02E+17,PASSAIC     ,CLIFTON CITY            ,10/10/2015,SA,1437,1,CLIFTON PD               ,,0,1,0,0,I,B,N,N,1,2,NJ 3                                              ,W,3,,00000003__      ,0.76,2,1,2,1,1,1,1,1,1320,FE,E,CR 623 / GROVE ST                  ,,,,55,35,,,N,NONE                                                                            ,7166,14:35,120+07448
2.02E+17,PASSAIC     ,CLIFTON CITY            ,11/24/2016,TH,317,1,CLIFTON PD               ,,0,3,0,0,I,B,N,N,11,1,NJ 3                                              ,W,3,,00000003__      ,2.68,2,2,2,1,6,1,4,1,200,FE,E,CR 622 / BLOOMFIELD AVE            ,,,,55,25,,,N,RETAINING WALL                                                                  ,7222,3:15,120+07444
2.02E+17,PASSAIC     ,CLIFTON CITY            ,6/20/2018,WE,1748,1,CLIFTON PD               ,,0,0,0,0,P,B,N,N,2,2,NJ 3                                              ,W,3,,00000003__      ,3.44,2,,2,1,1,1,1,1,100,FE,E,CR 603 / PASSAIC AVE               ,,,,55,35,40.83464,74.14867,N,,7271,17:50,120+07443
201416022014-9566              ,PASSAIC     ,CLIFTON CITY            ,9/8/2014,M ,149,1,CLIFTON PD               ,,0,2,0,0,I,B,Y,N,11,1,NJ 3                                              ,W,3,,00000003__      ,,2,2,2,1,7,1,1,1,1056,FE,E,,T,CR 622                   ,,55,,,,N,UTILITY POLE IMMEDIATELY WEST OF POLE #67687C                                   ,7029,1:50,120+07449
2.02E+17,PASSAIC     ,CLIFTON CITY            ,6/20/2018,WE,1802,1,CLIFTON PD               ,,0,0,0,0,P,B,N,N,1,2,NJ 3                                              ,W,3,,00000003__      ,1.45,2,,2,1,1,1,1,1,75,FE,E,GARDEN STATE PARKWAY               ,,,,55,25,40.85359,74.17633,N,,7240,18:00,120+07445
2.02E+17,PASSAIC     ,CLIFTON CITY            ,6/21/2018,TH,733,1,CLIFTON PD               ,,0,1,0,0,I,B,N,N,1,2,NJ 3                                              ,W,3,,00000003__      ,1.31,2,,2,1,1,1,1,1,250,FE,E,ROUTE 509 / BROAD ST               ,,,,55,25,40.85687,74.17883,N,,7209,7:35,120P07446
2013160213-8890                ,PASSAIC     ,CLIFTON CITY            ,8/7/2013,W ,1843,1,CLIFTON PD               ,POST 7         ,0,0,0,0,P,B,N,N,1,2,NJ 3                                              ,W,3,,00000003__      ,2.64,2,1,2,1,1,5,1,1,1320,FE,E,,T,BLOOMFIELD AVE           ,,55,,,,N,NONE                                                                            ,7030,18:45,120+07444
2.02E+17,PASSAIC     ,CLIFTON CITY            ,10/13/2015,TU,1546,1,CLIFTON PD               ,,0,0,0,0,P,I,N,N,1,2,NJ 3                                              ,W,3,,00000003__      ,3.82,2,5,2,1,1,1,1,1,,AT,,CR 601 / MAIN AVE                  ,,,,55,,,,N,NONE                                                                            ,7176,15:45,120+07442
201416022014-9710              ,PASSAIC     ,CLIFTON CITY            ,9/11/2014,TH,1838,1,CLIFTON PD               ,,0,0,0,0,P,I,N,N,1,2,NJ 3                                              ,W,3,,00000003__      ,,2,2,2,1,3,1,1,4,,AT,,,,MAIN AVE                 ,,55,,,,N,NONE OBSERVED / REPORTED                                                        ,7029,18:40,120+07449
2.02E+17,PASSAIC     ,CLIFTON CITY            ,11/25/2016,F ,1210,1,CLIFTON PD               ,,0,0,0,0,P,B,N,N,1,2,NJ 3                                              ,W,3,,00000003__      ,,2,1,2,1,1,1,5,1,200,FE,E,,T,MAIN AVE                 ,WB,55,,,,N,NONE                                                                            ,7167,12:10,120+07449
2.01E+15,PASSAIC     ,CLIFTON CITY            ,6/19/2014,TH,835,1,CLIFTON PD               ,POST 7         ,0,0,0,0,P,B,N,N,1,2,NJ 3                                              ,W,3,,00000003__      ,,2,5,2,1,1,1,2,1,,FE,,,F,CR 601                   ,SB,55,,,,N,,199,8:35,120+07449
2.02E+17,PASSAIC     ,CLIFTON CITY            ,10/13/2015,TU,1612,1,CLIFTON PD               ,,0,0,0,0,P,B,N,N,2,2,NJ 3                                              ,W,3,,00000003__      ,,2,1,2,1,1,1,1,1,,,,,T,ALLWOOD RD               ,,55,,,,N,NONE                                                                            ,7150,16:10,120+07449
2.02E+17,PASSAIC     ,CLIFTON CITY            ,11/26/2016,SA,2017,1,CLIFTON PD               ,,0,0,0,0,P,I,N,N,1,2,NJ 3                                              ,W,3,,00000003__      ,,2,2,2,1,6,1,1,1,,AT,,,F,PASSAIC AVE              ,,55,,,,N,NONE                                                                            ,7176,20:15,120+07449
20141602PCSD14-08002           ,PASSAIC     ,CLIFTON CITY            ,12/23/2014,TU,1405,3,PASSAIC CO SHERIFFS DEPT ,PASSAIC COUNTY ,0,0,0,0,P,B,N,N,1,2,NJ 3                                              ,W,3,,00000003__      ,0.22,2,1,2,2,1,2,5,1,300,FE,,CR 622 / BLOOMFIELD AVE            ,,,,55,,40.86916,74.18619,N,,225,14:05,120+07449
2.02E+17,PASSAIC     ,CLIFTON CITY            ,11/27/2016,S ,139,1,CLIFTON PD               ,,0,0,0,0,P,I,N,N,2,2,NJ 3                                              ,W,3,,00000003__      ,,2,2,2,1,6,1,1,1,,AT,,,F,PASSAIC AVE              ,,55,,,,N,NONE                                                                            ,7169,1:40,120+07449