CRASH_ID,CTY_NAME,MUN_NAME,DATE,DAY,TIME,POL_CODE,POL_DEPT,POL_STA,KILLED,INJURED,PED_KILL,PED_INJ,SEVERITY,INTERSEC,ALCOHOL,HAZMAT,CRASH_TYPE,VEH_COUNT,LOCATION,LOC_DIR,ROUTE,RT_SFX,SRI,MP,RD_SYS,RD_CHAR,RD_SURF,SURF_COND,LIGHT,WEATHER,RD_DIV,RD_WRKZN,X_DIST,DIST_UNT,X_DIR,X_NAME,IS_RAMP,RAMP_RT,RAMP_DIR,SPD_LMT,SPD_X,LAT,LONG,CELL_USE,PROP_DMG,BADGE,TIME_ROUND,TMC
2.02E+17,PASSAIC     ,CLIFTON CITY            ,8/27/2017,SU,1128,1,CLIFTON PD               ,,0,0,0,0,P,B,N,N,1,2,NJ 3                                              ,W,3,,00000003__      ,,2,,2,1,1,1,5,1,,,,,F,MAIN AVE                 ,,55,,40.83125,74.14113,N,,7118,11:30,120+07449
2.02E+17,PASSAIC     ,CLIFTON CITY            ,8/28/2017,MO,828,1,CLIFTON PD               ,,0,0,0,0,P,B,N,N,1,3,NJ 3                                              ,W,3,,00000003__      ,1.22,2,,2,1,1,1,5,1,200,FE,W,ROUTE 509 / BROAD ST               ,,,,55,,40.85995,74.18032,N,,,8:30,120P07447
2.02E+17,PASSAIC     ,CLIFTON CITY            ,6/23/2018,SA,1021,1,CLIFTON PD               ,,0,0,0,0,P,B,N,N,1,2,NJ 3                                              ,W,3,,00000003__      ,3.4,2,,2,1,1,1,1,1,,,,,F,PASSAIC AVE              ,,55,,40.83433,74.14791,N,,7180,10:20,120+07443
2.02E+17,PASSAIC     ,CLIFTON CITY            ,8/29/2017,TU,849,1,CLIFTON PD               ,,0,0,0,0,P,B,N,N,15,2,NJ 3                                              ,W,3,,00000003__      ,2.59,2,,2,1,1,1,5,1,250,FE,W,CR 622 / BLOOMFIELD AVE            ,,,,55,25,40.84225,74.16455,N,,7167,8:50,120+07444
2.02E+17,PASSAIC     ,CLIFTON CITY            ,6/25/2018,MO,1506,1,CLIFTON PD               ,,0,0,0,0,P,B,N,N,1,2,NJ 3                                              ,W,3,,00000003__      ,4.89,2,,2,1,1,1,1,1,,,,,T,ROUTE 21                 ,NB,55,,40.82876,74.12235,N,,7201,15:05,120P04739
2.02E+17,PASSAIC     ,CLIFTON CITY            ,10/16/2015,F ,833,1,CLIFTON PD               ,,0,0,0,0,P,B,N,N,1,2,NJ 3                                              ,W,3,,00000003__      ,0,2,2,2,1,1,1,3,1,200,FE,,US 46                              ,,,,55,55,,,N,NONE                                                                            ,7107,8:35,120+07449
2.02E+17,PASSAIC     ,CLIFTON CITY            ,11/27/2016,S ,1255,1,CLIFTON PD               ,,0,0,0,0,P,B,N,N,1,2,NJ 3                                              ,W,3,,00000003__      ,,2,5,2,1,1,1,5,1,5,FE,S,,F,MAIN AVENUE              ,WB,55,,,,N,NONE                                                                            ,7131,12:55,120+07449
2.02E+17,PASSAIC     ,CLIFTON CITY            ,6/27/2018,WE,746,1,CLIFTON PD               ,,0,1,0,0,I,B,N,N,1,2,NJ 3                                              ,W,3,,00000003__      ,3.4,2,,2,1,1,1,1,1,,,,,F,PASSAIC AVE              ,,55,,40.83434,74.14783,N,,7180,7:45,120+07443
2.02E+17,PASSAIC     ,CLIFTON CITY            ,10/16/2015,F ,919,1,CLIFTON PD               ,,0,0,0,0,P,B,N,N,2,2,NJ 3                                              ,W,3,,00000003__      ,,2,1,2,1,1,1,1,1,75,FE,,,T,PASSAIC COUNTY 623       ,WB,55,,,,N,NONE                                                                            ,7107,9:20,120+07449
2013160213-9106                ,PASSAIC     ,CLIFTON CITY            ,8/13/2013,TU,1628,1,CLINTON BORO PD          ,PATROL         ,0,0,0,0,P,B,N,N,1,2,NJ 3                                              ,W,3,,00000003__      ,0.47,2,1,2,1,1,1,1,1,200,FE,W,CR 623 / GROVE ST                  ,,,,50,25,,,N,NONE                                                                            ,500,16:30,120+07449
2.02E+17,PASSAIC     ,CLIFTON CITY            ,8/29/2017,TU,2036,1,CLIFTON PD               ,,0,0,0,0,P,B,N,N,1,2,NJ 3                                              ,W,3,,00000003__      ,3.83,2,,2,1,1,1,1,1,50,FE,E,CR 601 / MAIN AVE                  ,,,,55,25,40.83181,74.14107,N,,7201,20:35,120+07442
2.02E+17,PASSAIC     ,CLIFTON CITY            ,10/16/2015,F ,1607,1,CLIFTON PD               ,,0,0,0,0,P,B,N,N,1,2,NJ 3                                              ,W,3,,00000003__      ,1.53,2,1,2,1,1,1,1,1,1500,FE,E,PARKWAY NORTH                      ,,,,55,55,,,N,NONE                                                                            ,7105,16:05,120+07445
2.02E+17,PASSAIC     ,CLIFTON CITY            ,6/27/2018,WE,2327,1,CLIFTON PD               ,,0,0,0,0,P,B,N,N,2,2,NJ 3                                              ,W,3,,00000003__      ,,2,,2,1,6,1,1,1,,,,,T,ALLWOOD RD               ,EB,55,,40.85446,74.17649,N,,7271,23:25,120+07449
2.02E+17,PASSAIC     ,CLIFTON CITY            ,6/29/2018,FR,2011,1,CLIFTON PD               ,,0,0,0,0,P,B,N,N,1,2,NJ 3                                              ,W,3,,00000003__      ,0,2,,2,1,6,1,99,1,25,FE,E,US 46 / CR 621 / VALLEY RD         ,,,,55,35,40.86955,74.18604,N,,7251,20:10,120+07449
2013160213-9147                ,PASSAIC     ,CLIFTON CITY            ,8/15/2013,TH,1116,1,CLIFTON PD               ,PATROL         ,0,0,0,0,P,B,Y,N,1,2,NJ 3                                              ,W,3,,00000003__      ,1.53,2,1,2,1,1,1,1,1,200,FE,W,PARKWAY NORTH RAMP                 ,,,,55,20,,,N,NONE                                                                            ,6019,11:15,120+07445
2.02E+17,PASSAIC     ,CLIFTON CITY            ,10/17/2015,SA,407,1,CLIFTON PD               ,,0,0,0,0,P,B,N,N,11,1,NJ 3                                              ,W,3,,00000003__      ,,2,1,2,1,6,1,1,1,200,FE,E,,T,CR 622                   ,,55,,,,N,NONE                                                                            ,7234,4:05,120+07449
2.02E+17,PASSAIC     ,CLIFTON CITY            ,11/27/2016,S ,1912,1,CLIFTON PD               ,,0,1,0,0,I,B,N,N,2,2,NJ 3                                              ,W,3,,00000003__      ,,2,2,2,1,6,1,1,1,25,FE,E,,T,MAIN AVE                 ,,55,,,,N,NONE                                                                            ,7206,19:10,120+07449
2013160213-9160                ,PASSAIC     ,CLIFTON CITY            ,8/15/2013,TH,850,1,CLIFTON PD               ,,0,0,0,0,P,B,N,N,1,2,NJ 3                                              ,W,3,,00000003__      ,4.8,2,1,2,1,1,1,1,2,500,FE,W,NJ 21                              ,,,,55,55,,,N,NONE                                                                            ,277,8:50,120P04739
2.02E+17,PASSAIC     ,CLIFTON CITY            ,10/17/2015,SA,2016,1,CLIFTON PD               ,,0,0,0,0,P,B,N,N,1,2,NJ 3                                              ,W,3,,00000003__      ,,2,1,2,1,5,1,1,1,,,,,F,CR 623                   ,NB,55,,,,N,NONE                                                                            ,7153,20:15,120+07449
2.02E+17,PASSAIC     ,CLIFTON CITY            ,9/1/2017,FR,1330,1,CLIFTON PD               ,,0,0,0,0,P,B,N,N,1,2,NJ 3                                              ,W,3,,00000003__      ,,2,,2,1,1,1,5,1,,,,,F,MAIN AVE                 ,WB,55,,40.83124,74.14126,N,,7167,13:30,120+07449
2.02E+17,PASSAIC     ,CLIFTON CITY            ,6/29/2018,FR,2245,1,CLIFTON PD               ,,0,0,0,0,P,B,N,N,1,2,NJ 3                                              ,W,3,,00000003__      ,0,2,,2,1,6,1,1,1,,,E,US 46 / CR 621 / VALLEY RD         ,,,,55,35,40.86873,74.1852,N,,7272,22:45,120+07449
2.02E+17,PASSAIC     ,CLIFTON CITY            ,6/30/2018,SA,1435,1,CLIFTON PD               ,,0,0,0,0,P,B,N,N,1,2,NJ 3                                              ,W,3,,00000003__      ,3.83,2,,2,1,1,1,1,1,50,FE,E,CR 601 / MAIN AVE                  ,,,,55,25,40.83133,74.1408,N,,7201,14:35,120+07442
2.02E+17,PASSAIC     ,CLIFTON CITY            ,10/18/2015,S ,1531,1,CLIFTON PD               ,,0,1,0,0,I,B,N,N,1,2,NJ 3                                              ,W,3,,00000003__      ,,2,1,2,1,1,1,1,1,600,FE,E,,T,CR 601                   ,,55,,,,N,NONE                                                                            ,7176,15:30,120+07449
2.02E+17,PASSAIC     ,CLIFTON CITY            ,11/29/2016,TU,1041,1,CLIFTON PD               ,,0,0,0,0,P,B,N,N,1,3,NJ 3                                              ,W,3,,00000003__      ,,2,1,2,2,1,2,1,1,75,FE,E,,T,GARDEN STATE PARKWAY     ,NB,55,,,,N,NONE                                                                            ,7128,10:40,120+07449
2.02E+17,PASSAIC     ,CLIFTON CITY            ,9/3/2017,SU,1827,1,CLIFTON PD               ,,0,0,0,0,P,B,N,N,1,2,NJ 3                                              ,W,3,,00000003__      ,,2,,2,1,1,1,1,1,,,,,F,GROVE ST                 ,SB,55,,40.86565,74.18162,N,,545,18:25,120+07449
2.02E+17,PASSAIC     ,CLIFTON CITY            ,10/19/2015,M ,1627,1,CLIFTON PD               ,,0,1,0,0,I,B,N,N,1,3,NJ 3                                              ,W,3,,00000003__      ,0.04,2,1,2,1,1,1,1,1,200,FE,E,US 46                              ,,,,55,55,,,N,NONE                                                                            ,7166,16:25,120+07449
2013160213-9213                ,PASSAIC     ,CLIFTON CITY            ,8/16/2013,F ,1232,1,CLIFTON PD               ,,0,0,0,0,P,B,N,N,1,2,NJ 3                                              ,W,3,,00000003__      ,3.42,2,5,2,1,1,1,1,1,,,,,F,CR 603                   ,,55,,,,N,NONE                                                                            ,6014,12:30,120+07443
2.02E+17,PASSAIC     ,CLIFTON CITY            ,7/2/2018,MO,815,1,CLIFTON PD               ,,0,0,0,0,P,B,N,N,1,2,NJ 3                                              ,W,3,,00000003__      ,3.8,2,,2,1,1,1,1,1,,,,,F,CR 601                   ,NB,55,,40.83124,74.14119,N,,7099,8:15,120+07442
2.02E+17,PASSAIC     ,CLIFTON CITY            ,10/21/2015,W ,1021,1,CLIFTON PD               ,,0,0,0,0,P,B,N,N,2,2,NJ 3                                              ,W,3,,00000003__      ,0,2,4,2,1,1,1,5,1,100,FE,E,VALLEY RD                          ,,,,55,,,,N,NONE                                                                            ,7131,10:20,120+07449
2.02E+17,PASSAIC     ,CLIFTON CITY            ,11/29/2016,TU,1216,1,CLIFTON PD               ,,0,0,0,0,P,B,N,N,1,2,NJ 3                                              ,W,3,,00000003__      ,,2,5,2,2,1,2,1,1,,,,,F,MAIN AVE                 ,,55,,,,N,NONE                                                                            ,7179,12:15,120+07449
2.02E+17,PASSAIC     ,CLIFTON CITY            ,7/3/2018,TU,703,1,CLIFTON PD               ,,0,1,0,0,I,B,N,N,1,2,NJ 3                                              ,W,3,,00000003__      ,2.92,2,,2,1,1,1,1,1,2640,FE,W,CR 603 / PASSAIC AVE               ,,,,55,30,40.8348,74.14806,N,,7157,7:05,120+07444
2013160213-9283                ,PASSAIC     ,CLIFTON CITY            ,8/18/2013,S ,1342,1,CLIFTON PD               ,CLIFTON        ,0,0,0,0,P,I,N,N,1,2,NJ 3                                              ,W,3,,00000003__      ,3.42,2,6,2,1,1,5,1,1,,AT,,,F,CR 603                   ,WB,50,,,,N,,187,13:40,120+07443
2.02E+17,PASSAIC     ,CLIFTON CITY            ,9/5/2017,TU,1901,1,CLIFTON PD               ,,0,0,0,0,P,B,N,N,1,2,NJ 3                                              ,W,3,,00000003__      ,4.89,2,,2,1,6,1,1,1,100,FE,,NJ 21                              ,,,,55,55,,,N,,7201,19:00,120P04739
2.02E+17,PASSAIC     ,CLIFTON CITY            ,7/3/2018,TU,1044,1,CLIFTON PD               ,,0,1,0,0,I,B,N,N,3,3,NJ 3                                              ,W,3,,00000003__      ,4.01,2,,2,1,1,1,1,1,1000,FE,E,CR 601 / MAIN AVE                  ,,,,55,30,40.82911,74.13668,N,,7157,10:45,120+07442
2.02E+17,PASSAIC     ,CLIFTON CITY            ,10/21/2015,W ,1628,1,CLIFTON PD               ,,0,0,0,0,P,B,N,N,1,2,NJ 3                                              ,W,3,,00000003__      ,,2,1,2,1,1,1,1,1,300,FE,E,,,,,55,,,,N,NONE                                                                            ,7176,16:30,120+07449
2.02E+17,PASSAIC     ,CLIFTON CITY            ,10/21/2015,W ,603,1,CLIFTON PD               ,,0,0,0,0,P,B,N,N,1,2,NJ 3                                              ,W,3,,00000003__      ,1.28,2,1,2,1,6,1,1,1,100,FE,E,ROUTE 509 / BROAD ST               ,,,,55,35,,,N,NONE                                                                            ,7166,6:05,120+07447
2.02E+17,PASSAIC     ,CLIFTON CITY            ,9/7/2017,TH,1259,1,CLIFTON PD               ,,0,0,0,0,P,B,N,N,2,2,NJ 3                                              ,W,3,,00000003__      ,2.7,2,,2,1,1,1,5,1,300,FE,E,CR 622 / BLOOMFIELD AVE            ,,,,55,25,40.83884,74.1563,N,,7096,13:00,120+07444
2013160213-929                 ,PASSAIC     ,CLIFTON CITY            ,1/25/2013,F ,1734,1,CLIFTON PD               ,PATROL         ,0,0,0,0,P,B,N,N,11,1,NJ 3                                              ,W,3,,00000003__      ,2.72,2,2,2,3,6,3,1,1,400,FE,E,CR 622 / BLOOMFIELD AVE            ,,,,50,,,,N,NONE                                                                            ,500,17:35,120+07444
2.02E+17,PASSAIC     ,CLIFTON CITY            ,7/3/2018,TU,1132,1,CLIFTON PD               ,,0,0,0,0,P,B,N,N,1,2,NJ 3                                              ,W,3,,00000003__      ,3.8,2,,2,1,1,1,5,1,,,,,F,CR 601                   ,WB,55,,40.83181,74.14107,N,,7096,11:30,120+07442
2.02E+17,PASSAIC     ,CLIFTON CITY            ,11/29/2016,TU,1659,1,CLIFTON PD               ,,0,0,0,0,P,B,N,N,2,2,NJ 3                                              ,W,3,,00000003__      ,,2,1,2,2,6,2,5,1,,,,,F,MAIN AVE                 ,,55,,,,N,NONE                                                                            ,7201,17:00,120+07449
2.02E+17,PASSAIC     ,CLIFTON CITY            ,7/3/2018,TU,1608,1,CLIFTON PD               ,,0,0,0,0,P,B,N,N,1,2,NJ 3                                              ,W,3,,00000003__      ,3.43,2,,2,1,1,1,1,1,50,FE,E,CR 603 / PASSAIC AVE               ,,,,55,25,40.8348,74.14806,N,,7201,16:10,120+07443
2.02E+17,PASSAIC     ,CLIFTON CITY            ,10/22/2015,TH,832,1,CLIFTON PD               ,,0,0,0,0,P,B,N,N,1,2,NJ 3                                              ,W,3,,00000003__      ,1.44,2,2,2,1,1,1,1,1,500,FE,E,GARDEN STATE PARKWAY               ,,,,55,55,,,N,NONE                                                                            ,7124,8:30,120P07446
2.02E+17,PASSAIC     ,CLIFTON CITY            ,11/29/2016,TU,2219,1,CLIFTON PD               ,,0,0,0,0,P,B,N,N,8,2,NJ 3                                              ,W,3,,00000003__      ,,2,1,2,2,6,1,1,1,,,,,,,,55,,,,N,NONE                                                                            ,7247,22:20,120+07449
2.02E+17,PASSAIC     ,CLIFTON CITY            ,9/7/2017,TH,1514,1,CLIFTON PD               ,,0,0,0,0,P,B,N,N,2,2,NJ 3                                              ,W,3,,00000003__      ,1.44,2,,2,1,1,1,1,1,25,FE,E,GARDEN STATE PARKWAY               ,,,,55,55,,,N,,7232,15:15,120P07446
2013160213-942                 ,PASSAIC     ,CLIFTON CITY            ,1/26/2013,SA,56,1,CLIFTON PD               ,,0,0,0,0,P,B,N,N,11,1,NJ 3                                              ,W,3,,00000003__      ,,2,5,2,2,6,1,1,0,,,,,T,CR 622                   ,SB,25,,,,N,NONE                                                                            ,7027,5:55,120+07449
2.02E+17,PASSAIC     ,CLIFTON CITY            ,10/22/2015,TH,1543,1,CLIFTON PD               ,,0,0,0,0,P,B,N,N,1,2,NJ 3                                              ,W,3,,00000003__      ,,2,5,2,1,1,1,1,1,,,,,F,CR 601                   ,,20,,,,N,NONE                                                                            ,7166,15:45,120+07449
2013160213-9447                ,PASSAIC     ,CLIFTON CITY            ,8/23/2013,F ,825,1,CLIFTON PD               ,,0,2,0,0,I,B,N,N,1,4,NJ 3                                              ,W,3,,00000003__      ,3.86,2,1,2,1,1,1,1,2,200,FE,E,CR 601 / MAIN AVE                  ,,,,55,,,,N,NONE                                                                            ,254,8:25,120+07442
2.02E+17,PASSAIC     ,CLIFTON CITY            ,9/7/2017,TH,1737,1,CLIFTON PD               ,,0,0,0,0,P,B,N,N,1,2,NJ 3                                              ,W,3,,00000003__      ,,2,,2,1,1,1,4,1,,,,,F,PASSAIC AVE              ,SB,55,,,,N,,7206,17:35,120+07449
2.02E+17,PASSAIC     ,CLIFTON CITY            ,9/9/2017,SA,455,1,CLIFTON PD               ,,0,3,0,0,I,B,Y,N,1,2,NJ 3                                              ,W,3,,00000003__      ,1.49,2,,2,1,6,1,1,1,1200,FE,E,ROUTE 509 / BROAD ST               ,,,,55,55,40.85261,74.1754,N,,7245,4:55,120+07445
2013160213-9451                ,PASSAIC     ,CLIFTON CITY            ,8/23/2013,F ,940,1,CLIFTON PD               ,,0,0,0,0,P,B,N,N,2,2,NJ 3                                              ,W,3,,00000003__      ,,2,3,2,1,1,1,1,2,,,W,,F,NJ 21                    ,,45,,,,N,NONE                                                                            ,10046,9:40,120+07449
2.02E+17,PASSAIC     ,CLIFTON CITY            ,7/5/2018,TH,1716,1,CLIFTON PD               ,,0,1,0,0,I,B,N,N,1,2,NJ 3                                              ,W,3,,00000003__      ,3.4,2,,2,1,1,1,1,1,,,,,F,PASSAIC AVE              ,NB,50,,40.83433,74.14796,N,,7253,17:15,120+07443
2.02E+17,PASSAIC     ,CLIFTON CITY            ,9/9/2017,SA,832,1,CLIFTON PD               ,,0,0,0,0,P,B,N,N,1,2,NJ 3                                              ,W,3,,00000003__      ,3.82,2,,2,1,1,1,5,1,,,,,F,MAIN AVE                 ,,55,,40.83181,74.14107,N,,7118,8:30,120+07442
2013160213-9455                ,PASSAIC     ,CLIFTON CITY            ,8/23/2013,F ,1017,1,CLIFTON PD               ,,0,0,0,0,P,B,N,N,1,3,NJ 3                                              ,W,3,,00000003__      ,4.87,2,1,2,1,1,1,1,1,100,FE,W,NJ 21                              ,,,,55,55,,,N,NONE                                                                            ,274,10:15,120P04739
2.02E+17,PASSAIC     ,CLIFTON CITY            ,10/23/2015,F ,2014,1,CLIFTON PD               ,,0,0,0,0,P,B,N,N,1,2,NJ 3                                              ,W,3,,00000003__      ,3.73,2,1,2,1,1,1,1,1,500,FE,W,CR 601 / MAIN AVE                  ,,,,55,35,,,N,NONE                                                                            ,7105,20:15,120+07442
2013160213-9485                ,PASSAIC     ,CLIFTON CITY            ,8/23/2013,F ,2133,1,CLIFTON PD               ,POST 7         ,0,0,0,0,P,I,N,N,1,2,NJ 3                                              ,W,3,,00000003__      ,3.82,2,5,2,1,5,1,1,1,,AT,W,CR 601 / MAIN AVE RAMP             ,,,,55,,,,N,NONE                                                                            ,7030,21:35,120+07442
2.02E+17,PASSAIC     ,CLIFTON CITY            ,7/5/2018,TH,1813,1,CLIFTON PD               ,,0,0,0,0,P,B,N,N,1,4,NJ 3                                              ,W,3,,00000003__      ,4.75,2,,2,1,1,1,1,1,750,FE,W,NJ 21                              ,,,,50,50,40.82456,74.12699,N,,7253,18:15,120P04739
2.02E+17,PASSAIC     ,CLIFTON CITY            ,11/30/2016,W ,1716,1,CLIFTON PD               ,,0,0,0,0,P,I,N,N,1,2,NJ 3                                              ,W,3,,00000003__      ,,2,6,2,2,6,2,5,1,,AT,,,F,MAIN AVE                 ,,55,,,,N,NONE                                                                            ,7201,17:15,120+07449
2.02E+17,PASSAIC     ,CLIFTON CITY            ,7/6/2018,FR,1511,1,CLIFTON PD               ,,0,0,0,0,P,B,N,N,2,2,NJ 3                                              ,W,3,,00000003__      ,1.45,2,,2,1,1,1,4,1,1000,FE,E,ROUTE 509 / BROAD ST               ,,,,55,25,40.87427,74.1454,N,,7250,15:10,120+07445
2013160213-9492                ,PASSAIC     ,CLIFTON CITY            ,8/24/2013,SA,244,1,CLIFTON PD               ,CLIFTON        ,0,0,0,0,P,B,Y,N,1,2,NJ 3                                              ,W,3,,00000003__      ,,2,1,2,1,5,1,1,1,,,,,,,,55,,,,N,NONE                                                                            ,?    ,2:45,120+07449
2.02E+17,PASSAIC     ,CLIFTON CITY            ,11/30/2016,W ,1944,1,CLIFTON PD               ,,0,2,0,0,I,I,N,N,1,2,NJ 3                                              ,W,3,,00000003__      ,,2,6,2,2,6,1,5,1,,AT,,,F,PASSAIC AVE              ,,55,,,,N,NONE                                                                            ,7201,19:45,120+07449
2.02E+17,PASSAIC     ,CLIFTON CITY            ,12/1/2016,TH,934,1,CLIFTON PD               ,,0,0,0,0,P,B,N,N,1,2,NJ 3                                              ,W,3,,00000003__      ,0.03,2,1,2,1,1,1,5,1,150,FE,E,US 46                              ,,,,55,50,,,N,NONE                                                                            ,7096,9:35,120+07449
2.02E+17,PASSAIC     ,CLIFTON CITY            ,9/11/2017,MO,842,1,CLIFTON PD               ,,0,1,0,0,I,B,N,N,1,2,NJ 3                                              ,W,3,,00000003__      ,1.51,2,,2,1,1,1,1,1,1320,FE,E,ROUTE 509 / BROAD ST               ,,,,55,35,40.84852,74.17164,N,,7176,8:40,120+07445
2013160213-9512                ,PASSAIC     ,CLIFTON CITY            ,8/24/2013,SA,1300,1,CLIFTON PD               ,,0,0,0,0,P,B,N,N,1,2,NJ 3                                              ,W,3,,00000003__      ,4.81,2,1,2,1,1,1,1,2,400,FE,E,NJ 21                              ,,,,55,55,,,N,,260,13:00,120P04739
2.02E+17,PASSAIC     ,CLIFTON CITY            ,10/25/2015,S ,601,1,CLIFTON PD               ,,0,0,0,0,P,B,N,N,11,1,NJ 3                                              ,W,3,,00000003__      ,,2,4,2,2,6,2,1,1,,,,,T,RT 46 W                  ,WB,35,,,,N,NONE                                                                            ,7238,6:00,120+07449
2.02E+17,PASSAIC     ,CLIFTON CITY            ,9/11/2017,MO,903,1,CLIFTON PD               ,,0,0,0,0,P,B,N,N,2,2,NJ 3                                              ,W,3,,00000003__      ,2.01,2,,2,1,1,1,1,1,3960,FE,E,ROUTE 509 / BROAD ST               ,,,,55,35,,,N,,7176,9:05,120+07445
2.02E+17,PASSAIC     ,CLIFTON CITY            ,10/26/2015,M ,1557,1,CLIFTON PD               ,,0,0,0,0,P,B,N,N,1,2,NJ 3                                              ,W,3,,00000003__      ,0,2,1,2,1,1,1,2,1,100,FE,E,CR 621                             ,,,,55,35,,,N,NONE                                                                            ,7166,15:55,120+07449
2.02E+17,PASSAIC     ,CLIFTON CITY            ,12/1/2016,TH,957,1,CLIFTON PD               ,,0,0,0,0,P,B,N,N,1,2,NJ 3                                              ,W,3,,00000003__      ,,2,1,2,1,1,1,1,1,5280,FE,,,T,GARDEN STATE PARKWAY     ,NB,55,,,,N,NONE                                                                            ,7128,9:55,120+07449
2.02E+17,PASSAIC     ,CLIFTON CITY            ,9/11/2017,MO,1616,1,CLIFTON PD               ,,0,0,0,0,P,B,N,N,1,2,NJ 3                                              ,W,3,,00000003__      ,3.93,2,,2,1,1,1,5,1,575,FE,E,CR 601 / MAIN AVE                  ,,,,55,25,40.83181,74.14107,N,,7201,16:15,120+07442
2.02E+17,PASSAIC     ,CLIFTON CITY            ,7/9/2018,MO,1840,1,CLIFTON PD               ,,0,0,0,0,P,I,N,N,1,2,NJ 3                                              ,W,3,,00000003__      ,4.89,2,,2,1,1,1,1,1,,AT,,NJ 21                              ,,,,55,55,40.85906,74.18007,N,,7201,18:40,120P04739
2.02E+17,PASSAIC     ,CLIFTON CITY            ,12/1/2016,TH,1616,1,CLIFTON PD               ,,0,0,0,0,P,B,N,N,1,2,NJ 3                                              ,W,3,,00000003__      ,,2,1,2,1,3,1,1,1,,,,,F,GARDEN STATE PARKWA?     ,NB,55,,,,N,NONE                                                                            ,7209,16:15,120+07449
2.02E+17,PASSAIC     ,CLIFTON CITY            ,7/9/2018,MO,1943,1,CLIFTON PD               ,,0,0,0,0,P,B,N,N,1,2,NJ 3                                              ,W,3,,00000003__      ,2.72,2,,2,1,1,1,1,1,400,FE,E,CR 622 / BLOOMFIELD AVE            ,,,,55,25,40.84064,74.16044,N,,7201,19:45,120+07444
2013160213-9546                ,PASSAIC     ,CLIFTON CITY            ,8/25/2013,S ,1601,1,CLIFTON PD               ,,0,1,0,0,I,B,N,N,11,2,NJ 3                                              ,W,3,,00000003__      ,4.7,2,1,2,1,1,1,1,2,1000,FE,W,NJ 21 OFF RAMP                     ,,,,55,25,,,N,NONE                                                                            ,256,16:00,120P04739
2.02E+17,PASSAIC     ,CLIFTON CITY            ,10/27/2015,TU,1548,1,CLIFTON PD               ,,0,0,0,0,P,B,N,N,1,2,NJ 3                                              ,W,3,,00000003__      ,,2,1,2,1,1,1,3,1,,,,,T,RT 46                    ,WB,55,,,,N,NONE                                                                            ,7188,15:50,120+07449
2.02E+17,PASSAIC     ,CLIFTON CITY            ,12/1/2016,TH,1741,1,CLIFTON PD               ,,0,1,0,0,I,I,N,N,1,2,NJ 3                                              ,W,3,,00000003__      ,,2,1,2,1,7,1,5,1,,AT,,,T,PARKWAY                  ,SB,55,,,,N,NONE                                                                            ,7201,17:40,120+07449
2.02E+17,PASSAIC     ,CLIFTON CITY            ,9/12/2017,TU,1621,1,CLIFTON PD               ,,0,0,0,0,P,B,N,N,1,3,NJ 3                                              ,W,3,,00000003__      ,1.53,2,,2,1,1,1,1,1,900,FE,E,PARKWAY NORTH                      ,,,,55,55,,,N,,,16:20,120+07445
2013160213-9557                ,PASSAIC     ,CLIFTON CITY            ,8/20/2013,TU,751,1,CLIFTON PD               ,,0,0,0,0,P,I,N,N,1,2,NJ 3                                              ,W,3,,00000003__      ,,2,2,2,1,1,1,1,1,,AT,W,,F,PASSAIC AVE              ,WB,55,,,,N,,260,7:50,120+07449
2.02E+17,PASSAIC     ,CLIFTON CITY            ,10/27/2015,TU,2006,1,CLIFTON PD               ,,0,0,0,0,P,B,N,N,1,2,NJ 3                                              ,W,3,,00000003__      ,,2,5,2,1,5,1,1,1,,,,,F,MAIN AVE                 ,,55,,,,N,NONE                                                                            ,7176,20:05,120+07449
2.02E+17,PASSAIC     ,CLIFTON CITY            ,12/2/2016,F ,2105,1,CLIFTON PD               ,,0,0,0,0,P,I,N,N,2,2,NJ 3                                              ,W,3,,00000003__      ,,2,1,2,1,6,1,1,1,,AT,,,T,PASSAIC AVE              ,NB,55,,,,N,NONE                                                                            ,7107,21:05,120+07449
2.02E+17,PASSAIC     ,CLIFTON CITY            ,12/3/2016,SA,1216,1,CLIFTON PD               ,,0,0,0,0,P,B,N,N,1,2,NJ 3                                              ,W,3,,00000003__      ,0.01,2,2,2,1,1,1,5,1,50,FE,E,US 46                              ,,,,55,50,,,N,NONE                                                                            ,7167,12:15,120+07449