CRASH_ID,CTY_NAME,MUN_NAME,DATE,DAY,TIME,POL_CODE,POL_DEPT,POL_STA,KILLED,INJURED,PED_KILL,PED_INJ,SEVERITY,INTERSEC,ALCOHOL,HAZMAT,CRASH_TYPE,VEH_COUNT,LOCATION,LOC_DIR,ROUTE,RT_SFX,SRI,MP,RD_SYS,RD_CHAR,RD_SURF,SURF_COND,LIGHT,WEATHER,RD_DIV,RD_WRKZN,X_DIST,DIST_UNT,X_DIR,X_NAME,IS_RAMP,RAMP_RT,RAMP_DIR,SPD_LMT,SPD_X,LAT,LONG,CELL_USE,PROP_DMG,BADGE,TIME_ROUND,TMC
2.02E+17,PASSAIC     ,CLIFTON CITY            ,10/28/2015,W ,737,1,CLIFTON PD               ,,0,0,0,0,P,B,N,N,1,2,NJ 3                                              ,W,3,,00000003__      ,3.17,2,1,2,1,1,1,1,1,1320,FE,W,CR 603 / PASSAIC AVE               ,,,,50,25,,,N,NONE                                                                            ,7180,7:35,120P07443
2.02E+17,PASSAIC     ,CLIFTON CITY            ,9/13/2017,WE,803,1,CLIFTON PD               ,,0,1,0,0,I,B,N,N,1,2,NJ 3                                              ,W,3,,00000003__      ,3.4,2,,2,1,1,1,5,1,100,FE,W,CR 603 / PASSAIC AVE               ,,,,55,35,40.83703,74.15365,N,,7118,8:05,120+07443
2.02E+17,PASSAIC     ,CLIFTON CITY            ,7/10/2018,TU,1013,1,CLIFTON PD               ,,0,0,0,0,P,B,N,N,1,2,NJ 3                                              ,W,3,,00000003__      ,3.8,2,,2,1,1,1,1,1,,,,,F,MAIN AVE                 ,NB,55,,40.8312,74.14122,N,,7185,10:15,120+07442
2.02E+17,PASSAIC     ,CLIFTON CITY            ,10/28/2015,W ,1527,1,CLIFTON PD               ,,0,0,0,0,P,B,N,N,1,2,NJ 3                                              ,W,3,,00000003__      ,1.28,2,1,2,2,1,2,1,1,100,FE,E,ROUTE 509 / BROAD ST               ,,,,55,25,,,N,NONE                                                                            ,7166,15:25,120+07447
2.02E+17,PASSAIC     ,CLIFTON CITY            ,7/10/2018,TU,1844,1,CLIFTON PD               ,,0,0,0,0,P,B,N,N,1,2,NJ 3                                              ,W,3,,00000003__      ,3.8,2,,2,1,1,1,1,1,,,,,F,MAIN AVE                 ,SB,55,,40.83181,74.14107,N,,7105,18:45,120+07442
2.02E+17,PASSAIC     ,CLIFTON CITY            ,9/13/2017,WE,1535,1,CLIFTON PD               ,,0,0,0,0,P,B,N,N,1,2,NJ 3                                              ,W,3,,00000003__      ,3.82,2,,2,2,1,2,5,1,200,FE,E,MAIN AVE                           ,,,,55,25,40.83181,74.14107,N,,7201,15:35,120+07442
2.02E+17,PASSAIC     ,CLIFTON CITY            ,7/11/2018,WE,830,1,CLIFTON PD               ,,0,2,0,0,I,B,N,N,1,3,NJ 3                                              ,W,3,,00000003__      ,1.33,2,,2,1,1,1,1,1,350,FE,E,ROUTE 509 / BROAD ST               ,,,,55,35,40.85446,74.17649,N,,,8:30,120P07446
2.02E+17,PASSAIC     ,CLIFTON CITY            ,12/4/2016,S ,1145,1,CLIFTON PD               ,,0,0,0,0,P,I,N,N,1,2,NJ 3                                              ,W,3,,00000003__      ,3.82,2,1,2,1,1,1,2,1,,AT,,CR 601 / MAIN AVE                  ,,,,55,25,,,N,NONE                                                                            ,7203,11:45,120+07442
2.02E+17,PASSAIC     ,CLIFTON CITY            ,10/28/2015,W ,1706,1,CLIFTON PD               ,,0,0,0,0,P,B,N,N,1,3,NJ 3                                              ,W,3,,00000003__      ,4.91,2,1,1,2,1,2,1,1,100,FE,E,NJ 21                              ,,,,55,,,,N,NONE                                                                            ,7176,17:05,120P04739
2.02E+17,PASSAIC     ,CLIFTON CITY            ,9/13/2017,WE,1751,1,CLIFTON PD               ,,0,0,0,0,P,B,N,N,1,2,NJ 3                                              ,W,3,,00000003__      ,,2,,2,1,1,1,2,1,,,,,T,CR 601                   ,,55,,40.83219,74.14075,N,,7201,17:50,120+07449
2.02E+17,PASSAIC     ,CLIFTON CITY            ,12/5/2016,M ,656,1,CLIFTON PD               ,,0,0,0,0,P,B,N,N,1,2,NJ 3                                              ,W,3,,00000003__      ,0.45,2,1,2,2,2,2,1,1,300,FE,W,CR 623 / GROVE ST                  ,,,,35,25,,,N,NONE                                                                            ,7203,6:55,120+07449
2013160213-9666                ,PASSAIC     ,CLIFTON CITY            ,8/29/2013,TH,816,1,CLIFTON PD               ,CLIFTON        ,0,0,0,0,P,B,N,N,1,3,NJ 3                                              ,W,3,,00000003__      ,0.7,2,1,2,2,1,5,5,1,1000,FE,E,CR 623 / GROVE ST                  ,,,,35,,,,N,,269,8:15,120P07448
2.02E+17,PASSAIC     ,CLIFTON CITY            ,12/5/2016,M ,820,1,CLIFTON PD               ,,0,0,0,0,P,B,N,N,1,2,NJ 3                                              ,W,3,,00000003__      ,2.64,2,1,2,2,1,2,1,1,25,FE,W,CR 622 / BLOOMFIELD AVE            ,,,,55,25,,,N,NONE                                                                            ,7080,8:20,120+07444
2.02E+17,PASSAIC     ,CLIFTON CITY            ,7/11/2018,WE,1355,1,CLIFTON PD               ,,0,0,0,0,P,B,N,N,1,2,NJ 3                                              ,W,3,,00000003__      ,3.4,2,,2,1,1,1,1,1,,,,,F,CR 603                   ,NB,55,,40.83448,74.14752,N,,7099,13:55,120+07443
2013160213-9708                ,PASSAIC     ,CLIFTON CITY            ,8/30/2013,F ,1126,1,CLIFTON PD               ,,0,0,0,0,P,B,N,N,1,2,NJ 3                                              ,W,3,,00000003__      ,3.42,2,5,2,1,1,1,1,1,,,,,F,CR 603                   ,,55,,,,N,NONE                                                                            ,5010,11:25,120+07443
2.02E+17,PASSAIC     ,CLIFTON CITY            ,7/12/2018,TH,1349,1,CLIFTON PD               ,,0,0,0,0,P,B,N,N,1,2,NJ 3                                              ,W,3,,00000003__      ,4.87,2,,2,1,1,1,1,1,100,FE,W,NJ 21                              ,,,,55,50,40.82376,74.12493,N,,7098,13:50,120P04739
2.02E+17,PASSAIC     ,CLIFTON CITY            ,9/16/2017,SA,1040,1,CLIFTON PD               ,,0,1,0,0,I,B,N,N,1,2,NJ 3                                              ,W,3,,00000003__      ,,2,,2,1,1,1,1,1,,,,,F,MAIN AVE                 ,,55,,40.83124,74.14115,N,,7135,10:40,120+07449
2.02E+17,PASSAIC     ,CLIFTON CITY            ,7/13/2018,FR,1302,1,CLIFTON PD               ,,0,0,0,0,P,B,N,N,2,2,NJ 3                                              ,W,3,,00000003__      ,0.57,2,,2,1,1,1,1,1,300,FE,E,CR 623 / GROVE ST                  ,,,,55,25,40.86565,74.18162,N,,7205,13:00,120P07448
2013160213-9719                ,PASSAIC     ,CLIFTON CITY            ,8/30/2013,F ,1929,1,CLIFTON PD               ,,0,0,0,0,P,B,N,N,1,2,NJ 3                                              ,W,3,,00000003__      ,3.42,2,5,2,1,1,1,1,1,,,,,,CR 603                   ,,55,,,,N,NONE                                                                            ,5010,19:30,120+07443
2.02E+17,PASSAIC     ,CLIFTON CITY            ,12/6/2016,TU,1353,1,CLIFTON PD               ,,0,0,0,0,P,B,N,N,1,2,NJ 3                                              ,W,3,,00000003__      ,,2,1,2,1,1,1,1,1,50,FE,,,T,GROVE ST                 ,NB,55,,,,N,NONE                                                                            ,7128,13:55,120+07449
2.02E+17,PASSAIC     ,CLIFTON CITY            ,9/17/2017,SU,425,1,CLIFTON PD               ,,0,0,0,0,P,B,N,N,15,1,NJ 3                                              ,W,3,,00000003__      ,0,2,,2,1,6,3,1,1,500,FE,E,VALLEY RD                          ,,,,55,35,40.86893,74.18541,N,,7207,4:25,120+07449
2.02E+17,PASSAIC     ,CLIFTON CITY            ,7/14/2018,SA,853,1,CLIFTON PD               ,,0,0,0,0,P,B,N,N,2,2,NJ 3                                              ,W,3,,00000003__      ,0.17,2,,2,1,1,1,1,1,10,FE,W,US 46                              ,,,,55,55,,,N,,7128,8:55,120+07449
2.02E+17,PASSAIC     ,CLIFTON CITY            ,9/18/2017,MO,808,1,CLIFTON PD               ,,0,2,0,0,I,B,N,N,1,2,NJ 3                                              ,W,3,,00000003__      ,1.29,2,,2,1,1,5,5,1,150,FE,E,ROUTE 509 / BROAD ST               ,,,,55,35,40.85189,74.17475,N,,7131,8:10,120+07447
2.02E+17,PASSAIC     ,CLIFTON CITY            ,9/18/2017,MO,931,1,CLIFTON PD               ,,0,0,0,0,P,B,N,N,1,2,NJ 3                                              ,W,3,,00000003__      ,2.26,2,,2,1,1,1,1,1,5280,FE,E,ROUTE 509 / BROAD ST               ,,,,55,30,,,N,,7157,9:30,120+07445
2.02E+17,PASSAIC     ,CLIFTON CITY            ,7/17/2018,TU,1948,1,CLIFTON PD               ,,0,0,0,0,P,B,N,N,2,2,NJ 3                                              ,W,3,,00000003__      ,3.97,2,,2,2,1,1,1,1,800,FE,E,CR 601 / MAIN AVE                  ,,,,55,25,40.82911,74.13668,N,,7201,19:50,120+07442
2.02E+17,PASSAIC     ,CLIFTON CITY            ,10/29/2015,TH,1618,1,CLIFTON PD               ,,0,1,0,0,I,B,N,N,1,2,NJ 3                                              ,W,3,,00000003__      ,4.07,2,1,2,1,1,1,1,1,1320,FE,E,CR 601 / MAIN AVE                  ,,,,55,30,,,N,NONE                                                                            ,7176,16:20,120+07442
2.02E+17,PASSAIC     ,CLIFTON CITY            ,12/7/2016,W ,855,1,CLIFTON PD               ,,0,1,0,0,I,B,N,N,1,2,NJ 3                                              ,W,3,,00000003__      ,1.53,2,2,2,2,1,2,1,1,300,FE,E,GS PARKWY N                        ,,,,55,55,,,N,NONE                                                                            ,7098,8:55,120+07445
2.02E+17,PASSAIC     ,CLIFTON CITY            ,12/7/2016,W ,943,1,CLIFTON PD               ,,0,0,0,0,P,B,N,N,1,2,NJ 3                                              ,W,3,,00000003__      ,1.44,2,2,2,2,1,2,1,1,300,FE,E,GARDEN STATE PARKWAY               ,,,,55,55,,,N,NONE                                                                            ,7098,9:45,120P07446
2.02E+17,PASSAIC     ,CLIFTON CITY            ,9/18/2017,MO,1514,1,CLIFTON PD               ,,0,1,0,0,I,B,N,N,1,2,NJ 3                                              ,W,3,,00000003__      ,0.19,2,,2,1,1,1,1,1,1000,FE,E,US 46                              ,,,,50,50,40.86955,74.18604,N,,7232,15:15,120+07449
2.02E+17,PASSAIC     ,CLIFTON CITY            ,12/8/2016,TH,1729,1,CLIFTON PD               ,,0,0,0,0,P,B,N,N,2,2,NJ 3                                              ,W,3,,00000003__      ,0.49,2,1,2,1,6,1,1,1,100,FE,W,CR 623 / GROVE ST                  ,,,,55,35,,,N,NONE                                                                            ,7145,17:30,120+07449
2.02E+17,PASSAIC     ,CLIFTON CITY            ,7/18/2018,WE,812,1,CLIFTON PD               ,,0,0,0,0,P,B,N,N,1,2,NJ 3                                              ,W,3,,00000003__      ,0.49,2,,2,1,1,1,1,1,100,FE,W,CR 623 / GROVE ST                  ,,,,55,25,40.86502,74.18142,N,,7128,8:10,120+07449
2.02E+17,PASSAIC     ,CLIFTON CITY            ,9/19/2017,TU,843,1,CLIFTON PD               ,,0,0,0,0,P,B,N,N,1,2,NJ 3                                              ,W,3,,00000003__      ,3.81,2,,2,1,1,1,1,1,50,FE,W,CR 601 / MAIN AVE                  ,,,,55,35,40.83168,74.14235,N,,7099,8:45,120+07442
2.02E+17,PASSAIC     ,CLIFTON CITY            ,7/18/2018,WE,1649,1,CLIFTON PD               ,,0,0,0,0,P,B,N,N,1,2,NJ 3                                              ,W,3,,00000003__      ,3.83,2,,2,1,1,1,1,1,50,FE,E,CR 601 / MAIN AVE                  ,,,,55,25,40.82911,74.13668,N,,7201,16:50,120+07442
2.02E+18,PASSAIC     ,CLIFTON CITY            ,11/8/2015,S ,34,1,CLIFTON PD               ,,0,0,0,0,P,B,N,N,11,1,NJ 3                                              ,W,3,,00000003__      ,4.87,2,2,2,1,6,1,1,1,100,FE,W,NJ 21                              ,,,,55,55,,,N,CRASH BARRIER                                                                   ,7175,3:35,120P04739
2.02E+17,PASSAIC     ,CLIFTON CITY            ,12/8/2016,TH,1857,1,CLIFTON PD               ,,0,0,0,0,P,B,N,N,1,2,NJ 3                                              ,W,3,,00000003__      ,,2,1,2,1,6,1,1,1,100,FE,E,,T,PARKWAY NORTH RAMP       ,,55,,,,N,NONE                                                                            ,7176,18:55,120+07449
2.02E+17,PASSAIC     ,CLIFTON CITY            ,7/20/2018,FR,1518,1,CLIFTON PD               ,,0,0,0,0,P,B,N,N,1,2,NJ 3                                              ,W,3,,00000003__      ,3.82,2,,2,1,1,1,1,1,,,,,F,MAIN AVE                 ,,55,,40.8313,74.14109,N,,7274,15:20,120+07442
2.02E+17,PASSAIC     ,CLIFTON CITY            ,10/31/2015,SA,2312,1,CLIFTON PD               ,,0,0,0,0,P,B,N,N,2,2,NJ 3                                              ,W,3,,00000003__      ,4.01,2,1,2,1,6,1,1,1,1000,FE,E,CR 601 / MAIN AVE                  ,,,,55,25,,,N,NONE                                                                            ,7175,23:10,120+07442
2.01E+13,PASSAIC     ,CLIFTON CITY            ,5/16/2013,TH,1515,1,CLIFTON PD               ,POST 7         ,0,0,0,0,P,I,N,N,2,2,NJ 3                                              ,W,3,,00000003__      ,,2,3,2,1,1,1,1,2,,AT,,,F,RT21                     ,,15,,,,N,NONE                                                                            ,7030,15:15,120+07449
2.02E+17,PASSAIC     ,CLIFTON CITY            ,11/2/2015,M ,909,1,CLIFTON PD               ,,0,0,0,0,P,B,N,N,1,2,NJ 3                                              ,W,3,,00000003__      ,3.91,2,1,2,1,1,1,5,1,500,FE,E,CR 601 / MAIN AVE                  ,,,,55,,,,N,NONE                                                                            ,7131,9:10,120+07442
2.01E+12,PASSAIC     ,CLIFTON CITY            ,1/16/2013,W ,1903,1,CLIFTON PD               ,PATROL         ,0,2,0,0,I,B,N,N,1,2,NJ 3                                              ,W,3,,00000003__      ,,2,5,2,2,6,1,2,1,30,FE,W,,F,CR 603                   ,EB,25,,,,N,NONE                                                                            ,6019,19:05,120+07449
2.02E+17,PASSAIC     ,CLIFTON CITY            ,9/22/2017,FR,6,1,CLIFTON PD               ,,0,0,0,0,P,B,N,N,8,2,NJ 3                                              ,W,3,,00000003__      ,,2,,2,1,6,1,1,1,200,FE,W,,T,GSP ON N                 ,NB,55,,40.85098,74.17362,N,,7190,6:05,120+07449
2.02E+17,PASSAIC     ,CLIFTON CITY            ,12/9/2016,F ,1338,1,CLIFTON PD               ,,0,0,0,0,P,B,N,N,2,2,NJ 3                                              ,W,3,,00000003__      ,0.01,2,1,2,1,1,1,5,1,50,FE,N,US 46                              ,,,,55,50,,,N,NONE                                                                            ,7096,13:40,120+07449
2.02E+17,PASSAIC     ,CLIFTON CITY            ,7/23/2018,MO,1639,1,CLIFTON PD               ,,0,0,0,0,P,B,N,N,2,2,NJ 3                                              ,W,3,,00000003__      ,3.51,2,,2,1,1,1,1,1,450,FE,E,CR 603 / PASSAIC AVE               ,,,,55,25,40.8348,74.14806,N,,7201,16:40,120+07443
2.02E+17,PASSAIC     ,CLIFTON CITY            ,11/3/2015,TU,1720,1,CLIFTON PD               ,,0,0,0,0,P,B,N,N,1,2,NJ 3                                              ,W,3,,00000003__      ,,2,2,2,1,3,1,1,1,,,,,F,CR 601                   ,,55,,,,N,NONE                                                                            ,7176,17:20,120+07449
2.02E+17,PASSAIC     ,CLIFTON CITY            ,9/22/2017,FR,1106,1,CLIFTON PD               ,,0,0,0,0,P,B,N,N,1,3,NJ 3                                              ,W,3,,00000003__      ,0.07,2,,2,1,1,1,1,1,350,FE,E,US 46                              ,,,,55,55,40.86955,74.18604,N,,,11:05,120+07449
2.01E+13,PASSAIC     ,CLIFTON CITY            ,6/27/2013,TH,1515,1,CLIFTON PD               ,CLIFTON        ,0,1,0,0,I,B,N,N,1,2,NJ 3                                              ,W,3,,00000003__      ,3.82,2,5,2,1,1,1,1,1,,,,,T,CR 601                   ,NB,55,,,,N,,5008,15:15,120+07442
2.02E+17,PASSAIC     ,CLIFTON CITY            ,12/10/2016,SA,429,1,CLIFTON PD               ,,0,0,0,0,P,B,N,N,11,1,NJ 3                                              ,W,3,,00000003__      ,,2,4,2,1,6,1,2,1,,,,,T,MAIN AVE                 ,NB,55,,,,N,NONE                                                                            ,7241,4:30,120+07449
2.02E+17,PASSAIC     ,CLIFTON CITY            ,12/10/2016,SA,1835,1,CLIFTON PD               ,,0,1,0,0,I,B,N,N,2,3,NJ 3                                              ,W,3,,00000003__      ,0.51,2,1,2,1,7,1,1,1,20,FE,W,CR 623 / GROVE ST                  ,,,,55,25,,,N,GUARD RAIL                                                                      ,7245,18:35,120+07449
2.02E+17,PASSAIC     ,CLIFTON CITY            ,11/4/2015,W ,1940,1,CLIFTON PD               ,,0,0,0,0,P,B,N,N,1,2,NJ 3                                              ,W,3,,00000003__      ,4.07,2,1,2,1,6,1,1,1,1320,FE,E,CR 601 / MAIN AVE                  ,,,,55,25,,,N,NONE                                                                            ,7240,19:40,120+07442
2.01E+13,PASSAIC     ,CLIFTON CITY            ,7/11/2013,TH,1413,1,CLIFTON PD               ,,0,0,0,0,P,B,N,N,1,2,NJ 3                                              ,W,3,,00000003__      ,,2,2,2,1,1,1,1,1,,,,,F,CR 610                   ,WB,55,,,,N,,260,14:15,120+07449
2.02E+17,PASSAIC     ,CLIFTON CITY            ,11/6/2015,F ,1748,1,CLIFTON PD               ,,0,2,0,0,I,B,N,N,1,3,NJ 3                                              ,W,3,,00000003__      ,3.91,2,1,2,1,5,1,1,1,500,FE,E,CR 601 / MAIN AVE                  ,,,,55,30,,,N,NONE                                                                            ,7176,17:50,120+07442
2.02E+17,PASSAIC     ,CLIFTON CITY            ,11/6/2015,F ,2256,1,CLIFTON PD               ,,0,0,0,0,P,B,N,N,2,2,NJ 3                                              ,W,3,,00000003__      ,3.44,2,1,2,1,6,1,1,1,100,FE,E,CR 603 / PASSAIC AVE               ,,,,55,25,,,N,NONE                                                                            ,7208,22:55,120+07443
2.02E+17,PASSAIC     ,CLIFTON CITY            ,7/26/2018,TH,1650,1,CLIFTON PD               ,,0,0,0,0,P,B,N,N,1,2,NJ 3                                              ,W,3,,00000003__      ,3.88,2,,2,1,1,1,1,1,300,FE,E,CR 601 / MAIN AVE                  ,,,,50,25,40.83032,74.13945,N,,7267,16:50,120+07442
201316022013-12806             ,PASSAIC     ,CLIFTON CITY            ,11/17/2013,S ,1634,1,CLIFTON PD               ,CLIFTON        ,0,0,0,0,P,B,N,N,11,1,NJ 3                                              ,W,3,,00000003__      ,,2,2,2,2,1,5,1,1,80,FE,,,F,MAIN AVE.                ,WB,55,,,,N,NONE                                                                            ,404? ,16:35,120+07449
2.02E+17,PASSAIC     ,CLIFTON CITY            ,12/11/2016,S ,255,1,CLIFTON PD               ,,0,0,0,0,P,B,N,N,2,2,NJ 3                                              ,W,3,,00000003__      ,1.44,2,1,2,1,6,1,1,1,50,FE,E,GARDEN STATE PARKWAY               ,,,,50,15,,,N,NONE                                                                            ,7232,2:55,120P07446
2.02E+17,PASSAIC     ,CLIFTON CITY            ,9/24/2017,SU,1514,1,CLIFTON PD               ,,0,0,0,0,P,B,N,N,2,2,NJ 3                                              ,W,3,,00000003__      ,,2,,2,1,1,1,1,1,,,,,F,MAIN AVE                 ,WB,55,,40.83181,74.14107,N,,7105,15:15,120+07449
2.02E+17,PASSAIC     ,CLIFTON CITY            ,9/25/2017,MO,856,1,CLIFTON PD               ,,0,0,0,0,P,B,N,N,1,2,NJ 3                                              ,W,3,,00000003__      ,0.42,2,,2,1,1,1,5,1,500,FE,W,CR 623 / GROVE ST                  ,,,,55,35,40.86744,74.1839,N,,7131,8:55,120+07449
2.02E+17,PASSAIC     ,CLIFTON CITY            ,7/26/2018,TH,1739,1,CLIFTON PD               ,,0,0,0,0,P,B,N,N,1,2,NJ 3                                              ,W,3,,00000003__      ,0.7,2,,2,1,1,1,1,1,1000,FE,E,CR 623 / GROVE ST                  ,,,,55,25,40.86284,74.18078,N,,7274,17:40,120P07448
2.02E+17,PASSAIC     ,CLIFTON CITY            ,11/9/2015,M ,1719,1,CLIFTON PD               ,,0,0,0,0,P,B,N,N,8,3,NJ 3                                              ,W,3,,00000003__      ,1.44,2,1,2,1,6,1,1,1,100,FE,E,GARDEN STATE PARKWAY               ,,,,50,65,,,N,NONE                                                                            ,7239,17:20,120P07446
2.02E+17,PASSAIC     ,CLIFTON CITY            ,12/11/2016,S ,1035,1,CLIFTON PD               ,,0,0,0,0,P,B,N,N,1,2,NJ 3                                              ,W,3,,00000003__      ,,2,5,2,1,1,1,1,1,,,,,F,PASSAIC AVE              ,WB,55,,,,N,NONE                                                                            ,7152,10:35,120+07449
2.02E+17,PASSAIC     ,CLIFTON CITY            ,9/25/2017,MO,1359,1,CLIFTON PD               ,,0,0,0,0,P,B,N,N,15,1,NJ 3                                              ,W,3,,00000003__      ,1.22,2,,2,1,1,1,5,1,200,FE,W,ROUTE 509 / BROAD ST               ,,,,55,35,40.85446,74.17649,N,,7131,14:00,120P07447
2.02E+17,PASSAIC     ,CLIFTON CITY            ,11/10/2015,TU,503,1,CLIFTON PD               ,,0,2,0,0,I,B,N,N,1,2,NJ 3                                              ,W,3,,00000003__      ,,2,1,2,1,6,1,1,1,3600,FE,E,,T,MAIN AVE                 ,NB,55,,,,N,NONE                                                                            ,7157,5:05,120+07449
2.02E+17,PASSAIC     ,CLIFTON CITY            ,12/11/2016,S ,1600,1,CLIFTON PD               ,,0,0,0,0,P,B,N,N,2,2,NJ 3                                              ,W,3,,00000003__      ,,2,2,2,1,1,5,1,1,1320,FE,E,,,PASSAIC AVE              ,NB,55,,,,N,NONE                                                                            ,7153,16:00,120+07449
2.02E+17,PASSAIC     ,CLIFTON CITY            ,7/27/2018,FR,1508,1,CLIFTON PD               ,,0,0,0,0,P,B,N,N,1,2,NJ 3                                              ,W,3,,00000003__      ,3.88,2,,2,1,1,1,1,1,300,FE,E,CR 601 / MAIN AVE                  ,,,,55,25,40.82904,74.13653,N,,7232,15:10,120+07442
2.02E+17,PASSAIC     ,CLIFTON CITY            ,12/12/2016,M ,302,1,CLIFTON PD               ,,0,0,0,0,P,B,N,N,11,1,NJ 3                                              ,W,3,,00000003__      ,,2,1,2,2,6,2,4,1,,,,,F,RAMP FROM ROUTE 21       ,WB,55,,,,N,LIGHT POLE                                                                      ,7233,3:00,120+07449
2.02E+17,PASSAIC     ,CLIFTON CITY            ,11/11/2015,W ,1353,1,CLIFTON PD               ,,0,0,0,0,P,B,N,N,1,2,NJ 3                                              ,W,3,,00000003__      ,3.91,2,1,2,1,1,5,1,1,500,FE,E,CR 601 / MAIN AVE                  ,,,,55,35,,,N,NONE                                                                            ,7138,13:55,120+07442
2.02E+17,PASSAIC     ,CLIFTON CITY            ,12/12/2016,M ,1655,1,CLIFTON PD               ,,0,1,0,0,I,B,N,N,1,2,NJ 3                                              ,W,3,,00000003__      ,,2,1,2,1,6,1,1,1,300,FE,,,T,RT 21                    ,SB,55,,,,N,NONE                                                                            ,7153,16:55,120+07449
2.02E+17,PASSAIC     ,CLIFTON CITY            ,7/27/2018,FR,2236,1,CLIFTON PD               ,,0,0,0,0,P,B,N,N,2,2,NJ 3                                              ,W,3,,00000003__      ,3.84,2,,2,2,6,2,1,1,100,FE,E,CR 601 / MAIN AVE                  ,,,,55,25,40.83133,74.1408,N,,7256,22:35,120+07442
2.02E+17,PASSAIC     ,CLIFTON CITY            ,11/11/2015,W ,1524,1,CLIFTON PD               ,,0,0,0,0,P,B,N,N,1,2,NJ 3                                              ,W,3,,00000003__      ,3.91,2,1,2,1,1,1,1,1,500,FE,E,CR 601 / MAIN AVE                  ,,,,55,25,,,N,NONE                                                                            ,7140,15:25,120+07442
201316022013-1420              ,PASSAIC     ,CLIFTON CITY            ,2/6/2013,W ,847,1,CLIFTON PD               ,POST 7         ,0,1,0,0,I,B,N,N,1,2,NJ 3                                              ,W,3,,00000003__      ,,2,5,2,2,1,1,2,1,,FE,,,,PASSAIC AVE              ,NB,,,,,N,,199,8:45,120+07449
201316022013-1909              ,PASSAIC     ,CLIFTON CITY            ,2/16/2013,SA,1509,1,CLIFTON PD               ,POST 7         ,0,0,0,0,P,B,N,N,1,2,NJ 3                                              ,W,3,,00000003__      ,,2,2,2,1,1,1,2,1,,,,,F,RT 21                    ,NB,25,,,,N,?                                                                               ,191,15:10,120+07449
2.02E+17,PASSAIC     ,CLIFTON CITY            ,11/11/2015,W ,1612,1,CLIFTON PD               ,,0,0,0,0,P,B,N,N,1,2,NJ 3                                              ,W,3,,00000003__      ,,2,1,2,1,1,1,1,1,500,MI,E,,T,CR 601                   ,,55,,,,N,NONE                                                                            ,7176,16:10,120+07449
2.02E+17,PASSAIC     ,CLIFTON CITY            ,12/13/2016,TU,1221,1,CLIFTON PD               ,,0,0,0,0,P,B,N,N,1,2,NJ 3                                              ,W,3,,00000003__      ,,2,5,2,1,1,1,2,1,,,,,F,PASSAIC AVE              ,WB,55,,,,N,NONE                                                                            ,7079,12:20,120+07449
2.02E+17,PASSAIC     ,CLIFTON CITY            ,11/11/2015,W ,1916,1,CLIFTON PD               ,,0,0,0,0,P,B,N,N,1,2,NJ 3                                              ,W,3,,00000003__      ,0.53,2,1,2,1,6,1,1,1,100,FE,E,CR 623 / GROVE ST                  ,,,,55,25,,,N,NONE                                                                            ,7166,19:15,120+07449
2.02E+17,PASSAIC     ,CLIFTON CITY            ,7/28/2018,SA,1314,1,CLIFTON PD               ,,0,0,0,0,P,B,N,N,11,1,NJ 3                                              ,W,3,,00000003__      ,0.55,2,,2,1,1,1,5,1,200,FE,E,CR 623 / GROVE ST                  ,,,,55,35,40.86455,74.18144,N,UTILITY POLE SIDESWIPED RT 3 W/PRIOR TO GROVE ST. (POLE #69733C) DISPATCH ADVIS?,7131,13:15,120+07449
2.02E+17,PASSAIC     ,CLIFTON CITY            ,9/27/2017,WE,913,1,CLIFTON PD               ,,0,0,0,0,P,B,N,N,1,2,NJ 3                                              ,W,3,,00000003__      ,1.32,2,,2,1,1,1,1,1,300,FE,E,ROUTE 509 / BROAD ST               ,,,,55,35,40.85407,74.17683,N,,7099,9:15,120P07446
201316022013-198               ,PASSAIC     ,CLIFTON CITY            ,1/6/2013,S ,1717,1,CLIFTON PD               ,CLIFTON        ,0,1,0,0,I,B,N,N,1,2,NJ 3                                              ,W,3,,00000003__      ,,2,2,2,1,6,1,1,1,500,FE,E,,T,CR 601                   ,NB,55,,,,N,NONE                                                                            ,168,17:15,120+07449
2.02E+17,PASSAIC     ,CLIFTON CITY            ,12/13/2016,TU,1703,1,CLIFTON PD               ,,0,0,0,0,P,B,N,N,1,2,NJ 3                                              ,W,3,,00000003__      ,1.53,2,1,2,1,6,1,1,1,300,FE,E,GARDEN STATE PARKWAY N             ,,,,55,15,,,N,NONE                                                                            ,7166,17:05,120+07445