CRASH_ID,CTY_NAME,MUN_NAME,DATE,DAY,TIME,POL_CODE,POL_DEPT,POL_STA,KILLED,INJURED,PED_KILL,PED_INJ,SEVERITY,INTERSEC,ALCOHOL,HAZMAT,CRASH_TYPE,VEH_COUNT,LOCATION,LOC_DIR,ROUTE,RT_SFX,SRI,MP,RD_SYS,RD_CHAR,RD_SURF,SURF_COND,LIGHT,WEATHER,RD_DIV,RD_WRKZN,X_DIST,DIST_UNT,X_DIR,X_NAME,IS_RAMP,RAMP_RT,RAMP_DIR,SPD_LMT,SPD_X,LAT,LONG,CELL_USE,PROP_DMG,BADGE,TIME_ROUND,TMC
2.02E+17,PASSAIC     ,CLIFTON CITY            ,7/28/2018,SA,1606,1,CLIFTON PD               ,,0,0,0,0,P,B,N,N,1,2,NJ 3                                              ,W,3,,00000003__      ,0.59,2,,2,1,1,1,1,1,400,FE,E,CR 623 / GROVE ST                  ,,,,50,25,40.86565,74.18162,Y,,7267,16:05,120P07448
2.02E+17,PASSAIC     ,CLIFTON CITY            ,9/27/2017,WE,1341,1,CLIFTON PD               ,,0,0,0,0,P,B,N,N,1,2,NJ 3                                              ,W,3,,00000003__      ,,2,,2,1,1,1,1,1,,,,,T,PASSAIC COUNTY 602       ,EB,55,,40.85448,74.17613,N,,7099,13:40,120+07449
2.02E+17,PASSAIC     ,CLIFTON CITY            ,7/31/2018,TU,1538,1,CLIFTON PD               ,,0,0,0,0,P,B,N,N,2,2,NJ 3                                              ,W,3,,00000003__      ,0.51,2,,2,1,1,1,1,1,20,FE,E,CR 623 / GROVE ST                  ,,,,55,25,40.86502,74.18142,N,,7262,15:40,120+07449
2.02E+17,PASSAIC     ,CLIFTON CITY            ,9/27/2017,WE,1919,1,CLIFTON PD               ,,0,0,0,0,P,B,N,N,2,2,NJ 3                                              ,W,3,,00000003__      ,3.91,2,,2,1,3,1,1,1,500,FE,E,CR 601 / MAIN AVE                  ,,,,55,25,40.82806,74.13439,N,,543,19:20,120+07442
2.02E+17,PASSAIC     ,CLIFTON CITY            ,11/12/2015,TH,1803,1,CLIFTON PD               ,,0,0,0,0,P,B,N,N,1,2,NJ 3                                              ,W,3,,00000003__      ,4.82,2,1,1,1,6,5,1,1,5280,FE,E,CR 601 / MAIN AVE                  ,,,,55,30,,,N,NONE                                                                            ,7176,18:05,120P04739
201316022013-2983              ,PASSAIC     ,CLIFTON CITY            ,3/14/2013,TH,1605,1,CLIFTON PD               ,,0,0,0,0,P,I,N,N,1,2,NJ 3                                              ,W,3,,00000003__      ,,2,5,2,1,1,1,1,1,,AT,,,F,PASSAIC AVE.             ,,55,,,,N,NONE OBSERVED/REPORTED                                                          ,7029,16:05,120+07449
2.02E+17,PASSAIC     ,CLIFTON CITY            ,12/14/2016,W ,1757,1,CLIFTON PD               ,,0,2,0,0,I,I,N,N,1,3,NJ 3                                              ,W,3,,00000003__      ,1.44,2,1,2,1,6,1,1,1,,AT,,GARDEN STATE PARKWAY               ,,,,55,55,,,N,NONE                                                                            ,7244,17:55,120P07446
2.02E+17,PASSAIC     ,CLIFTON CITY            ,9/29/2017,FR,1624,1,CLIFTON PD               ,,0,0,0,0,P,B,N,N,1,2,NJ 3                                              ,W,3,,00000003__      ,2.6,2,,2,1,1,1,1,1,200,FE,W,CR 622 / BLOOMFIELD AVE            ,,,,50,25,40.84106,74.1622,N,,544,16:25,120+07444
2.02E+17,PASSAIC     ,CLIFTON CITY            ,11/12/2015,TH,1816,1,CLIFTON PD               ,,0,1,0,0,I,B,N,N,1,3,NJ 3                                              ,W,3,,00000003__      ,2.67,2,1,2,1,6,1,1,1,150,FE,E,CR 622 / BLOOMFIELD AVE            ,,,,55,25,,,N,NONE                                                                            ,7166,18:15,120+07444
201316022013-4659              ,PASSAIC     ,CLIFTON CITY            ,4/26/2013,F ,850,1,CLIFTON PD               ,POST #5        ,0,0,0,0,P,I,N,N,2,2,NJ 3                                              ,W,3,,00000003__      ,0.51,2,1,2,1,1,1,1,1,,AT,W,CR 623 / GROVE ST                  ,,,,50,25,,,N,,211,8:50,120+07449
2.02E+17,PASSAIC     ,CLIFTON CITY            ,9/29/2017,FR,1938,1,CLIFTON PD               ,,0,0,0,0,P,B,N,N,1,2,NJ 3                                              ,W,3,,00000003__      ,2.72,2,,2,1,5,1,1,1,400,FE,E,CR 622 / BLOOMFIELD AVE            ,,,,55,35,40.84064,74.16044,N,,7226,19:40,120+07444
2.02E+17,PASSAIC     ,CLIFTON CITY            ,8/1/2018,WE,1122,1,CLIFTON PD               ,,0,0,0,0,P,B,N,N,1,2,NJ 3                                              ,W,3,,00000003__      ,3.8,2,,2,2,1,5,1,1,,,,,F,MAIN AVE                 ,,55,,40.83124,74.14118,N,,7099,11:20,120+07442
2.02E+17,PASSAIC     ,CLIFTON CITY            ,11/13/2015,F ,232,1,CLIFTON PD               ,,0,0,0,0,P,B,N,N,11,1,NJ 3                                              ,W,3,,00000003__      ,,2,2,2,1,6,1,4,1,,,,,T,RT 46 W                  ,WB,55,,,,N,NONE                                                                            ,7222,2:30,120+07449
201316022013-4872              ,PASSAIC     ,CLIFTON CITY            ,5/1/2013,W ,742,1,CLIFTON PD               ,POST #3        ,0,0,0,0,P,I,N,N,1,2,NJ 3                                              ,W,3,,00000003__      ,0,2,1,2,1,1,1,1,1,,AT,W,US 46                              ,,,,50,50,,,N,,211,7:40,120+07449
2.02E+17,PASSAIC     ,CLIFTON CITY            ,8/1/2018,WE,1407,1,CLIFTON PD               ,,0,0,0,0,P,B,N,N,1,2,NJ 3                                              ,W,3,,00000003__      ,3.8,2,,2,1,1,1,1,1,,,,,F,MAIN AVE                 ,WB,55,,40.83124,74.14132,N,,7105,14:05,120+07442
2.02E+17,PASSAIC     ,CLIFTON CITY            ,11/13/2015,F ,1403,1,CLIFTON PD               ,,0,0,0,0,P,B,N,N,1,2,NJ 3                                              ,W,3,,00000003__      ,,2,2,2,1,1,1,1,1,,,,,F,PASSAIC AVE              ,WB,55,,,,N,NONE                                                                            ,7124,14:05,120+07449
2.02E+17,PASSAIC     ,CLIFTON CITY            ,12/15/2016,TH,1528,1,CLIFTON PD               ,,0,0,0,0,P,B,N,N,1,2,NJ 3                                              ,W,3,,00000003__      ,,2,1,2,1,1,1,2,1,,,,,F,PASSAIC AVE              ,,55,,,,N,NONE                                                                            ,7201,15:30,120+07449
2.02E+17,PASSAIC     ,CLIFTON CITY            ,12/15/2016,TH,1608,1,CLIFTON PD               ,,0,0,0,0,P,B,N,N,1,2,NJ 3                                              ,W,3,,00000003__      ,4.32,2,1,2,1,3,1,1,1,2640,FE,E,CR 601 / MAIN AVE                  ,,,,55,35,,,N,NONE                                                                            ,7246,16:10,120P04740
201316022013-5081              ,PASSAIC     ,CLIFTON CITY            ,5/5/2013,S ,1621,1,CLIFTON PD               ,,0,0,0,0,P,B,N,N,1,2,NJ 3                                              ,W,3,,00000003__      ,,2,1,2,1,1,1,1,1,65,FE,W,,F,GARDEN STATE PARKWAY     ,NB,55,,,,N,NONE  REPORTED                                                                  ,7079,16:20,120+07449
2.02E+17,PASSAIC     ,CLIFTON CITY            ,11/13/2015,F ,1658,1,CLIFTON PD               ,,0,0,0,0,P,I,N,N,1,3,NJ 3                                              ,W,3,,00000003__      ,,2,1,2,1,5,1,1,1,,AT,,,T,GARDEN STATE PARKWA?     ,NB,55,,,,N,NONE                                                                            ,7176,17:00,120+07449
2.02E+17,PASSAIC     ,CLIFTON CITY            ,10/1/2017,SU,1202,1,CLIFTON PD               ,,0,1,0,0,I,B,N,N,1,2,NJ 3                                              ,W,3,,00000003__      ,,2,,2,1,1,1,5,1,,,,,F,PASSAIC AVENUE           ,WB,55,,40.83435,74.14785,N,,7131,12:00,120+07449
2.02E+17,PASSAIC     ,CLIFTON CITY            ,10/1/2017,SU,1405,1,CLIFTON PD               ,,0,1,0,0,I,B,N,N,1,2,NJ 3                                              ,W,3,,00000003__      ,0.7,2,,2,1,1,1,1,1,1000,FE,E,CR 623 / GROVE ST                  ,,,,55,25,40.86067,74.18037,N,,7205,14:05,120P07448
2.02E+17,PASSAIC     ,CLIFTON CITY            ,8/1/2018,WE,1852,1,CLIFTON PD               ,,0,0,0,0,P,B,N,N,11,1,NJ 3                                              ,W,3,,00000003__      ,2.7,2,,2,1,1,1,4,1,,,,,F,PASSAIC COUNTY 622       ,EB,25,,40.84012,74.15971,N,DAMAGED 50 FEET OF METAL GUARDRAIL ON ENTRANCE RAMP TO ROUTE 3 WEST FROM BLOOMF?,7273,18:50,120+07444
201316022013-5403              ,PASSAIC     ,CLIFTON CITY            ,5/13/2013,M ,1720,1,CLIFTON PD               ,,0,0,0,0,P,I,N,N,1,2,NJ 3                                              ,W,3,,00000003__      ,,2,3,2,1,1,1,1,2,,AT,,,F,ROUTE 21                 ,,45,,,,N,NONE OBSERVED/REPORTED                                                          ,7079,17:20,120+07449
2.02E+17,PASSAIC     ,CLIFTON CITY            ,11/14/2015,SA,1040,1,CLIFTON PD               ,,0,0,0,0,P,B,N,N,1,2,NJ 3                                              ,W,3,,00000003__      ,,2,2,2,1,1,1,1,1,,,,,F,CR 601                   ,WB,55,,,,N,NONE                                                                            ,7124,10:40,120+07449
2.02E+17,PASSAIC     ,CLIFTON CITY            ,12/15/2016,TH,1612,1,CLIFTON PD               ,,0,0,0,0,P,B,N,N,2,2,NJ 3                                              ,W,3,,00000003__      ,,2,0,2,1,1,1,1,1,,,,,F,MAIN AVE                 ,,55,,,,N,NONE                                                                            ,7201,16:10,120+07449
2.02E+17,PASSAIC     ,CLIFTON CITY            ,8/2/2018,TH,729,1,CLIFTON PD               ,,0,1,0,0,I,B,N,N,1,2,NJ 3                                              ,W,3,,00000003__      ,1.17,2,,2,1,1,1,5,1,500,FE,W,ROUTE 509 / BROAD ST               ,,,,55,25,40.85687,74.17883,N,,7096,7:30,120P07447
201316022013-5429              ,PASSAIC     ,CLIFTON CITY            ,5/14/2013,TU,1529,1,CLIFTON PD               ,,0,0,0,0,P,B,N,N,2,2,NJ 3                                              ,W,3,,00000003__      ,,2,2,2,1,1,1,1,2,15,FE,W,,F,PASSAIC COUNTY 601       ,,45,,,,N,NONE OBSERVED/REPORTED                                                          ,7029,15:30,120+07449
2.02E+16,PASSAIC     ,CLIFTON CITY            ,11/16/2015,M ,1243,1,CLIFTON PD               ,,0,0,0,0,P,B,N,N,1,2,NJ 3                                              ,W,3,,00000003__      ,0.1,2,1,2,1,1,1,1,1,750,FE,W,VALLEY ROAD                        ,,,,55,40,,,N,NONE                                                                            ,7107,12:45,120+07449
2.02E+17,PASSAIC     ,CLIFTON CITY            ,10/1/2017,SU,1611,1,CLIFTON PD               ,,0,0,0,0,P,B,N,N,2,2,NJ 3                                              ,W,3,,00000003__      ,0.52,2,,2,1,1,1,1,1,50,FE,E,CR 623 / GROVE ST                  ,,,,55,35,40.86427,74.18125,N,,542,16:10,120+07449
201316022013-5437              ,PASSAIC     ,CLIFTON CITY            ,5/14/2013,TU,1837,1,CLIFTON PD               ,,0,0,0,0,P,I,N,N,1,2,NJ 3                                              ,W,3,,00000003__      ,,2,5,2,1,1,1,1,2,,AT,,,F,ROUTE 21                 ,,45,,,,N,NONE OBSERVED/REPORTED                                                          ,7029,18:35,120+07449
2.02E+17,PASSAIC     ,CLIFTON CITY            ,11/17/2015,TU,700,1,CLIFTON PD               ,,0,0,0,0,P,B,N,N,6,2,NJ 3                                              ,W,3,,00000003__      ,,2,1,2,1,1,1,5,1,100,FE,E,,,US 46                    ,WB,55,,,,N,NONE                                                                            ,7131,7:00,120+07449
2.02E+17,PASSAIC     ,CLIFTON CITY            ,11/17/2015,TU,827,1,CLIFTON PD               ,,0,1,0,0,I,B,N,N,1,2,NJ 3                                              ,W,3,,00000003__      ,0.48,2,1,2,1,1,1,1,1,150,FE,W,CR 623 / GROVE ST                  ,,,,55,35,,,N,NONE                                                                            ,7098,8:25,120+07449
2.02E+17,PASSAIC     ,CLIFTON CITY            ,8/2/2018,TH,1641,1,CLIFTON PD               ,,0,0,0,0,P,B,N,N,2,2,NJ 3                                              ,W,3,,00000003__      ,3.51,2,,2,1,1,1,1,1,500,FE,E,CR 603 / PASSAIC AVE               ,,,,55,25,40.8348,74.14806,N,,7201,16:40,120+07443
2.02E+17,PASSAIC     ,CLIFTON CITY            ,10/1/2017,SU,2213,1,CLIFTON PD               ,,0,1,0,0,I,B,N,N,2,2,NJ 3                                              ,W,3,,00000003__      ,,2,,2,1,6,1,5,1,,,,,T,US 46                    ,WB,55,,40.87049,74.1874,N,,547,22:15,120+07449
2.02E+17,PASSAIC     ,CLIFTON CITY            ,8/6/2018,MO,1744,1,CLIFTON PD               ,,0,0,0,0,P,B,N,N,1,2,NJ 3                                              ,W,3,,00000003__      ,3.97,2,,2,1,1,1,1,1,800,FE,E,CR 601 / MAIN AVE                  ,,,,55,25,40.82688,74.12338,N,,7201,17:45,120+07442
201316022013-6094              ,PASSAIC     ,CLIFTON CITY            ,5/29/2013,W ,1701,1,CLIFTON PD               ,,0,0,0,0,P,I,N,N,1,2,NJ 3                                              ,W,3,,00000003__      ,,2,5,2,1,1,1,1,1,,AT,,,F,LOT 826 RT 3             ,WB,55,,,,N,NONE OBSERVED/REPORTED                                                          ,7029,17:00,120+07449
2.02E+17,PASSAIC     ,CLIFTON CITY            ,11/17/2015,TU,1721,1,CLIFTON PD               ,,0,0,0,0,P,B,N,N,1,3,NJ 3                                              ,W,3,,00000003__      ,,2,2,2,1,5,1,1,1,3960,FE,E,,T,GARDEN STATE PARKWAY     ,NB,55,,,,N,NONE                                                                            ,7176,17:20,120+07449
2.02E+17,PASSAIC     ,CLIFTON CITY            ,12/16/2016,F ,1854,1,CLIFTON PD               ,,0,0,0,0,P,B,N,N,2,2,NJ 3                                              ,W,3,,00000003__      ,,2,1,2,1,6,1,5,1,600,FE,E,,T,BLOOMFIELD AVE           ,,55,,,,N,NONE                                                                            ,7211,18:55,120+07449
2.02E+17,PASSAIC     ,CLIFTON CITY            ,11/17/2015,TU,2138,1,CLIFTON PD               ,,0,2,0,0,I,I,N,N,11,1,NJ 3                                              ,W,3,,00000003__      ,,2,5,2,1,6,1,1,1,,AT,,,T,CR 601                   ,SB,55,,,,N,MINOR DAMAGE TO RAIL FACE                                                       ,7176,21:40,120+07449
2.02E+17,PASSAIC     ,CLIFTON CITY            ,12/17/2016,SA,735,1,CLIFTON PD               ,,0,1,0,0,I,B,N,N,11,1,NJ 3                                              ,W,3,,00000003__      ,0.51,2,1,2,3,1,3,5,1,300,FE,E,GROVE ST                           ,,,,55,,,,N,NONE                                                                            ,7131,7:35,120+07449
2.02E+17,PASSAIC     ,CLIFTON CITY            ,12/17/2016,SA,735,1,CLIFTON PD               ,,0,1,0,0,I,B,N,N,11,1,NJ 3                                              ,W,3,,00000003__      ,0.57,2,1,2,3,1,3,5,1,300,FE,E,CR 623 / GROVE ST                  ,,,,55,,,,N,NONE                                                                            ,7131,7:35,120P07448
2.02E+17,PASSAIC     ,CLIFTON CITY            ,10/2/2017,MO,1409,1,CLIFTON PD               ,,0,0,0,0,P,B,N,N,1,2,NJ 3                                              ,W,3,,00000003__      ,3.43,2,,2,1,1,1,1,1,50,FE,E,CR 603 / PASSAIC AVE               ,,,,55,25,40.8348,74.14806,N,,7201,14:10,120+07443
2.02E+17,PASSAIC     ,CLIFTON CITY            ,8/9/2018,TH,1500,1,CLIFTON PD               ,,0,1,0,0,I,B,N,N,1,2,NJ 3                                              ,W,3,,00000003__      ,3.8,2,,2,1,1,1,1,1,,,,,F,MAIN AVE                 ,WB,55,,40.83124,74.14122,N,,7124,15:00,120+07442
201316022013-695               ,PASSAIC     ,CLIFTON CITY            ,1/18/2013,F ,1946,1,CLIFTON PD               ,,0,0,0,0,P,I,N,N,1,2,NJ 3                                              ,W,3,,00000003__      ,,2,5,2,1,7,1,1,1,,AT,,,F,GROVE ST.                ,,45,,,,N,NONE OBSERVED/REPORTED                                                          ,7029,19:45,120+07449
2.02E+17,PASSAIC     ,CLIFTON CITY            ,8/9/2018,TH,1549,1,CLIFTON PD               ,,0,0,0,0,P,B,N,N,2,2,NJ 3                                              ,W,3,,00000003__      ,0.47,2,,2,1,1,1,1,1,200,FE,W,CR 623 / GROVE ST                  ,,,,50,25,40.8667,74.18306,N,,7256,15:50,120+07449
2.02E+17,PASSAIC     ,CLIFTON CITY            ,11/18/2015,W ,1800,1,CLIFTON PD               ,,0,0,0,0,P,I,N,N,1,2,NJ 3                                              ,W,3,,00000003__      ,,2,2,2,1,7,1,1,1,,AT,,,F,CR 603                   ,WB,55,,,,N,NONE                                                                            ,7176,18:00,120+07449
2.02E+17,PASSAIC     ,CLIFTON CITY            ,11/19/2015,TH,832,1,CLIFTON PD               ,,0,0,0,0,P,B,N,N,1,2,NJ 3                                              ,W,3,,00000003__      ,,2,2,2,1,1,1,1,1,,,,,F,MAIN AVE                 ,WB,55,,,,N,NONE                                                                            ,7124,8:30,120+07449
2.02E+17,PASSAIC     ,CLIFTON CITY            ,12/18/2016,S ,1254,1,CLIFTON PD               ,,0,0,0,0,P,B,N,N,1,2,NJ 3                                              ,W,3,,00000003__      ,,2,1,2,2,1,2,1,1,500,FE,E,,T,BROAD ST                 ,,55,,,,N,NONE                                                                            ,7144,12:55,120+07449
2.02E+17,PASSAIC     ,CLIFTON CITY            ,10/3/2017,TU,713,1,CLIFTON PD               ,,0,0,0,0,P,B,N,N,1,2,NJ 3                                              ,W,3,,00000003__      ,,2,,2,1,1,1,5,1,,,,,F,MAIN AVE                 ,,55,,40.83133,74.1408,N,,7118,7:15,120+07449
2.02E+17,PASSAIC     ,CLIFTON CITY            ,11/19/2015,TH,1028,1,CLIFTON PD               ,,0,0,0,0,P,B,N,N,11,1,NJ 3                                              ,W,3,,00000003__      ,,2,1,2,2,1,2,1,1,350,FE,E,,T,BLOOMFIELD AVE           ,,50,,,,N,DAMAGE TO POLE # (69506C)                                                       ,7179,10:30,120+07449
2.02E+17,PASSAIC     ,CLIFTON CITY            ,12/19/2016,M ,1720,1,CLIFTON PD               ,,0,3,0,0,I,B,N,N,1,2,NJ 3                                              ,W,3,,00000003__      ,,2,1,2,1,6,1,1,1,100,FE,E,,T,GARDEN STATE PARKWA?     ,,55,,,,N,NONE                                                                            ,7224,17:20,120+07449
2.02E+17,PASSAIC     ,CLIFTON CITY            ,10/3/2017,TU,715,1,CLIFTON PD               ,,0,0,0,0,P,B,N,N,1,2,NJ 3                                              ,W,3,,00000003__      ,,2,,2,1,1,1,5,1,,,,,F,MAIN AVENUE              ,WB,55,,40.83124,74.14125,N,,7131,7:15,120+07449
2.02E+17,PASSAIC     ,CLIFTON CITY            ,10/3/2017,TU,743,1,CLIFTON PD               ,,0,1,0,0,I,B,N,N,1,2,NJ 3                                              ,W,3,,00000003__      ,1.3,2,,2,1,1,1,5,1,200,FE,E,ROUTE 509 / BROAD ST               ,,,,55,35,40.85107,74.17405,N,,7131,7:45,120P07446
2.02E+17,PASSAIC     ,CLIFTON CITY            ,8/13/2018,MO,1143,1,CLIFTON PD               ,,0,0,0,0,P,B,N,N,11,1,NJ 3                                              ,W,3,,00000003__      ,3.57,2,,2,2,1,2,1,1,1320,FE,W,CR 601 / MAIN AVE                  ,,,,55,25,40.83133,74.1408,N,DAMAGE TO GUARDRAIL ON EXIT/ENTRANCE RAMP OF RIVERFRONT PLAZA                   ,7116,11:45,120P07442
201316022013-8210              ,PASSAIC     ,CLIFTON CITY            ,7/21/2013,S ,1542,1,CLIFTON PD               ,,0,0,0,0,P,I,N,N,1,2,NJ 3                                              ,W,3,,00000003__      ,3.82,2,5,2,1,1,1,1,2,,AT,,,F,CR 601                   ,,45,,,,N,NONE OBSERVED/REPORTED                                                          ,7029,15:40,120+07442
2.02E+17,PASSAIC     ,CLIFTON CITY            ,11/19/2015,TH,1230,1,CLIFTON PD               ,,0,0,0,0,P,B,N,N,1,3,NJ 3                                              ,W,3,,00000003__      ,4.8,2,2,2,2,1,5,1,1,500,FE,W,NJ 21                              ,,,,55,55,,,N,NONE                                                                            ,7124,12:30,120P04739
2.02E+17,PASSAIC     ,CLIFTON CITY            ,8/13/2018,MO,1629,1,CLIFTON PD               ,,0,0,0,0,P,B,N,N,1,2,NJ 3                                              ,W,3,,00000003__      ,0.1,2,,2,2,1,1,4,1,528,FE,W,US 46 / CR 621 / VALLEY RD         ,,,,55,35,40.86901,74.18553,N,,7257,16:30,120+07449
2.02E+17,PASSAIC     ,CLIFTON CITY            ,10/3/2017,TU,756,1,CLIFTON PD               ,,0,2,0,0,I,B,N,N,1,2,NJ 3                                              ,W,3,,00000003__      ,1.3,2,,3,1,1,1,5,1,200,FE,E,ROUTE 509 / BROAD ST               ,,,,55,35,40.85072,74.1737,N,,7131,7:55,120P07446
2.02E+17,PASSAIC     ,CLIFTON CITY            ,11/19/2015,TH,1403,1,CLIFTON PD               ,,0,0,0,0,P,B,N,N,1,2,NJ 3                                              ,W,3,,00000003__      ,,2,2,2,2,1,2,1,1,,,,,F,PASSAIC AVE              ,WB,55,,,,N,NONE                                                                            ,7124,14:05,120+07449
2.02E+17,PASSAIC     ,CLIFTON CITY            ,8/14/2018,TU,725,1,CLIFTON PD               ,,0,0,0,0,P,B,N,N,11,1,NJ 3                                              ,W,3,,00000003__      ,0.47,2,,2,1,1,1,1,1,200,FE,W,CR 623 / GROVE ST                  ,,,,55,25,40.85906,74.18007,N,POLE #7980C SNAPPED IN HALF. PSEG NOTIFIED                                      ,7128,7:25,120+07449
2.02E+17,PASSAIC     ,CLIFTON CITY            ,10/3/2017,TU,943,1,CLIFTON PD               ,,0,0,0,0,P,B,N,N,1,2,NJ 3                                              ,W,3,,00000003__      ,0.57,2,,2,1,1,1,1,1,300,FE,E,CR 623 / GROVE ST                  ,,,,55,25,40.86565,74.18162,N,,7157,9:45,120P07448
2.02E+17,PASSAIC     ,CLIFTON CITY            ,11/20/2015,F ,734,1,CLIFTON PD               ,,0,0,0,0,P,B,N,N,1,2,NJ 3                                              ,W,3,,00000003__      ,3.51,2,2,2,1,1,1,1,1,500,FE,E,CR 603 / PASSAIC AVE               ,,,,55,35,,,N,NONE                                                                            ,7124,7:35,120+07443
201316022013-8663              ,PASSAIC     ,CLIFTON CITY            ,8/1/2013,TH,852,1,CLIFTON PD               ,CLIFTON        ,0,0,0,0,P,B,N,N,1,2,NJ 3                                              ,W,3,,00000003__      ,4.89,2,2,2,1,1,1,1,2,1000,FE,,NJ 21                              ,,,,55,55,,,N,NONE                                                                            ,5001,8:50,120P04739
2.02E+17,PASSAIC     ,CLIFTON CITY            ,12/20/2016,TU,1430,1,CLIFTON PD               ,,0,0,0,0,P,B,N,N,2,2,NJ 3                                              ,W,3,,00000003__      ,0.47,2,1,2,1,1,1,1,1,200,FE,W,CR 623 / GROVE ST                  ,,,,55,35,,,N,NONE                                                                            ,7166,14:30,120+07449
2.02E+17,PASSAIC     ,CLIFTON CITY            ,8/15/2018,WE,837,1,CLIFTON PD               ,,0,1,0,0,I,B,N,N,1,2,NJ 3                                              ,W,3,,00000003__      ,1.4,2,,2,1,1,1,1,1,200,FE,W,GARDEN STATE PARKWAY               ,,,,55,55,40.85101,74.17404,N,,7099,8:35,120P07446
2.02E+17,PASSAIC     ,CLIFTON CITY            ,11/20/2015,F ,1728,1,CLIFTON PD               ,,0,0,0,0,P,B,N,N,2,3,NJ 3                                              ,W,3,,00000003__      ,1.51,2,1,2,1,6,1,1,1,1320,FE,E,ROUTE 509 / BROAD ST               ,,,,55,25,,,N,NONE                                                                            ,7166,17:30,120+07445
201316022013-9043              ,PASSAIC     ,CLIFTON CITY            ,8/11/2013,S ,1600,1,CLIFTON PD               ,,0,0,0,0,P,B,N,N,1,2,NJ 3                                              ,W,3,,00000003__      ,4.92,2,1,2,1,1,1,1,5,150,FE,E,NJ 21                              ,,,,45,,,,N,NONE OBSERVED                                                                   ,7029,16:00,120P04739
201316022013-9402              ,PASSAIC     ,CLIFTON CITY            ,8/21/2013,W ,2126,1,CLIFTON PD               ,,0,1,0,0,I,I,N,N,11,1,NJ 3                                              ,W,3,,00000003__      ,0.14,2,5,2,1,7,1,2,1,,AT,W,US 46                              ,,,,55,50,,,N,NONE OBSERVED/REPORTED                                                          ,7029,21:25,120+07449
2.02E+17,PASSAIC     ,CLIFTON CITY            ,8/15/2018,WE,1911,1,CLIFTON PD               ,,0,0,0,0,P,B,N,N,1,2,NJ 3                                              ,W,3,,00000003__      ,2.64,2,,2,1,1,1,5,1,,,,,T,CR 622 / BLOOMFIELD AVE  ,WB,55,,40.83981,74.16145,N,,7105,19:10,120+07444
2.02E+17,PASSAIC     ,CLIFTON CITY            ,12/20/2016,TU,1832,1,CLIFTON PD               ,,0,0,0,0,P,B,N,N,1,2,NJ 3                                              ,W,3,,00000003__      ,,2,2,2,1,6,1,1,1,100,FE,W,,F,MAIN AVE                 ,,55,,,,N,NONE                                                                            ,7176,18:30,120+07449
2.02E+17,PASSAIC     ,CLIFTON CITY            ,10/3/2017,TU,1354,1,CLIFTON PD               ,,0,0,0,0,P,B,N,N,2,2,NJ 3                                              ,W,3,,00000003__      ,,2,,2,1,1,1,1,1,10,FE,W,,F,MAIN AVE                 ,NB,55,,40.83848,74.14752,N,,7157,13:55,120+07449
2.02E+17,PASSAIC     ,CLIFTON CITY            ,8/16/2018,TH,847,1,CLIFTON PD               ,,0,0,0,0,P,B,N,N,2,2,NJ 3                                              ,W,3,,00000003__      ,0.02,2,,2,1,1,1,1,2,100,FE,E,US 46                              ,,,,55,35,40.86955,74.18604,N,,7157,8:45,120+07449
2.02E+17,PASSAIC     ,CLIFTON CITY            ,10/3/2017,TU,1904,1,CLIFTON PD               ,,0,0,0,0,P,B,N,N,1,2,NJ 3                                              ,W,3,,00000003__      ,3.83,2,,2,1,7,1,2,1,50,FE,E,CR 601 / MAIN AVE                  ,,,,55,25,40.83181,74.14107,N,,7201,19:05,120+07442
201316022013-946               ,PASSAIC     ,CLIFTON CITY            ,1/26/2013,SA,932,1,CLIFTON PD               ,POST # 4       ,0,0,0,0,P,B,N,N,11,1,NJ 3                                              ,W,3,,00000003__      ,0,2,4,2,2,1,1,1,1,,,W,US 46                              ,,,,50,50,,,N,CONCRETE DIVIDER                                                                ,211,9:30,120+07449
2.02E+17,PASSAIC     ,CLIFTON CITY            ,8/16/2018,TH,1739,1,CLIFTON PD               ,,0,0,0,0,P,B,N,N,1,2,NJ 3                                              ,W,3,,00000003__      ,3.83,2,,2,1,1,1,1,1,50,FE,E,CR 601 / MAIN AVE                  ,,,,55,25,40.83133,74.14161,N,,7201,17:40,120+07442
2.02E+17,PASSAIC     ,CLIFTON CITY            ,12/22/2016,TH,1119,1,CLIFTON PD               ,,0,0,0,0,P,B,N,N,1,2,NJ 3                                              ,W,3,,00000003__      ,3.84,2,1,2,1,1,1,5,1,100,FE,E,CR 601 / MAIN AVE                  ,,,,55,,,,N,NONE                                                                            ,7118,11:20,120+07442
2.02E+17,PASSAIC     ,CLIFTON CITY            ,8/16/2018,TH,2156,1,CLIFTON PD               ,,0,1,0,0,I,B,N,N,1,2,NJ 3                                              ,W,3,,00000003__      ,3.43,2,,2,1,1,1,1,1,50,FE,E,CR 603 / PASSAIC AVE               ,,,,55,25,40.83448,74.14752,N,,7201,21:55,120+07443