CRASH_ID,CTY_NAME,MUN_NAME,DATE,DAY,TIME,POL_CODE,POL_DEPT,POL_STA,KILLED,INJURED,PED_KILL,PED_INJ,SEVERITY,INTERSEC,ALCOHOL,HAZMAT,CRASH_TYPE,VEH_COUNT,LOCATION,LOC_DIR,ROUTE,RT_SFX,SRI,MP,RD_SYS,RD_CHAR,RD_SURF,SURF_COND,LIGHT,WEATHER,RD_DIV,RD_WRKZN,X_DIST,DIST_UNT,X_DIR,X_NAME,IS_RAMP,RAMP_RT,RAMP_DIR,SPD_LMT,SPD_X,LAT,LONG,CELL_USE,PROP_DMG,BADGE,TIME_ROUND,TMC
201316022013-9686              ,PASSAIC     ,CLIFTON CITY            ,8/29/2013,TH,2045,1,CLIFTON PD               ,,0,0,0,0,P,I,N,N,1,2,NJ 3                                              ,W,3,,00000003__      ,,2,5,2,1,7,1,1,2,,AT,,,F,PASSAIC AVE.             ,,45,,,,N,NONE OBSERVED/REPORTED                                                          ,1829,20:45,120+07449
2.02E+17,PASSAIC     ,CLIFTON CITY            ,11/24/2015,TU,1335,1,CLIFTON PD               ,,0,0,0,0,P,B,N,N,11,1,NJ 3                                              ,W,3,,00000003__      ,,2,2,2,1,1,1,5,1,50,FE,E,,F,ROUTE 21                 ,,55,,,,N,NONE                                                                            ,7131,13:35,120+07449
2.02E+17,PASSAIC     ,CLIFTON CITY            ,12/22/2016,TH,1242,1,CLIFTON PD               ,,0,0,0,0,P,B,N,N,1,2,NJ 3                                              ,W,3,,00000003__      ,,2,4,2,1,1,1,5,1,,,,,F,CR 601                   ,,55,,,,N,NONE                                                                            ,7118,12:40,120+07449
2.02E+17,PASSAIC     ,CLIFTON CITY            ,11/24/2015,TU,2206,1,CLIFTON PD               ,,0,0,0,0,P,B,N,N,1,2,NJ 3                                              ,W,3,,00000003__      ,3.64,2,1,2,1,6,1,1,1,5280,FE,E,CR 622 / BLOOMFIELD AVE            ,,,,50,25,,,N,NONE                                                                            ,7239,22:05,120P07442
2.01E+15,PASSAIC     ,CLIFTON CITY            ,1/28/2013,M ,816,1,CLIFTON PD               ,POST 7         ,0,0,0,0,P,B,N,N,1,2,NJ 3                                              ,W,3,,00000003__      ,,2,5,2,1,1,1,1,1,,,,,,,,55,,,,N,,149,8:15,120+07449
2.02E+17,PASSAIC     ,CLIFTON CITY            ,12/22/2016,TH,1435,1,CLIFTON PD               ,,0,0,0,0,P,I,N,N,1,2,NJ 3                                              ,W,3,,00000003__      ,,2,6,2,1,1,1,2,1,,AT,,,F,MAIN AVE                 ,,55,,,,N,NONE                                                                            ,7201,14:35,120+07449
2.01E+16,PASSAIC     ,CLIFTON CITY            ,9/22/2013,S ,1047,1,CLIFTON PD               ,POST 5         ,0,0,0,0,P,B,N,N,1,2,NJ 3                                              ,W,3,,00000003__      ,0,2,2,2,1,1,1,2,1,,FE,E,VALLEY RD                          ,,,,,,,,N,,119,10:45,120+07449
2.02E+17,PASSAIC     ,CLIFTON CITY            ,12/23/2016,F ,134,1,CLIFTON PD               ,,0,0,0,0,P,B,N,N,15,1,NJ 3                                              ,W,3,,00000003__      ,,2,2,2,1,6,1,2,1,,,,,T,RT 21 OFF S              ,WB,35,,,,N,NONE                                                                            ,7229,1:35,120+07449
2.02E+17,PASSAIC     ,CLIFTON CITY            ,8/17/2018,FR,1935,1,CLIFTON PD               ,,0,0,0,0,P,B,N,N,1,2,NJ 3                                              ,W,3,,00000003__      ,0.64,2,,2,2,6,1,1,1,700,FE,E,CR 623 / GROVE ST                  ,,,,55,25,40.86565,74.18162,N,,7105,19:35,120P07448
2.01E+15,PASSAIC     ,CLIFTON CITY            ,1/31/2013,TH,938,1,CLIFTON PD               ,POST 5         ,0,1,0,0,I,B,N,N,1,2,NJ 3                                              ,W,3,,00000003__      ,,2,1,2,1,1,1,1,1,750,FE,E,,T,CR 621                   ,,55,,,,N,,194,9:40,120+07449
2.02E+17,PASSAIC     ,CLIFTON CITY            ,11/25/2015,W ,1350,1,CLIFTON PD               ,,0,1,0,0,I,B,N,N,1,3,NJ 3                                              ,W,3,,00000003__      ,,2,1,2,1,1,1,5,1,25,FE,W,,F,RT 509                   ,WB,55,,,,N,NONE                                                                            ,7131,13:50,120+07449
2.02E+17,PASSAIC     ,CLIFTON CITY            ,12/23/2016,F ,156,1,CLIFTON PD               ,,0,0,0,0,P,B,N,N,11,1,NJ 3                                              ,W,3,,00000003__      ,,2,5,2,1,6,1,4,1,,,,,F,RT 21                    ,,55,,,,N,NONE                                                                            ,7238,1:55,120+07449
2.02E+17,PASSAIC     ,CLIFTON CITY            ,12/23/2016,F ,1017,1,CLIFTON PD               ,,0,0,0,0,P,B,N,N,11,1,NJ 3                                              ,W,3,,00000003__      ,3.38,2,2,2,1,1,1,1,1,200,FE,W,CR 603 / PASSAIC AVE               ,,,,55,35,,,N,NONE                                                                            ,7166,10:15,120+07443
2.02E+17,PASSAIC     ,CLIFTON CITY            ,10/4/2017,WE,1948,1,CLIFTON PD               ,,0,1,0,0,I,B,N,N,1,2,NJ 3                                              ,W,3,,00000003__      ,3.82,2,,2,1,6,1,1,1,,,,,F,MAIN AVE                 ,WB,55,,40.83181,74.14107,N,,7105,19:50,120+07442
20131602B060-2013-02904A       ,PASSAIC     ,CLIFTON CITY            ,11/7/2013,TH,1252,2,NEW JERSEY STATE POLICE  ,TOTOWA-SUB     ,0,1,0,0,I,I,N,N,11,1,NJ 3                                              ,W,3,,00000003__      ,,2,5,1,2,1,2,1,1,,AT,N,,,,,55,,,,N,NONE                                                                            ,7241,12:50,120+07449
2.02E+17,PASSAIC     ,CLIFTON CITY            ,11/27/2015,F ,1308,1,CLIFTON PD               ,,0,1,0,0,I,B,N,N,1,2,NJ 3                                              ,W,3,,00000003__      ,,2,1,2,1,1,1,1,1,,,,,T,CR 603                   ,,55,,,,N,NONE                                                                            ,7179,13:10,120+07449
2.02E+17,PASSAIC     ,CLIFTON CITY            ,8/20/2018,MO,1908,1,CLIFTON PD               ,,0,0,0,0,P,B,N,N,1,2,NJ 3                                              ,W,3,,00000003__      ,3.43,2,,2,1,6,1,4,1,50,FE,E,CR 603 / PASSAIC AVE               ,,,,55,25,40.83448,74.14752,N,,7211,19:10,120+07443
2.02E+17,PASSAIC     ,CLIFTON CITY            ,10/5/2017,TH,733,1,CLIFTON PD               ,,0,0,0,0,P,B,N,N,1,2,NJ 3                                              ,W,3,,00000003__      ,3.82,2,,2,1,1,1,1,1,,,,,F,MAIN AVE                 ,NB,55,,40.83124,74.14121,N,,7099,7:35,120+07442
20131602PCSD13-04309           ,PASSAIC     ,CLIFTON CITY            ,7/14/2013,S ,1842,1,CLIFTON PD               ,SHERIFF'S PATR?,0,0,0,0,P,B,N,N,1,2,NJ 3                                              ,W,3,,00000003__      ,3.82,2,4,2,1,1,1,4,1,100,FE,,CR 601 / MAIN AVE                  ,,,,55,25,,,N,,183,18:40,120+07442
2.02E+17,PASSAIC     ,CLIFTON CITY            ,11/27/2015,F ,1746,1,CLIFTON PD               ,,0,0,0,0,P,B,N,N,1,2,NJ 3                                              ,W,3,,00000003__      ,,2,2,2,1,6,1,1,1,,,,,F,MAIN AVE                 ,WB,55,,,,N,NONE                                                                            ,7124,17:45,120+07449
2.02E+17,PASSAIC     ,CLIFTON CITY            ,12/23/2016,F ,1508,1,CLIFTON PD               ,,0,0,0,0,P,B,N,N,1,2,NJ 3                                              ,W,3,,00000003__      ,,2,5,2,1,1,1,5,1,,,,,T,PASSAIC AVE              ,SB,55,,,,N,NONE                                                                            ,7201,15:10,120+07449
2.02E+17,PASSAIC     ,CLIFTON CITY            ,10/7/2017,SA,1145,1,CLIFTON PD               ,,0,0,0,0,P,B,N,N,1,2,NJ 3                                              ,W,3,,00000003__      ,1.51,2,,2,1,1,1,1,1,1320,FE,E,ROUTE 509 / BROAD ST               ,,,,55,25,40.85957,74.18027,N,,,11:45,120+07445
2.02E+17,PASSAIC     ,CLIFTON CITY            ,8/21/2018,TU,1354,1,CLIFTON PD               ,,0,0,0,0,P,B,N,N,1,2,NJ 3                                              ,W,3,,00000003__      ,3.42,2,,2,1,1,1,1,1,20,FE,W,CR 603 / PASSAIC AVE               ,,,,55,25,40.83545,74.15033,N,,7157,13:55,120+07443
2.02E+17,PASSAIC     ,CLIFTON CITY            ,12/23/2016,F ,1511,1,CLIFTON PD               ,,0,1,0,0,I,B,N,N,1,2,NJ 3                                              ,W,3,,00000003__      ,3.84,2,1,2,1,1,1,1,1,100,FE,E,CR 601 / MAIN AVE                  ,,,,55,35,,,N,NONE                                                                            ,7166,15:10,120+07442
2.02E+17,PASSAIC     ,CLIFTON CITY            ,11/28/2015,SA,1343,1,CLIFTON PD               ,,0,0,0,0,P,B,N,N,1,2,NJ 3                                              ,W,3,,00000003__      ,,2,2,2,2,1,5,1,1,,,,,F,MAIN AVE                 ,WB,55,,,,N,NONE                                                                            ,7124,13:45,120+07449
2.02E+17,PASSAIC     ,CLIFTON CITY            ,10/7/2017,SA,1223,1,CLIFTON PD               ,,0,0,0,0,P,B,N,N,2,2,NJ 3                                              ,W,3,,00000003__      ,1.22,2,,2,1,1,1,5,1,200,FE,W,ROUTE 509 / BROAD ST               ,,,,55,25,40.8558,74.17839,N,,7096,12:25,120P07447
2.02E+17,PASSAIC     ,CLIFTON CITY            ,12/23/2016,F ,1531,1,CLIFTON PD               ,,0,2,0,0,I,B,N,N,1,2,NJ 3                                              ,W,3,,00000003__      ,3.96,2,1,2,1,1,1,5,1,750,FE,N,CR 601 / MAIN AVE                  ,,,,55,25,,,N,NONE                                                                            ,7201,15:30,120+07442
2.02E+17,PASSAIC     ,CLIFTON CITY            ,8/22/2018,WE,1328,1,CLIFTON PD               ,,0,0,0,0,P,B,N,N,1,2,NJ 3                                              ,W,3,,00000003__      ,3.82,2,,2,1,1,1,5,1,,,,,F,PC 601 / MAIN AVE        ,NB,55,,40.83356,74.1464,N,,7118,13:30,120+07442
2.02E+17,PASSAIC     ,CLIFTON CITY            ,8/22/2018,WE,1404,1,CLIFTON PD               ,,0,0,0,0,P,B,N,N,1,2,NJ 3                                              ,W,3,,00000003__      ,3.84,2,,2,1,1,1,1,1,100,FE,E,CR 601 / MAIN AVE                  ,,,,55,25,40.83099,74.1407,N,,,14:05,120+07442
2.02E+17,PASSAIC     ,CLIFTON CITY            ,10/10/2017,TU,806,1,CLIFTON PD               ,,0,0,0,0,P,B,N,N,1,2,NJ 3                                              ,W,3,,00000003__      ,4.92,2,,1,1,1,1,1,1,150,FE,E,NJ 21                              ,,,,55,25,40.82285,74.12365,N,,7205,8:05,120P04739
2.02E+17,PASSAIC     ,CLIFTON CITY            ,11/28/2015,SA,2330,1,CLIFTON PD               ,,0,0,0,0,P,B,N,N,1,2,NJ 3                                              ,W,3,,00000003__      ,,2,1,2,1,6,1,1,1,300,FE,,,T,PARKWAY NORTH            ,,50,,,,N,NONE                                                                            ,7210,23:30,120+07449
2.02E+17,PASSAIC     ,CLIFTON CITY            ,12/27/2016,TU,1130,1,CLIFTON PD               ,,0,2,0,0,I,B,N,N,1,2,NJ 3                                              ,W,3,,00000003__      ,,2,1,2,1,1,1,1,1,,,,,F,MAIN AVE                 ,SB,55,,,,N,NONE                                                                            ,7128,11:30,120+07449
2.02E+17,PASSAIC     ,CLIFTON CITY            ,11/29/2015,S ,1756,1,CLIFTON PD               ,,0,5,0,0,I,B,N,N,1,2,NJ 3                                              ,W,3,,00000003__      ,,2,1,2,1,6,1,1,1,500,FE,E,,T,BLOOMFIELD AVE           ,,55,,,,N,NONE                                                                            ,7224,17:55,120+07449
2.02E+17,PASSAIC     ,CLIFTON CITY            ,10/10/2017,TU,1509,1,CLIFTON PD               ,,0,0,0,0,P,B,N,N,1,2,NJ 3                                              ,W,3,,00000003__      ,,2,,2,1,1,1,1,1,,,,,T,BLOOMFIELD AVE           ,WB,55,,40.84068,74.16041,N,,550,15:10,120+07449
2.02E+17,PASSAIC     ,CLIFTON CITY            ,8/23/2018,TH,941,1,CLIFTON PD               ,,0,0,0,0,P,B,N,N,3,2,NJ 3                                              ,W,3,,00000003__      ,0.5,2,,2,1,1,1,4,1,,,,,F,PASSAIC COUNTY 623       ,WB,55,,40.86581,74.1816,N,,7198,9:40,120+07449
2.02E+17,PASSAIC     ,CLIFTON CITY            ,10/10/2017,TU,1625,1,CLIFTON PD               ,,0,0,0,0,P,B,N,N,1,2,NJ 3                                              ,W,3,,00000003__      ,1.42,2,,2,1,1,1,1,1,100,FE,W,GARDEN STATE PARKWAY               ,,,,55,65,40.85672,74.17905,N,,7226,16:25,120P07446
2.02E+17,PASSAIC     ,CLIFTON CITY            ,11/30/2015,M ,800,1,CLIFTON PD               ,,0,0,0,0,P,B,N,N,1,3,NJ 3                                              ,W,3,,00000003__      ,,2,1,2,1,1,1,1,1,150,FE,W,,F,BROAD ST                 ,WB,55,,,,N,NONE                                                                            ,7107,8:00,120+07449
2.02E+17,PASSAIC     ,CLIFTON CITY            ,8/23/2018,TH,1218,1,CLIFTON PD               ,,0,1,0,0,I,B,N,N,2,2,NJ 3                                              ,W,3,,00000003__      ,0.02,2,,2,1,1,1,1,1,100,FE,E,US 46 / CR 621 / VALLEY RD         ,,,,55,55,40.86955,74.18604,N,,7157,12:20,120+07449
2.02E+17,PASSAIC     ,CLIFTON CITY            ,11/30/2015,M ,1805,1,CLIFTON PD               ,,0,1,0,0,I,B,N,N,1,2,NJ 3                                              ,W,3,,00000003__      ,,2,1,2,1,6,1,1,1,400,FE,E,,T,MAIN AVE                 ,,55,,,,N,NONE OBSERVED/REPORTED                                                          ,7177,18:05,120+07449
2.02E+17,PASSAIC     ,CLIFTON CITY            ,12/28/2016,W ,1616,1,CLIFTON PD               ,,0,0,0,0,P,B,N,N,1,2,NJ 3                                              ,W,3,,00000003__      ,,2,6,2,1,1,1,2,1,,,,,F,MAIN AVE                 ,,55,,,,N,NONE                                                                            ,7201,16:15,120+07449
2.02E+17,PASSAIC     ,CLIFTON CITY            ,10/11/2017,WE,1936,1,CLIFTON PD               ,,0,0,0,0,P,B,N,N,2,2,NJ 3                                              ,W,3,,00000003__      ,,2,,2,2,3,1,4,1,,,,,F,PASSAIC AVE              ,NB,55,,40.8348,74.14806,N,,7240,19:35,120+07449
2.02E+17,PASSAIC     ,CLIFTON CITY            ,12/1/2015,TU,1817,1,CLIFTON PD               ,,0,0,0,0,P,B,N,N,2,2,NJ 3                                              ,W,3,,00000003__      ,0.6,2,1,2,2,6,2,1,1,500,FE,E,CR 623 / GROVE ST                  ,,,,50,35,,,N,NONE                                                                            ,7187,18:15,120P07448
2.02E+17,PASSAIC     ,CLIFTON CITY            ,10/11/2017,WE,1943,1,CLIFTON PD               ,,0,1,0,0,I,B,N,N,1,2,NJ 3                                              ,W,3,,00000003__      ,2.66,2,,2,2,7,1,5,1,100,FE,E,CR 622 / BLOOMFIELD AVE            ,,,,55,25,40.84064,74.16044,N,,7201,19:45,120+07444
2.02E+17,PASSAIC     ,CLIFTON CITY            ,8/24/2018,FR,944,1,CLIFTON PD               ,,0,0,0,0,P,B,N,N,1,2,NJ 3                                              ,W,3,,00000003__      ,3.4,2,,2,1,1,1,1,1,,,,,F,PASSAIC AVE              ,NB,55,,40.83435,74.14794,N,,7099,9:45,120+07443
2.02E+17,PASSAIC     ,CLIFTON CITY            ,12/29/2016,TH,1541,1,CLIFTON PD               ,,0,2,0,0,I,B,N,N,1,3,NJ 3                                              ,W,3,,00000003__      ,,2,1,2,2,1,2,5,1,,,,,F,ROUTE 21                 ,NB,55,,,,N,NONE                                                                            ,7201,15:40,120+07449
2.02E+17,PASSAIC     ,CLIFTON CITY            ,10/12/2017,TH,931,1,CLIFTON PD               ,,0,1,0,0,I,B,N,N,1,2,NJ 3                                              ,W,3,,00000003__      ,0.7,2,,2,2,1,5,5,1,1000,FE,E,CR 623 / GROVE ST                  ,,,,55,25,40.86087,74.18039,N,,7096,9:30,120P07448
2.02E+17,PASSAIC     ,CLIFTON CITY            ,12/1/2015,TU,1835,1,CLIFTON PD               ,,0,0,0,0,P,B,N,N,1,2,NJ 3                                              ,W,3,,00000003__      ,4.83,2,1,2,2,6,2,1,1,300,FE,W,NJ 21                              ,,,,50,50,,,N,NONE                                                                            ,7187,18:35,120P04739
2.02E+17,PASSAIC     ,CLIFTON CITY            ,8/24/2018,FR,1330,1,CLIFTON PD               ,,0,0,0,0,P,B,N,N,11,1,NJ 3                                              ,W,3,,00000003__      ,4.87,2,,2,1,1,1,1,1,100,FE,W,NJ 21                              ,,,,55,55,40.8271,74.1323,N,,7185,13:30,120P04739
2.02E+17,PASSAIC     ,CLIFTON CITY            ,12/30/2016,F ,1310,1,CLIFTON PD               ,,0,0,0,0,P,B,N,N,2,2,NJ 3                                              ,W,3,,00000003__      ,,2,1,2,1,1,1,1,1,50,FE,N,,T,ROUTE 21                 ,NB,55,,,,N,NONE                                                                            ,7128,13:10,120+07449
2.02E+17,PASSAIC     ,CLIFTON CITY            ,10/12/2017,TH,1710,1,CLIFTON PD               ,,0,0,0,0,P,B,N,N,1,2,NJ 3                                              ,W,3,,00000003__      ,0.7,2,,2,1,1,1,1,1,1000,FE,E,CR 623 / GROVE ST                  ,,,,55,25,40.86565,74.18162,N,,7105,17:10,120P07448
2.02E+17,PASSAIC     ,CLIFTON CITY            ,12/2/2015,W ,604,1,CLIFTON PD               ,,0,0,0,0,P,B,N,N,2,3,NJ 3                                              ,W,3,,00000003__      ,1.01,2,1,2,2,2,2,1,1,1320,FE,W,ROUTE 509 / BROAD ST               ,,,,50,35,,,N,NONE                                                                            ,7221,6:05,120+07448
2.02E+17,PASSAIC     ,CLIFTON CITY            ,8/24/2018,FR,1756,1,CLIFTON PD               ,,0,0,0,0,P,B,N,N,1,2,NJ 3                                              ,W,3,,00000003__      ,3.88,2,,2,1,1,1,4,1,300,FE,E,CR 601 / MAIN AVE                  ,,,,55,25,40.831,74.1408,N,,7211,17:55,120+07442
2.02E+17,PASSAIC     ,CLIFTON CITY            ,12/30/2016,F ,1753,1,CLIFTON PD               ,,0,1,0,0,I,B,N,N,1,2,NJ 3                                              ,W,3,,00000003__      ,,2,1,2,2,6,1,5,1,,,,,T,MAIN AVE                 ,,55,,,,N,NONE                                                                            ,7201,17:55,120+07449
2.02E+17,PASSAIC     ,CLIFTON CITY            ,12/31/2016,SA,134,1,CLIFTON PD               ,,0,0,0,0,P,B,N,N,2,2,NJ 3                                              ,W,3,,00000003__      ,3.8,2,1,2,1,1,1,1,1,,,,,F,PASSAIC COUNTY 601       ,,55,,,,N,NONE                                                                            ,7152,1:35,120+07442
2.02E+17,PASSAIC     ,CLIFTON CITY            ,8/25/2018,SA,1235,1,CLIFTON PD               ,,0,0,0,0,P,I,N,N,1,2,NJ 3                                              ,W,3,,00000003__      ,3.82,2,,2,1,1,5,1,1,,AT,,,F,PC 601 / MAIN AV         ,,55,,40.83126,74.14132,N,,7098,12:35,120+07442
2.02E+17,PASSAIC     ,CLIFTON CITY            ,10/12/2017,TH,1726,1,CLIFTON PD               ,,0,0,0,0,P,B,N,N,1,2,NJ 3                                              ,W,3,,00000003__      ,,2,,2,1,1,1,1,1,500,FE,E,,,,,55,,40.85098,74.17362,N,,7105,17:25,120+07449
2.02E+17,PASSAIC     ,CLIFTON CITY            ,12/2/2015,W ,819,1,CLIFTON PD               ,,0,0,0,0,P,B,N,N,1,2,NJ 3                                              ,W,3,,00000003__      ,1.64,2,1,2,2,1,2,1,1,5280,FE,W,CR 622 / BLOOMFIELD AVE            ,,,,55,35,,,N,NONE                                                                            ,7152,8:20,120+07445
2.02E+17,PASSAIC     ,CLIFTON CITY            ,8/27/2018,MO,1259,1,CLIFTON PD               ,,0,0,0,0,P,B,N,N,1,2,NJ 3                                              ,W,3,,00000003__      ,3.47,2,,2,1,1,1,1,1,250,FE,E,CR 603 / PASSAIC AVE               ,,,,55,35,40.83107,74.14097,N,,7099,13:00,120+07443
2.02E+17,PASSAIC     ,CLIFTON CITY            ,12/31/2016,SA,1634,1,CLIFTON PD               ,,0,0,0,0,P,B,N,N,1,2,NJ 3                                              ,W,3,,00000003__      ,,2,6,2,1,1,1,2,1,,,,,F,MAIN AVE                 ,,55,,,,N,NONE                                                                            ,7201,16:35,120+07449
2.02E+17,PASSAIC     ,CLIFTON CITY            ,10/13/2017,FR,1701,1,CLIFTON PD               ,,0,1,0,0,I,B,N,N,1,2,NJ 3                                              ,W,3,,00000003__      ,2.74,2,,2,1,1,1,5,1,550,FE,E,CR 622 / BLOOMFIELD AVE            ,,,,55,25,40.84064,74.16044,N,,7201,17:00,120+07444
2.02E+16,PASSAIC     ,CLIFTON CITY            ,8/22/2016,M ,1733,1,CLIFTON PD               ,,0,0,0,0,P,B,N,N,1,2,NJ 3                                              ,W,3,,00000003__      ,,2,1,2,1,1,1,1,1,,,,,T,GROVE ST                 ,NB,55,,,,Y,NONE                                                                            ,7107,17:35,120+07449
2.02E+16,PASSAIC     ,CLIFTON CITY            ,8/22/2016,M ,2206,1,CLIFTON PD               ,,0,0,0,0,P,B,N,N,1,2,NJ 3                                              ,W,3,,00000003__      ,3.63,2,2,2,1,6,1,1,1,1000,FE,W,CR 601 / MAIN AVE                  ,,,,,25,,,N,NONE                                                                            ,7172,22:05,120P07442
2.02E+17,PASSAIC     ,CLIFTON CITY            ,10/15/2017,SU,1606,1,CLIFTON PD               ,,0,0,0,0,P,B,N,N,1,2,NJ 3                                              ,W,3,,00000003__      ,3.86,2,,2,1,1,5,1,1,200,FE,E,CR 601 / MAIN AVE                  ,,,,55,35,40.8308,74.14042,N,,550,16:05,120+07442
2.02E+16,PASSAIC     ,CLIFTON CITY            ,8/26/2016,F ,1156,1,CLIFTON PD               ,,0,1,0,0,I,B,N,N,1,2,NJ 3                                              ,W,3,,00000003__      ,,2,6,2,1,1,1,1,1,,,,,F,MAIN AVENUE              ,,15,,,,N,NONE                                                                            ,7173,11:55,120+07449
2.02E+17,PASSAIC     ,CLIFTON CITY            ,8/29/2018,WE,1045,1,CLIFTON PD               ,,0,0,0,0,P,B,N,N,1,2,NJ 3                                              ,W,3,,00000003__      ,0.51,2,,2,1,1,1,2,1,,,,,F,PC 623 / GROVE ST        ,NB,50,,40.86565,74.18162,N,,7155,10:45,120+07449
2.02E+17,PASSAIC     ,CLIFTON CITY            ,10/17/2017,TU,2032,1,CLIFTON PD               ,,0,2,0,0,I,B,N,N,1,2,NJ 3                                              ,W,3,,00000003__      ,3.83,2,,2,1,7,1,2,1,50,FE,E,CR 601 / MAIN AVE                  ,,,,55,25,40.83384,74.14617,N,,7201,20:30,120+07442
20161602B060-2016-00631A       ,PASSAIC     ,CLIFTON CITY            ,2/27/2016,SA,1937,2,NEW JERSEY STATE POLICE  ,TOTOWA-SUB - SQ,0,0,0,0,P,B,N,N,2,2,NJ 3                                              ,W,3,,00000003__      ,4,2,2,2,1,6,1,1,1,,,,,,,,50,,,,N,NONE                                                                            ,6748,19:35,120+07442
2.02E+17,PASSAIC     ,CLIFTON CITY            ,12/4/2015,F ,1854,1,CLIFTON PD               ,,0,0,0,0,P,B,N,N,1,2,NJ 3                                              ,W,3,,00000003__      ,,2,1,2,1,6,1,1,1,200,FE,E,,T,MAIN AVE                 ,,55,,,,N,NONE                                                                            ,7176,18:55,120+07449
2.02E+17,PASSAIC     ,CLIFTON CITY            ,10/18/2017,WE,847,1,CLIFTON PD               ,,0,1,0,0,I,B,N,N,1,2,NJ 3                                              ,W,3,,00000003__      ,1.35,2,,2,1,1,1,1,1,500,FE,E,ROUTE 509 / BROAD ST               ,,,,55,25,40.85098,74.17362,N,,,8:45,120P07446
2.02E+17,PASSAIC     ,CLIFTON CITY            ,8/30/2018,TH,1509,1,CLIFTON PD               ,,0,0,0,0,P,B,N,N,1,2,NJ 3                                              ,W,3,,00000003__      ,3.41,2,,2,1,1,1,1,1,50,FE,W,CR 603 / PASSAIC AVE               ,,,,55,25,40.8348,74.14806,N,,7201,15:10,120+07443
2.02E+17,PASSAIC     ,CLIFTON CITY            ,12/4/2015,F ,2229,1,CLIFTON PD               ,,0,2,0,0,I,B,N,N,1,2,NJ 3                                              ,W,3,,00000003__      ,,2,5,2,1,6,1,1,1,,,,,F,PASSAIC AVE              ,WB,35,,,,N,NONE                                                                            ,7105,22:30,120+07449
2.02E+17,PASSAIC     ,CLIFTON CITY            ,10/18/2017,WE,1638,1,CLIFTON PD               ,,0,0,0,0,P,B,N,N,1,2,NJ 3                                              ,W,3,,00000003__      ,0.47,2,,2,1,1,1,1,1,200,FE,W,CR 623 / GROVE ST                  ,,,,55,35,40.86565,74.18162,N,,550,16:40,120+07449
2.02E+17,PASSAIC     ,CLIFTON CITY            ,8/31/2018,FR,1501,1,CLIFTON PD               ,,0,0,0,0,P,B,N,N,2,2,NJ 3                                              ,W,3,,00000003__      ,1.26,2,,2,2,1,2,1,1,50,FE,W,,F,RT 509 / BROAD ST        ,WB,55,,40.85673,74.17909,N,,7145,15:00,120P07447
2.02E+17,PASSAIC     ,CLIFTON CITY            ,9/1/2018,SA,229,1,CLIFTON PD               ,,0,0,0,0,P,B,N,N,11,1,NJ 3                                              ,W,3,,00000003__      ,0.32,2,,2,1,6,1,1,1,1000,FE,W,CR 623 / GROVE ST                  ,,,,55,40,40.86565,74.18162,N,GUARDRAIL                                                                       ,7208,2:30,120+07449
2.02E+17,PASSAIC     ,CLIFTON CITY            ,12/7/2015,M ,58,1,CLIFTON PD               ,,0,2,0,0,I,B,N,N,1,2,NJ 3                                              ,W,3,,00000003__      ,1.24,2,1,2,1,6,1,1,1,100,FE,W,ROUTE 509 / BROAD ST               ,,,,55,,,,N,NONE                                                                            ,7241,6:00,120P07447
2.02E+17,PASSAIC     ,CLIFTON CITY            ,9/2/2018,SU,1313,1,CLIFTON PD               ,,0,0,0,0,P,B,N,N,1,2,NJ 3                                              ,W,3,,00000003__      ,3.8,2,,2,1,1,5,1,1,,,,,F,MAIN AVE                 ,NB,55,,40.83124,74.14119,N,,7077,13:15,120+07442
2.02E+17,PASSAIC     ,CLIFTON CITY            ,12/7/2015,M ,1304,1,CLIFTON PD               ,,0,0,0,0,P,B,N,N,1,2,NJ 3                                              ,W,3,,00000003__      ,,2,2,2,1,1,1,1,1,,,,,F,MAIN AVE                 ,WB,55,,,,N,NONE                                                                            ,7124,13:05,120+07449
2.02E+17,PASSAIC     ,CLIFTON CITY            ,10/19/2017,TH,1949,1,CLIFTON PD               ,,0,1,0,0,I,B,N,N,1,4,NJ 3                                              ,W,3,,00000003__      ,0.13,2,,2,1,6,1,1,1,660,FE,E,US 46                              ,,,,55,55,40.86849,74.18493,N,,,19:50,120+07449
2.02E+17,PASSAIC     ,CLIFTON CITY            ,9/3/2018,MO,1532,1,CLIFTON PD               ,,0,0,0,0,P,B,N,N,1,2,NJ 3                                              ,W,3,,00000003__      ,3.8,2,,2,1,1,1,1,1,,,,,F,MAIN AVE                 ,NB,55,,40.83181,74.14107,N,,7239,15:30,120+07442
2.02E+17,PASSAIC     ,CLIFTON CITY            ,12/8/2015,TU,752,1,CLIFTON PD               ,,0,0,0,0,P,B,N,N,1,2,NJ 3                                              ,W,3,,00000003__      ,0,2,1,2,1,1,1,5,1,300,FE,,US 46                              ,,,,55,50,,,N,NONE                                                                            ,7096,7:50,120+07449