CRASH_ID,CTY_NAME,MUN_NAME,DATE,DAY,TIME,POL_CODE,POL_DEPT,POL_STA,KILLED,INJURED,PED_KILL,PED_INJ,SEVERITY,INTERSEC,ALCOHOL,HAZMAT,CRASH_TYPE,VEH_COUNT,LOCATION,LOC_DIR,ROUTE,RT_SFX,SRI,MP,RD_SYS,RD_CHAR,RD_SURF,SURF_COND,LIGHT,WEATHER,RD_DIV,RD_WRKZN,X_DIST,DIST_UNT,X_DIR,X_NAME,IS_RAMP,RAMP_RT,RAMP_DIR,SPD_LMT,SPD_X,LAT,LONG,CELL_USE,PROP_DMG,BADGE,TIME_ROUND,TMC
2.02E+17,PASSAIC     ,CLIFTON CITY            ,10/20/2017,FR,1403,1,CLIFTON PD               ,,0,0,0,0,P,B,N,N,2,2,NJ 3                                              ,W,3,,00000003__      ,3.8,2,,2,1,1,1,5,1,100,FE,W,CR 601 / MAIN AVE                  ,,,,55,35,40.83133,74.1408,N,,7118,14:05,120+07442
2.02E+17,PASSAIC     ,CLIFTON CITY            ,12/8/2015,TU,843,1,CLIFTON PD               ,,0,0,0,0,P,B,N,N,1,2,NJ 3                                              ,W,3,,00000003__      ,0,2,1,2,1,1,1,3,1,200,FE,W,US 46                              ,,,,55,55,,,N,NONE                                                                            ,7107,8:45,120+07449
2.02E+17,PASSAIC     ,CLIFTON CITY            ,9/5/2018,WE,1212,1,CLIFTON PD               ,,0,0,0,0,P,B,N,N,1,2,NJ 3                                              ,W,3,,00000003__      ,3.82,2,,2,1,1,1,5,1,,,,,F,PC 601 /  MAIN AVENUE    ,,55,,40.83092,74.14067,N,,7077,12:10,120+07442
2.02E+17,PASSAIC     ,CLIFTON CITY            ,12/8/2015,TU,941,1,CLIFTON PD               ,,0,0,0,0,P,B,N,N,1,2,NJ 3                                              ,W,3,,00000003__      ,3.85,2,2,2,1,1,1,1,1,150,FE,E,CR 601 / MAIN AVE                  ,,,,55,35,,,N,NONE                                                                            ,7124,9:40,120+07442
2.02E+17,PASSAIC     ,CLIFTON CITY            ,12/9/2015,W ,940,1,CLIFTON PD               ,,0,0,0,0,P,B,N,N,2,2,NJ 3                                              ,W,3,,00000003__      ,3.95,2,1,2,1,1,5,1,1,700,FE,E,CR 601 / MAIN AVE                  ,,,,55,35,,,N,NONE                                                                            ,7138,9:40,120+07442
2.02E+17,PASSAIC     ,CLIFTON CITY            ,9/6/2018,TH,1504,1,CLIFTON PD               ,,0,0,0,0,P,B,N,N,1,2,NJ 3                                              ,W,3,,00000003__      ,3.4,2,,2,1,1,1,1,1,,,,,F,PASSAIC COUNTY 603       ,SB,55,,40.85673,74.17909,N,,7272,15:05,120+07443
2.02E+17,PASSAIC     ,CLIFTON CITY            ,12/10/2015,TH,1032,1,CLIFTON PD               ,,0,1,0,0,I,B,N,N,1,2,NJ 3                                              ,W,3,,00000003__      ,,2,5,2,1,1,1,1,1,,,,,F,MAIN AVE                 ,NB,55,,,,N,NONE                                                                            ,7204,10:30,120+07449
2.02E+17,PASSAIC     ,CLIFTON CITY            ,10/24/2017,TU,414,1,CLIFTON PD               ,,0,0,0,0,P,B,N,N,1,2,NJ 3                                              ,W,3,,00000003__      ,0,2,,2,1,6,1,4,1,450,FE,E,PASSSAIC COUNTY 621                ,,,,55,35,,,N,,,4:15,120+07449
2.02E+17,PASSAIC     ,CLIFTON CITY            ,10/24/2017,TU,855,1,CLIFTON PD               ,,0,1,0,0,I,B,N,N,1,2,NJ 3                                              ,W,3,,00000003__      ,0.48,2,,2,2,1,2,5,1,150,FE,W,CR 623 / GROVE ST                  ,,,,55,35,40.8641,74.18119,N,,7131,8:55,120+07449
2.02E+17,PASSAIC     ,CLIFTON CITY            ,9/8/2018,SA,1402,1,CLIFTON PD               ,,0,1,0,0,I,B,N,N,2,2,NJ 3                                              ,W,3,,00000003__      ,3.42,2,,2,1,1,5,5,1,,,,,F,PC 603 / PASSAIC AVE     ,,55,,40.83545,74.15033,N,,7118,14:00,120+07443
2.02E+17,PASSAIC     ,CLIFTON CITY            ,12/11/2015,F ,2058,1,CLIFTON PD               ,,0,0,0,0,P,B,N,N,1,2,NJ 3                                              ,W,3,,00000003__      ,,2,2,2,1,6,1,2,1,,,,,F,PASSAIC COUNTY 601       ,,20,,,,N,NONE                                                                            ,7166,21:00,120+07449
2.02E+17,PASSAIC     ,CLIFTON CITY            ,9/8/2018,SA,1645,1,CLIFTON PD               ,,0,2,0,0,I,B,N,N,1,2,NJ 3                                              ,W,3,,00000003__      ,0.57,2,,2,2,1,2,1,1,300,FE,E,CR 623 / GROVE ST                  ,,,,55,25,40.86565,74.18162,N,,7105,16:45,120P07448
2.02E+17,PASSAIC     ,CLIFTON CITY            ,12/14/2015,M ,9,1,CLIFTON PD               ,,0,1,0,0,I,B,N,N,1,2,NJ 3                                              ,W,3,,00000003__      ,3.78,2,2,2,1,6,1,1,1,200,FE,W,CR 601 / MAIN AVE                  ,,,,55,25,,,N,NONE                                                                            ,7175,9:10,120+07442
2.02E+17,PASSAIC     ,CLIFTON CITY            ,10/24/2017,TU,1846,1,CLIFTON PD               ,,0,0,0,0,P,B,N,N,1,2,NJ 3                                              ,W,3,,00000003__      ,3.83,2,,2,2,7,1,4,1,50,FE,E,CR 601 / MAIN AVE                  ,,,,55,25,40.8348,74.14806,N,,7201,18:45,120+07442
2.02E+17,PASSAIC     ,CLIFTON CITY            ,12/15/2015,TU,1258,1,CLIFTON PD               ,,0,2,0,0,I,B,N,N,1,2,NJ 3                                              ,W,3,,00000003__      ,,2,2,2,1,1,1,1,1,,,,,F,MAIN AVE                 ,WB,55,,,,N,NONE                                                                            ,7124,13:00,120+07449
2.02E+17,PASSAIC     ,CLIFTON CITY            ,12/15/2015,TU,1651,1,CLIFTON PD               ,,0,0,0,0,P,B,N,N,2,2,NJ 3                                              ,W,3,,00000003__      ,,2,1,2,1,6,1,1,1,,,,,F,ALLWOOD RD               ,WB,50,,,,N,NONE                                                                            ,7239,16:50,120+07449
2.02E+17,PASSAIC     ,CLIFTON CITY            ,10/26/2017,TH,743,1,CLIFTON PD               ,,0,0,0,0,P,B,N,N,2,2,NJ 3                                              ,W,3,,00000003__      ,3.4,2,,2,1,1,1,5,1,100,FE,W,CR 603 / PASSAIC AVE               ,,,,55,,40.83448,74.14752,N,,7118,7:45,120+07443
2.02E+17,PASSAIC     ,CLIFTON CITY            ,12/16/2015,W ,748,1,CLIFTON PD               ,,0,0,0,0,P,B,N,N,1,2,NJ 3                                              ,W,3,,00000003__      ,3.86,2,2,2,1,1,1,1,1,200,FE,E,CR 601 / MAIN AVE                  ,,,,55,35,,,N,NONE                                                                            ,7124,7:50,120+07442
2.02E+17,PASSAIC     ,CLIFTON CITY            ,12/16/2015,W ,1532,1,CLIFTON PD               ,,0,1,0,0,I,I,N,N,1,2,NJ 3                                              ,W,3,,00000003__      ,0.51,2,5,2,1,1,1,1,1,,AT,,,F,CR 623 / GROVE ST        ,SB,55,,,,N,NONE                                                                            ,7205,15:30,120+07449
2.02E+17,PASSAIC     ,CLIFTON CITY            ,9/10/2018,MO,1319,1,CLIFTON PD               ,,0,0,0,0,P,B,N,N,1,2,NJ 3                                              ,W,3,,00000003__      ,3.8,2,,2,2,1,2,5,1,,,,,F,MAIN AVE                 ,WB,55,,40.83125,74.14122,N,,7096,13:20,120+07442
2.02E+17,PASSAIC     ,CLIFTON CITY            ,9/11/2018,TU,611,1,CLIFTON PD               ,,0,0,0,0,P,B,N,N,11,1,NJ 3                                              ,W,3,,00000003__      ,0.06,2,,1,2,2,2,1,1,300,FE,W,US 46 / CR 621 / VALLEY RD         ,,,,50,35,40.86873,74.1852,N,,7244,6:10,120+07449
2.02E+17,PASSAIC     ,CLIFTON CITY            ,12/16/2015,W ,1707,1,CLIFTON PD               ,,0,0,0,0,P,B,N,N,1,2,NJ 3                                              ,W,3,,00000003__      ,,2,1,2,1,6,1,1,1,300,FE,E,,T,PARKWAY                  ,NB,55,,,,N,NONE                                                                            ,7153,17:05,120+07449
2.02E+17,PASSAIC     ,CLIFTON CITY            ,12/17/2015,TH,1551,1,CLIFTON PD               ,,0,0,0,0,P,B,N,N,1,2,NJ 3                                              ,W,3,,00000003__      ,0.04,2,4,2,2,6,2,2,1,200,FE,E,US 46                              ,,,,55,55,,,N,NONE                                                                            ,7166,15:50,120+07449
2.02E+17,PASSAIC     ,CLIFTON CITY            ,9/11/2018,TU,1513,1,CLIFTON PD               ,,0,0,0,0,P,B,N,N,1,3,NJ 3                                              ,W,3,,00000003__      ,2.73,2,,2,1,1,5,1,1,500,FE,E,CR 622 / BLOOMFIELD AVE            ,,,,50,25,40.84022,74.1604,N,,,15:15,120+07444
2.02E+17,PASSAIC     ,CLIFTON CITY            ,9/12/2018,WE,723,1,CLIFTON PD               ,,0,0,0,0,P,B,N,N,1,2,NJ 3                                              ,W,3,,00000003__      ,3.42,2,,2,2,1,5,5,1,,,,,F,PC 603 / PASSAIC AVE     ,,55,,40.83448,74.14752,N,,7077,7:25,120+07443
2.02E+17,PASSAIC     ,CLIFTON CITY            ,10/28/2017,SA,1035,1,CLIFTON PD               ,,0,0,0,0,P,B,N,N,1,2,NJ 3                                              ,W,3,,00000003__      ,3.82,2,,2,1,1,1,5,1,,,,,F,MAIN AVE                 ,WB,55,,40.83124,74.14123,N,,7096,10:35,120+07442
2.02E+17,PASSAIC     ,CLIFTON CITY            ,12/18/2015,F ,1011,1,CLIFTON PD               ,,0,0,0,0,P,B,N,N,1,2,NJ 3                                              ,W,3,,00000003__      ,,2,4,2,1,1,5,5,1,,,N,,F,CR 601                   ,NB,55,,,,N,NONE                                                                            ,7131,10:10,120+07449
2.02E+17,PASSAIC     ,CLIFTON CITY            ,12/18/2015,F ,1728,1,CLIFTON PD               ,,0,3,0,0,I,B,N,N,1,2,NJ 3                                              ,W,3,,00000003__      ,2.62,2,2,2,1,6,1,1,1,100,FE,W,CR 622 / BLOOMFIELD AVE            ,,,,55,25,,,N,NONE                                                                            ,7166,17:30,120+07444
2.02E+17,PASSAIC     ,CLIFTON CITY            ,10/28/2017,SA,1501,1,CLIFTON PD               ,,0,1,0,0,I,B,N,N,1,2,NJ 3                                              ,W,3,,00000003__      ,3.88,2,,2,1,1,1,1,1,300,FE,E,CR 601 / MAIN AVE                  ,,,,55,,40.83181,74.14107,N,,,15:00,120+07442
2.02E+17,PASSAIC     ,CLIFTON CITY            ,9/12/2018,WE,758,1,CLIFTON PD               ,,0,0,0,0,P,B,N,N,1,2,NJ 3                                              ,W,3,,00000003__      ,4.7,2,,2,2,1,5,1,1,1000,FE,W,NJ 21                              ,,,,55,50,40.82549,74.12897,N,,7098,8:00,120P04739
2.02E+17,PASSAIC     ,CLIFTON CITY            ,9/12/2018,WE,849,1,CLIFTON PD               ,,0,1,0,0,I,I,N,N,2,2,NJ 3                                              ,W,3,,00000003__      ,0.17,2,,2,2,1,5,4,2,,AT,,US 46                              ,,,,50,50,40.86955,74.18604,N,,7176,8:50,120+07449
2.02E+17,PASSAIC     ,CLIFTON CITY            ,10/28/2017,SA,1534,1,CLIFTON PD               ,,0,0,0,0,P,B,N,N,1,3,NJ 3                                              ,W,3,,00000003__      ,3.83,2,,2,1,1,1,1,1,50,FE,E,CR 601 / MAIN AVE                  ,,,,55,35,40.83061,74.13987,N,,,15:35,120+07442
2.02E+17,PASSAIC     ,CLIFTON CITY            ,10/29/2017,SU,1038,1,CLIFTON PD               ,,0,0,0,0,P,B,N,N,1,2,NJ 3                                              ,W,3,,00000003__      ,0,2,,2,2,1,2,5,1,,,,,T,US 46                    ,WB,50,,40.87205,74.18952,N,,7167,10:40,120+07449
2.02E+17,PASSAIC     ,CLIFTON CITY            ,9/12/2018,WE,1454,1,CLIFTON PD               ,,0,0,0,0,P,B,N,N,1,2,NJ 3                                              ,W,3,,00000003__      ,3.43,2,,2,1,1,1,1,1,50,FE,E,CR 603 / PASSAIC AVE               ,,,,55,25,40.83545,74.15033,N,,7201,14:55,120+07443
2.02E+17,PASSAIC     ,CLIFTON CITY            ,12/18/2015,F ,2118,1,CLIFTON PD               ,,0,0,0,0,P,I,N,N,1,2,NJ 3                                              ,W,3,,00000003__      ,,2,5,2,1,5,1,1,1,,AT,,,F,CR 601                   ,,55,,,,N,NONE                                                                            ,7176,21:20,120+07449
2.02E+17,PASSAIC     ,CLIFTON CITY            ,9/13/2018,TH,1700,1,CLIFTON PD               ,,0,0,0,0,P,B,N,N,1,2,NJ 3                                              ,W,3,,00000003__      ,0.46,2,,2,1,1,1,1,1,250,FE,W,CR 623 / GROVE ST                  ,,,,55,25,40.86955,74.18604,N,,7252,17:00,120+07449
2.02E+17,PASSAIC     ,CLIFTON CITY            ,12/19/2015,SA,1232,1,CLIFTON PD               ,,0,0,0,0,P,B,N,N,1,2,NJ 3                                              ,W,3,,00000003__      ,,2,2,2,1,1,1,1,1,,,,,F,MAIN AVE                 ,WB,55,,,,N,NONE                                                                            ,7124,12:30,120+07449
2.02E+17,PASSAIC     ,CLIFTON CITY            ,10/29/2017,SU,2357,1,CLIFTON PD               ,,0,1,0,0,I,B,N,N,11,1,NJ 3                                              ,W,3,,00000003__      ,0.42,2,,2,2,7,2,1,1,500,FE,W,CR 623 / GROVE ST                  ,,,,50,,40.86565,74.18162,N,,7221,23:55,120+07449
2.02E+17,PASSAIC     ,CLIFTON CITY            ,12/19/2015,SA,1349,1,CLIFTON PD               ,,0,1,0,0,I,B,N,N,1,2,NJ 3                                              ,W,3,,00000003__      ,1.31,2,1,2,1,1,1,5,1,250,FE,E,ROUTE 509 / BROAD ST               ,,,,,25,,,N,NONE                                                                            ,7096,13:50,120P07446
2.02E+17,PASSAIC     ,CLIFTON CITY            ,9/14/2018,FR,1640,1,CLIFTON PD               ,,0,0,0,0,P,B,N,N,1,2,NJ 3                                              ,W,3,,00000003__      ,3.43,2,,2,1,1,1,2,1,50,FE,E,CR 603 / PASSAIC AVE               ,,,,55,25,40.83436,74.14799,N,,7201,16:40,120+07443
2.02E+17,PASSAIC     ,CLIFTON CITY            ,9/15/2018,SA,1543,1,CLIFTON PD               ,,0,0,0,0,P,B,N,N,2,2,NJ 3                                              ,W,3,,00000003__      ,0.5,2,,2,1,1,1,1,1,35,FE,W,CR 623 / GROVE ST                  ,,,,55,35,40.86572,74.18225,N,,7276,15:45,120+07449
2.02E+17,PASSAIC     ,CLIFTON CITY            ,10/30/2017,MO,809,1,CLIFTON PD               ,,0,0,0,0,P,B,N,N,1,2,NJ 3                                              ,W,3,,00000003__      ,1.24,2,,2,2,1,2,5,1,100,FE,W,ROUTE 509 / BROAD ST               ,,,,50,30,,,N,,7167,8:10,120P07447
2.02E+17,PASSAIC     ,CLIFTON CITY            ,12/19/2015,SA,1442,1,CLIFTON PD               ,,0,0,0,0,P,B,N,N,1,2,NJ 3                                              ,W,3,,00000003__      ,1.44,2,1,2,1,1,1,1,1,200,FE,E,GARDEN STATE PARKWAY               ,,,,55,55,,,N,NONE                                                                            ,7124,14:40,120P07446
2.02E+17,PASSAIC     ,CLIFTON CITY            ,9/16/2018,SU,1226,1,CLIFTON PD               ,,0,1,0,0,I,I,N,N,2,3,NJ 3                                              ,W,3,,00000003__      ,0.51,2,,2,1,1,1,1,1,,AT,,CR 623 / GROVE ST                  ,,,,55,25,40.86565,74.18162,N,,,12:25,120+07449
2.02E+17,PASSAIC     ,CLIFTON CITY            ,12/21/2015,M ,1740,1,CLIFTON PD               ,,0,0,0,0,P,B,N,N,1,2,NJ 3                                              ,W,3,,00000003__      ,4.82,2,2,2,1,6,1,1,1,5280,FE,E,CR 601 / MAIN AVE                  ,,,,55,,,,N,NONE                                                                            ,7176,17:40,120P04739
2.02E+17,PASSAIC     ,CLIFTON CITY            ,10/30/2017,MO,1550,1,CLIFTON PD               ,,0,0,0,0,P,B,N,N,1,2,NJ 3                                              ,W,3,,00000003__      ,,2,,2,1,1,1,1,1,100,FE,E,,T,CR 602                   ,,50,,,,N,,7238,15:50,120+07449
2.02E+17,PASSAIC     ,CLIFTON CITY            ,10/30/2017,MO,1558,1,CLIFTON PD               ,,0,0,0,0,P,B,N,N,1,2,NJ 3                                              ,W,3,,00000003__      ,0.57,2,,2,1,1,1,1,1,300,FE,E,CR 623 / GROVE ST                  ,,,,55,25,40.86285,74.18079,N,,547,16:00,120P07448
2.02E+17,PASSAIC     ,CLIFTON CITY            ,9/16/2018,SU,1514,1,CLIFTON PD               ,,0,0,0,0,P,B,N,N,1,2,NJ 3                                              ,W,3,,00000003__      ,3.87,2,,2,1,1,1,4,1,250,FE,E,CR 601 / MAIN AVE                  ,,,,55,25,40.83133,74.1408,N,,7211,15:15,120+07442
2.02E+17,PASSAIC     ,CLIFTON CITY            ,10/30/2017,MO,1739,1,CLIFTON PD               ,,0,0,0,0,P,B,N,N,1,3,NJ 3                                              ,W,3,,00000003__      ,0.55,2,,2,1,1,1,1,1,200,FE,E,CR 623 / GROVE ST                  ,,,,55,25,40.86565,74.18162,N,,,17:40,120+07449
2.02E+17,PASSAIC     ,CLIFTON CITY            ,9/16/2018,SU,1740,1,CLIFTON PD               ,,0,0,0,0,P,B,N,N,2,2,NJ 3                                              ,W,3,,00000003__      ,3.43,2,,2,1,1,1,1,1,50,FE,E,CR 603 / PASSAIC AVE               ,,,,55,35,40.83426,74.14784,N,,7124,17:40,120+07443
2.02E+17,PASSAIC     ,CLIFTON CITY            ,12/22/2015,TU,1258,1,CLIFTON PD               ,,0,0,0,0,P,B,N,N,1,3,NJ 3                                              ,W,3,,00000003__      ,1.33,2,1,2,2,1,2,5,1,350,FE,E,ROUTE 509 / BROAD ST               ,,,,55,25,,,N,NONE                                                                            ,7096,13:00,120P07446
2.02E+17,PASSAIC     ,CLIFTON CITY            ,10/30/2017,MO,2035,1,CLIFTON PD               ,,0,1,0,0,I,B,N,N,1,3,NJ 3                                              ,W,3,,00000003__      ,3.86,2,,2,1,6,1,1,1,200,FE,E,CR 601 / MAIN AVE                  ,,,,55,35,40.83034,74.13939,N,,,20:35,120+07442
2.02E+17,PASSAIC     ,CLIFTON CITY            ,9/16/2018,SU,1821,1,CLIFTON PD               ,,0,1,0,0,I,B,N,N,1,2,NJ 3                                              ,W,3,,00000003__      ,3.87,2,,2,1,1,1,4,1,250,FE,E,CR 601 / MAIN AVE                  ,,,,55,25,40.83133,74.1408,N,,7211,18:20,120+07442
2.02E+17,PASSAIC     ,CLIFTON CITY            ,11/5/2017,SU,2006,1,CLIFTON PD               ,,0,0,0,0,P,B,Y,N,1,2,NJ 3                                              ,W,3,,00000003__      ,1.26,2,,2,1,6,1,1,1,10,FE,S,CR 602                             ,,,,55,25,40.85446,74.17628,N,,547,20:05,120P07447
2.02E+17,PASSAIC     ,CLIFTON CITY            ,9/17/2018,MO,1226,1,CLIFTON PD               ,,0,1,0,0,I,B,N,N,1,2,NJ 3                                              ,W,3,,00000003__      ,0.51,2,,2,1,1,5,5,1,10,FE,W,CR 623 / GROVE ST                  ,,,,55,25,40.86554,74.1821,N,,7131,12:25,120+07449
2.02E+17,PASSAIC     ,CLIFTON CITY            ,11/7/2017,TU,1739,1,CLIFTON PD               ,,0,0,0,0,P,B,N,N,1,2,NJ 3                                              ,W,3,,00000003__      ,,2,,2,2,6,2,1,1,1056,FE,W,,F,CR 603                   ,SB,55,,40.83684,74.15337,N,,7238,17:40,120+07449
2.02E+17,PASSAIC     ,CLIFTON CITY            ,9/17/2018,MO,1830,1,CLIFTON PD               ,,0,0,0,0,P,B,N,N,1,2,NJ 3                                              ,W,3,,00000003__      ,2.68,2,,2,2,1,2,1,1,200,FE,E,CR 622 / BLOOMFIELD AVE            ,,,,55,25,40.83857,74.15698,N,,7256,18:30,120+07444
2.02E+17,PASSAIC     ,CLIFTON CITY            ,11/8/2017,WE,833,1,CLIFTON PD               ,,0,0,0,0,P,B,N,N,1,2,NJ 3                                              ,W,3,,00000003__      ,4.42,2,,2,2,1,1,5,1,,,,,F,RIVER RD                 ,,55,,40.82806,74.13439,N,,7118,8:35,120+04740
2.02E+17,PASSAIC     ,CLIFTON CITY            ,12/22/2015,TU,1758,1,CLIFTON PD               ,,0,0,0,0,P,I,N,N,1,3,NJ 3                                              ,W,3,,00000003__      ,,2,1,2,2,6,2,1,1,,AT,,,T,CR 623                   ,NB,55,,,,N,NONE                                                                            ,7215,18:00,120+07449
2.02E+17,PASSAIC     ,CLIFTON CITY            ,11/8/2017,WE,1551,1,CLIFTON PD               ,,0,0,0,0,P,B,N,N,2,2,NJ 3                                              ,W,3,,00000003__      ,0.15,2,,2,1,1,1,1,1,800,FE,W,US 46                              ,,,,55,50,40.86955,74.18604,N,,550,15:50,120+07449
2.02E+17,PASSAIC     ,CLIFTON CITY            ,9/18/2018,TU,852,1,CLIFTON PD               ,,0,0,0,0,P,B,N,N,1,2,NJ 3                                              ,W,3,,00000003__      ,1.32,2,,2,2,1,2,5,1,300,FE,E,ROUTE 509 / BROAD ST               ,,,,55,25,40.85014,74.17316,N,,7131,8:50,120P07446
2.02E+17,PASSAIC     ,CLIFTON CITY            ,12/22/2015,TU,1832,1,CLIFTON PD               ,,0,0,0,0,P,B,N,N,1,3,NJ 3                                              ,W,3,,00000003__      ,2.73,2,1,2,1,6,5,1,1,500,FE,E,CR 622 / BLOOMFIELD AVE            ,,,,55,,,,N,NONE OBSERVED/REPORTED                                                          ,7177,18:30,120+07444
2.02E+17,PASSAIC     ,CLIFTON CITY            ,9/18/2018,TU,1014,1,CLIFTON PD               ,,0,0,0,0,P,B,N,N,2,2,NJ 3                                              ,W,3,,00000003__      ,0.49,2,,2,2,1,5,5,1,100,FE,W,CR 623 / GROVE ST                  ,,,,55,35,40.87205,74.18952,N,,7131,10:15,120+07449
2.02E+17,PASSAIC     ,CLIFTON CITY            ,12/22/2015,TU,2146,1,CLIFTON PD               ,,0,1,0,0,I,B,N,N,1,2,NJ 3                                              ,W,3,,00000003__      ,,2,5,2,2,6,1,1,1,,,,,F,MAIN AVE                 ,,25,,,,N,NONE                                                                            ,7166,21:45,120+07449
2.02E+17,PASSAIC     ,CLIFTON CITY            ,11/8/2017,WE,1944,1,CLIFTON PD               ,,0,1,0,0,I,B,N,N,1,2,NJ 3                                              ,W,3,,00000003__      ,,2,,2,1,6,1,1,1,500,FE,E,,,,,55,,40.86565,74.18162,N,,7105,19:45,120+07449
2.02E+17,PASSAIC     ,CLIFTON CITY            ,11/9/2017,TH,1924,1,CLIFTON PD               ,,0,0,0,0,P,B,N,N,1,2,NJ 3                                              ,W,3,,00000003__      ,3.81,2,,2,1,1,1,1,1,50,FE,W,CR 601 / MAIN AVE                  ,,,,55,25,40.83133,74.1408,N,,7201,19:25,120+07442
2.02E+17,PASSAIC     ,CLIFTON CITY            ,9/18/2018,TU,1059,1,CLIFTON PD               ,,0,1,0,0,I,B,N,N,1,2,NJ 3                                              ,W,3,,00000003__      ,3.82,2,,2,2,1,5,5,1,,,,,T,PC 601 / MAIN AVE        ,WB,55,,40.83133,74.1408,N,,7096,11:00,120+07442
2.02E+17,PASSAIC     ,CLIFTON CITY            ,12/23/2015,W ,1529,1,CLIFTON PD               ,,0,0,0,0,P,B,N,N,2,2,NJ 3                                              ,W,3,,00000003__      ,4.88,2,2,2,2,1,2,1,1,60,FE,W,NJ 21                              ,,,,55,,,,N,NONE OBSERVED / REPORTED                                                        ,7177,15:30,120P04739
2.02E+17,PASSAIC     ,CLIFTON CITY            ,9/19/2018,WE,829,1,CLIFTON PD               ,,0,1,0,0,I,B,N,N,1,3,NJ 3                                              ,W,3,,00000003__      ,0.02,2,,2,1,1,1,5,1,100,FE,E,US 46 / CR 621 / VALLEY RD         ,,,,55,35,40.86873,74.1852,N,,7131,8:30,120+07449
2.02E+17,PASSAIC     ,CLIFTON CITY            ,11/11/2017,SA,728,1,CLIFTON PD               ,,0,1,0,0,I,B,N,N,1,2,NJ 3                                              ,W,3,,00000003__      ,3.78,2,,2,1,1,1,1,1,200,FE,W,CR 601 / MAIN AVE                  ,,,,55,35,40.83092,74.14067,N,EXXON GAS SIGN POST                                                             ,7135,7:30,120+07442
2.02E+17,PASSAIC     ,CLIFTON CITY            ,12/26/2015,SA,2147,1,CLIFTON PD               ,,0,1,0,0,I,B,N,N,1,2,NJ 3                                              ,W,3,,00000003__      ,,2,5,2,2,6,2,2,1,,,,,F,PASSAIC AVE              ,,20,,,,N,NONE                                                                            ,7166,21:45,120+07449
2.02E+17,PASSAIC     ,CLIFTON CITY            ,12/27/2015,S ,741,1,CLIFTON PD               ,,0,0,0,0,P,B,N,N,11,1,NJ 3                                              ,W,3,,00000003__      ,0,2,4,2,2,1,2,3,1,60,FE,W,US 46                              ,,,,50,50,,,N,CURB                                                                            ,7080,7:40,120+07449
2.02E+17,PASSAIC     ,CLIFTON CITY            ,9/20/2018,TH,1259,1,CLIFTON PD               ,,0,1,0,0,I,B,N,N,2,3,NJ 3                                              ,W,3,,00000003__      ,2.7,2,,2,1,1,1,5,1,300,FE,E,CR 622 / BLOOMFIELD AVE            ,,,,55,,40.8348,74.14806,N,,7118,13:00,120+07444
2.02E+17,PASSAIC     ,CLIFTON CITY            ,11/13/2017,MO,923,1,CLIFTON PD               ,,0,1,0,0,I,B,N,N,1,2,NJ 3                                              ,W,3,,00000003__      ,3.8,2,,2,2,1,2,5,1,100,FE,W,CR 601 / MAIN AVE                  ,,,,55,35,40.83176,74.14248,N,,7131,9:25,120+07442
2.02E+17,PASSAIC     ,CLIFTON CITY            ,11/13/2017,MO,1847,1,CLIFTON PD               ,,0,0,0,0,P,B,N,N,2,2,NJ 3                                              ,W,3,,00000003__      ,4.01,2,,2,1,6,1,1,1,1000,FE,E,CR 601 / MAIN AVE                  ,,,,55,35,40.82887,74.13622,N,,7238,18:45,120+07442
2.02E+17,PASSAIC     ,CLIFTON CITY            ,11/13/2017,MO,1927,1,CLIFTON PD               ,,0,0,0,0,P,B,N,N,1,2,NJ 3                                              ,W,3,,00000003__      ,3.82,2,,2,1,6,1,1,1,25,FE,W,CR 601 / MAIN AVE                  ,,,,55,35,40.83077,74.14028,N,,542,19:25,120+07442
2.02E+17,PASSAIC     ,CLIFTON CITY            ,12/28/2015,M ,1323,1,CLIFTON PD               ,,0,0,0,0,P,B,N,N,1,2,NJ 3                                              ,W,3,,00000003__      ,,2,4,2,1,1,1,5,1,,,,,T,CR 602                   ,EB,,,,,N,NONE                                                                            ,7180,13:25,120+07449
2.02E+17,PASSAIC     ,CLIFTON CITY            ,9/20/2018,TH,1818,1,CLIFTON PD               ,,0,1,0,0,I,B,N,N,1,3,NJ 3                                              ,W,3,,00000003__      ,2.58,2,,2,1,1,1,1,1,300,FE,W,CR 622 / BLOOMFIELD AVE            ,,,,55,25,40.84064,74.16044,N,,7201,18:20,120+07444
2.02E+17,PASSAIC     ,CLIFTON CITY            ,11/14/2017,TU,1146,1,CLIFTON PD               ,,0,0,0,0,P,I,N,N,1,2,NJ 3                                              ,W,3,,00000003__      ,3.82,2,,2,1,1,1,1,1,,AT,W,,F,CR 601                   ,SB,55,,40.83181,74.14107,N,,7135,11:45,120+07442
2.02E+17,PASSAIC     ,CLIFTON CITY            ,12/30/2015,W ,1703,1,CLIFTON PD               ,,0,2,0,0,I,B,N,N,2,2,NJ 3                                              ,W,3,,00000003__      ,2.49,2,1,2,1,4,1,1,1,800,FE,W,CR 622 / BLOOMFIELD AVE            ,,,,55,35,,,N,PSE&G POLE 12833C                                                               ,7105,17:05,120+07444
2.02E+17,PASSAIC     ,CLIFTON CITY            ,9/22/2018,SA,1336,1,CLIFTON PD               ,,0,0,0,0,P,B,N,N,1,2,NJ 3                                              ,W,3,,00000003__      ,3.8,2,,2,1,1,1,1,1,,,,,F,MAIN AVE                 ,NB,55,,40.83124,74.14129,N,,7099,13:35,120+07442
2.02E+17,PASSAIC     ,CLIFTON CITY            ,12/30/2015,W ,1913,1,CLIFTON PD               ,,0,0,0,0,P,B,N,N,2,2,NJ 3                                              ,W,3,,00000003__      ,2.46,2,1,2,1,5,1,1,4,950,FE,W,CR 622 / BLOOMFIELD AVE            ,,,,55,35,,,N,NONE                                                                            ,7105,19:15,120P07444