CRASH_ID,CTY_NAME,MUN_NAME,DATE,DAY,TIME,POL_CODE,POL_DEPT,POL_STA,KILLED,INJURED,PED_KILL,PED_INJ,SEVERITY,INTERSEC,ALCOHOL,HAZMAT,CRASH_TYPE,VEH_COUNT,LOCATION,LOC_DIR,ROUTE,RT_SFX,SRI,MP,RD_SYS,RD_CHAR,RD_SURF,SURF_COND,LIGHT,WEATHER,RD_DIV,RD_WRKZN,X_DIST,DIST_UNT,X_DIR,X_NAME,IS_RAMP,RAMP_RT,RAMP_DIR,SPD_LMT,SPD_X,LAT,LONG,CELL_USE,PROP_DMG,BADGE,TIME_ROUND,TMC
2.02E+17,PASSAIC     ,CLIFTON CITY            ,11/14/2017,TU,1534,1,CLIFTON PD               ,,0,0,0,0,P,B,N,N,2,2,NJ 3                                              ,W,3,,00000003__      ,3.76,2,,2,1,1,1,1,1,300,FE,W,CR 601 / MAIN AVE                  ,,,,55,25,40.83204,74.1432,N,,7238,15:35,120+07442
2.02E+17,PASSAIC     ,CLIFTON CITY            ,9/22/2018,SA,1857,1,CLIFTON PD               ,,0,0,0,0,P,B,N,N,1,2,NJ 3                                              ,W,3,,00000003__      ,3.83,2,,2,1,7,1,1,1,50,FE,E,CR 601 / MAIN AVE                  ,,,,55,25,40.83181,74.14107,N,,7201,18:55,120+07442
2.02E+16,PASSAIC     ,CLIFTON CITY            ,10/6/2015,TU,939,1,CLIFTON PD               ,,0,1,0,0,I,B,N,N,1,2,NJ 3                                              ,W,3,,00000003__      ,3.78,2,2,2,1,1,1,1,1,200,FE,W,CR 601 / MAIN AVE                  ,,,,55,35,,,N,NONE                                                                            ,7118,9:40,120+07442
2.02E+17,PASSAIC     ,CLIFTON CITY            ,9/22/2018,SA,2012,1,CLIFTON PD               ,,0,0,0,0,P,B,N,N,1,2,NJ 3                                              ,W,3,,00000003__      ,3.8,2,,2,1,7,1,2,1,50,FE,E,CR 601 / MAIN AVE                  ,,,,55,25,40.83133,74.1408,N,,7201,20:10,120+07442
2.02E+17,PASSAIC     ,CLIFTON CITY            ,9/22/2018,SA,2104,1,CLIFTON PD               ,,0,0,0,0,P,B,N,N,1,2,NJ 3                                              ,W,3,,00000003__      ,3.8,2,,2,1,6,1,4,5,,,,,F,MAIN AVE                 ,NB,50,,40.83133,74.1408,N,,7266,21:05,120+07442
2.02E+16,PASSAIC     ,CLIFTON CITY            ,10/31/2015,SA,2210,1,CLIFTON PD               ,,0,1,0,0,I,B,N,N,1,2,NJ 3                                              ,W,3,,00000003__      ,3.81,2,2,2,1,6,1,1,1,50,FE,W,CR 601 / MAIN AVE                  ,,,,55,25,,,N,NONE                                                                            ,7205,22:10,120+07442
2.02E+17,PASSAIC     ,CLIFTON CITY            ,11/15/2017,WE,1821,1,CLIFTON PD               ,,0,0,0,0,P,B,N,N,1,2,NJ 3                                              ,W,3,,00000003__      ,3.81,2,,2,1,6,1,1,1,45,FE,W,CR 601 / MAIN AVE                  ,,,,55,35,40.83064,74.13994,N,,542,18:20,120+07442
2.02E+17,PASSAIC     ,CLIFTON CITY            ,9/23/2018,SU,6,1,CLIFTON PD               ,,1,0,1,0,F,B,N,N,13,1,NJ 3                                              ,W,3,,00000003__      ,4.01,2,,2,1,6,1,1,1,1000,FE,E,CR 601 / MAIN AVE                  ,,,,55,25,40.83133,74.1408,N,,7269,6:05,120+07442
20151602B060201502679A         ,PASSAIC     ,CLIFTON CITY            ,9/10/2015,TH,421,2,NEW JERSEY STATE POLICE  ,TOTOWA-SUB - SQ,0,0,0,0,P,B,N,N,12,1,NJ 3                                              ,W,3,,00000003__      ,1.7,2,2,2,1,6,1,1,1,,,,,,,,55,,,,N,None                                                                            ,6342,4:20,120+07445
2.02E+17,PASSAIC     ,CLIFTON CITY            ,9/23/2018,SU,1345,1,CLIFTON PD               ,,0,1,0,0,I,B,N,N,2,2,NJ 3                                              ,W,3,,00000003__      ,2.7,2,,2,1,1,5,1,1,300,FE,E,CR 622 / BLOOMFIELD AVE            ,,,,55,25,40.83976,74.15929,N,,7153,13:45,120+07444
2.02E+17,PASSAIC     ,CLIFTON CITY            ,11/15/2017,WE,2124,1,CLIFTON PD               ,,0,0,0,0,P,B,N,N,1,2,NJ 3                                              ,W,3,,00000003__      ,3.82,2,,2,1,5,1,4,1,,FE,W,CR 601 / MAIN AVE                  ,,,,55,,40.83122,74.1412,N,,550,21:25,120+07442
2.02E+17,PASSAIC     ,CLIFTON CITY            ,11/16/2017,TH,637,1,CLIFTON PD               ,,0,0,0,0,P,B,N,N,1,2,NJ 3                                              ,W,3,,00000003__      ,2.41,2,,2,2,1,2,1,1,1200,FE,W,CR 622 / BLOOMFIELD AVE            ,,,,55,35,40.83819,74.15606,N,,7199,6:35,120P07444
2.02E+17,PASSAIC     ,CLIFTON CITY            ,9/23/2018,SU,1431,1,CLIFTON PD               ,,0,0,0,0,P,B,N,N,2,2,NJ 3                                              ,W,3,,00000003__      ,3.86,2,,2,1,1,1,4,1,200,FE,E,CR 601 / MAIN AVE                  ,,,,55,25,40.831,74.1408,N,,7211,14:30,120+07442
2.02E+17,PASSAIC     ,CLIFTON CITY            ,11/16/2017,TH,711,1,CLIFTON PD               ,,0,0,0,0,P,B,N,N,2,2,NJ 3                                              ,W,3,,00000003__      ,3.78,2,,2,2,1,2,5,1,200,FE,W,CR 601 / MAIN AVE                  ,,,,55,35,40.82944,74.13744,N,,7131,7:10,120+07442
2.02E+17,PASSAIC     ,CLIFTON CITY            ,9/23/2018,SU,1735,1,CLIFTON PD               ,,0,0,0,0,P,B,N,N,1,2,NJ 3                                              ,W,3,,00000003__      ,3.8,2,,2,1,1,5,1,1,,,,,F,MAIN ST                  ,NB,55,,40.83124,74.14125,N,,7252,17:35,120+07442
2.02E+17,PASSAIC     ,CLIFTON CITY            ,11/16/2017,TH,819,1,CLIFTON PD               ,,0,0,0,0,P,B,N,N,1,2,NJ 3                                              ,W,3,,00000003__      ,4.8,2,,2,2,1,2,1,1,500,FE,W,NJ 21                              ,,,,55,50,,,N,,,8:20,120P04739
2.02E+17,PASSAIC     ,CLIFTON CITY            ,11/16/2017,TH,2015,1,CLIFTON PD               ,,0,0,0,0,P,B,N,N,2,2,NJ 3                                              ,W,3,,00000003__      ,0.47,2,,2,1,6,1,1,1,200,FE,W,CR 623 / GROVE ST                  ,,,,55,35,40.865,74.18173,N,,549,20:15,120+07449
2.02E+17,PASSAIC     ,CLIFTON CITY            ,9/25/2018,TU,1835,1,CLIFTON PD               ,,0,0,0,0,P,B,N,N,1,3,NJ 3                                              ,W,3,,00000003__      ,1.81,2,,2,2,3,2,1,1,150,FE,E,HEPBURN RD                         ,,,,50,25,40.84871,74.17182,N,,,18:35,120+07445
2.02E+17,PASSAIC     ,CLIFTON CITY            ,11/18/2017,SA,1729,1,CLIFTON PD               ,,0,1,0,0,I,B,N,N,1,2,NJ 3                                              ,W,3,,00000003__      ,3.57,2,,2,2,3,2,1,1,1320,FE,W,CR 601 / MAIN AVE                  ,,,,50,25,40.83133,74.1408,N,,544,17:30,120P07442
2.02E+17,PASSAIC     ,CLIFTON CITY            ,9/26/2018,WE,755,1,CLIFTON PD               ,,0,1,0,0,I,B,N,N,1,3,NJ 3                                              ,W,3,,00000003__      ,1.3,2,,2,2,1,5,5,1,200,FE,E,ROUTE 509 / BROAD ST               ,,,,55,35,40.85098,74.17362,N,,,7:55,120P07446
2.02E+17,PASSAIC     ,CLIFTON CITY            ,9/26/2018,WE,842,1,CLIFTON PD               ,,0,0,0,0,P,B,N,N,1,2,NJ 3                                              ,W,3,,00000003__      ,0.2,2,,2,2,1,5,2,1,300,FE,E,US 46                              ,,,,45,50,40.86939,74.18593,N,,7098,8:40,120+07449
2.02E+17,PASSAIC     ,CLIFTON CITY            ,11/18/2017,SA,1956,1,CLIFTON PD               ,,0,0,0,0,P,B,N,N,2,2,NJ 3                                              ,W,3,,00000003__      ,3.23,2,,2,2,6,2,1,1,1000,FE,W,CR 603 / PASSAIC AVE               ,,,,55,35,40.84064,74.16044,N,,7105,19:55,120P07443
2.02E+17,PASSAIC     ,CLIFTON CITY            ,11/19/2017,SU,744,1,CLIFTON PD               ,,0,0,0,0,P,B,N,N,11,1,NJ 3                                              ,W,3,,00000003__      ,0,2,,2,2,1,5,3,1,20,FE,E,US 46                              ,,,,55,55,40.87084,74.18888,N,SOME DAMAGE TO THE METAL GUARD RAIL ON THE RIGHT SIDE OF THE ROAD.              ,,7:45,120+07449
2.02E+17,PASSAIC     ,CLIFTON CITY            ,9/26/2018,WE,844,1,CLIFTON PD               ,,0,0,0,0,P,B,N,N,1,2,NJ 3                                              ,W,3,,00000003__      ,3.51,2,,2,2,1,5,1,1,500,FE,E,CR 603 / PASSAIC AVE               ,,,,55,35,40.8336,74.14656,N,,7099,8:45,120+07443
2.02E+17,PASSAIC     ,CLIFTON CITY            ,9/26/2018,WE,917,1,CLIFTON PD               ,,0,1,0,0,I,B,N,N,1,2,NJ 3                                              ,W,3,,00000003__      ,1.07,2,,2,1,1,5,5,1,1000,FE,W,ROUTE 509 / BROAD ST               ,,,,55,25,40.85687,74.17883,N,,7096,9:15,120+07448
2.02E+17,PASSAIC     ,CLIFTON CITY            ,11/19/2017,SU,1747,1,CLIFTON PD               ,,0,0,0,0,P,B,N,N,1,2,NJ 3                                              ,W,3,,00000003__      ,3.81,2,,2,1,5,1,2,1,50,FE,W,CR 601 / MAIN AVE                  ,,,,55,25,40.8348,74.14806,N,,7201,17:45,120+07442
2.02E+17,PASSAIC     ,CLIFTON CITY            ,9/26/2018,WE,1012,1,CLIFTON PD               ,,0,1,0,0,I,B,N,N,1,2,NJ 3                                              ,W,3,,00000003__      ,4.8,2,,2,1,1,5,5,1,,,,,F,NJ 21                    ,NB,55,,40.82389,74.12552,N,,7077,10:10,120P04739
2.02E+17,PASSAIC     ,CLIFTON CITY            ,9/26/2018,WE,1518,1,CLIFTON PD               ,,0,0,0,0,P,B,N,N,2,2,NJ 3                                              ,W,3,,00000003__      ,1.24,2,,2,1,1,1,1,1,100,FE,W,ROUTE 509 / BROAD ST               ,,,,55,35,40.85846,74.1799,N,,7251,15:20,120P07447
2.02E+17,PASSAIC     ,CLIFTON CITY            ,11/20/2017,MO,756,1,CLIFTON PD               ,,0,0,0,0,P,B,N,N,1,2,NJ 3                                              ,W,3,,00000003__      ,3.81,2,,2,1,1,1,1,1,50,FE,W,CR 601 / MAIN AVE                  ,,,,55,35,40.83156,74.14203,N,,7099,7:55,120+07442
2.02E+17,PASSAIC     ,CLIFTON CITY            ,9/26/2018,WE,2216,1,CLIFTON PD               ,,0,0,0,0,P,B,N,N,2,2,NJ 3                                              ,W,3,,00000003__      ,3.63,2,,2,2,6,2,1,1,1000,FE,W,CR 601 / MAIN AVE                  ,,,,55,25,40.83133,74.1408,N,,7274,22:15,120P07442
2.02E+17,PASSAIC     ,CLIFTON CITY            ,11/20/2017,MO,1616,1,CLIFTON PD               ,,0,0,0,0,P,B,N,N,2,2,NJ 3                                              ,W,3,,00000003__      ,0.47,2,,2,1,3,1,1,1,200,FE,W,CR 623 / GROVE ST                  ,,,,55,35,40.85963,74.17974,N,,549,16:15,120+07449
2.02E+17,PASSAIC     ,CLIFTON CITY            ,9/26/2018,WE,2216,1,CLIFTON PD               ,,0,0,0,0,P,B,N,N,1,2,NJ 3                                              ,W,3,,00000003__      ,3.63,2,,2,2,6,2,1,1,1000,FE,W,CR 601 / MAIN AVE                  ,,,,55,25,40.83225,74.14359,N,,7274,22:15,120P07442
2.02E+17,PASSAIC     ,CLIFTON CITY            ,11/21/2017,TU,1538,1,CLIFTON PD               ,,0,0,0,0,P,B,N,N,1,2,NJ 3                                              ,W,3,,00000003__      ,0.5,2,,2,1,1,1,1,1,50,FE,W,CR 623 / GROVE ST                  ,,,,55,35,40.86565,74.18162,N,,550,15:40,120+07449
2.02E+17,PASSAIC     ,CLIFTON CITY            ,9/28/2018,FR,1619,1,CLIFTON PD               ,,0,0,0,0,P,I,N,N,1,2,NJ 3                                              ,W,3,,00000003__      ,1.26,2,,2,1,1,1,1,1,,AT,,ROUTE 509 / BROAD ST               ,,,,55,30,40.85687,74.17883,N,,7105,16:20,120P07447
2.02E+17,PASSAIC     ,CLIFTON CITY            ,9/28/2018,FR,1715,1,CLIFTON PD               ,,0,0,0,0,P,B,N,N,1,2,NJ 3                                              ,W,3,,00000003__      ,3.28,2,,2,1,1,1,1,1,750,FE,W,CR 603 / PASSAIC AVE               ,,,,55,25,40.8348,74.14806,N,,7201,17:15,120+07443
2.02E+17,PASSAIC     ,CLIFTON CITY            ,11/22/2017,WE,758,1,CLIFTON PD               ,,0,1,0,0,I,B,N,N,1,2,NJ 3                                              ,W,3,,00000003__      ,3.82,2,,2,1,1,1,1,1,,,,,,,,55,,40.83123,74.14118,N,,7185,8:00,120+07442
2.02E+17,PASSAIC     ,CLIFTON CITY            ,9/30/2018,SU,1215,1,CLIFTON PD               ,,0,1,0,0,I,B,N,N,1,3,NJ 3                                              ,W,3,,00000003__      ,0.56,2,,2,1,1,1,5,1,250,FE,E,CR 623 / GROVE ST                  ,,,,50,25,40.86565,74.18162,N,,,12:15,120+07449
2.02E+17,PASSAIC     ,CLIFTON CITY            ,11/22/2017,WE,1450,1,CLIFTON PD               ,,0,0,0,0,P,B,N,N,1,2,NJ 3                                              ,W,3,,00000003__      ,0.51,2,,2,1,1,1,1,1,25,FE,E,CR 623 / GROVE ST                  ,,,,55,35,40.86317,74.18085,N,,542,14:50,120+07449
2.02E+17,PASSAIC     ,CLIFTON CITY            ,10/1/2018,MO,1553,1,CLIFTON PD               ,,0,2,0,0,I,B,N,N,1,4,NJ 3                                              ,W,3,,00000003__      ,3.73,2,,2,1,1,1,1,1,500,FE,W,CR 601 / MAIN AVE                  ,,,,55,35,40.83074,74.14031,N,,,15:55,120+07442
2.02E+17,PASSAIC     ,CLIFTON CITY            ,11/23/2017,TH,2052,1,CLIFTON PD               ,,0,0,0,0,P,B,N,N,1,2,NJ 3                                              ,W,3,,00000003__      ,3.82,2,,2,1,6,1,2,1,,,,,F,MAIN AVE                 ,WB,55,,40.83124,74.14113,N,,542,20:50,120+07442
2.02E+17,PASSAIC     ,CLIFTON CITY            ,10/1/2018,MO,1626,1,CLIFTON PD               ,,0,0,0,0,P,B,N,N,2,2,NJ 3                                              ,W,3,,00000003__      ,3.91,2,,2,1,1,1,1,1,450,FE,E,CR 601 / MAIN AVE                  ,,,,55,25,40.83181,74.14107,N,,7201,16:25,120+07442
2.02E+17,PASSAIC     ,CLIFTON CITY            ,11/24/2017,FR,1243,1,CLIFTON PD               ,,0,0,0,0,P,B,N,N,1,2,NJ 3                                              ,W,3,,00000003__      ,3.82,2,,1,1,1,1,1,1,,,,,F,MAIN AVE                 ,SB,55,,40.83126,74.14129,N,,7205,12:45,120+07442
2.02E+17,PASSAIC     ,CLIFTON CITY            ,10/2/2018,TU,1659,1,CLIFTON PD               ,,0,1,0,0,I,B,N,N,2,2,NJ 3                                              ,W,3,,00000003__      ,0.51,2,,2,1,1,1,1,1,15,FE,E,CR 623 / GROVE ST                  ,,,,55,35,40.86502,74.18142,N,,7251,17:00,120+07449
2.02E+17,PASSAIC     ,CLIFTON CITY            ,11/24/2017,FR,1416,1,CLIFTON PD               ,,0,0,0,0,P,B,N,N,1,2,NJ 3                                              ,W,3,,00000003__      ,3.82,2,,2,1,1,1,1,1,,,,,F,MAIN AVE                 ,SB,55,,40.83181,74.14107,N,,7157,14:15,120+07442
2.02E+17,PASSAIC     ,CLIFTON CITY            ,11/26/2017,SU,1500,1,CLIFTON PD               ,,0,0,0,0,P,B,N,N,1,2,NJ 3                                              ,W,3,,00000003__      ,3.4,2,,2,1,1,1,1,1,,,,,F,PASSAIC AVE              ,,55,,40.83431,74.14777,N,,7166,15:00,120+07443
2.02E+17,PASSAIC     ,CLIFTON CITY            ,10/3/2018,WE,1210,1,CLIFTON PD               ,,0,0,0,0,P,B,N,N,1,2,NJ 3                                              ,W,3,,00000003__      ,3.82,2,,2,1,1,1,1,1,,,,,F,PC 601 / MAIN AVE        ,,55,,40.83124,74.14132,N,,7152,12:10,120+07442
2.02E+17,PASSAIC     ,CLIFTON CITY            ,11/26/2017,SU,1537,1,CLIFTON PD               ,,0,0,0,0,P,I,N,N,1,2,NJ 3                                              ,W,3,,00000003__      ,3.42,2,,2,1,1,1,1,1,,AT,,PASSAIC AVE RAMP                   ,,,,55,,40.83437,74.14807,N,,7166,15:35,120+07443
2.02E+17,PASSAIC     ,CLIFTON CITY            ,10/3/2018,WE,1648,1,CLIFTON PD               ,,0,2,0,0,I,B,N,N,1,2,NJ 3                                              ,W,3,,00000003__      ,3.82,2,,2,1,1,1,1,1,150,FE,W,,T,PC 601 / MAIN AVE        ,,55,,40.82951,74.13752,N,,7273,16:50,120+07442
2.02E+17,PASSAIC     ,CLIFTON CITY            ,10/3/2018,WE,1957,1,CLIFTON PD               ,,0,0,0,0,P,B,N,N,1,2,NJ 3                                              ,W,3,,00000003__      ,3.42,2,,2,1,3,1,1,1,,,,,F,PC 603 / PASSAIC AVE     ,NB,50,,40.83431,74.14785,N,,7253,19:55,120+07443
2.02E+17,PASSAIC     ,CLIFTON CITY            ,11/26/2017,SU,1627,1,CLIFTON PD               ,,0,1,0,0,I,B,N,N,1,4,NJ 3                                              ,W,3,,00000003__      ,3.84,2,,2,1,1,1,1,1,100,FE,E,CR 601 / MAIN AVE                  ,,,,55,30,40.8307,74.14024,N,,,16:25,120+07442
2.02E+17,PASSAIC     ,CLIFTON CITY            ,11/26/2017,SU,1800,1,CLIFTON PD               ,,0,0,0,0,P,B,N,N,11,1,NJ 3                                              ,W,3,,00000003__      ,0.23,2,,2,1,4,1,1,1,1500,FE,W,CR 623 / GROVE ST                  ,,,,55,25,40.85687,74.17883,N,,7105,18:00,120+07449
2.02E+17,PASSAIC     ,CLIFTON CITY            ,10/5/2018,FR,1932,1,CLIFTON PD               ,,0,0,0,0,P,B,N,N,1,2,NJ 3                                              ,W,3,,00000003__      ,3.83,2,,2,1,1,1,2,1,50,FE,E,CR 601 / MAIN AVE                  ,,,,55,25,40.83068,74.14014,N,,7201,19:30,120+07442
2.02E+17,PASSAIC     ,CLIFTON CITY            ,11/27/2017,MO,1415,1,CLIFTON PD               ,,0,0,0,0,P,B,N,N,1,2,NJ 3                                              ,W,3,,00000003__      ,,2,,2,1,1,1,5,1,,,,,T,CR 621                   ,WB,55,,40.87006,74.18569,N,,,14:15,120+07449
2.02E+17,PASSAIC     ,CLIFTON CITY            ,11/27/2017,MO,1644,1,CLIFTON PD               ,,0,1,0,0,I,B,N,N,1,2,NJ 3                                              ,W,3,,00000003__      ,0.42,2,,2,1,3,1,1,1,500,FE,W,CR 623 / GROVE ST                  ,,,,55,25,40.86873,74.1852,N,,543,16:45,120+07449
2.02E+17,PASSAIC     ,CLIFTON CITY            ,10/6/2018,SA,1219,1,CLIFTON PD               ,,0,0,0,0,P,B,N,N,1,2,NJ 3                                              ,W,3,,00000003__      ,3.82,2,,2,2,1,2,5,1,,,,,F,PC 601 / MAIN AVE        ,,55,,40.83181,74.14107,N,,7118,12:20,120+07442
2.02E+17,PASSAIC     ,CLIFTON CITY            ,10/6/2018,SA,1354,1,CLIFTON PD               ,,0,0,0,0,P,B,N,N,1,2,NJ 3                                              ,W,3,,00000003__      ,3.42,2,,2,2,1,5,1,1,,,,,F,PC 603 / PASSAIC AVE     ,WB,55,,40.83433,74.14788,N,,7205,13:55,120+07443
2.02E+17,PASSAIC     ,CLIFTON CITY            ,11/28/2017,TU,1736,1,CLIFTON PD               ,,0,0,0,0,P,B,N,N,2,2,NJ 3                                              ,W,3,,00000003__      ,1.51,2,,2,1,5,1,1,1,5280,FE,E,CR 623 / GROVE ST                  ,,,,55,35,40.85803,74.1797,N,,550,17:35,120+07445
2.02E+17,PASSAIC     ,CLIFTON CITY            ,10/6/2018,SA,1756,1,CLIFTON PD               ,,0,0,0,0,P,B,N,N,1,2,NJ 3                                              ,W,3,,00000003__      ,3.63,2,,2,2,1,2,1,1,1000,FE,W,CR 601 / MAIN AVE                  ,,,,55,25,40.82806,74.13439,N,,7201,17:55,120P07442
2.02E+17,PASSAIC     ,CLIFTON CITY            ,10/7/2018,SU,1702,1,CLIFTON PD               ,,0,1,0,0,I,B,N,N,1,2,NJ 3                                              ,W,3,,00000003__      ,3.42,2,,2,1,1,1,1,1,,,,,F,PC 603 /  PASSAIC AVE    ,EB,55,,40.83433,74.14788,N,,7252,17:00,120+07443
2.02E+17,PASSAIC     ,CLIFTON CITY            ,11/28/2017,TU,1840,1,CLIFTON PD               ,,0,0,0,0,P,B,N,N,2,2,NJ 3                                              ,W,3,,00000003__      ,4.88,2,,2,1,6,1,1,1,50,FE,W,NJ 21                              ,,,,55,,40.82681,74.13167,N,,7238,18:40,120P04739
2.02E+17,PASSAIC     ,CLIFTON CITY            ,10/8/2018,MO,1115,1,CLIFTON PD               ,,0,0,0,0,P,B,N,N,1,2,NJ 3                                              ,W,3,,00000003__      ,3.82,2,,2,2,1,2,1,1,,,,,F,PC 601 /  MAIN AVE       ,NB,55,,40.83123,74.14123,N,,7099,11:15,120+07442
2.02E+17,PASSAIC     ,CLIFTON CITY            ,11/28/2017,TU,1915,1,CLIFTON PD               ,,0,2,0,0,I,B,N,N,1,3,NJ 3                                              ,W,3,,00000003__      ,4.8,2,,2,1,6,1,1,1,500,FE,W,NJ 21                              ,,,,55,55,40.82726,74.13266,N,,,19:15,120P04739
2.02E+17,PASSAIC     ,CLIFTON CITY            ,11/29/2017,WE,833,1,CLIFTON PD               ,,0,1,0,0,I,B,N,N,1,2,NJ 3                                              ,W,3,,00000003__      ,1.17,2,,2,1,1,1,5,1,500,FE,W,ROUTE 509 / BROAD ST               ,,,,55,25,40.85697,74.17948,N,,7096,8:35,120P07447
2.02E+17,PASSAIC     ,CLIFTON CITY            ,10/8/2018,MO,1541,1,CLIFTON PD               ,,0,0,0,0,P,B,N,N,2,2,NJ 3                                              ,W,3,,00000003__      ,4.69,2,,2,1,1,1,1,1,1056,FE,W,NJ 21                              ,,,,50,50,40.82511,74.12814,N,,7253,15:40,120P04739
2.02E+17,PASSAIC     ,CLIFTON CITY            ,11/29/2017,WE,1607,1,CLIFTON PD               ,,0,0,0,0,P,B,N,N,2,2,NJ 3                                              ,W,3,,00000003__      ,0.49,2,,2,1,1,1,1,1,100,FE,W,CR 623 / GROVE ST                  ,,,,55,35,40.86566,74.18219,N,,550,16:05,120+07449
2.02E+17,PASSAIC     ,CLIFTON CITY            ,10/9/2018,TU,728,1,CLIFTON PD               ,,0,0,0,0,P,B,N,N,1,2,NJ 3                                              ,W,3,,00000003__      ,3.8,2,,2,2,1,5,5,1,,,,,F,MAIN AVE                 ,WB,55,,40.83133,74.1408,N,,7096,7:30,120+07442
2.02E+17,PASSAIC     ,CLIFTON CITY            ,11/30/2017,TH,18,1,CLIFTON PD               ,,0,0,0,0,P,B,N,N,2,2,NJ 3                                              ,W,3,,00000003__      ,4.28,2,,2,1,5,1,1,1,760,FE,W,CR 624 / OAK RD / RIVER RD         ,,,,55,25,40.82806,74.13439,N,,7198,1:20,120P04740
2.02E+17,PASSAIC     ,CLIFTON CITY            ,11/30/2017,TH,2303,1,CLIFTON PD               ,,0,0,0,0,P,B,N,N,1,2,NJ 3                                              ,W,3,,00000003__      ,1.27,2,,2,2,6,2,1,1,30,FE,E,ROUTE 509 / BROAD ST               ,,,,55,,40.85687,74.17883,N,,7241,23:05,120P07447
2.02E+17,PASSAIC     ,CLIFTON CITY            ,10/9/2018,TU,1334,1,CLIFTON PD               ,,0,0,0,0,P,B,N,N,1,2,NJ 3                                              ,W,3,,00000003__      ,3.8,2,,2,1,1,5,1,1,,,,,F,MAIN AVE                 ,NB,55,,40.83124,74.14116,N,,7099,13:35,120+07442
2.02E+17,PASSAIC     ,CLIFTON CITY            ,12/1/2017,FR,1039,1,CLIFTON PD               ,,0,2,0,0,I,I,N,N,1,2,NJ 3                                              ,W,3,,00000003__      ,0.51,2,,2,1,1,1,5,1,,AT,,,T,CR 623 / GROVE ST        ,NB,55,,40.86588,74.1816,N,,,10:40,120+07449
2.02E+17,PASSAIC     ,CLIFTON CITY            ,12/1/2017,FR,1730,1,CLIFTON PD               ,,0,1,0,0,I,B,N,N,1,3,NJ 3                                              ,W,3,,00000003__      ,3.82,2,,2,1,6,1,1,1,200,FE,W,CR 601 / MAIN AVE                  ,,,,55,25,40.83181,74.14107,N,,,17:30,120+07442
2.02E+17,PASSAIC     ,CLIFTON CITY            ,10/11/2018,TH,1940,1,CLIFTON PD               ,,0,0,0,0,P,B,N,N,2,2,NJ 3                                              ,W,3,,00000003__      ,3.9,2,,2,2,3,2,1,1,,,,,T,PASSAIC COUNTY 601       ,,50,,40.8315,74.14081,N,,7253,19:40,120+07442
2.02E+17,PASSAIC     ,CLIFTON CITY            ,12/2/2017,SA,1533,1,CLIFTON PD               ,,0,0,0,0,P,B,N,N,1,2,NJ 3                                              ,W,3,,00000003__      ,0.5,2,,2,1,1,1,2,1,,,,,F,GROVE STREET             ,NB,55,,40.86513,74.18174,N,,542,15:35,120+07449
2.02E+17,PASSAIC     ,CLIFTON CITY            ,10/11/2018,TH,1950,1,CLIFTON PD               ,,0,0,0,0,P,B,N,N,2,2,NJ 3                                              ,W,3,,00000003__      ,4.9,2,,1,2,6,1,1,1,50,FE,E,NJ 21                              ,,,,50,50,40.82427,74.12708,N,,7267,19:50,120P04739
2.02E+17,PASSAIC     ,CLIFTON CITY            ,12/4/2017,MO,742,1,CLIFTON PD               ,,0,0,0,0,P,B,N,N,1,2,NJ 3                                              ,W,3,,00000003__      ,,2,,2,1,1,4,3,1,,,,,T,RT 46 W                  ,WB,50,,40.87058,74.18777,N,,,7:40,120+07449
2.02E+17,PASSAIC     ,CLIFTON CITY            ,10/12/2018,FR,820,1,CLIFTON PD               ,,0,0,0,0,P,B,N,N,1,2,NJ 3                                              ,W,3,,00000003__      ,0.04,2,,2,1,1,1,1,1,200,FE,E,US 46 / CR 621 / VALLEY RD         ,,,,55,35,40.86955,74.18604,N,,7250,8:20,120+07449
2.02E+17,PASSAIC     ,CLIFTON CITY            ,10/12/2018,FR,1039,1,CLIFTON PD               ,,0,1,0,0,I,B,N,N,1,2,NJ 3                                              ,W,3,,00000003__      ,3.43,2,,2,1,1,1,1,1,50,FE,E,CR 603 / PASSAIC AVE               ,,,,50,35,40.83413,74.14764,N,,7144,10:40,120+07443
2.02E+17,PASSAIC     ,CLIFTON CITY            ,12/4/2017,MO,1517,1,CLIFTON PD               ,,0,0,0,0,P,B,N,N,2,2,NJ 3                                              ,W,3,,00000003__      ,3.9,2,,2,1,1,2,1,1,400,FE,E,CR 601 / MAIN AVE                  ,,,,55,35,40.83133,74.1408,N,,7124,15:15,120+07442
2.02E+17,PASSAIC     ,CLIFTON CITY            ,10/12/2018,FR,1203,1,CLIFTON PD               ,,0,0,0,0,P,I,N,N,7,2,NJ 3                                              ,W,3,,00000003__      ,3.42,2,,2,1,1,1,4,1,,AT,,,F,PC 603 / PASSAIC AVE     ,SB,50,,40.8348,74.14806,N,WEICHERT REALTY LAWN WAS TORN UP  TIRE MARKS LEFT IN GRASS.                     ,7144,12:05,120+07443
2.02E+17,PASSAIC     ,CLIFTON CITY            ,12/4/2017,MO,1709,1,CLIFTON PD               ,,0,0,0,0,P,B,N,N,1,2,NJ 3                                              ,W,3,,00000003__      ,1.44,2,,2,1,3,1,1,1,250,FE,E,GSP                                ,,,,50,55,40.85121,74.17441,N,,544,17:10,120P07446
2.02E+17,PASSAIC     ,CLIFTON CITY            ,12/5/2017,TU,1447,1,CLIFTON PD               ,,0,0,0,0,P,B,N,N,1,2,NJ 3                                              ,W,3,,00000003__      ,2.03,2,,2,2,1,1,1,1,1320,FE,E,HEPBURN RD                         ,,,,55,25,40.84767,74.17083,N,,,14:45,120+07445
2.02E+17,PASSAIC     ,CLIFTON CITY            ,10/14/2018,SU,1114,1,CLIFTON PD               ,,0,2,0,0,I,B,N,N,1,2,NJ 3                                              ,W,3,,00000003__      ,3.4,2,,2,1,1,1,1,1,,,,,F,PASSAIC AVE              ,NB,55,,40.83433,74.14775,N,,7099,11:15,120+07443
2.02E+17,PASSAIC     ,CLIFTON CITY            ,10/14/2018,SU,1443,1,CLIFTON PD               ,,0,0,0,0,P,B,N,N,1,2,NJ 3                                              ,W,3,,00000003__      ,3.82,2,,2,1,1,1,5,1,,,,,F,PC 601 / MAIN AVE        ,NB,55,,40.83133,74.1408,N,,7251,14:45,120+07442
2.02E+17,PASSAIC     ,CLIFTON CITY            ,12/6/2017,WE,1639,1,CLIFTON PD               ,,0,0,0,0,P,B,N,N,1,2,NJ 3                                              ,W,3,,00000003__      ,1.27,2,,2,1,6,1,1,1,30,FE,E,ROUTE 509 / BROAD ST               ,,,,45,35,40.85262,74.17543,N,,542,16:40,120P07447
2.02E+17,PASSAIC     ,CLIFTON CITY            ,12/7/2017,TH,1605,1,CLIFTON PD               ,,0,1,0,0,I,B,N,N,1,2,NJ 3                                              ,W,3,,00000003__      ,3.84,2,,2,1,1,1,1,1,100,FE,E,CR 601 / MAIN AVE                  ,,,,50,35,40.8348,74.14806,N,,7239,16:05,120+07442
2.02E+17,PASSAIC     ,CLIFTON CITY            ,10/15/2018,MO,1216,1,CLIFTON PD               ,,0,1,0,0,I,B,N,N,1,3,NJ 3                                              ,W,3,,00000003__      ,3.97,2,,2,1,1,5,5,1,800,FE,E,CR 601 / MAIN AVE                  ,,,,55,25,40.82806,74.13439,N,,,12:15,120+07442
2.02E+17,PASSAIC     ,CLIFTON CITY            ,12/8/2017,FR,1801,1,CLIFTON PD               ,,0,1,0,0,I,B,N,N,1,3,NJ 3                                              ,W,3,,00000003__      ,1.44,2,,2,1,6,1,1,1,300,FE,E,GARDEN STATE PARKWAY               ,,,,55,,,,N,,,18:00,120P07446