CRASH_ID,CTY_NAME,MUN_NAME,DATE,DAY,TIME,POL_CODE,POL_DEPT,POL_STA,KILLED,INJURED,PED_KILL,PED_INJ,SEVERITY,INTERSEC,ALCOHOL,HAZMAT,CRASH_TYPE,VEH_COUNT,LOCATION,LOC_DIR,ROUTE,RT_SFX,SRI,MP,RD_SYS,RD_CHAR,RD_SURF,SURF_COND,LIGHT,WEATHER,RD_DIV,RD_WRKZN,X_DIST,DIST_UNT,X_DIR,X_NAME,IS_RAMP,RAMP_RT,RAMP_DIR,SPD_LMT,SPD_X,LAT,LONG,CELL_USE,PROP_DMG,BADGE,TIME_ROUND,TMC
2.02E+17,PASSAIC     ,CLIFTON CITY            ,10/15/2018,MO,2145,1,CLIFTON PD               ,,0,0,0,0,P,B,N,N,4,2,NJ 3                                              ,W,3,,00000003__      ,0.02,2,,2,2,6,2,1,1,100,FE,E,US 46 / CR 621 / VALLEY RD         ,,,,55,25,40.87053,74.18759,N,,7252,21:45,120+07449
2.02E+17,PASSAIC     ,CLIFTON CITY            ,10/16/2018,TU,818,1,CLIFTON PD               ,,0,0,0,0,P,B,N,N,1,2,NJ 3                                              ,W,3,,00000003__      ,2.57,2,,2,1,1,1,5,1,350,FE,W,CR 622 / BLOOMFIELD AVE            ,,,,55,25,40.84138,74.16287,N,,7096,8:20,120+07444
2.02E+17,PASSAIC     ,CLIFTON CITY            ,12/9/2017,SA,1201,1,CLIFTON PD               ,,0,0,0,0,P,I,N,N,1,2,NJ 3                                              ,W,3,,00000003__      ,2.7,2,,2,3,1,3,4,1,,AT,,,T,BLOOMFIELD AVE           ,,25,,40.84087,74.16081,N,,,12:00,120+07444
2.02E+17,PASSAIC     ,CLIFTON CITY            ,10/16/2018,TU,1328,1,CLIFTON PD               ,,0,0,0,0,P,B,N,N,1,2,NJ 3                                              ,W,3,,00000003__      ,3.42,2,,2,1,1,1,1,1,,,,,F,PC 603 / PASSAIC AVE     ,NB,55,,40.83428,74.14786,N,,7099,13:30,120+07443
2.02E+17,PASSAIC     ,CLIFTON CITY            ,12/11/2017,MO,1652,1,CLIFTON PD               ,,0,0,0,0,P,B,N,N,1,2,NJ 3                                              ,W,3,,00000003__      ,,2,,2,1,6,1,1,1,,,,,,,,55,,40.82951,74.13752,N,,17563,16:50,120+07449
2.02E+17,PASSAIC     ,CLIFTON CITY            ,12/12/2017,TU,700,1,CLIFTON PD               ,,0,0,0,0,P,B,N,N,1,2,NJ 3                                              ,W,3,,00000003__      ,3.42,2,,2,2,1,5,1,1,,,,,F,CR 603/PASSAIC AVE       ,NB,55,,40.83433,74.14791,N,,7099,7:00,120+07443
2.02E+17,PASSAIC     ,CLIFTON CITY            ,10/17/2018,WE,908,1,CLIFTON PD               ,,0,0,0,0,P,B,N,N,1,2,NJ 3                                              ,W,3,,00000003__      ,0.07,2,,2,1,1,1,5,1,350,FE,E,US 46 / CR 621 / VALLEY RD         ,,,,50,35,40.86955,74.18604,N,,7167,9:10,120+07449
2.02E+17,PASSAIC     ,CLIFTON CITY            ,12/14/2017,TH,1354,1,CLIFTON PD               ,,0,0,0,0,P,B,N,N,1,2,NJ 3                                              ,W,3,,00000003__      ,,2,,2,1,1,1,2,1,,,,,T,VALLEY RD                ,,25,,40.87131,74.18921,N,,7098,13:55,120+07449
2.02E+17,PASSAIC     ,CLIFTON CITY            ,10/17/2018,WE,1210,1,CLIFTON PD               ,,0,0,0,0,P,B,N,N,1,2,NJ 3                                              ,W,3,,00000003__      ,3.8,2,,2,1,1,1,5,1,,,,,F,MAIN AVE                 ,,55,,40.83124,74.14117,N,,7096,12:10,120+07442
2.02E+17,PASSAIC     ,CLIFTON CITY            ,12/14/2017,TH,1527,1,CLIFTON PD               ,,0,1,0,0,I,B,N,N,1,4,NJ 3                                              ,W,3,,00000003__      ,,2,,2,1,1,1,4,1,,,,,T,MAIN AVE                 ,NB,50,,40.83162,74.14084,N,,,15:25,120+07449
2.02E+17,PASSAIC     ,CLIFTON CITY            ,12/14/2017,TH,1702,1,CLIFTON PD               ,,0,0,0,0,P,B,N,N,1,2,NJ 3                                              ,W,3,,00000003__      ,4.01,2,,2,1,6,1,1,1,1000,FE,E,CR 601 / MAIN AVE                  ,,,,55,25,40.82857,74.13544,N,,7238,17:00,120+07442
2.02E+17,PASSAIC     ,CLIFTON CITY            ,10/17/2018,WE,1837,1,CLIFTON PD               ,,0,0,0,0,P,B,N,N,1,2,NJ 3                                              ,W,3,,00000003__      ,3.41,2,,2,1,6,1,5,1,50,FE,S,CR 603 / PASSAIC AVE               ,,,,55,25,40.83394,74.1473,N,,7276,18:35,120+07443
2.02E+17,PASSAIC     ,CLIFTON CITY            ,12/15/2017,FR,1239,1,CLIFTON PD               ,,0,0,0,0,P,B,N,N,1,2,NJ 3                                              ,W,3,,00000003__      ,,2,,2,1,1,5,1,1,,,,,F,MAIN AVE                 ,NB,55,,40.83123,74.14122,N,,7099,12:40,120+07449
2.02E+17,PASSAIC     ,CLIFTON CITY            ,10/18/2018,TH,906,1,CLIFTON PD               ,,0,0,0,0,P,B,N,N,1,2,NJ 3                                              ,W,3,,00000003__      ,0.09,2,,2,1,1,1,1,1,500,FE,W,US 46 / CR 621 / VALLEY RD         ,,,,50,35,40.86826,74.18473,N,,7144,9:05,120+07449
2.02E+17,PASSAIC     ,CLIFTON CITY            ,10/18/2018,TH,2220,1,CLIFTON PD               ,,0,0,0,0,P,B,N,N,2,2,NJ 3                                              ,W,3,,00000003__      ,2.56,2,,2,1,6,1,1,1,400,FE,W,CR 622 / BLOOMFIELD AVE            ,,,,55,25,40.84096,74.16194,N,,7198,22:20,120+07444
2.02E+17,PASSAIC     ,CLIFTON CITY            ,12/16/2017,SA,1311,1,CLIFTON PD               ,,0,0,0,0,P,B,N,N,3,2,NJ 3                                              ,W,3,,00000003__      ,,2,,2,1,1,1,1,1,,,,,F,MAIN AVE                 ,SB,55,,40.83181,74.14107,N,,7157,13:10,120+07449
2.02E+17,PASSAIC     ,CLIFTON CITY            ,12/17/2017,SU,1630,1,CLIFTON PD               ,,0,0,0,0,P,B,N,N,1,2,NJ 3                                              ,W,3,,00000003__      ,3.46,2,,2,1,6,1,1,1,200,FE,E,CR 603 / PASSAIC AVE               ,,,,55,35,40.834,74.14717,N,,7232,16:30,120+07443
2.02E+17,PASSAIC     ,CLIFTON CITY            ,10/20/2018,SA,1214,1,CLIFTON PD               ,,0,0,0,0,P,B,N,N,1,2,NJ 3                                              ,W,3,,00000003__      ,3.81,2,,2,1,1,1,1,1,50,FE,W,CR 601 / MAIN AVE                  ,,,,55,35,40.83181,74.14107,N,,7157,12:15,120+07442
2.02E+17,PASSAIC     ,CLIFTON CITY            ,10/20/2018,SA,1530,1,CLIFTON PD               ,,0,0,0,0,P,B,N,N,1,2,NJ 3                                              ,W,3,,00000003__      ,3.83,2,,2,1,1,1,1,1,50,FE,E,CR 601 / MAIN AVE                  ,,,,55,25,40.83133,74.1408,N,,7201,15:30,120+07442
2.02E+17,PASSAIC     ,CLIFTON CITY            ,12/17/2017,SU,1843,1,CLIFTON PD               ,,0,1,0,0,I,B,N,N,2,2,NJ 3                                              ,W,3,,00000003__      ,,2,,2,1,1,1,1,1,,,,,F,MAIN AVENUE              ,WB,55,,40.83181,74.14107,N,,550,18:45,120+07449
2.02E+17,PASSAIC     ,CLIFTON CITY            ,12/18/2017,MO,711,1,CLIFTON PD               ,,0,0,0,0,P,B,N,N,2,2,NJ 3                                              ,W,3,,00000003__      ,3.4,2,,2,1,1,1,2,1,100,FE,W,CR 603 / PASSAIC AVE               ,,,,55,25,40.83737,74.15448,N,,7185,7:10,120+07443
2.02E+17,PASSAIC     ,CLIFTON CITY            ,10/20/2018,SA,1659,1,CLIFTON PD               ,,0,0,0,0,P,B,N,N,1,2,NJ 3                                              ,W,3,,00000003__      ,3.84,2,,2,1,1,1,1,1,100,FE,E,CR 601 / MAIN AVE                  ,,,,55,25,40.83181,74.14107,N,,7262,17:00,120+07442
2.02E+17,PASSAIC     ,CLIFTON CITY            ,10/20/2018,SA,2145,1,CLIFTON PD               ,,0,0,0,0,P,B,N,N,1,2,NJ 3                                              ,W,3,,00000003__      ,3.83,2,,2,1,7,1,1,1,50,FE,E,CR 601 / MAIN AVE                  ,,,,55,25,,,N,,7201,21:45,120+07442
2.02E+17,PASSAIC     ,CLIFTON CITY            ,10/21/2018,SU,1047,1,CLIFTON PD               ,,0,0,0,0,P,B,N,N,1,2,NJ 3                                              ,W,3,,00000003__      ,3.4,2,,2,1,1,1,5,1,,,,,F,PASSAIC AVE              ,,55,,40.83543,74.14843,N,,7118,10:45,120+07443
2.02E+17,PASSAIC     ,CLIFTON CITY            ,12/18/2017,MO,801,1,CLIFTON PD               ,,0,0,0,0,P,B,N,N,1,2,NJ 3                                              ,W,3,,00000003__      ,,2,,2,1,1,5,5,1,,,,,F,CR 603                   ,WB,55,,40.8348,74.14806,N,,7096,8:00,120+07449
2.02E+17,PASSAIC     ,CLIFTON CITY            ,12/18/2017,MO,1717,1,CLIFTON PD               ,,0,0,0,0,P,B,N,N,1,2,NJ 3                                              ,W,3,,00000003__      ,3.97,2,,2,1,6,1,4,1,800,FE,E,CR 601 / MAIN AVE                  ,,,,55,25,40.83181,74.14107,N,,7211,17:15,120+07442
2.02E+17,PASSAIC     ,CLIFTON CITY            ,12/19/2017,TU,725,1,CLIFTON PD               ,,0,0,0,0,P,B,N,N,1,2,NJ 3                                              ,W,3,,00000003__      ,3.84,2,,2,1,1,1,1,1,100,FE,E,CR 601 / MAIN AVE                  ,,,,55,25,40.83078,74.14042,N,,7203,7:25,120+07442
2.02E+17,PASSAIC     ,CLIFTON CITY            ,10/23/2018,TU,1326,1,CLIFTON PD               ,,0,0,0,0,P,B,N,N,1,2,NJ 3                                              ,W,3,,00000003__      ,3.88,2,,2,1,1,1,5,1,300,FE,E,CR 601 / MAIN AVE                  ,,,,55,25,40.83181,74.14107,N,,7096,13:25,120+07442
2.02E+17,PASSAIC     ,CLIFTON CITY            ,10/23/2018,TU,1715,1,CLIFTON PD               ,,0,0,0,0,P,B,N,N,1,2,NJ 3                                              ,W,3,,00000003__      ,3.88,2,,2,1,1,1,4,1,300,FE,E,CR 601 / MAIN AVE                  ,,,,55,25,40.83133,74.1408,N,,7211,17:15,120+07442
2.02E+17,PASSAIC     ,CLIFTON CITY            ,12/19/2017,TU,1546,1,CLIFTON PD               ,,0,0,0,0,P,B,N,N,1,2,NJ 3                                              ,W,3,,00000003__      ,2.58,2,,2,1,1,1,1,1,300,FE,W,CR 622 / BLOOMFIELD AVE            ,,,,55,25,40.84064,74.16044,N,,549,15:45,120+07444
2.02E+17,PASSAIC     ,CLIFTON CITY            ,10/24/2018,WE,1537,1,CLIFTON PD               ,,0,1,0,0,I,B,N,N,1,2,NJ 3                                              ,W,3,,00000003__      ,3.87,2,,2,1,1,1,1,1,250,FE,E,CR 601 / MAIN AVE                  ,,,,55,35,40.83023,74.13915,N,,7239,15:35,120+07442
2.02E+17,PASSAIC     ,CLIFTON CITY            ,12/20/2017,WE,1303,1,CLIFTON PD               ,,0,0,0,0,P,B,N,N,2,2,NJ 3                                              ,W,3,,00000003__      ,1.44,2,,2,1,1,1,1,1,750,FE,W,GARDEN STATE PARKWAY               ,,,,55,25,,,N,,7079,13:05,120P07446
2.02E+17,PASSAIC     ,CLIFTON CITY            ,12/20/2017,WE,1701,1,CLIFTON PD               ,,0,0,0,0,P,B,N,N,1,2,NJ 3                                              ,W,3,,00000003__      ,3.87,2,,2,1,6,1,1,1,250,FE,E,CR 601 / MAIN AVE                  ,,,,55,35,40.83081,74.14035,N,,7105,17:00,120+07442
2.02E+17,PASSAIC     ,CLIFTON CITY            ,10/29/2018,MO,638,1,CLIFTON PD               ,,0,1,0,0,I,B,N,N,1,2,NJ 3                                              ,W,3,,00000003__      ,3.42,2,,2,2,1,5,1,1,,,,,F,CR 603/PASSAIC AVE       ,NB,55,,40.83434,74.14787,N,,7099,6:40,120+07443
2.02E+17,PASSAIC     ,CLIFTON CITY            ,12/21/2017,TH,26,1,CLIFTON PD               ,,0,0,0,0,P,B,N,N,1,2,NJ 3                                              ,W,3,,00000003__      ,2.64,2,,2,1,6,1,4,1,,,,,T,CR 622 / BLOOMFIELD AVE  ,,55,,40.84012,74.15971,N,,7179,2:25,120+07444
2.02E+17,PASSAIC     ,CLIFTON CITY            ,10/29/2018,MO,1535,1,CLIFTON PD               ,,0,0,0,0,P,B,N,N,1,2,NJ 3                                              ,W,3,,00000003__      ,3.43,2,,2,1,1,1,1,1,50,FE,E,CR 603 / PASSAIC AVE               ,,,,55,25,40.8348,74.14806,N,,7201,15:35,120+07443
2.02E+17,PASSAIC     ,CLIFTON CITY            ,12/21/2017,TH,1139,1,CLIFTON PD               ,,0,0,0,0,P,B,N,N,1,2,NJ 3                                              ,W,3,,00000003__      ,1.44,2,,2,1,1,1,1,1,10,FE,E,GARDEN STATE PARKWAY               ,,,,55,55,40.85341,74.17618,N,,7099,11:40,120P07446
2.02E+17,PASSAIC     ,CLIFTON CITY            ,11/1/2018,TH,632,1,CLIFTON PD               ,,0,0,0,0,P,B,N,N,1,3,NJ 3                                              ,W,3,,00000003__      ,0.38,2,,2,1,6,1,1,1,700,FE,W,CR 623 / GROVE ST                  ,,,,55,25,,,N,,,6:30,120+07449
2.02E+17,PASSAIC     ,CLIFTON CITY            ,12/21/2017,TH,1459,1,CLIFTON PD               ,,0,0,0,0,P,B,N,N,1,2,NJ 3                                              ,W,3,,00000003__      ,0.47,2,,2,1,1,1,1,1,200,FE,W,CR 623 / GROVE ST                  ,,,,50,25,40.86593,74.18246,N,,544,15:00,120+07449
2.02E+17,PASSAIC     ,CLIFTON CITY            ,12/21/2017,TH,1806,1,CLIFTON PD               ,,0,0,0,0,P,B,N,N,2,2,NJ 3                                              ,W,3,,00000003__      ,4.9,2,,2,1,6,1,1,1,50,FE,E,NJ 21                              ,,,,55,55,40.82333,74.12416,N,,7226,18:05,120P04739
2.02E+17,PASSAIC     ,CLIFTON CITY            ,11/1/2018,TH,1714,1,CLIFTON PD               ,,0,3,0,0,I,B,N,N,1,2,NJ 3                                              ,W,3,,00000003__      ,1.25,2,,2,1,1,1,1,1,50,FE,W,ROUTE 509 / BROAD ST               ,,,,55,25,,,N,,7256,17:15,120P07447
2.02E+17,PASSAIC     ,CLIFTON CITY            ,12/21/2017,TH,1853,1,CLIFTON PD               ,,0,0,0,0,P,B,N,N,1,2,NJ 3                                              ,W,3,,00000003__      ,,2,,2,1,6,1,1,1,,,,,F,CR 603                   ,NB,55,,40.83434,74.14786,N,,7226,18:55,120+07449
2.02E+17,PASSAIC     ,CLIFTON CITY            ,11/2/2018,FR,828,1,CLIFTON PD               ,,0,0,0,0,P,B,N,N,1,2,NJ 3                                              ,W,3,,00000003__      ,3.36,2,,2,1,1,5,5,1,300,FE,W,CR 603 / PASSAIC AVE               ,,,,55,25,40.83448,74.14752,N,,7096,8:30,120+07443
2.02E+17,PASSAIC     ,CLIFTON CITY            ,11/3/2018,SA,2139,1,CLIFTON PD               ,,0,0,0,0,P,B,N,N,1,2,NJ 3                                              ,W,3,,00000003__      ,2.79,2,,2,1,6,1,1,1,800,FE,E,CR 622 / BLOOMFIELD AVE            ,,,,55,35,40.83755,74.15473,N,,7105,21:40,120+07444
2.02E+17,PASSAIC     ,CLIFTON CITY            ,11/4/2018,SU,1718,1,CLIFTON PD               ,,0,0,0,0,P,B,N,N,2,2,NJ 3                                              ,W,3,,00000003__      ,3.91,2,,2,1,6,1,1,1,500,FE,E,CR 601 / MAIN AVE                  ,,,,55,35,40.83181,74.14107,N,,7105,17:20,120+07442
2.02E+17,PASSAIC     ,CLIFTON CITY            ,12/24/2017,SU,1754,1,CLIFTON PD               ,,0,0,0,0,P,B,N,N,1,2,NJ 3                                              ,W,3,,00000003__      ,3.82,2,,2,1,6,1,1,1,5280,FE,W,CR 601 / MAIN AVE                  ,,,,55,25,40.83181,74.14107,N,,543,17:55,120+07442
2.02E+17,PASSAIC     ,CLIFTON CITY            ,12/26/2017,TU,743,1,CLIFTON PD               ,,0,0,0,0,P,B,N,N,2,2,NJ 3                                              ,W,3,,00000003__      ,0,2,,2,1,1,1,1,1,100,FE,E,CR 621                             ,,,,55,25,40.86963,74.18843,N,,543,7:45,120+07449
2.02E+17,PASSAIC     ,CLIFTON CITY            ,11/13/2018,TU,852,1,CLIFTON PD               ,,0,0,0,0,P,B,N,N,1,3,NJ 3                                              ,W,3,,00000003__      ,0.43,2,,2,2,1,2,1,1,400,FE,W,CR 623 / GROVE ST                  ,,,,50,25,40.86318,74.18089,N,,,8:50,120+07449
2.02E+17,PASSAIC     ,CLIFTON CITY            ,11/14/2018,WE,847,1,CLIFTON PD               ,,0,0,0,0,P,I,N,N,1,2,NJ 3                                              ,W,3,,00000003__      ,0.51,2,,2,1,1,1,2,1,,AT,,,F,PC 623 / GROVE STREET    ,WB,50,,40.86585,74.18145,N,,7080,8:45,120+07449
2.02E+17,PASSAIC     ,CLIFTON CITY            ,12/29/2017,FR,1339,1,CLIFTON PD               ,,0,0,0,0,P,B,N,N,2,2,NJ 3                                              ,W,3,,00000003__      ,0.6,2,,2,1,1,1,1,1,500,FE,E,CR 623 / GROVE ST                  ,,,,55,35,40.86565,74.18162,N,,7155,13:40,120P07448
2.02E+17,PASSAIC     ,CLIFTON CITY            ,12/29/2017,FR,2256,1,CLIFTON PD               ,,0,0,0,0,P,B,N,N,1,2,NJ 3                                              ,W,3,,00000003__      ,3.4,2,,2,1,6,1,2,1,,,,,F,CR 603/PASSAIC AVE       ,SB,25,,40.8348,74.14806,N,,7198,22:55,120+07443
2.02E+17,PASSAIC     ,CLIFTON CITY            ,11/14/2018,WE,1308,1,CLIFTON PD               ,,0,0,0,0,P,B,N,N,1,2,NJ 3                                              ,W,3,,00000003__      ,3.42,2,,2,1,1,1,2,1,,,,,F,PC 603 / PASSAIC AVENUE  ,WB,50,,40.83545,74.15033,N,,7080,13:10,120+07443
2.02E+17,PASSAIC     ,CLIFTON CITY            ,12/30/2017,SA,2215,1,CLIFTON PD               ,,0,0,0,0,P,B,N,N,1,2,NJ 3                                              ,W,3,,00000003__      ,3.8,2,,2,1,6,1,2,1,,,,,F,MAIN AVE                 ,,55,,,,N,,7169,22:15,120+07442
2.02E+17,PASSAIC     ,CLIFTON CITY            ,11/15/2018,TH,612,1,CLIFTON PD               ,,0,0,0,0,P,B,N,N,15,2,NJ 3                                              ,W,3,,00000003__      ,2.6,2,,2,1,1,1,1,1,200,FE,W,CR 622 / BLOOMFIELD AVE            ,,,,55,35,40.84064,74.16044,N,,7199,6:10,120+07444
2.02E+17,PASSAIC     ,CLIFTON CITY            ,8/10/2017,TH,2117,1,CLIFTON PD               ,,0,0,0,0,P,B,N,N,99,1,NJ 3                                              ,W,3,,00000003__      ,3.86,2,,2,1,5,1,1,1,200,FE,E,CR 601 / MAIN AVE                  ,,,,50,35,40.83133,74.1408,N,,550,21:15,120+07442
2.02E+17,PASSAIC     ,CLIFTON CITY            ,11/15/2018,TH,1429,1,CLIFTON PD               ,,0,1,0,0,I,B,N,N,1,2,NJ 3                                              ,W,3,,00000003__      ,4.89,2,,2,3,1,3,5,1,,,,,T,NJ 21                    ,NB,55,,40.82655,74.12269,N,,7096,14:30,120P04739
2.02E+17,PASSAIC     ,CLIFTON CITY            ,11/16/2018,FR,819,1,CLIFTON PD               ,,0,1,0,0,I,B,N,N,2,3,NJ 3                                              ,W,3,,00000003__      ,1.74,2,,2,2,1,3,1,1,200,FE,W,HEPBURN RD                         ,,,,50,25,40.85446,74.17649,N,,,8:20,120+07445
2.02E+17,PASSAIC     ,CLIFTON CITY            ,11/16/2018,FR,949,1,CLIFTON PD               ,,0,0,0,0,P,B,N,N,11,1,NJ 3                                              ,W,3,,00000003__      ,0.46,2,,2,5,1,1,1,1,250,FE,W,CR 623 / GROVE ST                  ,,,,55,25,40.8669,74.18329,N,LARGE SECTION OF THE GUARD RAIL WAS DAMAGED AND BENT. PART OF THE GUARDRAIL REM?,7204,9:50,120+07449
2.02E+17,PASSAIC     ,CLIFTON CITY            ,11/16/2018,FR,1131,1,CLIFTON PD               ,,0,0,0,0,P,B,N,N,1,2,NJ 3                                              ,W,3,,00000003__      ,3.82,2,,2,1,1,1,1,1,,,,,F,CR 601/MAIN AVE          ,,55,,40.83181,74.14107,N,,7180,11:30,120+07442
2.02E+17,PASSAIC     ,CLIFTON CITY            ,11/17/2018,SA,2131,1,CLIFTON PD               ,,0,0,0,0,P,B,N,N,1,2,NJ 3                                              ,W,3,,00000003__      ,3.42,2,,2,1,6,1,1,1,,,,,F,PC 603 / PASSAIC AVE     ,SB,55,,40.83356,74.1464,N,,7239,21:30,120+07443
2.02E+17,PASSAIC     ,CLIFTON CITY            ,11/18/2018,SU,1458,1,CLIFTON PD               ,,0,0,0,0,P,B,N,N,1,2,NJ 3                                              ,W,3,,00000003__      ,0.7,2,,2,1,1,1,1,1,1000,FE,E,CR 623 / GROVE ST                  ,,,,55,25,40.86351,74.181,N,,7274,15:00,120P07448
2.02E+17,PASSAIC     ,CLIFTON CITY            ,11/19/2018,MO,1946,1,CLIFTON PD               ,,0,0,0,0,P,I,N,N,4,2,NJ 3                                              ,W,3,,00000003__      ,3.42,2,,2,1,6,1,4,1,,AT,,,F,PC 603 / PASSAIC AVE     ,WB,55,,40.83448,74.14752,N,,7251,19:45,120+07443
2.02E+17,PASSAIC     ,CLIFTON CITY            ,11/20/2018,TU,753,1,CLIFTON PD               ,,0,0,0,0,P,B,N,N,2,3,NJ 3                                              ,W,3,,00000003__      ,3.36,2,,2,1,1,5,5,1,300,FE,W,CR 603 / PASSAIC AVE               ,,,,55,35,40.83448,74.14752,N,,,7:55,120+07443
2.02E+17,PASSAIC     ,CLIFTON CITY            ,11/20/2018,TU,1530,1,CLIFTON PD               ,,0,0,0,0,P,B,N,N,1,2,NJ 3                                              ,W,3,,00000003__      ,2.56,2,,2,1,1,1,1,1,400,FE,W,CR 622 / BLOOMFIELD AVE            ,,,,55,25,40.83181,74.14107,N,,7201,15:30,120+07444
2.02E+17,PASSAIC     ,CLIFTON CITY            ,11/23/2018,FR,426,1,CLIFTON PD               ,,0,3,0,0,I,B,N,N,1,2,NJ 3                                              ,W,3,,00000003__      ,0.05,2,,2,1,6,1,4,1,250,FE,E,US 46 / CR 621 / VALLEY RD         ,,,,50,35,40.86873,74.1852,N,,7210,4:25,120+07449
2.02E+17,PASSAIC     ,CLIFTON CITY            ,11/25/2018,SU,1609,1,CLIFTON PD               ,,0,0,0,0,P,B,N,N,1,2,NJ 3                                              ,W,3,,00000003__      ,3.82,2,,2,1,1,1,1,1,,,,,F,PC 601 / MAIN AVE        ,SB,55,,40.83123,74.14118,N,,7274,16:10,120+07442
2.02E+17,PASSAIC     ,CLIFTON CITY            ,11/26/2018,MO,1606,1,CLIFTON PD               ,,0,0,0,0,P,B,N,N,1,2,NJ 3                                              ,W,3,,00000003__      ,3.48,2,,2,2,6,2,1,1,300,FE,E,CR 603 / PASSAIC AVE               ,,,,55,35,40.83181,74.14107,N,,7105,16:05,120+07443
2.02E+17,PASSAIC     ,CLIFTON CITY            ,11/26/2018,MO,1701,1,CLIFTON PD               ,,0,0,0,0,P,B,N,N,2,2,NJ 3                                              ,W,3,,00000003__      ,0.5,2,,2,2,6,2,1,1,50,FE,W,CR 623 / GROVE ST                  ,,,,55,35,40.86565,74.18162,N,,7251,17:00,120+07449
2.02E+17,PASSAIC     ,CLIFTON CITY            ,11/27/2018,TU,613,1,CLIFTON PD               ,,0,0,0,0,P,B,N,N,2,2,NJ 3                                              ,W,3,,00000003__      ,3.82,2,,2,2,1,1,2,1,,,,,F,PC 601 / MAIN AVE        ,SB,50,,40.83126,74.1412,N,,7244,6:15,120+07442
2.02E+17,PASSAIC     ,CLIFTON CITY            ,11/27/2018,TU,1629,1,CLIFTON PD               ,,0,0,0,0,P,B,N,N,1,2,NJ 3                                              ,W,3,,00000003__      ,0.47,2,,2,1,3,1,1,1,200,FE,W,CR 623 / GROVE ST                  ,,,,55,25,,,N,,7252,16:30,120+07449
2.02E+17,PASSAIC     ,CLIFTON CITY            ,11/29/2018,TH,801,1,CLIFTON PD               ,,0,0,0,0,P,B,N,N,1,2,NJ 3                                              ,W,3,,00000003__      ,3.8,2,,2,1,1,1,5,1,,,,,F,MAIN AVE                 ,,25,,40.83133,74.1408,N,,7157,8:00,120+07442
2.02E+17,PASSAIC     ,CLIFTON CITY            ,11/30/2018,FR,616,1,CLIFTON PD               ,,0,0,0,0,P,B,N,N,1,2,NJ 3                                              ,W,3,,00000003__      ,0.51,2,,2,1,1,1,4,1,25,FE,E,CR 623 / GROVE ST                  ,,,,55,35,40.86565,74.18162,N,,7268,6:15,120+07449
2.02E+17,PASSAIC     ,CLIFTON CITY            ,11/30/2018,FR,1841,1,CLIFTON PD               ,,0,0,0,0,P,B,N,N,2,2,NJ 3                                              ,W,3,,00000003__      ,0.52,2,,2,1,1,1,1,1,50,FE,E,CR 623 / GROVE ST                  ,,,,55,25,40.86565,74.18162,N,,7252,18:40,120+07449
2.02E+17,PASSAIC     ,CLIFTON CITY            ,12/1/2018,SA,1402,1,CLIFTON PD               ,,0,0,0,0,P,B,N,N,1,2,NJ 3                                              ,W,3,,00000003__      ,3.8,2,,2,1,1,1,5,1,,,,,F,MAIN AVENUE              ,SB,55,,,,N,,7077,14:00,120+07442
2.02E+17,PASSAIC     ,CLIFTON CITY            ,12/2/2018,SU,1304,1,CLIFTON PD               ,,0,1,0,0,I,B,N,N,1,2,NJ 3                                              ,W,3,,00000003__      ,2.58,2,,2,2,1,2,1,1,300,FE,W,CR 622 / BLOOMFIELD AVE            ,,,,55,25,40.83942,74.15872,N,,7180,13:05,120+07444
2.02E+17,PASSAIC     ,CLIFTON CITY            ,12/3/2018,MO,1638,1,CLIFTON PD               ,,0,0,0,0,P,B,N,N,2,2,NJ 3                                              ,W,3,,00000003__      ,0.49,2,,2,1,6,1,1,1,100,FE,W,CR 623 / GROVE ST                  ,,,,55,35,40.86565,74.18162,N,,7105,16:40,120+07449
2.02E+17,PASSAIC     ,CLIFTON CITY            ,12/3/2018,MO,1702,1,CLIFTON PD               ,,0,2,0,0,I,B,N,N,1,2,NJ 3                                              ,W,3,,00000003__      ,0.68,2,,2,1,6,1,1,1,900,FE,E,CR 623 / GROVE ST                  ,,,,55,25,40.84012,74.15971,N,,7201,17:00,120P07448
2.02E+17,PASSAIC     ,CLIFTON CITY            ,12/4/2018,TU,812,1,CLIFTON PD               ,,0,0,0,0,P,B,N,N,1,3,NJ 3                                              ,W,3,,00000003__      ,2.6,2,,2,1,1,1,1,1,200,FE,W,CR 622 / BLOOMFIELD AVE            ,,,,55,30,40.84064,74.16044,N,,,8:10,120+07444
2.02E+17,PASSAIC     ,CLIFTON CITY            ,12/4/2018,TU,1818,1,CLIFTON PD               ,,0,0,0,0,P,B,N,N,1,2,NJ 3                                              ,W,3,,00000003__      ,3.8,2,,2,1,6,1,5,1,,,,,F,MAIN AVE                 ,,55,,40.83133,74.1408,N,,7251,18:20,120+07442
2.02E+17,PASSAIC     ,CLIFTON CITY            ,12/7/2018,FR,732,1,CLIFTON PD               ,,0,0,0,0,P,B,N,N,1,2,NJ 3                                              ,W,3,,00000003__      ,3.78,2,,2,1,1,1,1,1,200,FE,W,CR 601 / MAIN AVE                  ,,,,55,25,40.83233,74.14368,N,,7204,7:30,120+07442
2.02E+17,PASSAIC     ,CLIFTON CITY            ,12/7/2018,FR,1250,1,CLIFTON PD               ,,0,0,0,0,P,B,N,N,1,2,NJ 3                                              ,W,3,,00000003__      ,3.41,2,,2,1,1,1,4,1,50,FE,W,CR 603 / PASSAIC AVE               ,,,,55,25,40.83448,74.14752,N,,7211,12:50,120+07443
2.02E+17,PASSAIC     ,CLIFTON CITY            ,12/7/2018,FR,1716,1,CLIFTON PD               ,,0,0,0,0,P,B,N,N,1,2,NJ 3                                              ,W,3,,00000003__      ,0.76,2,,2,1,3,1,1,1,2640,FE,W,ROUTE 509 / BROAD ST               ,,,,55,35,40.84138,74.16287,N,,7254,17:15,120+07448
2.02E+17,PASSAIC     ,CLIFTON CITY            ,12/7/2018,FR,1803,1,CLIFTON PD               ,,0,0,0,0,P,B,N,N,1,2,NJ 3                                              ,W,3,,00000003__      ,2.68,2,,2,1,6,1,1,1,200,FE,E,CR 622 / BLOOMFIELD AVE            ,,,,55,25,40.83853,74.15688,N,,7272,18:05,120+07444
2.02E+17,PASSAIC     ,CLIFTON CITY            ,12/9/2018,SU,1207,1,CLIFTON PD               ,,0,1,0,0,I,B,N,N,1,2,NJ 3                                              ,W,3,,00000003__      ,3.85,2,,2,1,1,1,1,1,150,FE,E,CR 601 / MAIN AVE                  ,,,,55,25,40.83093,74.14061,N,,7205,12:05,120+07442
2.02E+17,PASSAIC     ,CLIFTON CITY            ,12/11/2018,TU,1506,1,CLIFTON PD               ,,0,0,0,0,P,B,N,N,1,2,NJ 3                                              ,W,3,,00000003__      ,2.55,2,,2,1,1,1,1,1,500,FE,W,CR 622 / BLOOMFIELD AVE            ,,,,55,35,,,N,,7105,15:05,120+07444
2.02E+17,PASSAIC     ,CLIFTON CITY            ,12/11/2018,TU,1752,1,CLIFTON PD               ,,0,0,0,0,P,B,N,N,1,2,NJ 3                                              ,W,3,,00000003__      ,3.8,2,,2,1,6,1,1,1,100,FE,W,CR 601 / MAIN AVE                  ,,,,55,25,40.83181,74.14107,N,,7252,17:50,120+07442
2.02E+17,PASSAIC     ,CLIFTON CITY            ,12/11/2018,TU,1938,1,CLIFTON PD               ,,0,0,0,0,P,B,N,N,2,2,NJ 3                                              ,W,3,,00000003__      ,2.47,2,,2,1,1,1,1,1,900,FE,W,CR 622 / BLOOMFIELD AVE            ,,,,55,35,,,N,,7105,19:40,120P07444
2.02E+17,PASSAIC     ,CLIFTON CITY            ,12/12/2018,WE,1731,1,CLIFTON PD               ,,0,0,0,0,P,B,N,N,1,2,NJ 3                                              ,W,3,,00000003__      ,1.28,2,,2,1,6,1,1,1,100,FE,E,ROUTE 509 / BROAD ST               ,,,,55,25,40.85706,74.17865,N,,7262,17:30,120+07447
2.02E+17,PASSAIC     ,CLIFTON CITY            ,12/14/2018,FR,1516,1,CLIFTON PD               ,,0,0,0,0,P,B,N,N,1,2,NJ 3                                              ,W,3,,00000003__      ,0.45,2,,2,1,1,1,1,1,300,FE,W,CR 623 / GROVE ST                  ,,,,55,30,40.86634,74.18276,N,,7079,15:15,120+07449