CRASH_ID,CTY_NAME,MUN_NAME,DATE,DAY,TIME,POL_CODE,POL_DEPT,POL_STA,KILLED,INJURED,PED_KILL,PED_INJ,SEVERITY,INTERSEC,ALCOHOL,HAZMAT,CRASH_TYPE,VEH_COUNT,LOCATION,LOC_DIR,ROUTE,RT_SFX,SRI,MP,RD_SYS,RD_CHAR,RD_SURF,SURF_COND,LIGHT,WEATHER,RD_DIV,RD_WRKZN,X_DIST,DIST_UNT,X_DIR,X_NAME,IS_RAMP,RAMP_RT,RAMP_DIR,SPD_LMT,SPD_X,LAT,LONG,CELL_USE,PROP_DMG,BADGE,TIME_ROUND,TMC
2.02E+17,PASSAIC     ,CLIFTON CITY            ,12/14/2018,FR,1618,1,CLIFTON PD               ,,0,0,0,0,P,B,N,N,1,2,NJ 3                                              ,W,3,,00000003__      ,2.7,2,,2,2,6,2,1,1,300,FE,E,CR 622 / BLOOMFIELD AVE            ,,,,55,35,40.84064,74.16044,N,,7105,16:20,120+07444
2.02E+17,PASSAIC     ,CLIFTON CITY            ,12/16/2018,SU,1126,1,CLIFTON PD               ,,0,0,0,0,P,B,N,N,1,2,NJ 3                                              ,W,3,,00000003__      ,3.8,2,,2,2,1,2,1,1,,,,,F,MAIN AVE                 ,NB,55,,40.8312,74.14115,N,,7099,11:25,120+07442
2.02E+17,PASSAIC     ,CLIFTON CITY            ,12/16/2018,SU,1536,1,CLIFTON PD               ,,0,0,0,0,P,B,N,N,8,2,NJ 3                                              ,W,3,,00000003__      ,3.86,2,,2,2,1,2,1,1,200,FE,E,CR 601 / MAIN AVE                  ,,,,50,25,40.82906,74.13657,N,,7080,15:35,120+07442
2.02E+17,PASSAIC     ,CLIFTON CITY            ,12/16/2018,SU,1841,1,CLIFTON PD               ,,0,0,0,0,P,B,N,N,11,1,NJ 3                                              ,W,3,,00000003__      ,2.64,2,,2,2,6,2,2,1,,,,,F,PC 622 / BLOOMFIELD AVE  ,SB,55,,40.84023,74.15996,N,,7247,18:40,120+07444
2.02E+17,PASSAIC     ,CLIFTON CITY            ,12/19/2018,WE,1055,1,CLIFTON PD               ,,0,0,0,0,P,B,N,N,1,2,NJ 3                                              ,W,3,,00000003__      ,3.8,2,,2,1,1,1,5,1,,,,,F,MAIN AVE                 ,NB,55,,40.83133,74.1408,N,,7118,10:55,120+07442
2.02E+17,PASSAIC     ,CLIFTON CITY            ,12/23/2018,SU,1058,1,CLIFTON PD               ,,0,0,0,0,P,B,N,N,2,2,NJ 3                                              ,W,3,,00000003__      ,0.06,2,,2,1,1,1,5,1,300,FE,E,US 46 / CR 621 / VALLEY RD         ,,,,50,35,40.86955,74.18604,N,,7167,11:00,120+07449
2.02E+17,PASSAIC     ,CLIFTON CITY            ,12/23/2018,SU,1743,1,CLIFTON PD               ,,0,0,0,0,P,B,N,N,1,2,NJ 3                                              ,W,3,,00000003__      ,3.4,2,,2,1,6,1,2,1,,,,,F,CR 603/PASSAIC AVE       ,,55,,40.83438,74.14782,N,,7276,17:45,120+07443
2.02E+17,PASSAIC     ,CLIFTON CITY            ,12/23/2018,SU,2136,1,CLIFTON PD               ,,0,0,0,0,P,B,N,N,1,2,NJ 3                                              ,W,3,,00000003__      ,3.8,2,,2,1,6,1,1,1,,,,,F,MAIN AVE                 ,NB,55,,,,N,,7271,21:35,120+07442
2.02E+17,PASSAIC     ,CLIFTON CITY            ,12/26/2018,WE,1749,1,CLIFTON PD               ,,0,0,0,0,P,B,N,N,1,2,NJ 3                                              ,W,3,,00000003__      ,3.43,2,,2,1,6,1,1,1,50,FE,E,CR 603 / PASSAIC AVE               ,,,,55,25,40.84064,74.16044,N,,7201,17:50,120+07443
2.02E+17,PASSAIC     ,CLIFTON CITY            ,12/27/2018,TH,858,1,CLIFTON PD               ,,0,0,0,0,P,B,N,N,1,2,NJ 3                                              ,W,3,,00000003__      ,3.82,2,,2,1,1,1,1,1,,,,,F,PC 601 / MAIN AVE        ,WB,50,,40.83189,74.14111,N,,7080,9:00,120+07442
2.02E+17,PASSAIC     ,CLIFTON CITY            ,12/28/2018,FR,1336,1,CLIFTON PD               ,,0,0,0,0,P,B,N,N,1,2,NJ 3                                              ,W,3,,00000003__      ,3.8,2,,2,2,1,2,5,1,100,FE,W,CR 601 / MAIN AVE                  ,,,,55,35,40.83181,74.14107,N,,7118,13:35,120+07442
2.02E+17,PASSAIC     ,CLIFTON CITY            ,12/28/2018,FR,1707,1,CLIFTON PD               ,,0,1,0,0,I,B,N,N,2,2,NJ 3                                              ,W,3,,00000003__      ,3.36,2,,2,2,6,1,1,1,300,FE,W,CR 603 / PASSAIC AVE               ,,,,55,25,40.8348,74.14806,N,,7262,17:05,120+07443
20181602CLIFTONPD              ,PASSAIC     ,CLIFTON CITY            ,6/1/2018,FR,2002,1,CLIFTON PD               ,,0,0,0,0,P,B,N,N,8,2,NJ 3                                              ,W,3,,00000003__      ,0.51,2,,2,1,6,1,1,1,,,,,F,CR 603                   ,SB,55,,40.83433,74.14782,N,,7269,20:00,120+07449
2016021216-006431              ,BERGEN      ,EAST RUTHERFORD BORO    ,4/29/2016,F ,1749,1,SECAUCUS PD              ,HEADQUARTERS   ,0,0,0,0,P,B,N,N,1,2,NJ 3                                              ,,3,,00000003__      ,8.4,2,1,2,1,3,1,2,1,,,,,,,,45,,,,N,NONE                                                                            ,164,17:50,120+04734
2018021218-005119              ,BERGEN      ,EAST RUTHERFORD BORO    ,3/27/2018,TU,1710,1,SECAUCUS PD              ,SPD HEADQUARTE?,0,0,0,0,P,B,N,N,1,2,NJ 3                                              ,,3,,00000003__      ,8.4,2,,2,1,1,1,1,1,,,,,,,,55,,,,N,,152,17:10,120+04734
2016021216-013546              ,BERGEN      ,EAST RUTHERFORD BORO    ,9/7/2016,W ,717,1,SECAUCUS PD              ,HEADQUARTERS   ,1,1,0,0,I,B,N,N,4,2,NJ 3                                              ,,3,,00000003__      ,8.4,2,3,2,1,1,1,5,1,,,,,,,,55,,,,N,NONE                                                                            ,147,7:15,120+04734
201802122018-09921             ,BERGEN      ,EAST RUTHERFORD BORO    ,12/13/2018,TH,844,1,EAST RUTHERFORD PD       ,,0,0,0,0,P,B,N,N,1,3,NJ 3                                              ,,3,,00000003__      ,,2,,2,2,1,3,1,1,,,,,,,,,,,,N,,138,8:45,
201802122018-10019             ,BERGEN      ,EAST RUTHERFORD BORO    ,12/18/2018,TU,1539,1,EAST RUTHERFORD PD       ,ERPD           ,0,0,0,0,P,I,N,N,3,2,NJ 3                                              ,,3,,00000003__      ,8.14,2,,2,2,6,2,1,1,,AT,,NEW JERSEY TURNPIKE                ,,,,50,,,,N,,125,15:40,120P04734
2015021215-017153              ,BERGEN      ,EAST RUTHERFORD BORO    ,11/16/2015,M ,914,1,SECAUCUS PD              ,HQ'S           ,0,0,0,0,P,B,N,N,1,2,NJ 3                                              ,,3,,00000003__      ,8,2,1,2,1,1,1,5,1,,,,,,,,40,,,,N,NONE.                                                                           ,165,9:15,120P04734
201802122018-10200             ,BERGEN      ,EAST RUTHERFORD BORO    ,12/21/2018,FR,2242,1,EAST RUTHERFORD PD       ,,0,0,0,0,P,I,Y,N,11,1,NJ 3                                              ,,3,,00000003__      ,7.27,2,,2,2,6,2,1,1,,AT,,SERVICE RD N                       ,,,,55,40,,,N,FACE OF GUARDRAIL WAS BENT AND DAMAGED FROM IMPACT OF VEHICLE.                  ,154,22:40,120+04736
20150212B250201500117A         ,BERGEN      ,EAST RUTHERFORD BORO    ,11/12/2015,TH,1902,2,NEW JERSEY STATE POLICE  ,MEADOWLANDS - S,0,0,0,0,P,B,N,N,8,2,NJ 3                                              ,,3,,00000003__      ,10.2,2,1,2,1,7,1,2,1,,,,BERRYS CREEK ROAD                  ,,,,25,25,,,N,,7149,19:00,120+04730
20140212ER-14-01366            ,BERGEN      ,EAST RUTHERFORD BORO    ,2/12/2014,W ,1330,1,EAST RUTHERFORD PD       ,,0,0,0,0,P,I,N,N,2,2,NJ 3                                              ,,3,,00000003__      ,7.27,2,,2,1,1,1,1,1,,AT,,N SERVICE RD                       ,,,,55,,40.80855,74.0797,N,,139,13:30,120+04736
20150212ER-15-01498            ,BERGEN      ,EAST RUTHERFORD BORO    ,2/18/2015,W ,643,1,EAST RUTHERFORD PD       ,,0,0,0,0,P,B,N,N,2,2,NJ 3                                              ,,3,,00000003__      ,8.4,2,2,2,1,2,1,5,2,,,,,,,,55,,,,N,,144,6:45,120+04734
20130212ER-13-01083            ,BERGEN      ,EAST RUTHERFORD BORO    ,2/8/2013,F ,1135,1,EAST RUTHERFORD PD       ,,0,0,0,0,P,B,N,N,11,1,NJ 3                                              ,,3,,00000003__      ,7.85,2,5,1,3,1,3,1,1,,,,,T,ROUTE 120                ,NB,35,,,,N,,126,11:35,120+04735
20150212ER-15-03375            ,BERGEN      ,EAST RUTHERFORD BORO    ,3/10/2015,TU,1711,1,EAST RUTHERFORD PD       ,,0,0,0,0,P,B,N,N,2,2,NJ 3                                              ,,3,,00000003__      ,,2,1,2,2,1,2,5,1,,,,,,,,55,,,,N,,144,17:10,
20140212ER-14-07958            ,BERGEN      ,EAST RUTHERFORD BORO    ,9/11/2014,TH,,1,EAST RUTHERFORD PD       ,,0,1,0,0,I,B,Y,N,11,1,NJ 3                                              ,,3,,00000003__      ,7.7,2,1,2,1,6,1,1,1,,,,,,,,55,,40.80315,74.07302,N,CONCRETE DIVIDER                                                                ,147,#VALUE!,120+04735
20140212ER-14-08884            ,BERGEN      ,EAST RUTHERFORD BORO    ,10/5/2014,S ,0,1,EAST RUTHERFORD PD       ,,0,0,0,0,P,B,N,N,1,2,NJ 3                                              ,,3,,00000003__      ,7.56,2,1,2,1,1,1,5,1,,,,,,,,40,,40.80533,74.07454,N,,126,0:00,120P04735
20180212ER-18-05638            ,BERGEN      ,EAST RUTHERFORD BORO    ,7/22/2018,SU,653,1,EAST RUTHERFORD PD       ,,0,1,0,0,I,B,N,N,11,1,NJ 3                                              ,,3,,00000003__      ,,2,,2,2,3,5,5,1,,,,,,,,40,,,,N,,144,6:55,#N/A
20130212ER-13-07879            ,BERGEN      ,EAST RUTHERFORD BORO    ,9/6/2013,F ,1835,1,EAST RUTHERFORD PD       ,,0,0,0,0,P,B,N,N,1,3,NJ 3                                              ,,3,,00000003__      ,6.86,2,1,2,1,1,1,1,1,,,,,,,,55,,,,N,,146,18:35,120P04737
20130212ER-13-07888            ,BERGEN      ,EAST RUTHERFORD BORO    ,9/7/2013,SA,119,1,EAST RUTHERFORD PD       ,,0,0,0,0,P,B,Y,N,1,2,NJ 3                                              ,,3,,00000003__      ,8.2,2,1,2,1,6,1,3,2,,,,,,,,55,,,,N,,146,1:20,120P04734
2014025614-04155               ,BERGEN      ,RUTHERFORD BORO         ,2/17/2014,M ,1644,1,RUTHERFORD PD            ,,0,0,0,0,P,B,N,N,1,2,NJ 3                                              ,,3,,00000003__      ,6.4,2,1,2,1,1,1,1,1,,,,,,,,55,,40.81044,74.09915,N,,67,16:45,120P04737
2016025616-000628              ,BERGEN      ,RUTHERFORD BORO         ,1/8/2016,F ,1110,1,RUTHERFORD PD            ,,0,0,0,0,P,B,N,N,1,2,NJ 3                                              ,,3,,00000003__      ,,2,2,2,1,1,1,2,1,,,,,F,NJ 17                    ,SB,40,,,,N,,88,11:10,#N/A
2015025615-04796               ,BERGEN      ,RUTHERFORD BORO         ,2/19/2015,TH,730,1,RUTHERFORD PD            ,,0,0,0,0,P,B,N,N,1,2,NJ 3                                              ,,3,,00000003__      ,5,2,2,2,1,1,1,1,1,,,,,,,,55,,,,N,,40,7:30,120P04739
2016025616-01262               ,BERGEN      ,RUTHERFORD BORO         ,1/16/2016,SA,1029,1,RUTHERFORD PD            ,,0,0,0,0,P,B,N,N,11,1,NJ 3                                              ,,3,,00000003__      ,6.4,2,5,2,2,1,2,3,1,,,,,T,NJ 17                    ,NB,55,,,,N,,40,10:30,120P04737
20180212ER-18-09444            ,BERGEN      ,EAST RUTHERFORD BORO    ,11/28/2018,WE,1550,1,EAST RUTHERFORD PD       ,,0,0,0,0,P,B,N,N,2,2,NJ 3                                              ,,3,,00000003__      ,8.3,2,,2,1,1,1,1,1,,,,,,,,55,,,,N,,144,15:50,120P04734
2014025614-06270               ,BERGEN      ,RUTHERFORD BORO         ,3/19/2014,W ,1406,1,RUTHERFORD PD            ,,0,0,0,0,P,B,N,N,8,2,NJ 3                                              ,,3,,00000003__      ,,2,1,2,1,1,5,4,2,,,,,T,NJ 17                    ,SB,45,,,,N,,89,14:05,#N/A
201302562013-000852            ,BERGEN      ,RUTHERFORD BORO         ,1/21/2013,M ,1805,1,RUTHERFORD PD            ,,0,0,0,0,P,B,N,N,1,2,NJ 3                                              ,,3,,00000003__      ,5.2,2,1,2,1,6,1,2,2,,,,,,,,45,,,,N,,79,18:05,120+04739
2014025614-07205               ,BERGEN      ,RUTHERFORD BORO         ,3/31/2014,M ,1552,1,RUTHERFORD PD            ,,0,0,0,0,P,B,N,N,2,2,NJ 3                                              ,,3,,00000003__      ,6.8,2,3,1,1,1,1,1,1,,,,,,,,50,,40.81095,74.08986,N,,83,15:50,120P04737
201302562013-001117            ,BERGEN      ,RUTHERFORD BORO         ,1/28/2013,M ,943,1,RUTHERFORD PD            ,,0,1,0,0,I,B,N,N,11,1,NJ 3                                              ,,3,,00000003__      ,6,2,1,2,3,1,3,1,2,,,,,,,,45,,,,N,,79,9:45,120+04738
2016025616-06063               ,BERGEN      ,RUTHERFORD BORO         ,3/17/2016,TH,1742,1,RUTHERFORD PD            ,,0,0,0,0,P,B,N,N,1,2,NJ 3                                              ,,3,,00000003__      ,5,2,2,2,2,1,2,2,1,,,,,T,RUTHERFORD AVE           ,EB,55,,,,N,,40,17:40,120P04739
2014025614-09714               ,BERGEN      ,RUTHERFORD BORO         ,5/5/2014,M ,1044,1,RUTHERFORD PD            ,,0,1,0,0,I,B,N,N,2,3,NJ 3                                              ,,3,,00000003__      ,5,2,1,2,1,1,1,1,2,,,,,,,,45,,40.82242,74.12299,N,,66,10:45,120P04739
2016025616-08297               ,BERGEN      ,RUTHERFORD BORO         ,4/13/2016,W ,1736,1,RUTHERFORD PD            ,,0,0,0,0,P,B,N,N,2,2,NJ 3                                              ,,3,,00000003__      ,5.3,2,1,2,1,1,1,1,1,,,,,,,,55,,,,N,,89,17:35,120+04739
2015025615-12523               ,BERGEN      ,RUTHERFORD BORO         ,5/26/2015,TU,205,1,RUTHERFORD PD            ,,0,0,0,0,P,I,N,N,2,2,NJ 3                                              ,,3,,00000003__      ,5.93,2,1,2,1,6,1,5,1,,AT,,ORIENT WAY                         ,,,,40,35,,,N,,85,2:05,120+04738
201302562013-002631            ,BERGEN      ,RUTHERFORD BORO         ,3/4/2013,M ,819,1,RUTHERFORD PD            ,,0,0,0,0,P,B,N,N,1,2,NJ 3                                              ,,3,,00000003__      ,5.7,2,2,2,1,1,1,1,2,,,,,,,,45,,,,N,,40,8:20,120P04738
2016025616-09669               ,BERGEN      ,RUTHERFORD BORO         ,5/2/2016,M ,728,1,RUTHERFORD PD            ,,0,0,0,0,P,B,N,N,1,2,NJ 3                                              ,,3,,00000003__      ,6.5,2,5,2,1,1,5,1,1,,,,,F,NJ 17                    ,NB,40,,,,N,,53,7:30,120P04737
2015025615-14244               ,BERGEN      ,RUTHERFORD BORO         ,6/16/2015,TU,1610,1,RUTHERFORD PD            ,,0,0,0,0,P,B,N,N,15,2,NJ 3                                              ,,3,,00000003__      ,5.5,2,1,2,1,1,1,1,1,,,,,,,,55,,,,N,,53,16:10,120+04739
201302562013-004623            ,BERGEN      ,RUTHERFORD BORO         ,4/22/2013,M ,902,1,RUTHERFORD PD            ,,0,0,0,0,P,B,N,N,1,2,NJ 3                                              ,,3,,00000003__      ,5.7,2,2,2,1,1,1,1,2,,,,,,,,45,,,,N,,40,9:00,120P04738
2017025617-07397               ,BERGEN      ,RUTHERFORD BORO         ,4/18/2017,TU,1529,1,RUTHERFORD PD            ,,0,0,0,0,P,B,N,N,2,2,NJ 3                                              ,,3,,00000003__      ,5.5,2,,2,1,1,1,1,1,,,,,F,MARGINAL RD              ,WB,55,,,,N,,53,15:30,120+04739
2015025615-19098               ,BERGEN      ,RUTHERFORD BORO         ,8/20/2015,TH,957,1,RUTHERFORD PD            ,,0,1,0,0,I,B,N,N,1,2,NJ 3                                              ,,3,,00000003__      ,6.4,2,2,2,1,1,1,1,1,,,,,,,,55,,,,N,,63,9:55,120P04737
201302562013-006699            ,BERGEN      ,RUTHERFORD BORO         ,6/7/2013,F ,506,1,RUTHERFORD PD            ,,0,0,0,0,P,B,N,N,11,1,NJ 3                                              ,,3,,00000003__      ,6.2,2,1,2,2,2,2,1,2,,,,,,,,45,,,,N,,78,5:05,120+04738
2014025614-19515               ,BERGEN      ,RUTHERFORD BORO         ,9/18/2014,TH,538,1,RUTHERFORD PD            ,,0,1,0,0,I,B,N,N,10,1,NJ 3                                              ,,3,,00000003__      ,,2,5,2,1,6,1,3,1,,,,,F,NJ 17                    ,SB,55,,,,N,,40,5:40,#N/A
2014025614-20190               ,BERGEN      ,RUTHERFORD BORO         ,9/27/2014,SA,114,1,RUTHERFORD PD            ,,0,0,0,0,P,B,N,N,11,2,NJ 3                                              ,,3,,00000003__      ,6.2,2,1,2,1,6,1,1,1,,,,,,,,55,,40.81178,74.10341,N,NONE                                                                            ,53,1:15,120+04738
2014025614-21703               ,BERGEN      ,RUTHERFORD BORO         ,10/16/2014,TH,1211,1,RUTHERFORD PD            ,,0,0,0,0,P,B,N,N,11,1,NJ 3                                              ,,3,,00000003__      ,5.5,2,2,2,2,1,5,1,1,,,,,,,,55,,40.81781,74.11557,N,,40,12:10,120+04739
2014025614-22758               ,BERGEN      ,RUTHERFORD BORO         ,10/30/2014,TH,1011,1,RUTHERFORD PD            ,,0,0,0,0,P,I,N,N,2,2,NJ 3                                              ,,3,,00000003__      ,6.8,2,2,2,1,1,1,1,1,,AT,,,,,,55,,40.81095,74.08986,N,,53,10:10,120P04737
2014025614-23081               ,BERGEN      ,RUTHERFORD BORO         ,11/3/2014,M ,1021,1,RUTHERFORD PD            ,,0,0,0,0,P,B,N,N,6,2,NJ 3                                              ,,3,,00000003__      ,5,2,2,2,1,1,1,1,1,,,,,,,,55,,40.82242,74.12299,N,,40,10:20,120P04739
2017025617-14516               ,BERGEN      ,RUTHERFORD BORO         ,8/5/2017,SA,740,1,RUTHERFORD PD            ,,0,0,0,0,P,B,N,N,11,1,NJ 3                                              ,,3,,00000003__      ,6.5,2,,1,2,1,5,1,1,,,,,F,NJ 17                    ,SB,55,,,,N,,86,7:40,120P04737
2015090815-017587              ,HUDSON      ,NORTH BERGEN TWP        ,11/24/2015,TU,826,1,SECAUCUS PD              ,HEADQUARTERS   ,0,0,0,0,P,B,N,N,2,2,NJ 3                                              ,,3,,00000003__      ,10.25,2,1,2,1,1,1,1,1,,,,,,,,50,,,,N,NONE                                                                            ,164,8:25,120+04730
2017025617-16320               ,BERGEN      ,RUTHERFORD BORO         ,9/2/2017,SA,1407,1,RUTHERFORD PD            ,,0,0,0,0,P,I,N,N,7,2,NJ 3                                              ,,3,,00000003__      ,5.93,2,,2,1,1,1,5,1,,AT,,ORIENT WAY                         ,,,,40,35,,,N,,65,14:05,120+04738
2.02E+15,HUDSON      ,NORTH BERGEN TWP        ,1/10/2015,SA,1840,1,NORTH BERGEN PD          ,,0,0,0,0,P,B,N,N,2,2,NJ 3                                              ,,3,,00000003__      ,,2,4,2,1,6,1,1,1,,,,,,,,40,,,,N,,,18:40,#N/A
2.02E+15,HUDSON      ,NORTH BERGEN TWP        ,2/25/2015,W ,17,1,NORTH BERGEN PD          ,15-015614      ,0,0,0,0,P,B,N,N,1,2,NJ 3                                              ,,3,,00000003__      ,,2,1,2,1,6,1,4,1,,,,,,,,45,,,,Y,NONE                                                                            ,,1:15,#N/A
2017025617-16912               ,BERGEN      ,RUTHERFORD BORO         ,9/12/2017,TU,1605,1,RUTHERFORD PD            ,,0,0,0,0,P,B,N,N,2,2,NJ 3                                              ,,3,,00000003__      ,5.7,2,,2,1,1,1,1,1,,,,,T,NJ 17                    ,,55,,,,N,,62,16:05,120P04738
2.02E+15,HUDSON      ,NORTH BERGEN TWP        ,3/26/2015,TH,1628,1,NORTH BERGEN PD          ,15-024471      ,0,0,0,0,P,I,N,N,2,2,NJ 3                                              ,,3,,00000003__      ,10.84,2,1,2,1,1,1,5,1,,AT,,US 1 / US 9                        ,,,,40,40,,,N,NONE                                                                            ,,16:30,120+04729
2018025618-17495               ,BERGEN      ,RUTHERFORD BORO         ,8/22/2018,WE,1051,1,RUTHERFORD PD            ,,0,1,0,0,I,B,N,N,10,1,NJ 3                                              ,,3,,00000003__      ,6.4,2,,2,1,1,5,2,1,,,,,T,NJ 17                    ,NB,55,,,,N,DAMAGE TO SOUTH CURB FACE ON THE RAMP.                                          ,62,10:50,120P04737
2.02E+15,HUDSON      ,NORTH BERGEN TWP        ,4/11/2015,SA,1217,1,NORTH BERGEN PD          ,15-029314      ,0,0,0,0,P,I,N,N,2,2,NJ 3                                              ,,3,,00000003__      ,10.84,2,1,2,1,1,1,1,1,,AT,,US 1 / US 9                        ,,,,,,,,N,,,12:15,120+04729
201302562013-011512            ,BERGEN      ,RUTHERFORD BORO         ,9/18/2013,W ,935,1,RUTHERFORD PD            ,,0,0,0,0,P,B,N,N,1,2,NJ 3                                              ,,3,,00000003__      ,,2,5,2,1,1,1,2,1,,,,,F,THOMAS E DUNN HIGHW?     ,,35,,,,N,,40,9:35,#N/A
2.02E+15,HUDSON      ,NORTH BERGEN TWP        ,6/5/2015,F ,1502,1,NORTH BERGEN PD          ,,0,0,0,0,P,B,N,N,2,2,NJ 3                                              ,,3,,00000003__      ,,2,1,2,2,1,1,5,1,,,,,,,,40,,,,N,,,15:00,#N/A
201302562013-011813            ,BERGEN      ,RUTHERFORD BORO         ,9/25/2013,W ,815,1,RUTHERFORD PD            ,,0,0,0,0,P,B,N,N,1,2,NJ 3                                              ,,3,,00000003__      ,,2,2,2,1,1,1,2,1,,,,,T,THOMAS E DUNN HIGHW?     ,,25,,,,N,,40,8:15,#N/A
2.01E+15,HUDSON      ,NORTH BERGEN TWP        ,4/16/2014,W ,102,1,NORTH BERGEN PD          ,14-029530      ,0,0,0,0,P,B,N,N,11,1,NJ 3                                              ,,3,,00000003__      ,0,2,1,2,4,6,6,1,1,,,,NJ 3                               ,,,,,,,,N,NONE                                                                            ,,1:00,#N/A
2.01E+15,HUDSON      ,NORTH BERGEN TWP        ,4/24/2014,TH,1051,1,NORTH BERGEN PD          ,14-031779      ,0,0,0,0,P,I,N,N,1,2,NJ 3                                              ,,3,,00000003__      ,,2,3,2,1,1,1,1,,,AT,,,,,,40,,,,N,,162,10:50,#N/A
2.02E+15,HUDSON      ,NORTH BERGEN TWP        ,11/16/2015,M ,949,1,NORTH BERGEN PD          ,,0,0,0,0,P,B,N,N,1,2,NJ 3                                              ,,3,,00000003__      ,10.46,2,3,2,1,1,1,5,1,,,,NJ 495                             ,,,,,,,,N,,,9:50,120P04729
2018025618-20388               ,BERGEN      ,RUTHERFORD BORO         ,10/1/2018,MO,642,1,RUTHERFORD PD            ,,0,0,0,0,P,B,N,N,1,2,NJ 3                                              ,,3,,00000003__      ,5.4,2,,2,1,2,1,1,2,,,,,,,,55,,,,N,,99,6:40,120+04739
2.02E+15,HUDSON      ,NORTH BERGEN TWP        ,11/16/2015,M ,1205,1,NORTH BERGEN PD          ,,0,0,0,0,P,B,N,N,1,2,NJ 3                                              ,,3,,00000003__      ,10.85,2,,,,,,,,,,,US 1 / US 9                        ,,,,,,,,N,,,12:05,120+04729
2015090915-000279              ,HUDSON      ,SECAUCUS TOWN           ,1/6/2015,TU,1849,1,SECAUCUS PD              ,HQTS           ,0,0,0,0,P,B,N,N,2,2,NJ 3                                              ,,3,,00000003__      ,8.9,2,5,2,2,6,1,5,1,,,,,,,,,,,,N,NONE                                                                            ,148,18:50,120P04732
2015090915-001158              ,HUDSON      ,SECAUCUS TOWN           ,1/23/2015,F ,1207,1,SECAUCUS PD              ,HEADQUARTERS   ,0,1,0,0,I,I,N,N,1,2,NJ 3                                              ,,3,,00000003__      ,8.8,2,1,2,1,1,1,2,1,,AT,,MILL CREEK DRIVE                   ,,,,50,,,,N,NONE.                                                                           ,147,12:05,120P04733
2.01E+15,HUDSON      ,NORTH BERGEN TWP        ,12/9/2014,TU,814,1,NORTH BERGEN PD          ,19096755,0,0,0,0,P,B,N,N,2,2,NJ 3                                              ,,3,,00000003__      ,,2,1,2,2,1,2,1,1,,,,,,,,,,,,N,,42,8:15,#N/A
2014090914-000456              ,HUDSON      ,SECAUCUS TOWN           ,1/7/2014,TU,2142,1,SECAUCUS PD              ,HQ             ,0,1,0,0,I,B,N,N,2,2,NJ 3                                              ,,3,,00000003__      ,9.8,2,1,2,1,6,1,1,1,,,,,,,,50,,40.78669,74.04918,N,,136,21:40,120+04731
2014090914-000679              ,HUDSON      ,SECAUCUS TOWN           ,1/10/2014,F ,1839,1,SECAUCUS PD              ,HEADQUARTERS   ,0,1,0,0,I,I,N,N,1,2,NJ 3                                              ,,3,,00000003__      ,8.6,2,2,2,2,6,2,1,1,,AT,,MEADOWLANDS PKWY                   ,,,,50,,40.79649,74.0632,N,NONE.                                                                           ,147,18:40,120P04733
2015090915-002335              ,HUDSON      ,SECAUCUS TOWN           ,2/17/2015,TU,1345,1,SECAUCUS PD              ,HEADQUARTERS   ,0,1,0,0,I,B,N,N,99,1,NJ 3                                              ,,3,,00000003__      ,9.8,2,4,2,1,1,1,1,1,,,,,T,HARMON MEADOW BLVD       ,,,,,,N,FENCE                                                                           ,164,13:45,120+04731
2015090915-002338              ,HUDSON      ,SECAUCUS TOWN           ,2/17/2015,TU,1417,1,SECAUCUS PD              ,HEADQUARTERS   ,0,0,0,0,P,I,N,N,1,2,NJ 3                                              ,,3,,00000003__      ,9.89,2,1,2,2,1,1,2,1,,AT,,HARMON MEADOW BLVD                 ,,,,,,,,N,NONE.                                                                           ,147,14:15,120+04731
2.02E+15,HUDSON      ,NORTH BERGEN TWP        ,1/18/2016,M ,1658,1,NORTH BERGEN PD          ,16-005015      ,0,0,0,0,P,B,N,N,2,2,NJ 3                                              ,,3,,00000003__      ,10.5,2,4,2,1,2,1,5,1,,,,,T,RT 495 EAST              ,EB,25,,,,N,,,17:00,120+04729
2014090914-001130              ,HUDSON      ,SECAUCUS TOWN           ,1/17/2014,F ,1453,1,SECAUCUS PD              ,HQTS           ,0,1,0,0,I,B,N,N,2,2,NJ 3                                              ,,3,,00000003__      ,,2,2,1,1,1,1,,1,,,,,,,,50,,,,N,,117,14:55,#N/A
2015090915-002553              ,HUDSON      ,SECAUCUS TOWN           ,2/21/2015,SA,1521,1,SECAUCUS PD              ,HEADQUARTERS   ,0,1,0,0,I,I,N,N,1,3,NJ 3                                              ,,3,,00000003__      ,8.8,2,4,2,3,1,3,3,1,,AT,,MAPLE STREET                       ,,,,40,,,,N,,131,15:20,120P04733
2015090915-002578              ,HUDSON      ,SECAUCUS TOWN           ,2/22/2015,S ,217,1,SECAUCUS PD              ,HEADQUARTERS   ,0,0,0,0,P,B,N,N,11,1,NJ 3                                              ,,3,,00000003__      ,10,2,1,2,5,6,6,1,1,,,,,,,,55,,,,N,LIGHT POLE #BW715                                                               ,118,2:15,120+04730
2015090915-002882              ,HUDSON      ,SECAUCUS TOWN           ,2/27/2015,F ,1527,1,SECAUCUS PD              ,HQTS           ,0,0,0,0,P,I,N,N,1,2,NJ 3                                              ,,3,,00000003__      ,10.04,2,5,2,1,1,1,2,1,,AT,,CR 681 / PATERSON PLANK RD         ,,,,,,,,N,NONE                                                                            ,148,15:25,120+04730
2017025617-23028               ,BERGEN      ,RUTHERFORD BORO         ,12/15/2017,FR,1723,1,RUTHERFORD PD            ,,0,1,0,0,I,B,N,N,1,4,NJ 3                                              ,,3,,00000003__      ,5.6,2,,2,3,6,3,1,1,300,FE,,,,,,55,,,,N,,61,17:25,120P04738
2014090914-002137              ,HUDSON      ,SECAUCUS TOWN           ,2/2/2014,S ,350,1,SECAUCUS PD              ,HEADQUARTERS   ,0,0,0,0,P,I,N,N,11,1,NJ 3                                              ,,3,,00000003__      ,8.8,2,1,2,2,6,5,1,1,,AT,,MILLCREEK DRIVE                    ,,,,50,25,,,N,NJ DOT POLE #DW42105                                                            ,131,3:50,120P04733
2015090915-003199              ,HUDSON      ,SECAUCUS TOWN           ,3/5/2015,TH,1106,1,SECAUCUS PD              ,HQTS           ,0,0,0,0,P,B,N,N,11,1,NJ 3                                              ,,3,,00000003__      ,9.8,2,4,2,3,1,3,2,1,,,,,,,,,,,,N,NONE                                                                            ,148,11:05,120+04731