CRASH_ID,CTY_NAME,MUN_NAME,DATE,DAY,TIME,POL_CODE,POL_DEPT,POL_STA,KILLED,INJURED,PED_KILL,PED_INJ,SEVERITY,INTERSEC,ALCOHOL,HAZMAT,CRASH_TYPE,VEH_COUNT,LOCATION,LOC_DIR,ROUTE,RT_SFX,SRI,MP,RD_SYS,RD_CHAR,RD_SURF,SURF_COND,LIGHT,WEATHER,RD_DIV,RD_WRKZN,X_DIST,DIST_UNT,X_DIR,X_NAME,IS_RAMP,RAMP_RT,RAMP_DIR,SPD_LMT,SPD_X,LAT,LONG,CELL_USE,PROP_DMG,BADGE,TIME_ROUND,TMC
2015090915-003204              ,HUDSON      ,SECAUCUS TOWN           ,3/5/2015,TH,1239,1,SECAUCUS PD              ,HQTS           ,0,0,0,0,P,B,N,N,3,2,NJ 3                                              ,,3,,00000003__      ,9.9,2,1,2,3,1,3,,1,,,,HARMON MEADOW BLVD                 ,,,,,,,,N,NONE                                                                            ,148,12:40,120+04731
2014090914-002662              ,HUDSON      ,SECAUCUS TOWN           ,2/9/2014,S ,2057,1,SECAUCUS PD              ,HEADQUARTERS   ,0,1,0,0,I,B,Y,N,11,1,NJ 3                                              ,,3,,00000003__      ,10.24,2,1,2,2,6,3,1,1,,,,,,,,50,,40.78055,74.04731,N,DAMAGE TO GUARDRAIL STRUCK.                                                     ,147,20:55,120+04730
2014090914-002851              ,HUDSON      ,SECAUCUS TOWN           ,2/12/2014,W ,1736,1,SECAUCUS PD              ,HQ             ,0,0,0,0,P,I,N,N,2,2,NJ 3                                              ,,3,,00000003__      ,,2,1,2,1,6,1,2,1,,AT,,,F,HUDSON COUNTY 681        ,WB,45,,,,N,NONE                                                                            ,111,17:35,#N/A
2015090915-003241              ,HUDSON      ,SECAUCUS TOWN           ,3/6/2015,F ,752,1,SECAUCUS PD              ,HEADQUARTERS   ,0,0,0,0,P,B,N,N,11,2,NJ 3                                              ,,3,,00000003__      ,,2,1,2,4,1,1,5,1,100,FE,W,,F,RT 3 EAST MAIN BODY      ,,45,,,,N,NONE                                                                            ,161,7:50,#N/A
2015090915-003290              ,HUDSON      ,SECAUCUS TOWN           ,3/6/2015,F ,1758,1,SECAUCUS PD              ,HEADQUARTERS   ,0,0,0,0,P,I,N,N,1,2,NJ 3                                              ,,3,,00000003__      ,9.4,2,1,2,2,3,1,2,1,,AT,,PLAZA CENTRE RD                    ,,,,55,25,,,N,NONE                                                                            ,159,18:00,120P04732
2015090915-003503              ,HUDSON      ,SECAUCUS TOWN           ,3/10/2015,TU,1817,1,SECAUCUS PD              ,HQTS           ,0,0,0,0,P,B,N,N,2,2,NJ 3                                              ,,3,,00000003__      ,9.8,2,1,2,2,3,2,1,1,,,,,,,,,,,,N,NONE                                                                            ,148,18:15,120+04731
2014090914-003178              ,HUDSON      ,SECAUCUS TOWN           ,2/17/2014,M ,1859,1,SECAUCUS PD              ,HEADQUARTERS   ,0,1,0,0,I,B,N,N,1,3,NJ 3                                              ,,3,,00000003__      ,,2,1,2,2,6,1,2,1,,,,,,,,50,,,,N,NONE.                                                                           ,147,19:00,#N/A
2015090915-003512              ,HUDSON      ,SECAUCUS TOWN           ,3/10/2015,TU,2238,1,SECAUCUS PD              ,HQ'S           ,0,0,0,0,P,I,N,N,2,2,NJ 3                                              ,,3,,00000003__      ,8.6,2,4,1,2,6,2,2,1,,AT,,MEADOWLANDS PKWY                   ,,,,,,,,N,NONE.                                                                           ,122,22:40,120P04733
2014090914-003693              ,HUDSON      ,SECAUCUS TOWN           ,2/25/2014,TU,825,1,SECAUCUS PD              ,HQ             ,0,0,0,0,P,B,N,N,2,2,NJ 3                                              ,,3,,00000003__      ,9.5,2,1,2,1,1,1,1,1,,,,,,,,50,,40.79005,74.0528,N,NONE                                                                            ,136,8:25,120P04731
2015090915-003697              ,HUDSON      ,SECAUCUS TOWN           ,3/13/2015,F ,2327,1,SECAUCUS PD              ,MUNICIPAL      ,0,1,0,0,I,B,N,N,1,2,NJ 3                                              ,,3,,00000003__      ,,2,4,2,1,6,1,5,1,,,,,T,PATERSON PLANK ROAD      ,EB,25,,,,N,,121,23:25,#N/A
2014090914-003850              ,HUDSON      ,SECAUCUS TOWN           ,2/27/2014,TH,1330,1,SECAUCUS PD              ,HQTS           ,0,0,0,0,P,B,N,N,2,2,NJ 3                                              ,,3,,00000003__      ,5.67,2,1,2,1,1,1,1,1,10,FE,,THE SHELL STATION                  ,,,,50,,,,N,NONE                                                                            ,132,13:30,120P04738
2014090914-004228              ,HUDSON      ,SECAUCUS TOWN           ,3/4/2014,TU,1639,1,SECAUCUS PD              ,HEADQUARTERS   ,0,0,0,0,P,B,N,N,1,2,NJ 3                                              ,,3,,00000003__      ,9.89,2,1,2,1,1,1,2,1,,FE,,HARMON MEADOW BLVD                 ,,,,40,,40.7855,74.04848,N,,158,16:40,120+04731
2.02E+15,HUDSON      ,NORTH BERGEN TWP        ,4/4/2016,M ,714,1,NORTH BERGEN PD          ,,0,0,0,0,P,B,N,N,2,2,NJ 3                                              ,,3,,00000003__      ,,2,1,2,1,1,1,1,1,,,,,,,,50,,,,N,NONE                                                                            ,463,7:15,#N/A
2015090915-004736              ,HUDSON      ,SECAUCUS TOWN           ,4/1/2015,W ,1937,1,SECAUCUS PD              ,HQ'S           ,0,0,0,0,P,I,N,N,1,2,NJ 3                                              ,,3,,00000003__      ,10.04,2,4,2,1,6,1,1,1,,AT,,CR 681 / PATERSON PLANK RD         ,,,,,,,,N,,122,19:35,120+04730
2015090915-005383              ,HUDSON      ,SECAUCUS TOWN           ,4/13/2015,M ,1544,1,SECAUCUS PD              ,HEADQUARTERS   ,0,5,0,0,I,B,N,N,99,3,NJ 3                                              ,,3,,00000003__      ,,2,1,2,1,1,1,1,1,,,,,,,,55,,,,N,SUPERFICIAL DAMAGE VISIBLE TO CONCRETE ROAD BARRIER.                            ,147,15:45,#N/A
2015090915-005433              ,HUDSON      ,SECAUCUS TOWN           ,4/14/2015,TU,1746,1,SECAUCUS PD              ,HQ'S           ,0,0,0,0,P,B,N,N,11,1,NJ 3                                              ,,3,,00000003__      ,10.2,2,4,2,1,1,1,1,1,,,,,,,,,,,,N,CHIPPING OF CONCRETE ON BARRIER; STATE OF NJ.                                   ,122,17:45,120+04730
2013090813-005004              ,HUDSON      ,NORTH BERGEN TWP        ,1/22/2013,TU,125,1,NORTH BERGEN PD          ,13005004,0,0,0,0,P,B,N,N,10,1,NJ 3                                              ,,3,,00000003__      ,,2,4,2,1,6,1,1,1,,,,,,,,40,,,,N,,168,1:25,#N/A
2.02E+15,HUDSON      ,NORTH BERGEN TWP        ,4/28/2016,TH,845,1,NORTH BERGEN PD          ,,0,1,0,0,I,B,N,N,1,2,NJ 3                                              ,,3,,00000003__      ,10.5,2,1,2,1,1,1,4,1,,,,NJ 495                             ,,,,40,,,,N,,313,8:45,120+04729
2013090813-008204              ,HUDSON      ,NORTH BERGEN TWP        ,2/3/2013,S ,845,1,NORTH BERGEN PD          ,13008204,0,0,0,0,P,B,N,N,11,1,NJ 3                                              ,,3,,00000003__      ,,2,4,2,2,1,4,5,1,,,,,,,,50,,,,N,NONE                                                                            ,160,8:45,#N/A
2014090914-006129              ,HUDSON      ,SECAUCUS TOWN           ,4/1/2014,TU,1314,1,SECAUCUS PD              ,HQ             ,0,0,0,0,P,B,N,N,11,1,NJ 3                                              ,,3,,00000003__      ,10,2,4,2,1,1,1,2,1,150,FE,,,F,PATERSON PLANK RD        ,WB,45,,40.78396,74.0479,N,,111,13:15,120+04730
2013090813-008762              ,HUDSON      ,NORTH BERGEN TWP        ,2/5/2013,TU,1700,1,NORTH BERGEN PD          ,13008762,0,1,0,0,I,B,N,N,1,2,NJ 3                                              ,,3,,00000003__      ,10.84,2,1,2,2,6,1,1,1,,,,,,,,50,,,,N,,168,17:00,120+04729
2.02E+15,HUDSON      ,NORTH BERGEN TWP        ,1/29/2017,SU,1732,1,NORTH BERGEN PD          ,17-009358      ,0,0,0,0,P,B,N,N,1,2,NJ 3                                              ,,3,,00000003__      ,10.84,2,,2,1,3,1,4,1,,,,US 1 / US 9                        ,,,,40,,,,N,,313,17:30,120+04729
2013090813-012042              ,HUDSON      ,NORTH BERGEN TWP        ,2/19/2013,TU,631,1,NORTH BERGEN PD          ,13012042,0,0,0,0,P,B,N,N,1,3,NJ 3                                              ,,3,,00000003__      ,10.5,2,5,2,1,4,1,1,1,45,FE,,NJ 495                             ,,,,50,,,,N,,159,6:30,120+04729
2.01E+15,HUDSON      ,NORTH BERGEN TWP        ,2/15/2013,F ,754,1,NORTH BERGEN PD          ,13-011062      ,0,0,0,0,P,I,N,N,1,2,NJ 3                                              ,,3,,00000003__      ,10.46,2,1,2,2,1,1,5,1,,AT,,NJ 495                             ,,,,50,50,,,N,NONE                                                                            ,164,7:55,120P04729
2014090914-006228              ,HUDSON      ,SECAUCUS TOWN           ,4/3/2014,TH,420,1,SECAUCUS PD              ,HQ             ,0,0,0,0,P,B,N,N,2,2,NJ 3                                              ,,3,,00000003__      ,,2,1,2,1,6,1,1,1,,,,,,,,50,,,,N,,118,4:20,#N/A
2015090915-006777              ,HUDSON      ,SECAUCUS TOWN           ,5/8/2015,F ,1027,1,SECAUCUS PD              ,HEADQUARTERS   ,0,1,0,0,I,B,N,N,1,2,NJ 3                                              ,,3,,00000003__      ,9.3,2,1,2,1,1,1,2,1,,,,,F,MAPLE STREET             ,WB,40,,,,N,NONE                                                                            ,155,10:25,120P04732
2015090915-007073              ,HUDSON      ,SECAUCUS TOWN           ,5/12/2015,TU,1605,1,SECAUCUS PD              ,HQTS           ,0,0,0,0,P,B,N,N,11,1,NJ 3                                              ,,3,,00000003__      ,8.9,2,1,2,1,1,1,1,1,,,,,,,,,,,,N,,153,16:05,120P04732
2.01E+15,HUDSON      ,NORTH BERGEN TWP        ,3/27/2013,W ,900,1,NORTH BERGEN PD          ,13-020?28      ,0,0,0,0,P,B,N,N,11,1,NJ 3                                              ,,3,,00000003__      ,,2,6,2,1,1,1,5,1,,,,,,,,15,,,,N,DAMAGE TO STATE GUARD RAIL AND YIELD SIGN                                       ,,9:00,#N/A
2014090914-007548              ,HUDSON      ,SECAUCUS TOWN           ,4/22/2014,TU,1626,1,SECAUCUS PD              ,HQTS           ,0,0,0,0,P,B,N,N,2,3,NJ 3                                              ,,3,,00000003__      ,,2,1,2,2,1,2,1,1,100,FE,,,F,HARMON MEADOW BLVD       ,,55,,,,N,NONE                                                                            ,148,16:25,#N/A
2014090914-007549              ,HUDSON      ,SECAUCUS TOWN           ,4/22/2014,TU,1712,1,SECAUCUS PD              ,HEADQUARTERS   ,0,0,0,0,P,I,N,N,10,1,NJ 3                                              ,,3,,00000003__      ,10.04,2,4,2,1,1,5,2,1,,AT,,CR 681 / PATERSON PLANK RD         ,,,,25,,40.78339,74.04772,N,NONE.                                                                           ,147,17:10,120+04730
2015090915-007266              ,HUDSON      ,SECAUCUS TOWN           ,5/16/2015,SA,258,1,SECAUCUS PD              ,HEADQUARTERS   ,0,0,0,0,P,B,N,N,11,1,NJ 3                                              ,,3,,00000003__      ,10.1,2,4,2,2,6,2,3,1,,,,CR 681 / PATERSON PLANK RD         ,,,,25,,,,Y,,149,3:00,120+04730
2015090915-007575              ,HUDSON      ,SECAUCUS TOWN           ,5/21/2015,TH,1539,1,SECAUCUS PD              ,HEADQUARTERS   ,0,0,0,0,P,I,N,N,2,2,NJ 3                                              ,,3,,00000003__      ,,2,2,2,1,1,1,2,1,,AT,,,T,MEADOWLANDS PWKY         ,SB,55,,,,N,NONE                                                                            ,161,15:40,#N/A
2.02E+15,HUDSON      ,NORTH BERGEN TWP        ,7/12/2016,TU,1817,1,NORTH BERGEN PD          ,16-058696      ,0,0,0,0,P,B,N,N,2,2,NJ 3                                              ,,3,,00000003__      ,,2,1,2,1,1,1,5,1,,,,,,,,40,,,,N,NONE                                                                            ,,18:15,#N/A
2.02E+15,HUDSON      ,NORTH BERGEN TWP        ,4/28/2017,FR,2127,1,NORTH BERGEN PD          ,,0,0,0,0,P,B,N,N,11,1,NJ 3                                              ,,3,,00000003__      ,10.84,2,,2,1,7,1,1,1,,,,US 1 / US 9                        ,,,,55,,,,N,,463,21:25,120+04729
2015090915-007972              ,HUDSON      ,SECAUCUS TOWN           ,5/28/2015,TH,1607,1,SECAUCUS PD              ,,0,0,0,0,P,B,N,N,2,2,NJ 3                                              ,,3,,00000003__      ,9.9,2,1,2,1,1,1,2,1,,,,,,,,40,,,,N,NO OTHER PROPERTY DAMAGED.                                                      ,162,16:05,120+04731
2014090914-008535              ,HUDSON      ,SECAUCUS TOWN           ,5/5/2014,M ,1931,1,SECAUCUS PD              ,HEADQUARTERS   ,0,0,0,0,P,B,N,N,2,2,NJ 3                                              ,,3,,00000003__      ,10,2,4,2,1,1,1,2,1,,,,,,,,55,,40.78396,74.0479,N,NONE                                                                            ,159,19:30,120+04730
2.02E+15,HUDSON      ,NORTH BERGEN TWP        ,9/12/2016,M ,2344,1,NORTH BERGEN PD          ,,0,2,0,0,I,B,N,N,1,2,NJ 3                                              ,,3,,00000003__      ,10.5,2,1,2,1,6,1,1,1,,,,NJ 495                             ,,,,50,,,,N,,276,23:45,120+04729
2014090914-008806              ,HUDSON      ,SECAUCUS TOWN           ,5/9/2014,F ,1414,1,SECAUCUS PD              ,HEADQUARTERS   ,0,0,0,0,P,I,N,N,1,2,NJ 3                                              ,,3,,00000003__      ,9.7,2,1,2,1,1,5,2,1,,AT,,NEW JERSEY TURNPIKE                ,,,,50,40,40.78792,74.05018,N,NONE.                                                                           ,131,14:15,120+04731
2.02E+15,HUDSON      ,NORTH BERGEN TWP        ,5/16/2017,TU,2230,1,NORTH BERGEN PD          ,,0,0,0,0,P,B,N,N,2,3,NJ 3                                              ,,3,,00000003__      ,,2,,2,1,6,1,4,1,,,,,,,,40,,,,N,,,22:30,#N/A
2.02E+15,HUDSON      ,NORTH BERGEN TWP        ,5/18/2017,TH,832,1,NORTH BERGEN PD          ,,0,0,0,0,P,I,N,N,1,3,NJ 3                                              ,,3,,00000003__      ,10.84,2,,2,1,1,1,1,,,AT,,US 1 / US 9                        ,,,,40,,,,N,,,8:30,120+04729
2015090915-009104              ,HUDSON      ,SECAUCUS TOWN           ,6/18/2015,TH,836,1,SECAUCUS PD              ,HQ             ,0,0,0,0,P,B,N,N,2,2,NJ 3                                              ,,3,,00000003__      ,9.1,2,1,2,1,1,1,1,1,,,,,,,,50,,,,N,NONE                                                                            ,136,8:35,120P04732
2014090914-010094              ,HUDSON      ,SECAUCUS TOWN           ,5/28/2014,W ,2240,1,SECAUCUS PD              ,HEADQUARTERS   ,0,3,0,0,I,B,N,N,99,4,NJ 3                                              ,,3,,00000003__      ,,2,4,2,1,6,1,1,1,,,,,,,,55,,,,N,MINOR SCRAPES TO CONCRETE BARRIER.                                              ,147,22:40,#N/A
2014090914-010170              ,HUDSON      ,SECAUCUS TOWN           ,5/29/2014,TH,2228,1,SECAUCUS PD              ,HQTS           ,0,0,0,0,P,I,N,N,1,2,NJ 3                                              ,,3,,00000003__      ,,2,4,2,1,6,1,2,1,,AT,,,,PATERSON PLANK RD        ,,,,,,N,NONE                                                                            ,148,22:30,#N/A
2014090914-010447              ,HUDSON      ,SECAUCUS TOWN           ,6/3/2014,TU,0,1,SECAUCUS PD              ,HEADQUARTERS   ,0,0,0,0,P,B,N,N,11,1,NJ 3                                              ,,3,,00000003__      ,,2,6,2,1,1,1,1,1,,,,,,,,50,,,,N,HILTON GARDEN INN ENTRANCE SIGN AND GUARDRAIL.                                  ,147,0:00,#N/A
2.02E+15,HUDSON      ,NORTH BERGEN TWP        ,11/10/2016,TH,1732,1,NORTH BERGEN PD          ,,0,1,0,0,I,B,N,N,1,2,NJ 3                                              ,,3,,00000003__      ,,2,1,2,1,6,1,1,1,,,,,,,,50,,,,N,,276,17:30,#N/A
2015090915-009798              ,HUDSON      ,SECAUCUS TOWN           ,7/1/2015,W ,514,1,SECAUCUS PD              ,HEADQUARTERS   ,0,0,0,0,P,B,N,N,11,1,NJ 3                                              ,,3,,00000003__      ,9.89,2,4,2,2,2,2,,1,,,,,,,,55,,,,Y,,149,5:15,120+04731
2015090915-010055              ,HUDSON      ,SECAUCUS TOWN           ,7/5/2015,S ,2135,1,SECAUCUS PD              ,HQ             ,0,0,0,0,P,B,N,N,2,2,NJ 3                                              ,,3,,00000003__      ,9.8,2,1,2,1,6,1,3,1,,,,,,,,50,,,,N,,162,21:35,120+04731
2.01E+15,HUDSON      ,NORTH BERGEN TWP        ,8/29/2013,TH,1003,1,NORTH BERGEN PD          ,13-057867      ,0,5,0,0,I,B,N,N,1,4,NJ 3                                              ,,3,,00000003__      ,,2,1,2,1,1,1,1,1,,,,,,,,50,,,,N,NONE                                                                            ,89,10:05,#N/A
2014090914-011391              ,HUDSON      ,SECAUCUS TOWN           ,6/22/2014,S ,1916,1,SECAUCUS PD              ,HQTS           ,0,1,0,0,I,I,N,N,11,1,NJ 3                                              ,,3,,00000003__      ,8,2,1,2,1,1,1,4,1,,AT,,ROOSEVELT AVE                      ,,,,40,25,,,N,NONE                                                                            ,157,19:15,120P04734
2014090914-011963              ,HUDSON      ,SECAUCUS TOWN           ,7/3/2014,TH,2201,1,SECAUCUS PD              ,HQTS           ,0,0,0,0,P,I,N,N,1,2,NJ 3                                              ,,3,,00000003__      ,10.04,2,1,2,2,7,2,1,1,,AT,,CR 681 / PATERSON PLANK RD         ,,,,,,40.78339,74.04772,N,NONE                                                                            ,148,22:00,120+04730
2.01E+15,HUDSON      ,NORTH BERGEN TWP        ,8/30/2013,F ,1727,1,NORTH BERGEN PD          ,13-058206      ,0,0,0,0,P,I,N,N,1,2,NJ 3                                              ,,3,,00000003__      ,0,2,5,2,1,1,1,1,1,,AT,,RAMP E                             ,,,,50,50,,,N,,125,17:25,#N/A
2014090914-011968              ,HUDSON      ,SECAUCUS TOWN           ,7/4/2014,F ,152,1,SECAUCUS PD              ,HQ             ,0,0,0,0,P,I,N,N,2,2,NJ 3                                              ,,3,,00000003__      ,5.8,2,1,2,2,6,2,3,1,,AT,,SERVICE RD                         ,,,,55,,,,N,,118,1:50,120P04738
2015090915-010197              ,HUDSON      ,SECAUCUS TOWN           ,7/8/2015,W ,1909,1,SECAUCUS PD              ,HEADQUARTERS   ,0,0,0,0,P,I,N,N,14,1,NJ 3                                              ,,3,,00000003__      ,9.2,2,2,2,1,1,1,2,1,,AT,,RADIO AVE                          ,,,,25,25,,,N,NONE                                                                            ,159,19:10,120P04732
2015090915-010336              ,HUDSON      ,SECAUCUS TOWN           ,7/11/2015,SA,155,1,SECAUCUS PD              ,HQ             ,0,3,0,0,I,B,N,N,2,2,NJ 3                                              ,,3,,00000003__      ,9.3,2,1,2,1,6,1,1,1,,,,,,,,50,,,,N,NONE                                                                            ,123,1:55,120P04732
2015090915-010338              ,HUDSON      ,SECAUCUS TOWN           ,7/11/2015,SA,224,1,SECAUCUS PD              ,MUNICIPAL      ,0,0,0,0,P,B,N,N,1,3,NJ 3                                              ,,3,,00000003__      ,9.3,2,1,2,1,6,1,1,1,,,,,,,,55,,,,N,,121,2:25,120P04732
2.02E+15,HUDSON      ,NORTH BERGEN TWP        ,8/18/2017,FR,1037,1,NORTH BERGEN PD          ,,0,0,0,0,P,B,N,N,11,1,NJ 3                                              ,,3,,00000003__      ,10.46,2,,2,2,1,2,4,1,,,,NJ 495                             ,,,,55,,,,N,,500,10:35,120P04729
2.01E+15,HUDSON      ,NORTH BERGEN TWP        ,10/16/2013,W ,651,1,NORTH BERGEN PD          ,13-069728      ,0,0,0,0,P,B,N,N,2,2,NJ 3                                              ,,3,,00000003__      ,10.85,2,1,2,1,1,1,1,1,,,,US 1 / US 9                        ,,,,55,,,,N,,93,6:50,120+04729
2.02E+15,HUDSON      ,NORTH BERGEN TWP        ,9/2/2017,SA,1150,1,NORTH BERGEN PD          ,,0,0,0,0,P,B,N,N,2,2,NJ 3                                              ,,3,,00000003__      ,,2,,2,1,1,1,1,1,,,,,,,,45,,,,N,,483,11:50,#N/A
2016090916-000144              ,HUDSON      ,SECAUCUS TOWN           ,1/4/2016,M ,807,1,SECAUCUS PD              ,HQTS           ,0,0,0,0,P,B,N,N,2,2,NJ 3                                              ,,3,,00000003__      ,8.9,2,1,2,1,1,1,1,1,,,,,,,,45,,,,N,,153,8:05,120P04732
2016090916-000157              ,HUDSON      ,SECAUCUS TOWN           ,1/4/2016,M ,1137,1,SECAUCUS PD              ,HQ             ,0,0,0,0,P,B,N,N,2,2,NJ 3                                              ,,3,,00000003__      ,9,2,1,2,1,1,1,1,1,,,,,,,,55,,,,N,NONE.                                                                           ,151,11:35,120P04732
2.02E+15,HUDSON      ,NORTH BERGEN TWP        ,9/24/2017,SU,1828,1,NORTH BERGEN PD          ,NORTH BERGEN   ,0,0,0,0,P,B,N,N,1,2,NJ 3                                              ,,3,,00000003__      ,,2,,2,1,1,1,1,1,,,,,,,,40,,,,N,,374,18:30,#N/A
2016090916-000160              ,HUDSON      ,SECAUCUS TOWN           ,1/4/2016,M ,1153,1,SECAUCUS PD              ,HEADQUARTERS   ,0,0,0,0,P,B,N,N,1,2,NJ 3                                              ,,3,,00000003__      ,,2,2,2,1,1,1,2,1,,,,,T,MEADOWLANDS PARKWAY      ,,,,,,N,NONE                                                                            ,147,11:55,#N/A
2016090916-000197              ,HUDSON      ,SECAUCUS TOWN           ,1/4/2016,M ,2042,1,SECAUCUS PD              ,HQTS           ,0,0,0,0,P,B,N,N,2,2,NJ 3                                              ,,3,,00000003__      ,9.2,2,2,2,1,6,1,2,1,,,,,,,,50,,,,N,,117,20:40,120P04732
2014090914-013917              ,HUDSON      ,SECAUCUS TOWN           ,8/16/2014,SA,1608,1,SECAUCUS PD              ,HEADQUARTERS   ,0,0,0,0,P,B,N,N,1,2,NJ 3                                              ,,3,,00000003__      ,,2,5,2,1,1,1,2,1,,,,,T,PATERSON PLANK RD        ,,55,,,,N,,159,16:10,#N/A
2015090915-012092              ,HUDSON      ,SECAUCUS TOWN           ,8/11/2015,TU,1500,1,SECAUCUS PD              ,HQ'S           ,0,0,0,0,P,B,N,N,1,2,NJ 3                                              ,,3,,00000003__      ,10,2,4,2,2,1,2,5,1,,,,,T,PATERSON PLANK RD.       ,EB,,,,,N,NONE                                                                            ,165,15:00,120+04730
2016090916-000444              ,HUDSON      ,SECAUCUS TOWN           ,1/9/2016,SA,1030,1,SECAUCUS PD              ,HQTS           ,0,0,0,0,P,B,N,N,1,2,NJ 3                                              ,,3,,00000003__      ,10.04,2,5,2,1,1,1,2,1,,,,,T,PATERSON PLANK RD        ,,40,,,,N,NONE                                                                            ,158,10:30,120+04730
2013090913-000576              ,HUDSON      ,SECAUCUS TOWN           ,1/10/2013,TH,808,1,SECAUCUS PD              ,HEADQUARTERS   ,0,0,0,0,P,B,Y,N,1,2,NJ 3                                              ,,3,,00000003__      ,8.7,2,2,2,1,1,1,1,1,,,,,,,,55,,,,N,NONE.                                                                           ,147,8:10,120P04733
2018090818-046340              ,HUDSON      ,NORTH BERGEN TWP        ,6/2/2018,SA,428,1,NORTH BERGEN PD          ,18-046340      ,0,0,0,0,P,B,N,N,1,2,NJ 3                                              ,,3,,00000003__      ,,2,,2,2,7,1,3,1,,,,,,,,40,,,,N,,278,4:30,#N/A
2016090916-000880              ,HUDSON      ,SECAUCUS TOWN           ,1/17/2016,S ,1951,1,SECAUCUS PD              ,HEADQUARTERS   ,0,0,0,0,P,B,N,N,1,2,NJ 3                                              ,,3,,00000003__      ,8.9,2,1,2,4,7,6,5,1,,,,,,,,50,,,,N,NONE                                                                            ,164,19:50,120P04732
2015090915-012759              ,HUDSON      ,SECAUCUS TOWN           ,8/24/2015,M ,1747,1,SECAUCUS PD              ,HQTS           ,0,0,0,0,P,B,N,N,2,2,NJ 3                                              ,,3,,00000003__      ,9.5,2,1,2,1,1,1,3,1,,,,,,,,45,,,,N,NONE                                                                            ,160,17:45,120P04731
2013090913-000901              ,HUDSON      ,SECAUCUS TOWN           ,1/15/2013,TU,1335,1,SECAUCUS PD              ,HEADQUARTERS   ,0,0,0,0,P,B,N,N,1,2,NJ 3                                              ,,3,,00000003__      ,,2,1,2,1,1,5,5,1,,,,,,,,40,,,,N,NONE.                                                                           ,147,13:35,#N/A
2014090914-014077              ,HUDSON      ,SECAUCUS TOWN           ,8/20/2014,W ,1404,1,SECAUCUS PD              ,HQTS           ,0,0,0,0,P,B,N,N,1,2,NJ 3                                              ,,3,,00000003__      ,,2,4,2,1,1,1,4,1,30,FE,,,F,HARMON MEADOW BLVD       ,,,,,,N,,153,14:05,#N/A
2018090818-059981              ,HUDSON      ,NORTH BERGEN TWP        ,7/8/2018,SU,1012,1,NORTH BERGEN PD          ,18-059981      ,0,0,0,0,P,B,N,N,2,2,NJ 3                                              ,,3,,00000003__      ,,2,,2,1,1,1,2,1,,,,,,,,,,,,N,,39,10:10,#N/A
2013090913-001019              ,HUDSON      ,SECAUCUS TOWN           ,1/17/2013,TH,853,1,SECAUCUS PD              ,HEADQUARTERS   ,0,0,0,0,P,B,N,N,2,3,NJ 3                                              ,,3,,00000003__      ,,2,1,2,2,1,1,5,1,25,FE,E,,,MEADOWLANDS PKWY         ,,,,,,N,,146,8:55,#N/A
2015090915-012974              ,HUDSON      ,SECAUCUS TOWN           ,8/28/2015,F ,2221,1,SECAUCUS PD              ,HQTS           ,0,1,0,0,I,B,N,N,1,2,NJ 3                                              ,,3,,00000003__      ,8.5,2,1,1,1,6,1,5,0,,,,,,,,50,,,,N,NONE                                                                            ,160,22:20,120+04734
2013090913-001185              ,HUDSON      ,SECAUCUS TOWN           ,1/19/2013,SA,2224,1,SECAUCUS PD              ,HQTS           ,0,2,0,0,I,B,N,N,1,2,NJ 3                                              ,,3,,00000003__      ,,2,1,2,1,6,1,2,1,,,,,,,,40,,,,N,,117,22:25,#N/A
2014090914-014605              ,HUDSON      ,SECAUCUS TOWN           ,9/1/2014,M ,1453,1,SECAUCUS PD              ,HQTS           ,0,0,0,0,P,B,N,N,2,2,NJ 3                                              ,,3,,00000003__      ,,2,4,2,1,1,5,1,1,300,FE,,,,CR 681                   ,,,,,,N,NONE                                                                            ,148,14:55,#N/A
2016090916-001153              ,HUDSON      ,SECAUCUS TOWN           ,1/22/2016,F ,1751,1,SECAUCUS PD              ,HQTS           ,0,0,0,0,P,B,N,N,1,2,NJ 3                                              ,,3,,00000003__      ,10,2,1,2,1,6,1,1,1,,,,,,,,45,,,,N,,153,17:50,120+04730
2.02E+15,HUDSON      ,NORTH BERGEN TWP        ,12/10/2017,SU,1741,1,NORTH BERGEN PD          ,17-108600      ,0,0,0,0,P,B,N,N,1,2,NJ 3                                              ,,3,,00000003__      ,10.84,2,,2,1,6,1,1,1,,,,US 1 / US 9                        ,,,,,,,,N,,236,17:40,120+04729