CRASH_ID,CTY_NAME,MUN_NAME,DATE,DAY,TIME,POL_CODE,POL_DEPT,POL_STA,KILLED,INJURED,PED_KILL,PED_INJ,SEVERITY,INTERSEC,ALCOHOL,HAZMAT,CRASH_TYPE,VEH_COUNT,LOCATION,LOC_DIR,ROUTE,RT_SFX,SRI,MP,RD_SYS,RD_CHAR,RD_SURF,SURF_COND,LIGHT,WEATHER,RD_DIV,RD_WRKZN,X_DIST,DIST_UNT,X_DIR,X_NAME,IS_RAMP,RAMP_RT,RAMP_DIR,SPD_LMT,SPD_X,LAT,LONG,CELL_USE,PROP_DMG,BADGE,TIME_ROUND,TMC
2016090916-001168              ,HUDSON      ,SECAUCUS TOWN           ,1/23/2016,SA,442,1,SECAUCUS PD              ,MUNICIPAL      ,0,0,0,0,P,B,N,N,1,2,NJ 3                                              ,,3,,00000003__      ,9.6,2,1,2,4,6,3,5,1,,,,,,,,50,,,,N,NONE                                                                            ,121,4:40,120P04731
2018090818-070969              ,HUDSON      ,NORTH BERGEN TWP        ,8/8/2018,WE,224,1,NORTH BERGEN PD          ,18-070969      ,0,0,0,0,P,B,N,N,2,2,NJ 3                                              ,,3,,00000003__      ,10.5,2,,1,1,6,1,1,2,,,,NJ 495                             ,,,,40,,,,N,,16,2:25,120+04729
2014090914-014764              ,HUDSON      ,SECAUCUS TOWN           ,9/4/2014,TH,1327,1,SECAUCUS PD              ,HEADQUARTERS   ,0,0,0,0,P,I,N,N,99,2,NJ 3                                              ,,3,,00000003__      ,9.12,2,1,2,1,1,1,1,1,,AT,,HUDSON COUNTY 681                  ,,,,50,25,,,N,NONE.                                                                           ,131,13:25,120P04732
2016090916-001171              ,HUDSON      ,SECAUCUS TOWN           ,1/23/2016,SA,601,1,SECAUCUS PD              ,MUNICIPAL      ,0,1,0,0,I,B,N,N,99,2,NJ 3                                              ,,3,,00000003__      ,8.7,2,1,2,4,6,3,5,1,,,,,,,,50,,,,N,,121,6:00,120P04733
2018090818-074978              ,HUDSON      ,NORTH BERGEN TWP        ,8/18/2018,SA,2303,1,NORTH BERGEN PD          ,18-074978      ,0,1,0,0,I,B,N,N,3,2,NJ 3                                              ,,3,,00000003__      ,10.46,2,,2,1,6,1,4,0,,,,NJ 495                             ,,,,,,,,N,,154,23:05,120P04729
2013090913-002123              ,HUDSON      ,SECAUCUS TOWN           ,2/3/2013,S ,426,1,SECAUCUS PD              ,HQ             ,0,2,0,0,I,B,Y,N,6,2,NJ 3                                              ,,3,,00000003__      ,,2,3,1,2,7,2,5,1,,,,,,,,50,,,,N,,118,4:25,#N/A
2015090915-013617              ,HUDSON      ,SECAUCUS TOWN           ,9/11/2015,F ,22,1,SECAUCUS PD              ,HQ             ,0,0,0,0,P,I,N,N,11,1,NJ 3                                              ,,3,,00000003__      ,9.3,2,4,2,2,6,2,2,1,,AT,,,,,,50,,,,N,GRASS MEDIAN                                                                    ,123,2:20,120P04732
2017090917-000001              ,HUDSON      ,SECAUCUS TOWN           ,1/1/2017,SU,53,1,SECAUCUS PD              ,HEADQUARTERS   ,0,0,0,0,P,B,Y,N,2,2,NJ 3                                              ,,3,,00000003__      ,9.5,2,,2,2,7,1,2,1,,,,PLAZA CENTER                       ,,,,45,,,,N,,164,5:55,120P04731
2016090916-001458              ,HUDSON      ,SECAUCUS TOWN           ,1/28/2016,TH,756,1,SECAUCUS PD              ,HQ             ,0,1,0,0,I,B,N,N,1,2,NJ 3                                              ,,3,,00000003__      ,10,2,4,2,1,1,1,1,1,,,,,,,,,,,,N,NONE                                                                            ,151,7:55,120+04730
2014090914-015409              ,HUDSON      ,SECAUCUS TOWN           ,9/18/2014,TH,1813,1,SECAUCUS PD              ,HQ             ,0,0,0,0,P,B,N,N,2,2,NJ 3                                              ,,3,,00000003__      ,9.3,2,1,2,1,1,1,2,1,,,,,,,,50,,40.79204,74.0556,N,NONE                                                                            ,136,18:15,120P04732
2015090915-014066              ,HUDSON      ,SECAUCUS TOWN           ,9/20/2015,S ,328,1,SECAUCUS PD              ,HQS            ,0,2,0,0,I,B,N,N,11,1,NJ 3                                              ,,3,,00000003__      ,8.9,2,1,2,1,6,1,1,1,,,,,,,,50,,,,N,NONE                                                                            ,112,3:30,120P04732
2017090917-000196              ,HUDSON      ,SECAUCUS TOWN           ,1/3/2017,TU,2330,1,SECAUCUS PD              ,HEADQUARTERS   ,0,0,0,0,P,B,N,N,11,1,NJ 3                                              ,,3,,00000003__      ,9.6,2,,2,2,6,2,3,1,,,,,,,,50,,,,N,PSE&G EE6251.                                                                   ,131,23:30,120P04731
2016090916-001855              ,HUDSON      ,SECAUCUS TOWN           ,2/4/2016,TH,743,1,SECAUCUS PD              ,HEADQUARTERS   ,0,0,0,0,P,B,N,N,2,2,NJ 3                                              ,,3,,00000003__      ,9.9,2,1,2,1,1,1,2,1,,,,,,,,45,,,,N,NONE                                                                            ,164,7:45,120+04731
2014090914-015795              ,HUDSON      ,SECAUCUS TOWN           ,9/28/2014,S ,36,1,SECAUCUS PD              ,HQS            ,0,0,0,0,P,I,N,N,1,2,NJ 3                                              ,,3,,00000003__      ,,2,2,1,1,6,1,5,1,,AT,,,,MEADOWLANDS PKWY         ,,50,,,,N,NONE                                                                            ,124,3:35,#N/A
2016090916-001942              ,HUDSON      ,SECAUCUS TOWN           ,2/5/2016,F ,1757,1,SECAUCUS PD              ,HEADQUARTERS   ,0,2,0,0,I,B,N,N,1,2,NJ 3                                              ,,3,,00000003__      ,10.1,2,5,2,1,7,1,5,1,,,,,T,PATERSON PLANK RD        ,EB,25,,,,N,NONE                                                                            ,164,17:55,120+04730
2014090914-015850              ,HUDSON      ,SECAUCUS TOWN           ,9/29/2014,M ,1431,1,SECAUCUS PD              ,HQ             ,0,0,0,0,P,B,N,N,1,2,NJ 3                                              ,,3,,00000003__      ,,2,2,2,1,1,1,1,1,,,,,T,MEADOWLANDS PARKWAY      ,SB,,,,,N,NONE                                                                            ,136,14:30,#N/A
2013090913-003610              ,HUDSON      ,SECAUCUS TOWN           ,2/27/2013,W ,905,1,SECAUCUS PD              ,HQS            ,0,0,0,0,P,I,N,N,11,1,NJ 3                                              ,,3,,00000003__      ,10.04,2,1,2,2,1,2,2,1,,AT,,CR 681 / PATERSON PLANK RD         ,,,,,,,,N,,129,9:05,120+04730
2017090917-000548              ,HUDSON      ,SECAUCUS TOWN           ,1/10/2017,TU,1744,1,SECAUCUS PD              ,HQ             ,0,0,0,0,P,B,N,N,1,2,NJ 3                                              ,,3,,00000003__      ,10.04,2,,2,2,6,1,2,1,,,,,F,CR 681/PATERSON PLANK RD ,,25,,,,N,,122,17:45,120+04730
2018090818-091263              ,HUDSON      ,NORTH BERGEN TWP        ,10/2/2018,TU,1313,1,NORTH BERGEN PD          ,18-091263      ,0,0,0,0,P,B,N,N,1,2,NJ 3                                              ,,3,,00000003__      ,10.33,2,,2,1,1,1,1,1,,,,NJ 495                             ,,,,,,,,N,,82,13:15,120+04730
2013090913-003817              ,HUDSON      ,SECAUCUS TOWN           ,3/2/2013,SA,1631,1,SECAUCUS PD              ,HEADQUARTERS   ,0,0,0,0,P,B,N,N,99,1,NJ 3                                              ,,3,,00000003__      ,,2,1,2,1,1,1,1,1,,,,,,,,55,,,,N,NONE                                                                            ,152,16:30,#N/A
2017090917-000568              ,HUDSON      ,SECAUCUS TOWN           ,1/11/2017,WE,304,1,SECAUCUS PD              ,HEADQUARTERS   ,0,0,0,0,P,B,N,N,11,1,NJ 3                                              ,,3,,00000003__      ,9.6,2,,2,2,6,2,1,1,,,,,,,,50,,,,N,,118,3:05,120P04731
2016090916-002031              ,HUDSON      ,SECAUCUS TOWN           ,2/7/2016,S ,1212,1,SECAUCUS PD              ,HQ             ,0,0,0,0,P,B,N,N,2,2,NJ 3                                              ,,3,,00000003__      ,,2,1,2,1,1,1,1,1,,,,,,,,,,,,N,NONE.                                                                           ,151,12:10,#N/A
2017090917-000834              ,HUDSON      ,SECAUCUS TOWN           ,1/16/2017,MO,320,1,SECAUCUS PD              ,HEADQUARTERS   ,0,1,0,0,I,B,N,N,10,1,NJ 3                                              ,,3,,00000003__      ,9.3,2,,2,1,6,1,1,1,,,,,,,,50,,,,N,GRASS AREA BELONGING TO THE TOWN OF SECAUCUS NJ WAS DAMAGED                     ,131,3:20,120P04732
2017090917-001002              ,HUDSON      ,SECAUCUS TOWN           ,1/18/2017,WE,1900,1,SECAUCUS PD              ,HEADQUARTERS   ,0,0,0,0,P,I,N,N,1,2,NJ 3                                              ,,3,,00000003__      ,8.8,2,,2,2,6,1,2,1,,AT,,MILL CREEK DRIVE                   ,,,,50,,,,N,,147,19:00,120P04733
2016090916-002304              ,HUDSON      ,SECAUCUS TOWN           ,2/11/2016,TH,2357,1,SECAUCUS PD              ,HQ             ,0,0,0,0,P,B,N,N,11,1,NJ 3                                              ,,3,,00000003__      ,10,2,1,2,1,6,1,1,1,100,FE,,,,,,55,,,,N,,118,23:55,120+04730
2014090914-016721              ,HUDSON      ,SECAUCUS TOWN           ,10/17/2014,F ,46,1,SECAUCUS PD              ,SPD HEADQUARTE?,0,0,0,0,P,B,N,N,11,1,NJ 3                                              ,,3,,00000003__      ,9.2,2,1,2,1,7,1,1,1,,,,,,,,55,,40.79305,74.057,N,NONE                                                                            ,152,4:45,120P04732
2015090915-014760              ,HUDSON      ,SECAUCUS TOWN           ,10/3/2015,SA,1826,1,SECAUCUS PD              ,HQTS           ,0,0,0,0,P,B,N,N,15,1,NJ 3                                              ,,3,,00000003__      ,8.8,2,1,2,1,3,1,4,1,15,FE,,MILL CREEK DRIVE                   ,,,,35,,,,N,,153,18:25,120P04733
2018090818-103505              ,HUDSON      ,NORTH BERGEN TWP        ,11/3/2018,SA,1529,1,NORTH BERGEN PD          ,18-103505      ,0,0,0,0,P,B,N,N,1,2,NJ 3                                              ,,3,,00000003__      ,10.84,2,,2,1,1,1,4,0,,,,US 1 / US 9                        ,,,,,,,,N,,,15:30,120+04729
2014090914-017040              ,HUDSON      ,SECAUCUS TOWN           ,10/23/2014,TH,2039,1,SECAUCUS PD              ,HQTS           ,0,0,0,0,P,B,N,N,2,2,NJ 3                                              ,,3,,00000003__      ,,2,1,2,1,7,1,1,1,,,,,,,,,,,,N,NONE                                                                            ,148,20:40,#N/A
2015090915-014903              ,HUDSON      ,SECAUCUS TOWN           ,10/6/2015,TU,1931,1,SECAUCUS PD              ,HQTS           ,0,0,0,0,P,I,N,N,2,2,NJ 3                                              ,,3,,00000003__      ,10.04,2,4,2,1,6,1,5,1,,AT,,CR 681 / PATERSON PLANK RD         ,,,,25,,,,N,,153,19:30,120+04730
2017090917-001796              ,HUDSON      ,SECAUCUS TOWN           ,2/2/2017,TH,1403,1,SECAUCUS PD              ,HQ             ,0,0,0,0,P,B,N,N,2,2,NJ 3                                              ,,3,,00000003__      ,9.4,2,,2,1,1,1,1,1,,,,,,,,50,,,,N,,151,14:05,120P04732
2014090914-017137              ,HUDSON      ,SECAUCUS TOWN           ,10/26/2014,S ,344,1,SECAUCUS PD              ,HQS            ,0,0,0,0,P,I,Y,N,11,1,NJ 3                                              ,,3,,00000003__      ,10.1,2,1,2,2,6,1,1,1,,AT,,MILE MARKER 10.1                   ,,,,50,,,,N,,112,3:45,120+04730
2014090914-017345              ,HUDSON      ,SECAUCUS TOWN           ,10/30/2014,TH,917,1,SECAUCUS PD              ,HEADQUARTERS   ,0,0,0,0,P,B,N,N,1,2,NJ 3                                              ,,3,,00000003__      ,9.12,2,1,2,1,1,1,1,1,,,,,,,,50,,40.79392,74.05799,N,NONE.                                                                           ,131,9:15,120P04732
2013090913-004856              ,HUDSON      ,SECAUCUS TOWN           ,3/19/2013,TU,2206,1,SECAUCUS PD              ,HQ             ,0,1,0,0,I,B,Y,N,11,1,NJ 3                                              ,,3,,00000003__      ,9.5,2,1,2,1,6,1,1,1,,,,,,,,50,,,,N,NONE                                                                            ,136,22:05,120P04731
2016090916-003257              ,HUDSON      ,SECAUCUS TOWN           ,2/29/2016,M ,635,1,SECAUCUS PD              ,MUNICIPAL      ,0,0,0,0,P,B,N,N,3,2,NJ 3                                              ,,3,,00000003__      ,8.8,2,1,2,1,1,1,5,1,,,,,,,,50,,,,N,,121,6:35,120P04733
2014090914-017445              ,HUDSON      ,SECAUCUS TOWN           ,11/1/2014,SA,1216,1,SECAUCUS PD              ,HEADQUARTERS   ,0,0,0,0,P,B,N,N,2,2,NJ 3                                              ,,3,,00000003__      ,,2,5,2,2,1,2,2,1,,,,,,,,50,,,,N,NONE.                                                                           ,147,12:15,#N/A
2018090818-109109              ,HUDSON      ,NORTH BERGEN TWP        ,11/18/2018,SU,1811,1,NORTH BERGEN PD          ,18-109109      ,0,0,0,0,P,B,N,N,1,2,NJ 3                                              ,,3,,00000003__      ,10.5,2,,2,1,6,1,4,1,,,,NJ 495                             ,,,,50,,,,N,,,18:10,120+04729
2015090915-015464              ,HUDSON      ,SECAUCUS TOWN           ,10/17/2015,SA,1008,1,SECAUCUS PD              ,HQ             ,0,1,0,0,I,B,N,N,11,1,NJ 3                                              ,,3,,00000003__      ,9,2,1,2,1,1,1,1,1,,,,,,,,55,,,,N,LIGHT POLE ON RT 3 WEST WITH #DW42105.                                          ,151,10:10,120P04732
2013090913-005721              ,HUDSON      ,SECAUCUS TOWN           ,4/2/2013,TU,2101,1,SECAUCUS PD              ,HEADQUARTERS   ,0,1,0,0,I,I,N,N,1,2,NJ 3                                              ,,3,,00000003__      ,6.82,2,4,2,1,6,1,2,1,,AT,,RTE 3 E SERVICE ROAD               ,,,,25,40,,,N,NONE.                                                                           ,131,21:00,120P04737
2015090915-015478              ,HUDSON      ,SECAUCUS TOWN           ,10/17/2015,SA,1403,1,SECAUCUS PD              ,HEADQUARTERS   ,0,1,0,0,I,I,N,N,1,2,NJ 3                                              ,,3,,00000003__      ,9.5,2,1,2,1,1,1,2,1,,AT,,MILL CREEK DRIVE                   ,,,,45,,,,N,NONE                                                                            ,131,14:05,120P04731
2016090916-003816              ,HUDSON      ,SECAUCUS TOWN           ,3/11/2016,F ,1632,1,SECAUCUS PD              ,HQTS           ,0,1,0,0,I,B,N,N,1,2,NJ 3                                              ,,3,,00000003__      ,10,2,4,2,1,1,1,5,1,,,,,F,PATERSON PLANK RD        ,,40,,,,N,NONE                                                                            ,158,16:30,120+04730
2013090913-005741              ,HUDSON      ,SECAUCUS TOWN           ,4/3/2013,W ,744,1,SECAUCUS PD              ,HEADQUARTERS   ,0,0,0,0,P,B,N,N,2,2,NJ 3                                              ,,3,,00000003__      ,,2,1,2,1,1,1,3,1,,,,,,,,50,,,,N,NONE                                                                            ,152,7:45,#N/A
2016090916-003948              ,HUDSON      ,SECAUCUS TOWN           ,3/14/2016,M ,955,1,SECAUCUS PD              ,HQ             ,0,0,0,0,P,B,N,N,2,2,NJ 3                                              ,,3,,00000003__      ,9,2,4,2,2,1,2,,1,,,,,,,,,,,,N,NONE.                                                                           ,151,9:55,120P04732
2014090914-018409              ,HUDSON      ,SECAUCUS TOWN           ,11/23/2014,S ,1904,1,SECAUCUS PD              ,HQTS           ,0,0,0,0,P,B,N,N,1,2,NJ 3                                              ,,3,,00000003__      ,,2,5,2,1,6,1,,,,,,,T,PATERSON PLANK RD        ,,40,,,,N,NONE                                                                            ,158,19:05,#N/A
2014090914-018676              ,HUDSON      ,SECAUCUS TOWN           ,11/29/2014,SA,1706,1,SECAUCUS PD              ,HQS            ,0,0,0,0,P,I,N,N,1,2,NJ 3                                              ,,3,,00000003__      ,9.89,2,1,2,1,6,1,3,1,,AT,,HARMON MEADOW BLVD                 ,,,,,,40.7855,74.04848,N,,129,17:05,120+04731
2014090914-018690              ,HUDSON      ,SECAUCUS TOWN           ,11/30/2014,S ,157,1,SECAUCUS PD              ,HEADQUARTERS   ,0,0,0,0,P,B,N,N,99,1,NJ 3                                              ,,3,,00000003__      ,10,2,5,2,1,6,1,2,1,,,,,,HARMON MEADOW BLVD       ,,,,40.78396,74.0479,N,FENCE WAS DAMAGED BY VEHICLE 1                                                  ,118,1:55,120+04730
2016090916-004782              ,HUDSON      ,SECAUCUS TOWN           ,3/29/2016,TU,1500,1,SECAUCUS PD              ,HEADQUARTERS   ,0,2,0,0,I,B,N,N,2,2,NJ 3                                              ,,3,,00000003__      ,9.7,2,1,2,1,1,1,2,1,,,,,,,,45,,,,N,NONE                                                                            ,164,15:00,120+04731
2015090915-016781              ,HUDSON      ,SECAUCUS TOWN           ,11/9/2015,M ,1726,1,SECAUCUS PD              ,HQTS           ,0,0,0,0,P,I,N,N,2,2,NJ 3                                              ,,3,,00000003__      ,10.04,2,1,2,1,6,1,5,1,,AT,,CR 681 / PATERSON PLANK RD         ,,,,25,25,,,N,NONE                                                                            ,160,17:25,120+04730
2017090917-004392              ,HUDSON      ,SECAUCUS TOWN           ,3/19/2017,SU,325,1,SECAUCUS PD              ,HEADQUARTERS   ,0,0,0,0,P,B,N,N,2,2,NJ 3                                              ,,3,,00000003__      ,9.3,2,,2,1,7,1,1,1,,,,,,,,50,,,,N,,164,3:25,120P04732
2015090915-016901              ,HUDSON      ,SECAUCUS TOWN           ,11/11/2015,W ,1438,1,SECAUCUS PD              ,HQ             ,0,0,0,0,P,B,N,N,1,2,NJ 3                                              ,,3,,00000003__      ,9.8,2,1,2,2,1,1,1,1,,,,,,,,55,,,,N,NONE.                                                                           ,151,14:40,120+04731
2013090913-006440              ,HUDSON      ,SECAUCUS TOWN           ,4/14/2013,S ,1203,1,SECAUCUS PD              ,HEADQUARTERS   ,0,0,0,0,P,I,N,N,1,2,NJ 3                                              ,,3,,00000003__      ,10.04,2,1,2,1,1,1,2,1,,AT,,CR 681 / PATERSON PLANK RD         ,,,,25,25,,,N,,131,12:05,120+04730
2013090913-006603              ,HUDSON      ,SECAUCUS TOWN           ,4/16/2013,TU,1822,1,SECAUCUS PD              ,HEADQUARTERS   ,0,0,0,0,P,B,N,N,1,2,NJ 3                                              ,,3,,00000003__      ,10.24,2,1,2,1,1,1,2,1,,,,,,,,40,,,,N,,135,18:20,120+04730
2014090914-018965              ,HUDSON      ,SECAUCUS TOWN           ,12/5/2014,F ,2358,1,SECAUCUS PD              ,MUNICIPAL      ,0,0,0,0,P,B,N,N,1,2,NJ 3                                              ,,3,,00000003__      ,,2,1,2,2,6,2,1,1,,,,,,,,55,,,,N,,121,0:00,#N/A
2016090916-005318              ,HUDSON      ,SECAUCUS TOWN           ,4/7/2016,TH,1752,1,SECAUCUS PD              ,HQ'S           ,0,1,0,0,I,B,N,N,11,1,NJ 3                                              ,,3,,00000003__      ,9.5,2,1,2,1,1,1,5,1,,,,,,,,,,,,N,NONE                                                                            ,165,17:50,120P04731
2014090914-019056              ,HUDSON      ,SECAUCUS TOWN           ,12/8/2014,M ,1230,1,SECAUCUS PD              ,HQ             ,0,0,0,0,P,B,N,N,1,2,NJ 3                                              ,,3,,00000003__      ,9.4,2,5,2,1,1,1,2,1,,,,,T,PATERSON PLANK ROAD      ,SB,55,,40.79105,74.0542,N,,136,12:30,120P04732
2016090916-005639              ,HUDSON      ,SECAUCUS TOWN           ,4/14/2016,TH,1910,1,SECAUCUS PD              ,HQTS           ,0,3,0,0,I,B,N,N,1,4,NJ 3                                              ,,3,,00000003__      ,8.9,2,1,2,1,1,1,,1,,,,,,,,50,,,,N,NONE                                                                            ,158,19:10,120P04732
2017090917-005341              ,HUDSON      ,SECAUCUS TOWN           ,4/5/2017,WE,611,1,SECAUCUS PD              ,HEADQUARTERS   ,0,1,0,0,I,B,N,N,1,3,NJ 3                                              ,,3,,00000003__      ,9.6,2,,2,2,1,1,1,1,,,,,,,,55,,,,N,,,6:10,120P04731
2014090914-019181              ,HUDSON      ,SECAUCUS TOWN           ,12/11/2014,TH,1354,1,SECAUCUS PD              ,HQTS           ,0,1,0,0,I,I,N,N,1,2,NJ 3                                              ,,3,,00000003__      ,9.3,2,6,2,1,1,1,2,1,,AT,,,,PATERSON PLANK RD        ,,,,40.79204,74.0556,N,NONE                                                                            ,148,13:55,120P04732
2014090914-019208              ,HUDSON      ,SECAUCUS TOWN           ,12/12/2014,F ,656,1,SECAUCUS PD              ,HQTS           ,0,0,0,0,P,I,N,N,1,2,NJ 3                                              ,,3,,00000003__      ,4.39,2,1,2,1,1,1,1,1,,AT,,300 RT 3 EAST                      ,,,,45,10,,,N,NONE                                                                            ,132,6:55,120P04740
2017090917-005420              ,HUDSON      ,SECAUCUS TOWN           ,4/6/2017,TH,1054,1,SECAUCUS PD              ,SPD HQ         ,0,0,0,0,P,B,N,N,11,1,NJ 3                                              ,,3,,00000003__      ,9.12,2,,2,2,1,2,2,1,,,,,F,CR 681                   ,WB,45,,,,N,DAMAGE TO GRASS                                                                 ,172,10:55,120P04732
2014090914-019229              ,HUDSON      ,SECAUCUS TOWN           ,12/12/2014,F ,1310,1,SECAUCUS PD              ,HEADQUARTERS   ,0,0,0,0,P,B,N,N,1,2,NJ 3                                              ,,3,,00000003__      ,9.5,2,1,2,1,1,1,2,1,,,,,,,,50,,40.79005,74.0528,N,NONE.                                                                           ,147,13:10,120P04731
2015090915-017868              ,HUDSON      ,SECAUCUS TOWN           ,11/30/2015,M ,759,1,SECAUCUS PD              ,HEADQUARTERS   ,0,0,0,0,P,B,N,N,1,2,NJ 3                                              ,,3,,00000003__      ,9.5,2,1,2,1,1,1,1,1,,,,,,,,50,,,,N,NONE                                                                            ,164,8:00,120P04731
2013090913-008212              ,HUDSON      ,SECAUCUS TOWN           ,5/13/2013,M ,1120,1,SECAUCUS PD              ,HEADQUARTERS   ,0,1,0,0,I,B,N,N,11,1,NJ 3                                              ,,3,,00000003__      ,9.7,2,1,2,1,1,1,1,1,,,,NEW JERSEY TURNPIKE                ,,,,50,,,,N,GUARD RAIL ON RTE 3 WEST.                                                       ,131,11:20,120+04731
2014090914-019242              ,HUDSON      ,SECAUCUS TOWN           ,12/12/2014,F ,1633,1,SECAUCUS PD              ,HEADQUARTERS   ,0,0,0,0,P,B,N,N,1,2,NJ 3                                              ,,3,,00000003__      ,10.1,2,1,2,1,6,1,1,1,,,,,,,,55,,40.78254,74.04745,N,NONE.                                                                           ,147,16:35,120+04730
2016090916-006549              ,HUDSON      ,SECAUCUS TOWN           ,5/2/2016,M ,753,1,SECAUCUS PD              ,HQTS           ,0,1,0,0,I,B,N,N,1,3,NJ 3                                              ,,3,,00000003__      ,9,2,2,2,2,1,5,1,1,,,,,,,,50,,,,N,NONE                                                                            ,158,7:55,120P04732
2013090913-008380              ,HUDSON      ,SECAUCUS TOWN           ,5/15/2013,W ,1426,1,SECAUCUS PD              ,HEADQUARTERS   ,0,1,0,0,I,B,N,N,11,1,NJ 3                                              ,,3,,00000003__      ,,2,1,2,1,1,1,2,1,,,,,,MAPLE STREET RAMP        ,,55,,,,N,HEAVY DAMAGE TO A GUARD RAIL  LANDSCAPING  AND BRUSH/TREES.                     ,147,14:25,#N/A
2015090915-018627              ,HUDSON      ,SECAUCUS TOWN           ,12/14/2015,M ,616,1,SECAUCUS PD              ,HEADQUARTERS   ,0,0,0,0,P,B,N,N,2,2,NJ 3                                              ,,3,,00000003__      ,9,2,1,2,1,6,1,3,1,,,,,,,,55,,,,N,,121,6:15,120P04732
2013090913-008609              ,HUDSON      ,SECAUCUS TOWN           ,5/19/2013,S ,919,1,SECAUCUS PD              ,HQTS           ,0,0,0,0,P,B,N,N,10,1,NJ 3                                              ,,3,,00000003__      ,,2,5,2,2,1,2,2,1,100,FE,W,,F,CR 681                   ,,,,,,N,,148,9:20,#N/A
2013090913-008658              ,HUDSON      ,SECAUCUS TOWN           ,5/20/2013,M ,756,1,SECAUCUS PD              ,HEADQUARTERS   ,0,0,0,0,P,I,N,N,1,2,NJ 3                                              ,,3,,00000003__      ,8.6,2,2,2,2,1,2,2,1,,AT,,MEADOWLANDS PKWY                   ,,,,25,40,,,N,NONE.                                                                           ,131,7:55,120P04733
2015090915-018860              ,HUDSON      ,SECAUCUS TOWN           ,12/17/2015,TH,1631,1,SECAUCUS PD              ,HQ'S           ,0,0,0,0,P,B,N,N,2,2,NJ 3                                              ,,3,,00000003__      ,9.8,2,1,2,2,6,2,5,1,,,,,,,,45,,,,N,NONE.                                                                           ,165,16:30,120+04731
2013090913-008797              ,HUDSON      ,SECAUCUS TOWN           ,5/22/2013,W ,754,1,SECAUCUS PD              ,HEADQUARTERS   ,0,2,0,0,I,B,N,N,1,2,NJ 3                                              ,,3,,00000003__      ,,2,1,2,1,1,5,2,1,,,,,,,,55,,,,N,NONE.                                                                           ,147,7:55,#N/A
2016090916-006778              ,HUDSON      ,SECAUCUS TOWN           ,5/6/2016,F ,523,1,SECAUCUS PD              ,MUNICIPAL      ,0,0,0,0,P,B,N,N,11,1,NJ 3                                              ,,3,,00000003__      ,,2,5,2,2,6,2,3,1,,,,,T,PATERSON PLANK RD        ,,25,,,,N,,121,5:25,#N/A
2015090915-018965              ,HUDSON      ,SECAUCUS TOWN           ,12/19/2015,SA,1814,1,SECAUCUS PD              ,HEADQUARTERS   ,0,1,0,0,I,B,N,N,1,2,NJ 3                                              ,,3,,00000003__      ,9.8,2,1,2,1,6,1,5,1,,,,,F,HARMON MEADOW BLVD       ,SB,25,,,,N,NONE.                                                                           ,166,18:15,120+04731
2016090916-006781              ,HUDSON      ,SECAUCUS TOWN           ,5/6/2016,F ,636,1,SECAUCUS PD              ,HQ             ,0,0,0,0,P,B,N,N,1,2,NJ 3                                              ,,3,,00000003__      ,10.1,2,6,1,2,1,2,2,2,,,,,F,PATERSON PLANK           ,,10,,,,N,,118,6:35,120+04730
2016090916-006931              ,HUDSON      ,SECAUCUS TOWN           ,5/9/2016,M ,1526,1,SECAUCUS PD              ,HEADQUARTERS   ,0,0,0,0,P,B,N,N,2,2,NJ 3                                              ,,3,,00000003__      ,10.1,2,4,2,1,1,1,2,1,,,,,,,,45,,,,N,NONE                                                                            ,164,15:25,120+04730
2015090915-019112              ,HUDSON      ,SECAUCUS TOWN           ,12/22/2015,TU,1403,1,SECAUCUS PD              ,HQ             ,0,1,0,0,I,B,N,N,11,1,NJ 3                                              ,,3,,00000003__      ,9.6,2,1,2,2,1,1,2,1,,,,,,,,55,,,,N,DAMAGE TO A LIGHT POLE JUST PAST THE MILE MARKER.                               ,151,14:05,120P04731