CRASH_ID,CTY_NAME,MUN_NAME,DATE,DAY,TIME,POL_CODE,POL_DEPT,POL_STA,KILLED,INJURED,PED_KILL,PED_INJ,SEVERITY,INTERSEC,ALCOHOL,HAZMAT,CRASH_TYPE,VEH_COUNT,LOCATION,LOC_DIR,ROUTE,RT_SFX,SRI,MP,RD_SYS,RD_CHAR,RD_SURF,SURF_COND,LIGHT,WEATHER,RD_DIV,RD_WRKZN,X_DIST,DIST_UNT,X_DIR,X_NAME,IS_RAMP,RAMP_RT,RAMP_DIR,SPD_LMT,SPD_X,LAT,LONG,CELL_USE,PROP_DMG,BADGE,TIME_ROUND,TMC
2016090916-007176              ,HUDSON      ,SECAUCUS TOWN           ,5/13/2016,F ,1646,1,SECAUCUS PD              ,HQTS           ,0,0,0,0,P,B,N,N,99,1,NJ 3                                              ,,3,,00000003__      ,10,2,5,2,2,1,2,2,1,,,,,F,PATERSON PLANK RD        ,,25,,,,N,TIRE MARKS LEFT IN GRASS ABOVE CURB.                                            ,158,16:45,120+04730
2013090913-009279              ,HUDSON      ,SECAUCUS TOWN           ,5/30/2013,TH,1641,1,SECAUCUS PD              ,HEADQUARTERS   ,0,0,0,0,P,I,N,N,1,2,NJ 3                                              ,,3,,00000003__      ,8.6,2,1,2,1,1,1,2,1,,AT,,MEADOWLANDS PKWY                   ,,,,50,25,,,N,NONE                                                                            ,131,16:40,120P04733
2016090916-007274              ,HUDSON      ,SECAUCUS TOWN           ,5/15/2016,S ,1502,1,SECAUCUS PD              ,HQ             ,0,0,0,0,P,B,N,N,2,2,NJ 3                                              ,,3,,00000003__      ,10.2,2,1,2,1,1,1,2,1,,,,,,,,55,,,,N,NONE                                                                            ,162,15:00,120+04730
2013090913-009780              ,HUDSON      ,SECAUCUS TOWN           ,6/7/2013,F ,1843,1,SECAUCUS PD              ,HQTS           ,0,0,0,0,P,I,N,N,2,2,NJ 3                                              ,,3,,00000003__      ,,2,1,2,2,3,2,2,1,,AT,N,,,,,40,,,,N,,117,18:45,#N/A
2016090916-007478              ,HUDSON      ,SECAUCUS TOWN           ,5/18/2016,W ,1449,1,SECAUCUS PD              ,HEADQUARTERS   ,0,1,0,0,I,B,N,N,11,1,NJ 3                                              ,,3,,00000003__      ,,2,5,2,1,1,1,5,1,,,,,T,PATERSON PLANK RD        ,WB,25,,,,N,NONE                                                                            ,164,14:50,#N/A
2014160214-100412              ,PASSAIC     ,CLIFTON CITY            ,12/12/2014,F ,942,1,CLIFTON PD               ,CLIFTON PD     ,0,0,0,0,P,B,N,N,2,2,NJ 3                                              ,,3,,00000003__      ,,2,0,2,1,1,1,5,1,,,,,T,PASSAIC COUNTY 622       ,WB,30,,,,N,NONE                                                                            ,,9:40,#N/A
2016090916-007820              ,HUDSON      ,SECAUCUS TOWN           ,5/24/2016,TU,1050,1,SECAUCUS PD              ,HEADQUARTERS   ,0,0,0,0,P,B,N,N,1,2,NJ 3                                              ,,3,,00000003__      ,10.04,2,5,2,2,1,5,5,2,,,,CR 681 / PATTERSON PLANK RD        ,,,,25,25,,,N,,121,10:50,120+04730
2013090913-010043              ,HUDSON      ,SECAUCUS TOWN           ,6/11/2013,TU,1607,1,SECAUCUS PD              ,HEADQUARTERS   ,0,0,0,0,P,I,N,N,1,2,NJ 3                                              ,,3,,00000003__      ,,2,1,2,1,1,1,1,1,,AT,N,,,,,55,,,,N,NONE.                                                                           ,147,16:05,#N/A
2015132215-3292                ,MONMOUTH    ,KEYPORT BORO            ,4/30/2015,TH,1044,1,KEYPORT PD               ,,0,1,0,0,I,I,N,N,1,2,MONMOUTH COUNTY 3                                 ,,3,,13000003__      ,0,5,1,2,1,1,1,5,1,,AT,,ROLLO PL                           ,,,,30,25,,,N,NONE                                                                            ,#23  ,10:45,#N/A
2018090918-000388              ,HUDSON      ,SECAUCUS TOWN           ,1/6/2018,SA,2350,1,SECAUCUS PD              ,HEADQUARTERS   ,0,0,0,0,P,I,N,N,2,2,NJ 3                                              ,,3,,00000003__      ,9.4,2,,2,4,6,1,2,1,,AT,,PLAZA CENTER ROAD                  ,,,,55,25,,,N,,121,23:50,120P04732
2013090913-010450              ,HUDSON      ,SECAUCUS TOWN           ,6/18/2013,TU,814,1,SECAUCUS PD              ,HQTS           ,0,0,0,0,P,B,N,N,1,4,NJ 3                                              ,,3,,00000003__      ,,2,2,2,1,1,1,1,1,500,FE,N,,,,,,,,,N,NONE                                                                            ,148,8:15,#N/A
2016090916-008528              ,HUDSON      ,SECAUCUS TOWN           ,6/4/2016,SA,442,1,SECAUCUS PD              ,SPD HEADQUARTE?,0,0,0,0,P,B,N,N,1,2,NJ 3                                              ,,3,,00000003__      ,9.12,2,5,2,1,5,1,2,,,,,CR 681 / PATERSON PLANK RD         ,,,,55,25,,,N,NONE                                                                            ,152,4:40,120P04732
2013090913-010592              ,HUDSON      ,SECAUCUS TOWN           ,6/20/2013,TH,1310,1,SECAUCUS PD              ,HQS            ,0,0,0,0,P,B,N,N,99,1,NJ 3                                              ,,3,,00000003__      ,,2,2,2,1,1,1,5,1,500,FE,E,,T,MEADOWLANDS PARKWAY      ,SB,,,,,N,GUARD RAIL ADJACENT TO LEFT LANE ON ROUTE 3 WEST                                ,137,13:10,#N/A
2016090916-008772              ,HUDSON      ,SECAUCUS TOWN           ,6/8/2016,W ,1317,1,SECAUCUS PD              ,HQ             ,0,0,0,0,P,B,N,N,2,2,NJ 3                                              ,,3,,00000003__      ,9.5,2,1,2,2,6,2,5,1,,,,,,,,55,,,,N,NONE                                                                            ,162,13:15,120P04731
2018090918-000613              ,HUDSON      ,SECAUCUS TOWN           ,1/10/2018,WE,910,1,SECAUCUS PD              ,HQTS           ,0,0,0,0,P,B,N,N,2,2,NJ 3                                              ,,3,,00000003__      ,9.85,2,,2,1,1,1,2,1,,,,,,,,45,,,,N,,164,9:10,120+04731
2016090916-008838              ,HUDSON      ,SECAUCUS TOWN           ,6/9/2016,TH,1509,1,SECAUCUS PD              ,HEADQUARTERS   ,0,0,0,0,P,B,N,N,11,1,NJ 3                                              ,,3,,00000003__      ,10,2,4,2,1,1,1,2,1,,,,,T,PATERSON PLANK RD        ,EB,25,,,,N,NONE                                                                            ,164,15:10,120+04730
2018090918-000838              ,HUDSON      ,SECAUCUS TOWN           ,1/13/2018,SA,1948,1,SECAUCUS PD              ,HQTS           ,0,1,0,0,I,B,N,N,1,2,NJ 3                                              ,,3,,00000003__      ,9.89,2,,2,1,7,1,5,1,,,,,F,HARMON MEADOW BLVD       ,,,,,,N,,164,19:50,120+04731
2016090916-008841              ,HUDSON      ,SECAUCUS TOWN           ,6/9/2016,TH,1524,1,SECAUCUS PD              ,HEADQUARTERS   ,0,0,0,0,P,B,N,N,1,2,NJ 3                                              ,,3,,00000003__      ,10.1,2,1,2,1,1,1,1,1,,,,,,,,50,,,,N,NONE.                                                                           ,131,15:25,120+04730
2013090913-011251              ,HUDSON      ,SECAUCUS TOWN           ,7/1/2013,M ,1048,1,SECAUCUS PD              ,HEADQUARTERS   ,0,0,0,0,P,B,N,N,11,2,NJ 3                                              ,,3,,00000003__      ,9.8,2,1,2,2,1,2,1,1,,,,,,,,50,,,,N,DIESEL FUEL SPILLED OUT ONTO ROUTE 3 EAST FROM V-1.                             ,131,10:50,120+04731
2016090916-008944              ,HUDSON      ,SECAUCUS TOWN           ,6/11/2016,SA,1255,1,SECAUCUS PD              ,HEADQUARTERS   ,0,5,0,0,I,B,N,N,4,3,NJ 3                                              ,,3,,00000003__      ,9.89,2,5,2,1,1,1,4,1,,,,,F,HARMON MEADOW BLVD       ,,45,,,,N,NONE                                                                            ,161,12:55,120+04731
2016090916-008951              ,HUDSON      ,SECAUCUS TOWN           ,6/11/2016,SA,1648,1,SECAUCUS PD              ,HEADQUARTERS   ,0,2,0,0,I,B,N,N,1,2,NJ 3                                              ,,3,,00000003__      ,8.55,2,6,2,1,1,1,5,1,,,,,,,,50,,,,N,NONE                                                                            ,164,16:50,120P04733
2013090913-011274              ,HUDSON      ,SECAUCUS TOWN           ,7/1/2013,M ,1905,1,SECAUCUS PD              ,HEADQUARTERS   ,0,2,0,0,I,I,N,N,1,2,NJ 3                                              ,,3,,00000003__      ,10.04,2,4,2,1,1,1,2,1,,AT,,CR 681 / PATERSON PLANK RD         ,,,,40,,,,N,NONE                                                                            ,135,19:05,120+04730
2013090913-011453              ,HUDSON      ,SECAUCUS TOWN           ,7/4/2013,TH,1844,1,SECAUCUS PD              ,HEADQUARTERS   ,0,0,0,0,P,B,N,N,2,2,NJ 3                                              ,,3,,00000003__      ,0,2,1,2,1,1,1,2,1,,,,LIGHTING WAY                       ,,,,45,,,,N,NONE.                                                                           ,147,18:45,#N/A
2016090916-009419              ,HUDSON      ,SECAUCUS TOWN           ,6/20/2016,M ,1401,1,SECAUCUS PD              ,HEADQUARTERS   ,0,1,0,0,I,B,N,N,2,2,NJ 3                                              ,,3,,00000003__      ,9.2,2,1,2,1,1,1,3,1,,,,,,,,45,,,,N,,153,14:00,120P04732
2017090917-008135              ,HUDSON      ,SECAUCUS TOWN           ,5/19/2017,FR,1503,1,SECAUCUS PD              ,HEADQUARTERS   ,0,0,0,0,P,I,N,N,1,3,NJ 3                                              ,,3,,00000003__      ,9.89,2,,2,1,1,1,2,1,,AT,,,F,HARMON MEADOW BLVD       ,EB,35,,,,N,,,15:05,120+04731
2018090918-001220              ,HUDSON      ,SECAUCUS TOWN           ,1/19/2018,FR,1828,1,SECAUCUS PD              ,HQTS           ,0,0,0,0,P,B,N,N,1,2,NJ 3                                              ,,3,,00000003__      ,10.2,2,,2,1,7,1,1,1,,,,,,,,45,,,,N,,164,18:30,120+04730
2013090913-011557              ,HUDSON      ,SECAUCUS TOWN           ,7/6/2013,SA,1645,1,SECAUCUS PD              ,HQS            ,0,0,0,0,P,B,N,N,2,2,NJ 3                                              ,,3,,00000003__      ,,2,1,2,1,1,1,5,1,100,FE,E,,T,MEADOWLANDS PARKWAY      ,SB,,,,,N,NONE.                                                                           ,137,16:45,#N/A
2017090917-008149              ,HUDSON      ,SECAUCUS TOWN           ,5/19/2017,FR,2007,1,SECAUCUS PD              ,HEADQUARTERS   ,0,0,0,0,P,I,N,N,2,2,NJ 3                                              ,,3,,00000003__      ,9.7,2,,2,1,3,1,2,1,,AT,,,,,,55,,,,N,,171,20:05,120+04731
2018090918-001222              ,HUDSON      ,SECAUCUS TOWN           ,1/19/2018,FR,1955,1,SECAUCUS PD              ,HEADQUARTERS   ,0,0,0,0,P,I,N,N,1,2,NJ 3                                              ,,3,,00000003__      ,9.8,2,,2,1,6,1,2,,,AT,,,F,CR 681/PATERSON PLANK RD ,,45,,,,N,,171,19:55,120+04731
2014160214-101161              ,PASSAIC     ,CLIFTON CITY            ,12/17/2014,W ,825,1,CLIFTON PD               ,CLIFTON        ,0,0,0,0,P,B,N,N,1,2,NJ 3                                              ,,3,,00000003__      ,,2,1,2,2,1,1,1,1,100,FE,,,T,VALLEY ROAD              ,,55,,,,N,NONE                                                                            ,266,8:25,#N/A
2018090918-001331              ,HUDSON      ,SECAUCUS TOWN           ,1/22/2018,MO,803,1,SECAUCUS PD              ,HQ             ,0,0,0,0,P,B,N,N,1,2,NJ 3                                              ,,3,,00000003__      ,8.8,2,,2,2,1,1,1,1,,,,,,,,50,,,,N,,151,8:05,120P04733
2013090913-013526              ,HUDSON      ,SECAUCUS TOWN           ,8/8/2013,TH,2320,1,SECAUCUS PD              ,MUNICIPAL      ,0,0,0,0,P,B,N,N,2,2,NJ 3                                              ,,3,,00000003__      ,8.6,2,1,2,2,6,2,4,1,,,,,,,,50,,,,N,,121,23:20,120P04733
2017090917-008581              ,HUDSON      ,SECAUCUS TOWN           ,5/25/2017,TH,1828,1,SECAUCUS PD              ,HEADQUARTERS   ,0,0,0,0,P,B,N,N,1,2,NJ 3                                              ,,3,,00000003__      ,9.2,2,,2,2,3,2,2,1,,,,,,,,35,,,,N,,171,18:30,120P04732
2017090917-008587              ,HUDSON      ,SECAUCUS TOWN           ,5/25/2017,TH,1915,1,SECAUCUS PD              ,HEADQUARTERS   ,0,0,0,0,P,B,N,N,2,2,NJ 3                                              ,,3,,00000003__      ,8.8,2,,2,2,3,2,1,1,,,,,,,,55,,,,N,,171,19:15,120P04733
2018090918-001703              ,HUDSON      ,SECAUCUS TOWN           ,1/28/2018,SU,2228,1,SECAUCUS PD              ,HEADQUARTERS   ,0,3,0,0,I,B,Y,N,1,2,NJ 3                                              ,,3,,00000003__      ,8.8,2,,2,1,6,1,5,1,,,,,,,,55,,,,N,,121,22:30,120P04733
2017090917-008789              ,HUDSON      ,SECAUCUS TOWN           ,5/29/2017,MO,1422,1,SECAUCUS PD              ,HEADQUARTER    ,0,1,0,0,I,I,N,N,1,2,NJ 3                                              ,,3,,00000003__      ,9.89,2,,2,1,1,1,2,1,,AT,,,F,HARMON MEADOW BLVD       ,,55,,,,N,,171,14:20,120+04731
2013090913-013835              ,HUDSON      ,SECAUCUS TOWN           ,8/14/2013,W ,536,1,SECAUCUS PD              ,HEADQUARTERS   ,0,1,0,0,I,B,N,N,1,2,NJ 3                                              ,,3,,00000003__      ,,2,1,2,1,2,1,3,1,,,,,,,,55,,,,N,,118,5:35,#N/A
2015132615MN09181              ,MONMOUTH    ,MANALAPAN TWP           ,4/14/2015,TU,718,1,MANALAPAN TWP PD         ,,0,2,0,0,I,I,N,N,3,2,MONMOUTH COUNTY 3                                 ,,3,,13000003__      ,1.43,5,1,2,2,1,2,5,1,,AT,,CAITLIN WAY / DEVON DR S           ,,,,40,25,,,N,NONE                                                                            ,26091,7:20,120+07447
2017090917-009096              ,HUDSON      ,SECAUCUS TOWN           ,6/2/2017,FR,1405,1,SECAUCUS PD              ,HQ             ,0,0,0,0,P,B,N,N,2,2,NJ 3                                              ,,3,,00000003__      ,9.8,2,,2,1,1,1,3,1,,,,NEW JERSEY TURNPIKE                ,,,,55,,,,N,,162,14:05,120+04731
2016090916-010013              ,HUDSON      ,SECAUCUS TOWN           ,7/2/2016,SA,1224,1,SECAUCUS PD              ,HQ'S           ,0,3,0,0,I,B,N,N,1,2,NJ 3                                              ,,3,,00000003__      ,10.04,2,5,2,1,1,1,5,1,,,,,T,PATERSON PLANK ROAD      ,EB,,,,,N,NONE.                                                                           ,165,12:25,120+04730
2013090913-013981              ,HUDSON      ,SECAUCUS TOWN           ,8/16/2013,F ,1518,1,SECAUCUS PD              ,HEADQUARTERS   ,0,0,0,0,P,I,N,N,2,2,NJ 3                                              ,,3,,00000003__      ,8.8,2,1,2,1,1,1,1,1,,AT,,MAPLE                              ,,,,50,,,,N,NONE                                                                            ,131,15:20,120P04733
2016090916-010066              ,HUDSON      ,SECAUCUS TOWN           ,7/3/2016,S ,1753,1,SECAUCUS PD              ,HQTS           ,0,1,0,0,I,B,N,N,2,3,NJ 3                                              ,,3,,00000003__      ,9.8,2,1,2,1,1,1,2,1,,,,,,,,45,,,,N,,117,17:55,120+04731
2018090918-002242              ,HUDSON      ,SECAUCUS TOWN           ,2/7/2018,WE,636,1,SECAUCUS PD              ,HEADQUARTERS   ,0,0,0,0,P,B,N,N,2,2,NJ 3                                              ,,3,,00000003__      ,9.8,2,,2,1,2,1,2,1,,,,,,,,55,,,,N,,171,6:35,120+04731
2015132615MN09916              ,MONMOUTH    ,MANALAPAN TWP           ,4/21/2015,TU,743,1,MANALAPAN TWP PD         ,,0,0,0,0,P,I,N,N,1,2,MONMOUTH COUNTY 3                                 ,,3,,13000003__      ,0,5,2,2,2,1,2,5,,,AT,,ROUTE 527 / MILLHURST RD           ,,,,35,45,,,N,NONE                                                                            ,26123,7:45,#N/A
2013090913-014458              ,HUDSON      ,SECAUCUS TOWN           ,8/24/2013,SA,1716,1,SECAUCUS PD              ,HQTS           ,0,0,0,0,P,B,N,N,2,2,NJ 3                                              ,,3,,00000003__      ,9.4,2,1,2,1,1,1,1,1,,,,,,,,,,,,N,NONE                                                                            ,148,17:15,120P04732
2018090918-002500              ,HUDSON      ,SECAUCUS TOWN           ,2/10/2018,SA,2105,1,SECAUCUS PD              ,HEADQUARTERS   ,0,0,0,0,P,B,N,N,99,1,NJ 3                                              ,,3,,00000003__      ,9.6,2,,2,2,6,2,2,1,,,,,,,,55,,,,N,,171,21:05,120P04731
2018090918-002527              ,HUDSON      ,SECAUCUS TOWN           ,2/11/2018,SU,1416,1,SECAUCUS PD              ,HEADQUARTERS   ,0,1,0,0,I,B,N,N,11,3,NJ 3                                              ,,3,,00000003__      ,9.6,2,,2,2,1,5,1,1,,,,,,,,55,,,,N,,,14:15,120P04731
2016090916-010629              ,HUDSON      ,SECAUCUS TOWN           ,7/15/2016,F ,1213,1,SECAUCUS PD              ,HQTS           ,0,1,0,1,I,B,N,N,99,1,NJ 3                                              ,,3,,00000003__      ,,2,1,1,1,1,1,5,1,,,,,,,,15,,,,N,HOSE AND NOZZLE FROM GAS PUMP.                                                  ,158,12:15,#N/A
2013090913-015592              ,HUDSON      ,SECAUCUS TOWN           ,9/12/2013,TH,1900,1,SECAUCUS PD              ,HEADQUARTERS   ,0,3,0,0,I,B,N,N,1,4,NJ 3                                              ,,3,,00000003__      ,,2,1,2,2,6,2,1,1,,,,,,,,50,,,,N,NONE                                                                            ,135,19:00,#N/A
2014160214-102163              ,PASSAIC     ,CLIFTON CITY            ,12/24/2014,W ,1720,1,CLIFTON PD               ,,0,0,0,0,P,B,N,N,8,2,NJ 3                                              ,,3,,00000003__      ,,2,2,2,2,0,2,5,0,,,,,,,,,,,,N,,260,17:20,#N/A
2016090916-010729              ,HUDSON      ,SECAUCUS TOWN           ,7/17/2016,S ,1403,1,SECAUCUS PD              ,HQTS           ,0,0,0,0,P,B,N,N,2,2,NJ 3                                              ,,3,,00000003__      ,9.8,2,1,2,1,1,1,5,1,,,,MAIN BODY                          ,,,,,40,,,N,NONE                                                                            ,169,14:05,120+04731
2013090913-016011              ,HUDSON      ,SECAUCUS TOWN           ,9/19/2013,TH,1654,1,SECAUCUS PD              ,HQTS           ,0,0,0,0,P,B,N,N,2,2,NJ 3                                              ,,3,,00000003__      ,8.8,2,1,2,1,1,1,2,2,,FE,,MAPLE ST. RAMP                     ,,,,,,,,N,,148,16:55,120P04733
2016090916-010956              ,HUDSON      ,SECAUCUS TOWN           ,7/21/2016,TH,1740,1,SECAUCUS PD              ,HQ'S           ,0,0,0,0,P,B,N,N,1,2,NJ 3                                              ,,3,,00000003__      ,9.5,2,1,2,1,1,1,5,1,,,,,,,,,,,,N,NONE.                                                                           ,165,17:40,120P04731
2017090917-010205              ,HUDSON      ,SECAUCUS TOWN           ,6/22/2017,TH,1511,1,SECAUCUS PD              ,HEADQUARTERS   ,0,0,0,0,P,B,N,N,1,2,NJ 3                                              ,,3,,00000003__      ,10,2,,2,1,1,1,2,1,,,,,F,PATERSON PLANK ROAD      ,,35,,,,N,,171,15:10,120+04730
2017090917-010209              ,HUDSON      ,SECAUCUS TOWN           ,6/22/2017,TH,1601,1,SECAUCUS PD              ,HEADQUARTERS   ,0,0,0,0,P,B,N,N,2,2,NJ 3                                              ,,3,,00000003__      ,10.24,2,,2,1,1,1,1,1,,,,,,,,55,,,,N,,171,16:00,120+04730
2013090913-016110              ,HUDSON      ,SECAUCUS TOWN           ,9/20/2013,F ,2327,1,SECAUCUS PD              ,HQS            ,0,0,0,0,P,I,N,N,2,2,NJ 3                                              ,,3,,00000003__      ,0,2,1,2,1,4,1,5,1,,AT,,"RAMP """"L""""                         ",,,,45,,,,N,NONE.                                                                           ,112,23:25,#N/A
2017090917-010219              ,HUDSON      ,SECAUCUS TOWN           ,6/22/2017,TH,1747,1,SECAUCUS PD              ,HEADQUARTERS   ,0,0,0,0,P,B,N,N,1,2,NJ 3                                              ,,3,,00000003__      ,9.6,2,,2,1,1,1,2,1,,,,,F,MILL CREEK DR            ,,55,,,,N,,171,17:45,120P04731
2016090916-011064              ,HUDSON      ,SECAUCUS TOWN           ,7/24/2016,S ,130,1,SECAUCUS PD              ,SECAUCUS PD HQ ,0,0,0,0,P,B,N,N,2,2,NJ 3                                              ,,3,,00000003__      ,9.8,2,1,2,1,7,1,2,,,,,,,,,45,,,,N,NONE                                                                            ,152,1:30,120+04731
2018090918-003304              ,HUDSON      ,SECAUCUS TOWN           ,2/24/2018,SA,1848,1,SECAUCUS PD              ,HEADQUARTERS   ,0,0,0,0,P,B,N,N,1,2,NJ 3                                              ,,3,,00000003__      ,9.8,2,,2,2,6,2,2,1,,,,,F,HARMON MEADOW BLVD       ,EB,45,,,,N,,171,18:50,120+04731
2016090916-011126              ,HUDSON      ,SECAUCUS TOWN           ,7/25/2016,M ,1820,1,SECAUCUS PD              ,HQTS           ,0,0,0,0,P,B,N,N,11,2,NJ 3                                              ,,3,,00000003__      ,9.6,2,4,2,2,1,2,1,1,,,,,,,,50,,,,N,NONE                                                                            ,158,18:20,120P04731
2017090917-010332              ,HUDSON      ,SECAUCUS TOWN           ,6/24/2017,SA,1514,1,SECAUCUS PD              ,HEADQUARTERS   ,0,0,0,0,P,B,N,N,2,2,NJ 3                                              ,,3,,00000003__      ,9.6,2,,2,1,1,1,2,1,,,,,,,,55,,,,N,,171,15:15,120P04731
2017090917-010734              ,HUDSON      ,SECAUCUS TOWN           ,7/1/2017,SA,1717,1,SECAUCUS PD              ,HQ             ,0,4,0,0,I,B,N,N,2,2,NJ 3                                              ,,3,,00000003__      ,8.8,2,,2,2,1,1,1,1,,,,,,,,50,,,,N,,151,17:15,120P04733
2018090918-003762              ,HUDSON      ,SECAUCUS TOWN           ,3/4/2018,SU,1059,1,SECAUCUS PD              ,HQTS           ,0,0,0,0,P,B,N,N,1,2,NJ 3                                              ,,3,,00000003__      ,9.2,2,,2,1,1,1,2,1,,,,,F,PLAZA CENTER DRIVE       ,,45,,,,N,,176,11:00,120P04732
2014160214-102554              ,PASSAIC     ,CLIFTON CITY            ,12/28/2014,S ,1152,1,CLIFTON PD               ,CLIFTON PD     ,0,0,0,0,P,B,N,N,2,2,NJ 3                                              ,,3,,00000003__      ,,2,1,2,2,1,2,5,1,,,,,T,BLOOMFIELD AVE           ,EB,50,,,,N,YES - GUIDE RAIL - RT.3 EAST/BLOOMFIELD CAMP                                    ,,11:50,#N/A
2018090918-003836              ,HUDSON      ,SECAUCUS TOWN           ,3/5/2018,MO,1322,1,SECAUCUS PD              ,SPD HEADQUARTE?,0,1,0,0,I,B,N,N,1,2,NJ 3                                              ,,3,,00000003__      ,9.4,2,,2,1,1,1,1,1,,,,,,,,55,,,,N,,152,13:20,120P04732
2017090917-010987              ,HUDSON      ,SECAUCUS TOWN           ,7/6/2017,TH,924,1,SECAUCUS PD              ,HEADQUARTERS   ,0,0,0,0,P,B,N,N,2,2,NJ 3                                              ,,3,,00000003__      ,9.77,2,,2,1,1,1,2,1,,,,,,,,55,,,,N,,171,9:25,120+04731
2015132615MN13152              ,MONMOUTH    ,MANALAPAN TWP           ,5/21/2015,TH,1951,1,MANALAPAN TWP PD         ,,0,0,0,0,P,I,N,N,5,2,MONMOUTH COUNTY 3                                 ,,3,,13000003__      ,2.22,5,1,2,2,3,1,5,1,,AT,,TAYLORS MILLS RD                   ,,,,40,40,,,N,NONE                                                                            ,26118,19:50,120+07446
2016090916-011638              ,HUDSON      ,SECAUCUS TOWN           ,8/4/2016,TH,534,1,SECAUCUS PD              ,HQ             ,0,0,0,0,P,I,N,N,9,2,NJ 3                                              ,,3,,00000003__      ,8.6,2,1,2,1,6,1,2,1,,AT,,MEADOWLANDS PKWY                   ,,,,40,25,,,N,,95,5:35,120P04733
2018090918-004012              ,HUDSON      ,SECAUCUS TOWN           ,3/8/2018,TH,1420,1,SECAUCUS PD              ,SPD HEADQUARTER,0,0,0,0,P,B,N,N,15,2,NJ 3                                              ,,3,,00000003__      ,9.2,2,,2,3,1,1,5,1,,,,,,,,55,,,,N,,152,14:20,120P04732
2018090918-004025              ,HUDSON      ,SECAUCUS TOWN           ,3/8/2018,TH,1948,1,SECAUCUS PD              ,HQTS           ,0,0,0,0,P,B,N,N,2,3,NJ 3                                              ,,3,,00000003__      ,9.8,2,,2,1,6,1,1,1,,,,,,,,55,,,,N,,,19:50,120+04731
2013090913-017023              ,HUDSON      ,SECAUCUS TOWN           ,10/5/2013,SA,1314,1,SECAUCUS PD              ,HQTS           ,0,0,0,0,P,B,N,N,11,1,NJ 3                                              ,,3,,00000003__      ,,2,1,2,1,1,1,2,1,,,,,,,,,,,,N,UTILITY POLE 62251SEC AND PARKING SIGN                                          ,148,13:15,#N/A
2017090917-011273              ,HUDSON      ,SECAUCUS TOWN           ,7/11/2017,TU,511,1,SECAUCUS PD              ,HQTS           ,0,2,0,0,I,B,N,N,1,2,NJ 3                                              ,,3,,00000003__      ,9.4,2,,2,1,3,1,1,1,,,,,,,,55,,,,N,,170,5:10,120P04732
2018090918-004133              ,HUDSON      ,SECAUCUS TOWN           ,3/10/2018,SA,1600,1,SECAUCUS PD              ,SPD HEADQUARTER,0,1,0,0,I,B,N,N,1,2,NJ 3                                              ,,3,,00000003__      ,9.4,2,,2,1,1,1,1,1,,,,,,,,55,,,,N,,152,16:00,120P04732
2016090916-012696              ,HUDSON      ,SECAUCUS TOWN           ,8/23/2016,TU,1908,1,SECAUCUS PD              ,HQ'S           ,0,0,0,0,P,B,N,N,2,2,NJ 3                                              ,,3,,00000003__      ,9.9,2,1,2,1,1,1,5,1,,,,,,,,45,,,,N,NONE.                                                                           ,165,19:10,120+04731
2014160214-102824              ,PASSAIC     ,CLIFTON CITY            ,12/30/2014,TU,1654,1,CLIFTON PD               ,PATROL         ,0,0,0,0,P,I,N,N,2,2,NJ 3                                              ,,3,,00000003__      ,3.82,2,1,2,1,6,1,5,2,,AT,,CR 601 / MAIN AVE                  ,,,,35,15,40.83136,74.14205,N,NONE                                                                            ,6019,16:55,120P07442
2013090913-017360              ,HUDSON      ,SECAUCUS TOWN           ,10/11/2013,F ,633,1,SECAUCUS PD              ,HEADQUARTERS   ,0,0,0,0,P,I,N,N,1,2,NJ 3                                              ,,3,,00000003__      ,9.12,2,1,2,1,1,1,5,2,,AT,,SHELL GAS STATION                  ,,,,55,,,,N,,118,6:35,120P04732
2017090917-011439              ,HUDSON      ,SECAUCUS TOWN           ,7/13/2017,TH,2218,1,SECAUCUS PD              ,HEADQUARTERS   ,0,1,0,0,I,I,N,N,1,2,NJ 3                                              ,,3,,00000003__      ,8,2,,2,1,6,1,2,1,,AT,,ROOSEVELT AVE                      ,,,,45,25,,,N,MINOR DAMAGE TO LANDSCAPING.                                                    ,147,22:20,120P04734
2013090913-017494              ,HUDSON      ,SECAUCUS TOWN           ,10/13/2013,S ,444,1,SECAUCUS PD              ,MUNICIPAL      ,0,2,0,0,I,B,N,N,1,2,NJ 3                                              ,,3,,00000003__      ,9.6,2,1,2,1,6,1,1,1,,,,,,,,55,,,,N,,121,4:45,120P04731
2018090918-004207              ,HUDSON      ,SECAUCUS TOWN           ,3/12/2018,MO,706,1,SECAUCUS PD              ,HEADQUARTERS   ,0,0,0,0,P,B,N,N,2,2,NJ 3                                              ,,3,,00000003__      ,10,2,,2,1,1,1,2,1,,,,,,,,55,,,,N,,171,7:05,120+04730
2017090917-011442              ,HUDSON      ,SECAUCUS TOWN           ,7/13/2017,TH,2257,1,SECAUCUS PD              ,HQ             ,0,1,0,0,I,B,N,N,2,2,NJ 3                                              ,,3,,00000003__      ,,2,,1,1,6,1,5,1,,,,,,,,50,,,,N,,123,22:55,#N/A