CRASH_ID,CTY_NAME,MUN_NAME,DATE,DAY,TIME,POL_CODE,POL_DEPT,POL_STA,KILLED,INJURED,PED_KILL,PED_INJ,SEVERITY,INTERSEC,ALCOHOL,HAZMAT,CRASH_TYPE,VEH_COUNT,LOCATION,LOC_DIR,ROUTE,RT_SFX,SRI,MP,RD_SYS,RD_CHAR,RD_SURF,SURF_COND,LIGHT,WEATHER,RD_DIV,RD_WRKZN,X_DIST,DIST_UNT,X_DIR,X_NAME,IS_RAMP,RAMP_RT,RAMP_DIR,SPD_LMT,SPD_X,LAT,LONG,CELL_USE,PROP_DMG,BADGE,TIME_ROUND,TMC
2013090913-017519              ,HUDSON      ,SECAUCUS TOWN           ,10/13/2013,S ,1515,1,SECAUCUS PD              ,SPD HEADQUARTE ,0,0,0,0,P,B,N,N,2,2,NJ 3                                              ,,3,,00000003__      ,10.24,2,1,2,1,1,1,1,1,,,,,,,,55,,,,N,,152,15:15,120+04730
2013090913-018040              ,HUDSON      ,SECAUCUS TOWN           ,10/21/2013,M ,2104,1,SECAUCUS PD              ,HQ             ,0,0,0,0,P,I,N,N,1,2,NJ 3                                              ,,3,,00000003__      ,9.89,2,1,2,1,6,1,2,1,,AT,,HARMON MEADOW BLVD                 ,,,,45,20,,,N,,111,21:05,120+04731
2016090916-012956              ,HUDSON      ,SECAUCUS TOWN           ,8/27/2016,SA,1843,1,SECAUCUS PD              ,HEADQUARTERS   ,0,0,0,0,P,B,N,N,1,2,NJ 3                                              ,,3,,00000003__      ,9.8,2,1,2,1,1,1,5,1,,,,,,,,25,,,,N,NONE.                                                                           ,166,18:45,120+04731
2018090918-004633              ,HUDSON      ,SECAUCUS TOWN           ,3/19/2018,MO,1200,1,SECAUCUS PD              ,HEADQUARTERS   ,0,0,0,0,P,B,N,N,1,2,NJ 3                                              ,,3,,00000003__      ,9.2,2,,2,1,1,1,1,1,,,,,F,PLAZA CENTER RD          ,,55,,,,N,,171,12:00,120P04732
2016090916-013036              ,HUDSON      ,SECAUCUS TOWN           ,8/28/2016,S ,1849,1,SECAUCUS PD              ,HEADQUARTERS   ,0,0,0,0,P,I,N,N,1,2,NJ 3                                              ,,3,,00000003__      ,10.04,2,1,2,1,1,1,4,1,,AT,,CR 681 / PATERSON PLANK RD         ,,,,55,,,,N,NONE.                                                                           ,163,18:50,120+04730
2013090913-018501              ,HUDSON      ,SECAUCUS TOWN           ,10/29/2013,TU,958,1,SECAUCUS PD              ,HWTS           ,0,0,0,0,P,B,N,N,2,2,NJ 3                                              ,,3,,00000003__      ,10.24,2,1,2,1,1,1,4,1,,,,,,,,55,,,,N,,153,10:00,120+04730
2017090917-011945              ,HUDSON      ,SECAUCUS TOWN           ,7/22/2017,SA,2213,1,SECAUCUS PD              ,HEADQUARTERS   ,0,0,0,0,P,B,N,N,1,2,NJ 3                                              ,,3,,00000003__      ,8.6,2,,2,1,6,1,2,1,,,,MEADOWLANDS PKWY                   ,,,,55,,,,N,,171,22:15,120P04733
2018090918-004651              ,HUDSON      ,SECAUCUS TOWN           ,3/19/2018,MO,1606,1,SECAUCUS PD              ,HQ             ,0,0,0,0,P,B,N,N,2,2,NJ 3                                              ,,3,,00000003__      ,9.8,2,,2,1,1,1,2,1,,,,,,,,50,,,,N,LIGHT POLE #DW8284 ON RT 3 WEST SERVICE ROAD.                                   ,151,16:05,120+04731
2016090916-013042              ,HUDSON      ,SECAUCUS TOWN           ,8/28/2016,S ,2148,1,SECAUCUS PD              ,HEADQUARTERS   ,0,0,0,0,P,B,N,N,1,2,NJ 3                                              ,,3,,00000003__      ,10.04,2,5,2,1,7,1,5,1,,,,,T,PATERSON PLANK RD        ,,25,,,,N,NONE                                                                            ,164,21:50,120+04730
2014160214-10492               ,PASSAIC     ,CLIFTON CITY            ,10/1/2014,W ,1411,1,CLIFTON PD               ,,0,0,0,0,P,I,N,N,1,2,NJ 3                                              ,,3,,00000003__      ,3.82,2,2,2,1,1,5,1,1,,AT,,CR 601 / MAIN AVE                  ,,,,55,35,40.83136,74.14205,N,NONE                                                                            ,9041,14:10,120P07442
2018090918-004713              ,HUDSON      ,SECAUCUS TOWN           ,3/20/2018,TU,1505,1,SECAUCUS PD              ,HQS            ,0,0,0,0,P,B,N,N,1,2,NJ 3                                              ,,3,,00000003__      ,9.1,2,,2,1,1,5,5,1,,,,,,,,,,,,N,,129,15:05,120P04732
2013090913-019311              ,HUDSON      ,SECAUCUS TOWN           ,11/10/2013,S ,1713,1,SECAUCUS PD              ,HEADQUARTERS   ,0,0,0,0,P,B,N,N,1,2,NJ 3                                              ,,3,,00000003__      ,,2,1,2,1,6,1,5,1,,,,,,,,,,,,Y,,149,17:15,#N/A
2013090913-019976              ,HUDSON      ,SECAUCUS TOWN           ,11/20/2013,W ,2208,1,SECAUCUS PD              ,HQTS           ,0,1,0,0,I,B,N,N,11,1,NJ 3                                              ,,3,,00000003__      ,8.49,2,1,2,1,6,1,1,1,,,,HACKENSACK RIVER                   ,,,,,,,,N,NONE                                                                            ,151,22:10,120+04734
2018090918-005030              ,HUDSON      ,SECAUCUS TOWN           ,3/26/2018,MO,832,1,SECAUCUS PD              ,HQS            ,0,0,0,0,P,B,N,N,1,3,NJ 3                                              ,,3,,00000003__      ,8.5,2,,2,1,1,1,5,1,,,,,,,,,,,,N,,,8:30,120+04734
2013090913-020015              ,HUDSON      ,SECAUCUS TOWN           ,11/21/2013,TH,1124,1,SECAUCUS PD              ,HEADQUARTER    ,0,0,0,0,P,I,N,N,2,2,NJ 3                                              ,,3,,00000003__      ,6.86,2,1,2,1,1,1,1,1,,AT,,RTE 3 E SERVICE RD                 ,,,,50,,,,N,NONE                                                                            ,131,11:25,120P04737
2018090918-005119              ,HUDSON      ,SECAUCUS TOWN           ,3/27/2018,TU,1710,1,SECAUCUS PD              ,SPD HEADQUARTE?,0,0,0,0,P,B,N,N,1,2,NJ 3                                              ,,3,,00000003__      ,8.49,2,,2,1,1,1,1,1,,,,MEADOWLANDS PKWY                   ,,,,55,,,,N,,152,17:10,120+04734
2016090916-014119              ,HUDSON      ,SECAUCUS TOWN           ,9/17/2016,SA,1532,1,SECAUCUS PD              ,HQ             ,0,0,0,0,P,B,N,N,2,2,NJ 3                                              ,,3,,00000003__      ,9.8,2,1,2,1,1,1,2,1,,,,,,,,40,,,,N,NONE.                                                                           ,151,15:30,120+04731
2016090916-014312              ,HUDSON      ,SECAUCUS TOWN           ,9/21/2016,W ,11,1,SECAUCUS PD              ,HEADQUARTERS   ,0,0,0,0,P,B,N,N,11,1,NJ 3                                              ,,3,,00000003__      ,9.9,2,1,2,1,7,1,1,1,,,,,,,,,,,,N,NONE                                                                            ,164,1:10,120+04731
2013090913-020235              ,HUDSON      ,SECAUCUS TOWN           ,11/24/2013,S ,1832,1,SECAUCUS PD              ,HEADQUARTERS   ,0,0,0,0,P,B,N,N,2,2,NJ 3                                              ,,3,,00000003__      ,,2,1,2,1,6,1,5,1,,,,,,,,,,,,Y,,149,18:30,#N/A
2013090913-020738              ,HUDSON      ,SECAUCUS TOWN           ,12/3/2013,TU,1035,1,SECAUCUS PD              ,HQS            ,0,0,0,0,P,I,N,N,2,2,NJ 3                                              ,,3,,00000003__      ,10.04,2,1,2,1,1,1,2,1,,AT,,CR 681 / PATERSON PLANK RD         ,,,,,,,,N,,129,10:35,120+04730
2013090913-020839              ,HUDSON      ,SECAUCUS TOWN           ,12/4/2013,W ,1728,1,SECAUCUS PD              ,HQ             ,0,2,0,0,I,B,N,N,2,3,NJ 3                                              ,,3,,00000003__      ,9.08,2,1,2,1,6,1,2,1,,,,,,,,50,,,,N,KEVCO OWNED BY LIGHT POLE. LANDSCAPE OWNED BY HARTZ MOUNTAIN                    ,136,17:30,120P04732
2016090916-014470              ,HUDSON      ,SECAUCUS TOWN           ,9/23/2016,F ,1729,1,SECAUCUS PD              ,HQS            ,0,0,0,0,P,B,N,N,99,1,NJ 3                                              ,,3,,00000003__      ,10.04,2,1,2,1,1,1,2,1,120,FE,,,F,PATERSON PLANK ROAD      ,,25,,,,N,FLOWER POT LOCATED ON CENTER MEDIAN                                             ,165,17:30,120+04730
2017090917-012550              ,HUDSON      ,SECAUCUS TOWN           ,8/3/2017,TH,658,1,SECAUCUS PD              ,HEADQUARTERS   ,0,0,0,0,P,B,N,N,2,2,NJ 3                                              ,,3,,00000003__      ,9.3,2,,2,1,1,1,5,1,,,,,,,,45,,,,N,,175,7:00,120P04732
2016090916-014572              ,HUDSON      ,SECAUCUS TOWN           ,9/25/2016,S ,2204,1,SECAUCUS PD              ,HEADQUARTERS   ,0,3,0,0,I,B,N,N,1,2,NJ 3                                              ,,3,,00000003__      ,10,2,1,2,1,6,1,2,1,,,,,,,,55,,,,N,NONE.                                                                           ,147,22:05,120+04730
2014160214-106661              ,PASSAIC     ,CLIFTON CITY            ,12/14/2014,S ,2,1,CLIFTON PD               ,900 CLIFTON AV?,0,0,0,0,P,I,N,N,11,1,NJ 3                                              ,,3,,00000003__      ,,2,6,2,2,6,1,1,1,,AT,,,,RT 3                     ,,55,,,,N,LEFT GUARDRAIL                                                                  ,,2:00,#N/A
2018090918-005509              ,HUDSON      ,SECAUCUS TOWN           ,4/3/2018,TU,1249,1,SECAUCUS PD              ,SPD HEADQUARTE?,0,0,0,0,P,B,N,N,2,2,NJ 3                                              ,,3,,00000003__      ,9.4,2,,2,2,1,2,3,1,,,,,,,,55,,,,N,,152,12:50,120P04732
2016090916-014845              ,HUDSON      ,SECAUCUS TOWN           ,9/30/2016,F ,1448,1,SECAUCUS PD              ,HEADQUARTERS   ,0,1,0,0,I,B,N,N,2,2,NJ 3                                              ,,3,,00000003__      ,,2,1,2,2,1,2,4,1,,,,,,,,55,,,,N,,153,14:50,#N/A
2018090918-005594              ,HUDSON      ,SECAUCUS TOWN           ,4/4/2018,WE,1810,1,SECAUCUS PD              ,HQTS           ,0,0,0,0,P,B,N,N,2,2,NJ 3                                              ,,3,,00000003__      ,9.25,2,,2,1,1,1,2,1,,,,CR 681 / PATTERSON PLANK RD        ,,,,,,,,N,,150,18:10,120P04732
2013090913-18511               ,HUDSON      ,SECAUCUS TOWN           ,10/29/2013,TU,1246,1,SECAUCUS PD              ,HEADQUARTERS   ,0,0,0,0,P,B,N,N,2,2,NJ 3                                              ,,3,,00000003__      ,,2,1,2,1,,1,,,,,,,,,,,,,,Y,,149,12:45,#N/A
2016090916-015340              ,HUDSON      ,SECAUCUS TOWN           ,10/9/2016,S ,316,1,SECAUCUS PD              ,HQTS           ,0,0,0,0,P,I,N,N,11,1,NJ 3                                              ,,3,,00000003__      ,9.12,2,4,2,2,6,2,3,1,,AT,,RAMP TO PLANK RD                   ,,,,45,,,,N,GUIDE WIRE TO PSE&G POLE 61905  AND POWER WIRES                                 ,144,3:15,120P04732
2016090916-015344              ,HUDSON      ,SECAUCUS TOWN           ,10/9/2016,S ,447,1,SECAUCUS PD              ,HEADQUARTERS   ,0,0,0,0,P,B,N,N,11,1,NJ 3                                              ,,3,,00000003__      ,10.2,2,4,2,2,7,2,5,1,,,,,F,HUDSON COUNTY 681        ,,45,,,,N,UTILITY POLE  TELEPHONE WIRES  AND CABLE WIRES.                                 ,164,4:45,120+04730
2017090917-013082              ,HUDSON      ,SECAUCUS TOWN           ,8/11/2017,FR,2200,1,SECAUCUS PD              ,HQTS           ,0,1,0,0,I,B,N,N,2,2,NJ 3                                              ,,3,,00000003__      ,8.8,2,,2,1,6,1,5,1,,,,,,,,55,,,,N,,170,22:00,120P04733
2016090916-015402              ,HUDSON      ,SECAUCUS TOWN           ,10/10/2016,M ,54,1,SECAUCUS PD              ,HEADQUARTERS   ,0,1,0,0,I,B,N,N,1,2,NJ 3                                              ,,3,,00000003__      ,9,2,1,2,1,7,1,1,1,,,,,,,,,,,,N,NONE                                                                            ,164,5:55,120P04732
2018090918-005672              ,HUDSON      ,SECAUCUS TOWN           ,4/5/2018,TH,1632,1,SECAUCUS PD              ,HQS            ,0,1,0,0,I,B,N,N,2,2,NJ 3                                              ,,3,,00000003__      ,10,2,,2,1,1,1,2,1,,,,,,,,,,,,N,,129,16:30,120+04730
2014160214-10887               ,PASSAIC     ,CLIFTON CITY            ,10/12/2014,S ,859,1,CLIFTON PD               ,CLIFTON        ,0,2,0,0,I,B,N,N,1,2,NJ 3                                              ,,3,,00000003__      ,,2,1,2,1,1,1,1,1,,,,,T,VALLEY ROAD              ,,55,,,,N,NONE                                                                            ,268,9:00,#N/A
2014160214-10946               ,PASSAIC     ,CLIFTON CITY            ,10/13/2014,M ,2308,1,CLIFTON PD               ,900 CLIFTON AV?,0,0,0,0,P,B,N,N,11,1,NJ 3                                              ,,3,,00000003__      ,4.89,2,6,2,2,6,2,1,1,25,FE,,NJ 21                              ,,,,35,35,,,N,NO INJURIES REPORTS                                                             ,,23:10,120+04740
2018090918-006215              ,HUDSON      ,SECAUCUS TOWN           ,4/13/2018,FR,1749,1,SECAUCUS PD              ,SPD HEADQUARTE?,0,0,0,0,P,B,N,N,1,2,NJ 3                                              ,,3,,00000003__      ,9.4,2,,2,1,1,1,1,1,,,,,,,,55,,,,N,,152,17:50,120P04732
2018090918-006463              ,HUDSON      ,SECAUCUS TOWN           ,4/17/2018,TU,1733,1,SECAUCUS PD              ,HEADQUARTERS   ,0,0,0,0,P,B,N,N,2,2,NJ 3                                              ,,3,,00000003__      ,9.4,2,,2,1,1,1,2,1,,,,,,,,50,,,,N,,147,17:35,120P04732
2018090918-006634              ,HUDSON      ,SECAUCUS TOWN           ,4/20/2018,FR,943,1,SECAUCUS PD              ,HEADQUARTERS   ,0,0,0,0,P,B,N,N,1,2,NJ 3                                              ,,3,,00000003__      ,9.4,2,,2,1,1,1,1,1,,,,,,,,55,,,,N,,171,9:45,120P04732
2016090916-016837              ,HUDSON      ,SECAUCUS TOWN           ,11/3/2016,TH,1732,1,SECAUCUS PD              ,HQS            ,0,0,0,0,P,B,N,N,2,2,NJ 3                                              ,,3,,00000003__      ,8.8,2,1,2,1,6,1,5,1,,,,,,,,55,,,,N,NONE                                                                            ,165,17:30,120P04733
2017090917-013921              ,HUDSON      ,SECAUCUS TOWN           ,8/25/2017,FR,2046,1,SECAUCUS PD              ,HQ             ,0,1,0,0,I,B,N,N,2,2,NJ 3                                              ,,3,,00000003__      ,8.8,2,,2,1,6,1,1,1,,,,,,,,50,,,,N,,151,20:45,120P04733
2016090916-016900              ,HUDSON      ,SECAUCUS TOWN           ,11/4/2016,F ,1849,1,SECAUCUS PD              ,HQ             ,0,2,0,0,I,B,N,N,1,2,NJ 3                                              ,,3,,00000003__      ,10.2,2,1,2,1,6,1,1,1,,,,,,,,50,,,,N,NONE.                                                                           ,151,18:50,120+04730
2013160213-10232               ,PASSAIC     ,CLIFTON CITY            ,9/12/2013,TH,2004,1,CLIFTON PD               ,,0,0,0,0,P,I,N,N,1,2,NJ 3                                              ,,3,,00000003__      ,4.7,2,2,2,2,6,2,1,1,,AT,,,F,NJ 21                    ,,50,,,,N,NONE                                                                            ,13520,20:05,120+04740
2016090916-017332              ,HUDSON      ,SECAUCUS TOWN           ,11/12/2016,SA,439,1,SECAUCUS PD              ,HEADQUARTERS   ,0,0,0,0,P,B,N,N,11,2,NJ 3                                              ,,3,,00000003__      ,9.5,2,1,2,1,7,1,1,1,,,,,,,,50,,,,N,CRASH BARRIER                                                                   ,164,4:40,120P04731
2016090916-017335              ,HUDSON      ,SECAUCUS TOWN           ,11/12/2016,SA,720,1,SECAUCUS PD              ,HQTS           ,0,1,0,0,I,B,Y,N,11,2,NJ 3                                              ,,3,,00000003__      ,9.1,2,1,2,1,1,1,1,1,,,,,,,,55,,,,N,,153,7:20,120P04732
2017090917-014366              ,HUDSON      ,SECAUCUS TOWN           ,9/1/2017,FR,1707,1,SECAUCUS PD              ,HQ             ,0,0,0,0,P,B,N,N,1,2,NJ 3                                              ,,3,,00000003__      ,9.3,2,,2,1,1,1,5,1,,,,,,,,55,,,,N,,162,17:05,120P04732
2017090917-014376              ,HUDSON      ,SECAUCUS TOWN           ,9/1/2017,FR,2105,1,SECAUCUS PD              ,HQ             ,0,1,0,0,I,B,N,N,2,2,NJ 3                                              ,,3,,00000003__      ,9.5,2,,2,1,6,1,5,1,,,,,,,,55,,,,N,LIGHT POLE # DW32109                                                            ,162,21:05,120P04731
2018090918-008016              ,HUDSON      ,SECAUCUS TOWN           ,5/13/2018,SU,1420,1,SECAUCUS PD              ,HEADQUARTERS   ,0,0,0,0,P,B,N,N,2,2,NJ 3                                              ,,3,,00000003__      ,9.8,2,,2,2,1,2,2,1,,,,,,,,55,,,,N,,171,14:20,120+04731
2016090916-017611              ,HUDSON      ,SECAUCUS TOWN           ,11/17/2016,TH,645,1,SECAUCUS PD              ,HQS            ,0,0,0,0,P,B,N,N,2,2,NJ 3                                              ,,3,,00000003__      ,9.4,2,1,2,1,1,1,5,1,,,,,,,,45,,,,N,NONE.                                                                           ,165,6:45,120P04732
2018090918-008024              ,HUDSON      ,SECAUCUS TOWN           ,5/13/2018,SU,1716,1,SECAUCUS PD              ,HEADQUARTERS   ,0,0,0,0,P,B,N,N,8,2,NJ 3                                              ,,3,,00000003__      ,9.6,2,,2,2,1,2,2,1,,,,,,,,55,,,,N,,171,17:15,120P04731
2014160214-11361               ,PASSAIC     ,CLIFTON CITY            ,10/24/2014,F ,1513,1,CLIFTON PD               ,POST 7         ,0,0,0,0,P,B,N,N,11,1,NJ 3                                              ,,3,,00000003__      ,,2,2,2,1,1,1,1,1,200,FE,W,,,CR 601                   ,,,,,,N,NONE NOTED                                                                      ,1030,15:15,#N/A
2016090916-017847              ,HUDSON      ,SECAUCUS TOWN           ,11/21/2016,M ,702,1,SECAUCUS PD              ,HQS            ,0,0,0,0,P,B,N,N,2,2,NJ 3                                              ,,3,,00000003__      ,9.4,2,1,2,1,1,1,5,1,,,,,,,,45,,,,N,NONE                                                                            ,165,7:00,120P04732
2018090918-008659              ,HUDSON      ,SECAUCUS TOWN           ,5/24/2018,TH,1855,1,SECAUCUS PD              ,HQTS           ,0,0,0,0,P,B,N,N,1,2,NJ 3                                              ,,3,,00000003__      ,9,2,,2,1,2,1,1,1,,,,,,,,55,,,,N,,170,18:55,120P04732
2016090916-017910              ,HUDSON      ,SECAUCUS TOWN           ,11/22/2016,TU,437,1,SECAUCUS PD              ,HQTS           ,0,0,0,0,P,I,N,N,3,2,NJ 3                                              ,,3,,00000003__      ,9.12,2,2,2,1,6,1,4,1,,AT,,CR 681 / PATTERSON PLANK RD        ,,,,25,25,,,N,NONE                                                                            ,157,4:35,120P04732
2016090916-017957              ,HUDSON      ,SECAUCUS TOWN           ,11/22/2016,TU,1810,1,SECAUCUS PD              ,HQ             ,0,0,0,0,P,B,N,N,2,2,NJ 3                                              ,,3,,00000003__      ,8.8,2,1,2,1,6,1,5,1,,,,,,,,55,,,,N,NONE                                                                            ,162,18:10,120P04733
2018090918-008728              ,HUDSON      ,SECAUCUS TOWN           ,5/25/2018,FR,1634,1,SECAUCUS PD              ,HQTS           ,0,0,0,0,P,B,N,N,1,2,NJ 3                                              ,,3,,00000003__      ,9,2,,2,1,1,1,1,1,,,,,,,,55,,,,Y,,170,16:35,120P04732
2018090918-008741              ,HUDSON      ,SECAUCUS TOWN           ,5/25/2018,FR,1818,1,SECAUCUS PD              ,HQTS           ,0,0,0,0,P,B,N,N,2,2,NJ 3                                              ,,3,,00000003__      ,10.04,2,,2,1,1,1,1,1,,,,,F,CR 681/PATERSON PLANK RD ,,45,,,,N,,177,18:20,120+04730
2016090916-018037              ,HUDSON      ,SECAUCUS TOWN           ,11/24/2016,TH,131,1,SECAUCUS PD              ,HEADQUARTERS   ,0,0,0,0,P,B,N,N,2,2,NJ 3                                              ,,3,,00000003__      ,9,2,1,2,1,7,1,1,1,,,,,,,,50,,,,N,NONE                                                                            ,164,1:30,120P04732
2017090917-015430              ,HUDSON      ,SECAUCUS TOWN           ,9/19/2017,TU,2208,1,SECAUCUS PD              ,HEADQUARTERS   ,0,0,0,0,P,B,N,N,1,2,NJ 3                                              ,,3,,00000003__      ,9.89,2,,2,2,7,1,2,1,,,,,F,HARMON MEADOW BLVD       ,SB,40,,,,N,,173,22:10,120+04731
2018090918-008854              ,HUDSON      ,SECAUCUS TOWN           ,5/28/2018,MO,1616,1,SECAUCUS PD              ,SPD HEADQUARTE?,0,1,0,0,I,B,N,N,11,1,NJ 3                                              ,,3,,00000003__      ,8.8,2,,2,1,1,1,3,1,,,,,T,MEADOWLANDS PKWY         ,,55,,,,N,,152,16:15,120P04733
2016090916-018201              ,HUDSON      ,SECAUCUS TOWN           ,11/27/2016,S ,2033,1,SECAUCUS PD              ,HQS            ,0,1,0,0,I,B,N,N,1,2,NJ 3                                              ,,3,,00000003__      ,9.3,2,1,2,1,6,1,5,1,,,,,F,HARMON MEADOW BLVD       ,,25,,,,N,NONE.                                                                           ,165,20:35,120P04732
2017090917-015794              ,HUDSON      ,SECAUCUS TOWN           ,9/25/2017,MO,2004,1,SECAUCUS PD              ,HEADQUARTERS   ,0,1,0,0,I,I,N,N,1,2,NJ 3                                              ,,3,,00000003__      ,9.89,2,,2,1,5,1,2,1,,AT,,HARMON MEADOW BLVD                 ,,,,45,35,,,N,,147,20:05,120+04731
2018090918-009229              ,HUDSON      ,SECAUCUS TOWN           ,6/2/2018,SA,241,1,SECAUCUS PD              ,HQTS           ,0,5,0,0,I,B,N,N,1,2,NJ 3                                              ,,3,,00000003__      ,8.9,2,,2,1,6,1,1,1,,,,,,,,55,,,,N,,177,2:40,120P04732
2017090917-016038              ,HUDSON      ,SECAUCUS TOWN           ,9/29/2017,FR,1525,1,SECAUCUS PD              ,HEADQUARTERS   ,0,0,0,0,P,B,N,N,1,2,NJ 3                                              ,,3,,00000003__      ,9.12,2,,2,1,1,1,5,1,,,,,T,CR 681/PATERSON PLANK RD ,,25,,,,N,,164,15:25,120P04732
2016090916-018999              ,HUDSON      ,SECAUCUS TOWN           ,12/11/2016,S ,1833,1,SECAUCUS PD              ,HQ             ,0,1,0,0,I,B,N,N,1,2,NJ 3                                              ,,3,,00000003__      ,8.8,2,4,2,3,6,3,2,1,,FE,,MEADOWLANDS PKWY                   ,,,,25,,,,N,NONE.                                                                           ,151,18:35,120P04733
2017090917-016167              ,HUDSON      ,SECAUCUS TOWN           ,10/1/2017,SU,2121,1,SECAUCUS PD              ,HQ             ,0,1,0,0,I,B,N,N,1,2,NJ 3                                              ,,3,,00000003__      ,9.9,2,,2,1,6,1,5,1,,,,,,,,55,,,,N,,162,21:20,120+04731
2016090916-019133              ,HUDSON      ,SECAUCUS TOWN           ,12/14/2016,W ,714,1,SECAUCUS PD              ,HQS            ,0,3,0,0,I,B,N,N,2,2,NJ 3                                              ,,3,,00000003__      ,10,2,1,2,1,1,1,2,1,,,,,,,,,,,,N,,129,7:15,120+04730
2018090918-010332              ,HUDSON      ,SECAUCUS TOWN           ,6/15/2018,FR,1557,1,SECAUCUS PD              ,,0,0,0,0,P,B,N,N,2,2,NJ 3                                              ,,3,,00000003__      ,8.7,2,,2,1,1,1,5,1,,,,,,,,50,,,,N,,,15:55,120P04733
2017090917-016624              ,HUDSON      ,SECAUCUS TOWN           ,10/8/2017,SU,1849,1,SECAUCUS PD              ,HQ             ,0,0,0,0,P,B,N,N,1,2,NJ 3                                              ,,3,,00000003__      ,10.2,2,,2,1,6,1,5,1,,,,,,,,55,,,,N,,162,18:50,120+04730
2017090917-016696              ,HUDSON      ,SECAUCUS TOWN           ,10/9/2017,MO,1731,1,SECAUCUS PD              ,HEADQUARTERS   ,0,0,0,0,P,B,N,N,11,1,NJ 3                                              ,,3,,00000003__      ,9.12,2,,2,2,3,2,2,1,,,,,F,PATERSON PLANK ROAD      ,,55,,,,N,,171,17:30,120P04732
2018090918-010799              ,HUDSON      ,SECAUCUS TOWN           ,6/19/2018,TU,1002,1,SECAUCUS PD              ,,0,1,0,0,I,B,N,N,1,2,NJ 3                                              ,,3,,00000003__      ,8.9,2,,2,1,1,1,1,1,,,,MEADOWLAND PKWY                    ,,,,55,,,,N,,,10:00,120P04732
2018090918-010954              ,HUDSON      ,SECAUCUS TOWN           ,6/20/2018,WE,1027,1,SECAUCUS PD              ,,0,0,0,0,P,B,N,N,2,2,NJ 3                                              ,,3,,00000003__      ,8.6,2,,2,1,1,1,5,1,,,,,,,,50,,,,N,,,10:25,120P04733
2018090918-011028              ,HUDSON      ,SECAUCUS TOWN           ,6/20/2018,WE,1817,1,SECAUCUS PD              ,,0,2,0,0,I,B,N,N,1,2,NJ 3                                              ,,3,,00000003__      ,9.4,2,,2,1,1,1,2,1,,,,,,,,5,,,,N,,149,18:15,120P04732
2016090916-019748              ,HUDSON      ,SECAUCUS TOWN           ,12/24/2016,SA,1203,1,SECAUCUS PD              ,HEADQUARTERS   ,0,0,0,0,P,B,N,N,11,1,NJ 3                                              ,,3,,00000003__      ,10,2,1,2,2,1,2,5,1,,,,,F,CR 681                   ,,55,,,,N,NONE.                                                                           ,166,12:05,120+04730
2017090917-017374              ,HUDSON      ,SECAUCUS TOWN           ,10/20/2017,FR,1309,1,SECAUCUS PD              ,HEADQUARTERS   ,0,0,0,0,P,B,N,N,11,1,NJ 3                                              ,,3,,00000003__      ,9.12,2,,2,1,1,1,2,1,,,,,F,HUDSON COUNTY 681        ,,35,,,,N,,171,13:10,120P04732
2013160213-10791               ,PASSAIC     ,CLIFTON CITY            ,9/26/2013,TH,2312,1,CLIFTON PD               ,CARS           ,0,0,0,0,P,B,N,N,1,2,NJ 3                                              ,,3,,00000003__      ,,2,1,2,1,6,1,5,2,200,FE,,,F,MAIN AVE                 ,,45,,,,N,NONE                                                                            ,#5117,23:10,#N/A
2013160213-10793               ,PASSAIC     ,CLIFTON CITY            ,9/27/2013,F ,,1,CLIFTON PD               ,900 CLIFTON AVE,0,0,0,0,P,B,N,N,1,2,NJ 3                                              ,,3,,00000003__      ,4.89,2,4,2,1,6,1,4,2,25,FE,,RT 21 SOUTH EXIT RAMP              ,,,,50,25,,,N,,12505,#VALUE!,120+04740
2018090918-012212              ,HUDSON      ,SECAUCUS TOWN           ,6/29/2018,FR,1659,1,SECAUCUS PD              ,,0,1,0,0,I,B,N,N,1,3,NJ 3                                              ,,3,,00000003__      ,8.49,2,,2,1,1,1,5,1,,,,MEADOWLANDS PKWY                   ,,,,55,,,,N,,,17:00,120+04734
2016160216-08271               ,PASSAIC     ,CLIFTON CITY            ,11/14/2016,M ,1242,3,PASSAIC CO SHERIFFS DEPT ,SHERIFF'S PATR?,0,0,0,0,P,B,N,N,1,2,NJ 3                                              ,,3,,00000003__      ,,2,5,2,1,1,1,5,1,,,S,,F,CR 601                   ,,,,,,N,NONE                                                                            ,1105,12:40,#N/A
2017090917-017483              ,HUDSON      ,SECAUCUS TOWN           ,10/22/2017,SU,1315,1,SECAUCUS PD              ,HEADQUARTERS   ,0,0,0,0,P,B,N,N,11,1,NJ 3                                              ,,3,,00000003__      ,,2,,2,1,1,1,2,1,,,,,T,PLAZA CENTER             ,,55,,,,N,,171,13:15,#N/A