CRASH_ID,CTY_NAME,MUN_NAME,DATE,DAY,TIME,POL_CODE,POL_DEPT,POL_STA,KILLED,INJURED,PED_KILL,PED_INJ,SEVERITY,INTERSEC,ALCOHOL,HAZMAT,CRASH_TYPE,VEH_COUNT,LOCATION,LOC_DIR,ROUTE,RT_SFX,SRI,MP,RD_SYS,RD_CHAR,RD_SURF,SURF_COND,LIGHT,WEATHER,RD_DIV,RD_WRKZN,X_DIST,DIST_UNT,X_DIR,X_NAME,IS_RAMP,RAMP_RT,RAMP_DIR,SPD_LMT,SPD_X,LAT,LONG,CELL_USE,PROP_DMG,BADGE,TIME_ROUND,TMC
2018090918-012576              ,HUDSON      ,SECAUCUS TOWN           ,7/2/2018,MO,1420,1,SECAUCUS PD              ,,0,0,0,0,P,B,N,N,2,2,NJ 3                                              ,,3,,00000003__      ,10.1,2,,2,1,1,1,4,1,,,,,,,,50,,,,N,,,14:20,120+04730
2017090917-017624              ,HUDSON      ,SECAUCUS TOWN           ,10/25/2017,WE,627,1,SECAUCUS PD              ,HQ             ,0,0,0,0,P,B,N,N,1,2,NJ 3                                              ,,3,,00000003__      ,10.1,2,,2,1,6,1,5,1,,,,,,,,55,,,,N,,162,6:25,120+04730
2018090918-013957              ,HUDSON      ,SECAUCUS TOWN           ,7/12/2018,TH,1749,1,SECAUCUS PD              ,,0,0,0,0,P,B,N,N,2,2,NJ 3                                              ,,3,,00000003__      ,,2,,2,1,1,1,2,1,,,,,F,MAPLE ST                 ,EB,45,,,,N,,172,17:50,#N/A
2018090918-014649              ,HUDSON      ,SECAUCUS TOWN           ,7/18/2018,WE,1051,1,SECAUCUS PD              ,,0,0,0,0,P,B,N,N,2,2,NJ 3                                              ,,3,,00000003__      ,9.4,2,,2,1,1,1,1,1,,,,CR 681 / PATERSON PLANK RD         ,,,,55,,,,N,,174,10:50,120P04732
2015132815-022523              ,MONMOUTH    ,MARLBORO TWP            ,7/27/2015,M ,830,1,MARLBORO TWP PD          ,,0,1,0,0,I,I,N,N,1,3,MONMOUTH COUNTY 3                                 ,,3,,13000003__      ,9.65,5,2,2,1,1,1,5,1,,AT,,UNION AVE                          ,,,,40,25,,,N,NONE                                                                            ,106,8:30,120+04731
2017090917-017885              ,HUDSON      ,SECAUCUS TOWN           ,10/29/2017,SU,2033,1,SECAUCUS PD              ,HEADQUARTERS   ,0,0,0,0,P,B,N,N,2,2,NJ 3                                              ,,3,,00000003__      ,10.04,2,,2,2,6,2,2,1,,,,,T,CR 681/PATERSON PLANK RD ,,25,,,,N,,173,20:35,120+04730
2013160213-10961               ,PASSAIC     ,CLIFTON CITY            ,10/1/2013,TU,1746,1,CLIFTON PD               ,CLIFTON        ,0,0,0,0,P,I,N,N,1,2,NJ 3                                              ,,3,,00000003__      ,2.64,2,1,2,1,1,1,4,1,,AT,,CR 622 / BLOOMFIELD AVE            ,,,,30,50,,,N,NONE                                                                            ,3578,17:45,120P07444
2017090917-017900              ,HUDSON      ,SECAUCUS TOWN           ,10/30/2017,MO,849,1,SECAUCUS PD              ,HQ             ,0,0,0,0,P,B,N,N,2,2,NJ 3                                              ,,3,,00000003__      ,8.5,2,,2,2,1,5,5,1,,,,MEADAOWLANDS PARKWAY               ,,,,55,,,,N,,162,8:50,120+04734
2018090918-015579              ,HUDSON      ,SECAUCUS TOWN           ,7/25/2018,WE,1230,1,SECAUCUS PD              ,,0,0,0,0,P,B,N,N,11,1,NJ 3                                              ,,3,,00000003__      ,8.49,2,,2,2,1,2,2,1,,,,,T,MAPLE STREET             ,NB,25,,,,N,,,12:30,120+04734
2017090917-017977              ,HUDSON      ,SECAUCUS TOWN           ,10/31/2017,TU,851,1,SECAUCUS PD              ,HQS            ,0,0,0,0,P,B,N,N,2,2,NJ 3                                              ,,3,,00000003__      ,9,2,,2,1,1,1,1,1,,,,,,,,,,,,N,,129,8:50,120P04732
2017090917-018202              ,HUDSON      ,SECAUCUS TOWN           ,11/3/2017,FR,1113,1,SECAUCUS PD              ,HQS            ,0,0,0,0,P,I,N,N,1,2,NJ 3                                              ,,3,,00000003__      ,10.04,2,,2,1,1,1,2,1,,AT,,,T,CR 681/PATERSON PLANK RD ,EB,,,,,N,,129,11:15,120+04730
2018090918-016753              ,HUDSON      ,SECAUCUS TOWN           ,8/3/2018,FR,1540,1,SECAUCUS PD              ,,0,0,0,0,P,B,N,N,2,2,NJ 3                                              ,,3,,00000003__      ,9.5,2,,1,2,1,1,2,1,,,,,,,,55,,,,N,,,15:40,120P04731
2014160214-12080               ,PASSAIC     ,CLIFTON CITY            ,11/11/2014,TU,1535,1,CLIFTON PD               ,POST 7         ,0,0,0,0,P,I,N,N,2,2,NJ 3                                              ,,3,,00000003__      ,,2,1,1,1,1,1,1,1,,AT,,,T,RT 21                    ,,,,,,N,NONE                                                                            ,7030,15:35,#N/A
2018090918-016889              ,HUDSON      ,SECAUCUS TOWN           ,8/5/2018,SU,735,1,SECAUCUS PD              ,,0,1,0,0,I,B,N,N,11,1,NJ 3                                              ,,3,,00000003__      ,9.5,2,,2,1,1,1,3,1,,,,,,,,55,,,,N,DOT UTILITY POLE # EE2259 AND A GRAY GUARDRAIL LOCATED BY THE EAST MOST GAS PUMP,,7:35,120P04731
2013160213-11130               ,PASSAIC     ,CLIFTON CITY            ,10/5/2013,SA,1911,1,CLIFTON PD               ,CLIFTON        ,0,0,0,0,P,B,N,N,1,2,NJ 3                                              ,,3,,00000003__      ,,2,5,2,1,6,1,1,1,300,FE,E,,F,RT 21                    ,,55,,,,N,,258,19:10,#N/A
2014160214-12199               ,PASSAIC     ,CLIFTON CITY            ,11/14/2014,F ,1252,1,CLIFTON PD               ,CLIFTON PD     ,0,0,0,0,P,B,N,N,2,2,NJ 3                                              ,,3,,00000003__      ,,2,1,2,1,1,1,5,1,300,FE,W,,F,CR 623                   ,WB,50,,,,N,NONE                                                                            ,,12:50,#N/A
2018090918-017233              ,HUDSON      ,SECAUCUS TOWN           ,8/7/2018,TU,1825,1,SECAUCUS PD              ,,0,1,0,0,I,B,N,N,1,3,NJ 3                                              ,,3,,00000003__      ,8.49,2,,2,1,1,1,1,1,,,,,,,,55,,,,N,,,18:25,120+04734
2013160213-11132               ,PASSAIC     ,CLIFTON CITY            ,10/5/2013,SA,1914,1,CLIFTON PD               ,,0,0,0,0,P,B,N,N,1,2,NJ 3                                              ,,3,,00000003__      ,,2,1,2,1,4,1,5,1,,,W,,,,,55,,,,N,NONE                                                                            ,254,19:15,#N/A
2018090918-017343              ,HUDSON      ,SECAUCUS TOWN           ,8/8/2018,WE,1720,1,SECAUCUS PD              ,,0,3,0,0,I,B,N,N,1,3,NJ 3                                              ,,3,,00000003__      ,8.7,2,,2,1,1,1,5,1,,,,,,,,40,,,,N,,169,17:20,120P04733
2018090918-017634              ,HUDSON      ,SECAUCUS TOWN           ,8/10/2018,FR,1530,1,SECAUCUS PD              ,,0,0,0,0,P,B,N,N,2,2,NJ 3                                              ,,3,,00000003__      ,10.1,2,,2,1,1,1,1,1,200,FE,,,F,PATERSON PLANK RD.       ,EB,45,,,,N,,,15:30,120+04730
2014160214-12235               ,PASSAIC     ,CLIFTON CITY            ,11/15/2014,SA,1333,1,CLIFTON PD               ,CLIFTON PD     ,0,0,0,0,P,B,N,N,1,2,NJ 3                                              ,,3,,00000003__      ,,2,5,2,1,1,1,5,1,,,,,F,PASSAIC AVE              ,WB,50,,,,N,NONE                                                                            ,,13:35,#N/A
2018090918-018080              ,HUDSON      ,SECAUCUS TOWN           ,8/14/2018,TU,1444,1,SECAUCUS PD              ,,0,0,0,0,P,B,N,N,1,2,NJ 3                                              ,,3,,00000003__      ,9.12,2,,2,1,1,1,2,1,,,,,F,PATERSON PLANK ROAD      ,EB,55,,,,N,,173,14:45,120P04732
2017090917-019041              ,HUDSON      ,SECAUCUS TOWN           ,11/16/2017,TH,1803,1,SECAUCUS PD              ,HQ             ,0,0,0,0,P,B,N,N,1,2,NJ 3                                              ,,3,,00000003__      ,9.3,2,,2,1,6,1,5,1,,,,,,,,55,,,,N,,162,18:05,120P04732
2018090918-018368              ,HUDSON      ,SECAUCUS TOWN           ,8/16/2018,TH,2026,1,SECAUCUS PD              ,,0,0,0,0,P,B,N,N,1,2,NJ 3                                              ,,3,,00000003__      ,10.09,2,,2,1,6,1,5,1,5,FE,S,PLAZA CENTER                       ,,,,2,,,,N,,,20:25,120+04730
2014160214-12406               ,PASSAIC     ,CLIFTON CITY            ,11/19/2014,W ,2223,1,CLIFTON PD               ,POST 5         ,0,0,0,0,P,B,N,N,2,2,NJ 3                                              ,,3,,00000003__      ,,2,1,2,1,6,1,1,2,100,FE,W,,T,RT 444                   ,SB,,,,,N,NONE                                                                            ,8037,22:25,#N/A
2018090918-018552              ,HUDSON      ,SECAUCUS TOWN           ,8/18/2018,SA,1052,1,SECAUCUS PD              ,,0,0,0,0,P,B,N,N,1,2,NJ 3                                              ,,3,,00000003__      ,9.3,2,,2,1,1,1,2,1,,,,,F,HUDSON COUNTY 681        ,EB,50,,,,N,,169,10:50,120P04732
2013160213-11314               ,PASSAIC     ,CLIFTON CITY            ,10/10/2013,TH,1559,1,CLIFTON PD               ,CLIFTON        ,0,0,0,0,P,B,N,N,1,2,NJ 3                                              ,,3,,00000003__      ,1.44,2,1,2,1,1,1,1,1,200,FE,W,RT 444                             ,,,,55,55,,,N,,258,16:00,120+07447
2013160213-11373               ,PASSAIC     ,CLIFTON CITY            ,10/11/2013,F ,2236,1,CLIFTON PD               ,CLIFTON        ,0,0,0,0,P,B,N,N,1,2,NJ 3                                              ,,3,,00000003__      ,4.87,2,1,1,1,6,1,1,1,100,FE,W,NJ 21                              ,,,,55,55,,,N,,258,22:35,120+04740
2018090918-018572              ,HUDSON      ,SECAUCUS TOWN           ,8/18/2018,SA,1711,1,SECAUCUS PD              ,,0,0,0,0,P,B,N,N,2,2,NJ 3                                              ,,3,,00000003__      ,10,2,,2,1,1,1,1,2,,,,,,,,50,,,,N,,,17:10,120+04730
2.02E+17,PASSAIC     ,CLIFTON CITY            ,1/17/2016,S ,1932,1,CLIFTON PD               ,,0,4,0,0,I,I,N,N,2,2,NJ 3                                              ,,3,,00000003__      ,,2,2,2,4,6,3,1,1,,AT,,,F,RIVER RD                 ,WB,55,,,,N,GUARDRAIL                                                                       ,7189,19:30,#N/A
2015132815-036314              ,MONMOUTH    ,MARLBORO TWP            ,11/28/2015,SA,1648,1,MARLBORO TWP PD          ,,0,2,0,0,I,I,N,N,3,2,MONMOUTH COUNTY 3                                 ,,3,,13000003__      ,7.82,5,1,2,2,4,5,5,1,,AT,,HARBOR RD / SPRING VALLEY RD       ,,,,40,40,,,N,,65,16:50,120+04735
2018090918-018972              ,HUDSON      ,SECAUCUS TOWN           ,8/22/2018,WE,849,1,SECAUCUS PD              ,,0,1,0,0,I,B,N,N,1,2,NJ 3                                              ,,3,,00000003__      ,8.5,2,,1,1,1,1,1,1,,,,,,,,55,,,,N,,159,8:50,120+04734
2018090918-019179              ,HUDSON      ,SECAUCUS TOWN           ,8/23/2018,TH,1753,1,SECAUCUS PD              ,,0,0,0,0,P,B,N,N,1,2,NJ 3                                              ,,3,,00000003__      ,9.02,2,,2,1,1,1,1,1,,,,,,,,5,,,,N,,,17:55,120P04732
2017090917-019510              ,HUDSON      ,SECAUCUS TOWN           ,11/26/2017,SU,1606,1,SECAUCUS PD              ,HQTS           ,0,1,0,0,I,B,N,N,1,2,NJ 3                                              ,,3,,00000003__      ,9.6,2,,2,1,2,1,3,1,5,FE,N,,F,HARMON MEADOW BLVD       ,,45,,,,N,,170,16:05,120P04731
2.02E+17,PASSAIC     ,CLIFTON CITY            ,1/17/2016,S ,1853,1,CLIFTON PD               ,,0,0,0,0,P,I,N,N,2,2,NJ 3                                              ,,3,,00000003__      ,,2,5,2,4,6,3,1,1,,AT,,,F,RT 21                    ,,55,,,,N,NONE                                                                            ,7176,18:55,#N/A
2018090918-020091              ,HUDSON      ,SECAUCUS TOWN           ,8/31/2018,FR,1752,1,SECAUCUS PD              ,,0,0,0,0,P,B,N,N,2,2,NJ 3                                              ,,3,,00000003__      ,9.9,2,,2,1,1,1,3,1,,,,,,,,50,,,,N,,175,17:50,120+04731
2017090917-019638              ,HUDSON      ,SECAUCUS TOWN           ,11/28/2017,TU,2057,1,SECAUCUS PD              ,HQTS           ,0,0,0,0,P,B,N,N,1,2,NJ 3                                              ,,3,,00000003__      ,10,2,,2,1,5,1,2,1,,,,,T,CR 681/PATERSON PLANK RD ,,,,,,N,,169,20:55,120+04730
2017090917-019689              ,HUDSON      ,SECAUCUS TOWN           ,11/29/2017,WE,1727,1,SECAUCUS PD              ,HQTS           ,0,0,0,0,P,B,N,N,1,4,NJ 3                                              ,,3,,00000003__      ,9.4,2,,2,1,6,1,2,1,,,,,,,,,,,,N,,,17:25,120P04732
2017090917-019803              ,HUDSON      ,SECAUCUS TOWN           ,12/1/2017,FR,1530,1,SECAUCUS PD              ,HQ             ,0,0,0,0,P,B,N,N,2,2,NJ 3                                              ,,3,,00000003__      ,9.1,2,,2,1,1,1,5,1,,,,,,,,55,,,,N,,162,15:30,120P04732
2018090918-020405              ,HUDSON      ,SECAUCUS TOWN           ,9/4/2018,TU,554,1,SECAUCUS PD              ,,0,1,0,0,I,B,N,N,1,3,NJ 3                                              ,,3,,00000003__      ,9.7,2,,2,1,2,1,1,1,,,,,,,,45,,,,N,,,5:55,120+04731
2018090918-020614              ,HUDSON      ,SECAUCUS TOWN           ,9/5/2018,WE,1448,1,SECAUCUS PD              ,,0,0,0,0,P,B,N,N,2,2,NJ 3                                              ,,3,,00000003__      ,9.2,2,,2,1,1,1,1,1,,,,,,,,55,,,,N,,,14:50,120P04732
2017090917-020087              ,HUDSON      ,SECAUCUS TOWN           ,12/6/2017,WE,1613,1,SECAUCUS PD              ,HQS            ,0,0,0,0,P,B,N,N,1,4,NJ 3                                              ,,3,,00000003__      ,9.5,2,,2,1,6,1,2,1,,,,,,,,,,,,N,,,16:15,120P04731
2017090917-020316              ,HUDSON      ,SECAUCUS TOWN           ,12/10/2017,SU,233,1,SECAUCUS PD              ,SPD HEADQUARTER,0,0,0,0,P,B,N,N,11,1,NJ 3                                              ,,3,,00000003__      ,8.6,2,,2,4,7,1,2,,,,,MEADOWLANDS PKWY                   ,,,,55,25,,,N,,152,2:35,120P04733
2018090918-020751              ,HUDSON      ,SECAUCUS TOWN           ,9/6/2018,TH,1621,1,SECAUCUS PD              ,,0,0,0,0,P,B,N,N,1,2,NJ 3                                              ,,3,,00000003__      ,10,2,,2,1,1,1,2,1,,,,,T,CR 681/PATERSON PLANK RD ,EB,,,,,N,,169,16:20,120+04730
2017090917-020363              ,HUDSON      ,SECAUCUS TOWN           ,12/10/2017,SU,1835,1,SECAUCUS PD              ,HEADQUARTERS   ,0,2,0,0,I,B,N,N,1,2,NJ 3                                              ,,3,,00000003__      ,9.7,2,,2,1,6,1,2,1,,,,,,,,40,,,,N,,164,18:35,120+04731
2018090918-021233              ,HUDSON      ,SECAUCUS TOWN           ,9/11/2018,TU,2250,1,SECAUCUS PD              ,,0,4,0,0,I,B,N,N,1,2,NJ 3                                              ,,3,,00000003__      ,10,2,,2,1,6,1,1,2,,,,,,,,55,,,,N,,,22:50,120+04730
2017090917-020729              ,HUDSON      ,SECAUCUS TOWN           ,12/17/2017,SU,254,1,SECAUCUS PD              ,HEADQUARTERS   ,0,0,0,0,P,B,N,N,2,2,NJ 3                                              ,,3,,00000003__      ,9,2,,2,1,6,1,1,1,,,,,,,,55,,,,N,,121,2:55,120P04732
2.02E+17,PASSAIC     ,CLIFTON CITY            ,1/22/2016,F ,2229,1,CLIFTON PD               ,,0,0,0,0,P,B,N,N,2,2,NJ 3                                              ,,3,,00000003__      ,,2,1,2,1,6,1,1,1,300,FE,E,,F,BLOOMFIELD AVE           ,,55,,,,N,NONE                                                                            ,7234,22:30,#N/A
2017090917-020825              ,HUDSON      ,SECAUCUS TOWN           ,12/18/2017,MO,1753,1,SECAUCUS PD              ,HEADQUARTER    ,0,0,0,0,P,B,N,N,1,2,NJ 3                                              ,,3,,00000003__      ,8.6,2,,1,1,6,1,1,1,,,,,,,,55,,,,N,,171,17:55,120P04733
2018090918-022445              ,HUDSON      ,SECAUCUS TOWN           ,9/21/2018,FR,2030,1,SECAUCUS PD              ,,0,0,0,0,P,B,N,N,1,2,NJ 3                                              ,,3,,00000003__      ,8.8,2,,2,1,6,1,2,1,,,,,T,MEADOWLANDS PKWY         ,SB,50,,,,N,,160,20:30,120P04733
2018090918-022459              ,HUDSON      ,SECAUCUS TOWN           ,9/21/2018,FR,2345,1,SECAUCUS PD              ,,0,0,0,0,P,B,N,N,2,2,NJ 3                                              ,,3,,00000003__      ,10,2,,2,1,6,1,2,2,,,,,,,,55,,,,N,,,23:45,120+04730
2018090918-022638              ,HUDSON      ,SECAUCUS TOWN           ,9/23/2018,SU,2222,1,SECAUCUS PD              ,,0,1,0,0,I,B,N,N,11,1,NJ 3                                              ,,3,,00000003__      ,10,2,,2,1,6,1,5,1,,,,,F,CR 681/PATERSON PLANK RD ,WB,55,,,,N,TREES                                                                           ,,22:20,120+04730
2017090917-021285              ,HUDSON      ,SECAUCUS TOWN           ,12/26/2017,TU,1421,1,SECAUCUS PD              ,HEADQUARTERS   ,0,0,0,0,P,B,N,N,1,2,NJ 3                                              ,,3,,00000003__      ,9.8,2,,2,1,1,1,2,1,,,,,T,CR 681/PATERSON PLANK RD ,,25,,,,N,,171,14:20,120+04731
2.02E+17,PASSAIC     ,CLIFTON CITY            ,1/28/2016,TH,1753,1,CLIFTON PD               ,,0,0,0,0,P,B,N,N,1,2,NJ 3                                              ,,3,,00000003__      ,,2,1,2,1,6,1,1,1,,FE,E,,,RT 46 W                  ,,50,,,,N,NONE                                                                            ,7239,17:55,#N/A
2015132815-28905               ,MONMOUTH    ,MARLBORO TWP            ,9/22/2015,TU,827,1,MARLBORO TWP PD          ,,0,0,0,0,P,I,N,N,7,2,MONMOUTH COUNTY 3                                 ,,3,,13000003__      ,6.34,5,1,2,1,1,1,5,1,,AT,,AMBOY RD                           ,,,,40,,,,N,NONE                                                                            ,72,8:25,120P04737
2013160213-11946               ,PASSAIC     ,CLIFTON CITY            ,10/27/2013,S ,154,1,CLIFTON PD               ,900 CLIFTON AVE,0,0,0,0,P,B,N,N,11,1,NJ 3                                              ,,3,,00000003__      ,4.89,2,1,2,1,6,1,1,2,100,FE,,NJ 21                              ,,,,50,35,,,N,,12505,1:55,120+04740
2.02E+17,PASSAIC     ,CLIFTON CITY            ,1/29/2016,F ,1710,1,CLIFTON PD               ,,0,1,0,0,I,B,N,N,1,2,NJ 3                                              ,,3,,00000003__      ,,2,6,2,1,3,1,2,1,,,,,F,CR 623                   ,EB,25,,,,N,NONE                                                                            ,7239,17:10,#N/A
2015132815-32683               ,MONMOUTH    ,MARLBORO TWP            ,10/26/2015,M ,729,1,MARLBORO TWP PD          ,,0,0,0,0,P,I,N,N,3,2,MONMOUTH COUNTY 3                                 ,,3,,13000003__      ,9.95,5,1,2,1,2,1,5,1,,AT,,NOLAN RD                           ,,,,35,25,,,N,,61,7:30,120+04730
2014160214-1338                ,PASSAIC     ,CLIFTON CITY            ,2/4/2014,TU,849,1,CLIFTON PD               ,,0,0,0,0,P,B,N,N,1,2,NJ 3                                              ,,3,,00000003__      ,,2,5,2,2,1,1,1,1,,,,,F,MAIN AVE                 ,,55,,,,N,NONE                                                                            ,277,8:50,#N/A
2015132815-34948               ,MONMOUTH    ,MARLBORO TWP            ,11/16/2015,M ,1537,1,MARLBORO TWP PD          ,,0,0,0,0,P,I,N,N,7,2,MONMOUTH COUNTY 3                                 ,,3,,13000003__      ,7.82,5,1,2,1,1,1,5,1,,AT,,HARBOR RD / SPRING VALLEY RD       ,,,,40,,,,N,NONE                                                                            ,72,15:35,120+04735
2014160214-1465                ,PASSAIC     ,CLIFTON CITY            ,2/7/2014,F ,839,1,CLIFTON PD               ,,0,0,0,0,P,B,N,N,1,2,NJ 3                                              ,,3,,00000003__      ,0,2,1,2,2,1,1,1,1,25,FE,W,BROAD ST                           ,,,,35,35,40.87102,74.18962,N,NONE                                                                            ,517,8:40,#N/A
2.02E+17,PASSAIC     ,CLIFTON CITY            ,2/5/2016,F ,254,1,CLIFTON PD               ,,0,2,0,0,I,B,N,N,11,1,NJ 3                                              ,,3,,00000003__      ,,2,5,2,2,6,6,2,1,,,,,T,CR 601                   ,EB,25,,,,N,GUARDRAIL                                                                       ,7198,2:55,#N/A
2018090918-024821              ,HUDSON      ,SECAUCUS TOWN           ,10/11/2018,TH,1636,1,SECAUCUS PD              ,,0,0,0,0,P,B,N,N,1,5,NJ 3                                              ,,3,,00000003__      ,10,2,,2,2,1,2,1,2,,,,,,,,50,,,,N,,,16:35,120+04730
2.02E+17,PASSAIC     ,CLIFTON CITY            ,2/6/2016,SA,1612,1,CLIFTON PD               ,,0,0,0,0,P,I,N,N,11,1,NJ 3                                              ,,3,,00000003__      ,,2,5,2,1,1,1,1,1,,AT,,,T,CR 622                   ,WB,55,,,,N,GUARDRAIL                                                                       ,7189,16:10,#N/A
2018090918-025100              ,HUDSON      ,SECAUCUS TOWN           ,10/13/2018,SA,2040,1,SECAUCUS PD              ,,0,1,0,0,I,B,N,N,1,4,NJ 3                                              ,,3,,00000003__      ,10.2,2,,2,1,6,1,1,2,,,,,,,,50,,,,N,,174,20:40,120+04730
2018090918-025909              ,HUDSON      ,SECAUCUS TOWN           ,10/20/2018,SA,1529,1,SECAUCUS PD              ,,0,1,0,0,I,B,N,N,2,2,NJ 3                                              ,,3,,00000003__      ,10.04,2,,2,1,1,1,4,1,,,,,F,CR 681/PATERSON PLANK RD ,WB,55,,,,N,,166,15:30,120+04730
20151330I-2015-003210          ,MONMOUTH    ,ABERDEEN TWP            ,3/1/2015,S ,1537,1,ABERDEEN TWP PD          ,,0,0,0,0,P,I,N,N,11,1,MONMOUTH COUNTY 3                                 ,,3,,13000003__      ,12.1,5,1,2,3,1,3,5,1,,AT,,NORWOOD LN                         ,,,,40,25,,,N,FIRE HYDRANT # 155                                                              ,65,15:35,120+04729
20151330I-2015-005808          ,MONMOUTH    ,ABERDEEN TWP            ,4/22/2015,W ,749,1,ABERDEEN TWP PD          ,,0,0,0,0,P,I,N,N,7,2,MONMOUTH COUNTY 3                                 ,,3,,13000003__      ,11.88,5,1,2,1,1,1,5,1,,AT,,DAWN WAY                           ,,,,40,25,,,N,,65,7:50,120+04729
2018090918-027366              ,HUDSON      ,SECAUCUS TOWN           ,11/1/2018,TH,1444,1,SECAUCUS PD              ,,0,0,0,0,P,B,N,N,1,2,NJ 3                                              ,,3,,00000003__      ,9.12,2,,2,1,1,1,2,1,,,,,F,CR 681/PATERSON PLANK RD ,WB,50,,,,N,,,14:45,120P04732
2013160213-12694               ,PASSAIC     ,CLIFTON CITY            ,11/14/2013,TH,1717,1,CLIFTON PD               ,PORT 7         ,0,0,0,0,P,I,N,N,2,2,NJ 3                                              ,,3,,00000003__      ,4.89,2,1,2,1,7,1,1,2,,AT,,NJ 21                              ,,,,50,,,,N,,7030,17:15,120+04740
20151330I-2015-008124          ,MONMOUTH    ,ABERDEEN TWP            ,6/1/2015,M ,1125,1,ABERDEEN TWP PD          ,,0,0,0,0,P,B,N,N,11,1,MONMOUTH COUNTY 3                                 ,,3,,13000003__      ,,5,1,5,2,1,5,5,1,,,,,,,,,,,,N,627 LLOYD ROAD  ABERDEEN NJ 07747; LAROCCA  MICHELE F                           ,65,11:25,#N/A
2018090918-028854              ,HUDSON      ,SECAUCUS TOWN           ,11/15/2018,TH,208,1,SECAUCUS PD              ,,0,0,0,0,P,B,N,N,12,2,NJ 3                                              ,,3,,00000003__      ,9.8,2,,2,1,6,1,1,1,,,,,,,,55,,,,N,,118,2:10,120+04731
2018090918-028878              ,HUDSON      ,SECAUCUS TOWN           ,11/15/2018,TH,801,1,SECAUCUS PD              ,,0,0,0,0,P,B,N,N,2,2,NJ 3                                              ,,3,,00000003__      ,9.6,2,,2,1,1,1,1,1,,,,,,,,45,,,,N,,172,8:00,120P04731
2018090918-029244              ,HUDSON      ,SECAUCUS TOWN           ,11/17/2018,SA,1838,1,SECAUCUS PD              ,,0,0,0,0,P,B,N,N,1,2,NJ 3                                              ,,3,,00000003__      ,9.2,2,,2,1,6,1,1,1,,,,,,,,55,,,,N,,,18:40,120P04732
2018090918-029362              ,HUDSON      ,SECAUCUS TOWN           ,11/18/2018,SU,1845,1,SECAUCUS PD              ,,0,0,0,0,P,B,N,N,2,2,NJ 3                                              ,,3,,00000003__      ,9.12,2,,2,1,6,1,5,1,,,,,F,PATERSON PLANK RD        ,WB,40,,,,N,,169,18:45,120P04732
2018090918-029528              ,HUDSON      ,SECAUCUS TOWN           ,11/19/2018,MO,1728,1,SECAUCUS PD              ,,0,0,0,0,P,B,N,N,2,2,NJ 3                                              ,,3,,00000003__      ,9,2,,2,1,6,1,1,1,,,,,,,,50,,,,N,,151,17:30,120P04732
2018090918-029605              ,HUDSON      ,SECAUCUS TOWN           ,11/20/2018,TU,914,1,SECAUCUS PD              ,,0,0,0,0,P,B,N,N,2,2,NJ 3                                              ,,3,,00000003__      ,10.1,2,,2,1,1,1,3,1,,,,,F,CR 681/PATERSON PLANK RD ,EB,45,,,,N,,155,9:15,120+04730
2018090918-029749              ,HUDSON      ,SECAUCUS TOWN           ,11/21/2018,WE,1512,1,SECAUCUS PD              ,,0,0,0,0,P,B,N,N,6,2,NJ 3                                              ,,3,,00000003__      ,10.2,2,,2,1,1,1,4,2,,,,,,,,,,,,N,,169,15:10,120+04730
2018090918-029753              ,HUDSON      ,SECAUCUS TOWN           ,11/21/2018,WE,1521,1,SECAUCUS PD              ,,0,1,0,0,I,B,N,N,1,2,NJ 3                                              ,,3,,00000003__      ,9.4,2,,2,1,1,1,1,1,,,,,F,HUDSON COUNTY 681        ,WB,45,,,,N,,,15:20,120P04732
2.02E+17,PASSAIC     ,CLIFTON CITY            ,1/23/2017,MO,429,1,CLIFTON PD               ,,0,0,0,0,P,I,N,N,2,2,NJ 3                                              ,,3,,00000003__      ,,2,,2,2,6,10,4,1,,AT,,,,RT 46                    ,EB,50,,40.86924,74.18575,N,GUARDRAIL                                                                       ,7210,4:30,#N/A
2018090918-030159              ,HUDSON      ,SECAUCUS TOWN           ,11/24/2018,SA,2316,1,SECAUCUS PD              ,,0,1,0,0,I,B,N,N,2,2,NJ 3                                              ,,3,,00000003__      ,9.8,2,,2,2,6,2,1,1,,,,,,,,,,,,N,,,23:15,120+04731
2018090918-030280              ,HUDSON      ,SECAUCUS TOWN           ,11/26/2018,MO,648,1,SECAUCUS PD              ,,0,0,0,0,P,B,N,N,11,1,NJ 3                                              ,,3,,00000003__      ,9.7,2,,2,1,1,1,3,1,,,,,,,,50,,,,N,DAMAGED FENCE-STATE OF NJ                                                       ,175,6:50,120+04731
2014160214-2596                ,PASSAIC     ,CLIFTON CITY            ,3/5/2014,W ,1246,1,CLIFTON PD               ,,0,0,0,0,P,I,N,N,1,2,NJ 3                                              ,,3,,00000003__      ,3.82,2,1,2,1,1,1,4,1,,AT,,CR 601 / MAIN AVE                  ,,,,55,35,40.83136,74.14205,N,NONE                                                                            ,274,12:45,120P07442
2018090918-030377              ,HUDSON      ,SECAUCUS TOWN           ,11/26/2018,MO,1801,1,SECAUCUS PD              ,,0,1,0,0,I,B,N,N,1,2,NJ 3                                              ,,3,,00000003__      ,10.02,2,,2,2,6,2,1,1,,,,,,,,50,,,,N,,151,18:00,120+04730
20151330I-2015-014910          ,MONMOUTH    ,ABERDEEN TWP            ,10/25/2015,S ,119,1,ABERDEEN TWP PD          ,,0,2,0,0,I,B,N,N,11,1,MONMOUTH COUNTY 3                                 ,,3,,13000003__      ,,5,1,2,1,6,1,5,1,,,,,,,,,,,,N,TREE  FLOWERS AND FLOWER POT OF 506 LLOYD ROAD                                  ,67,1:20,#N/A