CRASH_ID,CTY_NAME,MUN_NAME,DATE,DAY,TIME,POL_CODE,POL_DEPT,POL_STA,KILLED,INJURED,PED_KILL,PED_INJ,SEVERITY,INTERSEC,ALCOHOL,HAZMAT,CRASH_TYPE,VEH_COUNT,LOCATION,LOC_DIR,ROUTE,RT_SFX,SRI,MP,RD_SYS,RD_CHAR,RD_SURF,SURF_COND,LIGHT,WEATHER,RD_DIV,RD_WRKZN,X_DIST,DIST_UNT,X_DIR,X_NAME,IS_RAMP,RAMP_RT,RAMP_DIR,SPD_LMT,SPD_X,LAT,LONG,CELL_USE,PROP_DMG,BADGE,TIME_ROUND,TMC
2018090918-030431              ,HUDSON      ,SECAUCUS TOWN           ,11/27/2018,TU,318,1,SECAUCUS PD              ,,0,1,0,0,I,B,N,N,11,1,NJ 3                                              ,,3,,00000003__      ,9.8,2,,2,2,6,2,1,1,,,,,,,,50,,,,N,,,3:20,120+04731
2018090918-031066              ,HUDSON      ,SECAUCUS TOWN           ,11/30/2018,FR,1951,1,SECAUCUS PD              ,,0,0,0,0,P,B,N,N,1,2,NJ 3                                              ,,3,,00000003__      ,10,2,,2,2,6,2,1,1,,,,,,,,50,,,,N,,176,19:50,120+04730
2.02E+17,PASSAIC     ,CLIFTON CITY            ,3/14/2016,M ,1154,1,CLIFTON PD               ,,0,0,0,0,P,B,N,N,2,3,NJ 3                                              ,,3,,00000003__      ,,2,1,2,2,1,2,1,1,500,FE,E,,T,PASSAIC AVE              ,,55,,,,N,NONE                                                                            ,7179,11:55,#N/A
2018090918-031075              ,HUDSON      ,SECAUCUS TOWN           ,11/30/2018,FR,2103,1,SECAUCUS PD              ,,0,0,0,0,P,B,N,N,2,2,NJ 3                                              ,,3,,00000003__      ,8.6,2,,2,2,6,2,1,1,,,,,,,,50,,,,N,,,21:05,120P04733
2.02E+17,PASSAIC     ,CLIFTON CITY            ,3/14/2016,M ,1233,1,CLIFTON PD               ,,0,2,0,0,I,B,N,N,2,3,NJ 3                                              ,,3,,00000003__      ,,2,1,2,2,1,2,1,1,5,FE,E,,T,PASSAIC AVE              ,,55,,,,N,NONE                                                                            ,7179,12:35,#N/A
2013160213-13170               ,PASSAIC     ,CLIFTON CITY            ,11/26/2013,TU,1632,1,CLIFTON PD               ,CLIFTON        ,0,0,0,0,P,I,N,N,1,2,NJ 3                                              ,,3,,00000003__      ,3.42,2,1,2,2,3,2,1,1,,AT,W,CR 603 / PASSAIC AVE               ,,,,55,25,,,N,,258,16:30,120P07443
2018090918-031078              ,HUDSON      ,SECAUCUS TOWN           ,11/30/2018,FR,2136,1,SECAUCUS PD              ,,0,1,0,0,I,B,N,N,2,2,NJ 3                                              ,,3,,00000003__      ,10.2,2,,2,2,6,1,1,1,,,,,,,,50,,,,N,,151,21:35,120+04730
2018090918-031192              ,HUDSON      ,SECAUCUS TOWN           ,12/1/2018,SA,2330,1,SECAUCUS PD              ,,0,0,0,0,P,B,N,N,11,1,NJ 3                                              ,,3,,00000003__      ,9.02,2,,2,2,6,2,2,1,,,,,F,PATERSON PLANK RD        ,WB,55,,,,N,TIRE MARK IN GRASS.                                                             ,,23:30,120P04732
2018090918-031202              ,HUDSON      ,SECAUCUS TOWN           ,12/2/2018,SU,359,1,SECAUCUS PD              ,,0,0,0,0,P,B,N,N,11,1,NJ 3                                              ,,3,,00000003__      ,9.6,2,,2,2,6,2,2,1,,,,,,,,55,,,,N,,,4:00,120P04731
2018090918-031235              ,HUDSON      ,SECAUCUS TOWN           ,12/2/2018,SU,1230,1,SECAUCUS PD              ,,0,1,0,0,I,B,N,N,1,2,NJ 3                                              ,,3,,00000003__      ,10,2,,2,2,1,2,1,1,,,,,,,,50,,,,N,,,12:30,120+04730
2018090918-031250              ,HUDSON      ,SECAUCUS TOWN           ,12/2/2018,SU,1423,1,SECAUCUS PD              ,,0,0,0,0,P,B,N,N,5,2,NJ 3                                              ,,3,,00000003__      ,9.89,2,,2,2,1,5,5,1,,,,,T,HARMON MEADOW BLVD       ,NB,35,,,,N,STREET SIGN/ FENCE                                                              ,149,14:25,120+04731
2013160213-13204               ,PASSAIC     ,CLIFTON CITY            ,11/27/2013,W ,1228,1,CLIFTON PD               ,,0,0,0,0,P,B,N,N,11,1,NJ 3                                              ,,3,,00000003__      ,4.8,2,1,2,2,1,2,1,2,500,FE,W,NJ 21                              ,,,,55,55,,,N,NONE                                                                            ,277,12:30,120+04740
2013160213-13222               ,PASSAIC     ,CLIFTON CITY            ,11/27/2013,W ,1734,1,CLIFTON PD               ,CLIFTON        ,0,0,0,0,P,I,N,N,2,2,NJ 3                                              ,,3,,00000003__      ,3.82,2,1,2,2,6,2,4,1,,AT,,CR 601 / MAIN AVE                  ,,,,,,,,N,NONE                                                                            ,515,17:35,120P07442
2018090918-031389              ,HUDSON      ,SECAUCUS TOWN           ,12/3/2018,MO,1834,1,SECAUCUS PD              ,,0,0,0,0,P,B,N,N,2,2,NJ 3                                              ,,3,,00000003__      ,9.8,2,,2,1,6,1,5,1,,,,,,,,55,,,,N,,169,18:35,120+04731
2018090918-031391              ,HUDSON      ,SECAUCUS TOWN           ,12/3/2018,MO,2003,1,SECAUCUS PD              ,,0,0,0,0,P,B,N,N,2,2,NJ 3                                              ,,3,,00000003__      ,8.6,2,,2,1,6,1,1,1,,,,,,,,55,,,,N,,,20:05,120P04733
2018090918-031743              ,HUDSON      ,SECAUCUS TOWN           ,12/6/2018,TH,1338,1,SECAUCUS PD              ,,0,0,0,0,P,B,N,N,2,2,NJ 3                                              ,,3,,00000003__      ,9.6,2,,2,1,1,1,4,1,,,,,,,,50,,,,N,,,13:40,120P04731
2018090918-031832              ,HUDSON      ,SECAUCUS TOWN           ,12/7/2018,FR,751,1,SECAUCUS PD              ,,0,0,0,0,P,B,N,N,1,2,NJ 3                                              ,,3,,00000003__      ,8.59,2,,2,1,1,1,5,1,50,FE,W,MEADOWLANDS PKWY                   ,,,,50,25,,,N,,,7:50,120P04733
2015160215-006115              ,PASSAIC     ,CLIFTON CITY            ,2/10/2015,TU,510,1,CLIFTON PD               ,CAR 5          ,0,1,0,0,I,B,N,N,11,1,NJ 3                                              ,,3,,00000003__      ,,2,1,2,4,6,6,1,1,300,FE,,,,GROVE ST.                ,,50,,,,N,NONE                                                                            ,#2507,5:10,#N/A
2013160213-1338                ,PASSAIC     ,CLIFTON CITY            ,2/4/2013,M ,1200,1,CLIFTON PD               ,CLIFTON        ,0,0,0,0,P,B,N,N,1,2,NJ 3                                              ,,3,,00000003__      ,,2,1,2,1,1,1,1,1,,,,,,,,55,,,,N,NONE                                                                            ,268,12:00,#N/A
2018090918-032322              ,HUDSON      ,SECAUCUS TOWN           ,12/11/2018,TU,1146,1,SECAUCUS PD              ,,0,0,0,0,P,B,N,N,1,2,NJ 3                                              ,,3,,00000003__      ,9.89,2,,2,1,1,1,1,1,,,,,F,HARMON MEADOW BLVD.      ,EB,50,,,,N,,174,11:45,120+04731
2018090918-032340              ,HUDSON      ,SECAUCUS TOWN           ,12/11/2018,TU,1340,1,SECAUCUS PD              ,,0,0,0,0,P,B,N,N,1,2,NJ 3                                              ,,3,,00000003__      ,9.8,2,,2,1,1,1,2,1,,,,,,,,,,,,N,,173,13:40,120+04731
2015160215-014340              ,PASSAIC     ,CLIFTON CITY            ,4/5/2015,S ,1420,1,CLIFTON PD               ,CLIFTON PD     ,0,0,0,0,P,B,N,N,1,2,NJ 3                                              ,,3,,00000003__      ,,2,2,2,1,1,1,5,1,,,W,,F,PASSAIC AVE              ,WB,55,,,,N,NONE                                                                            ,*****,14:20,#N/A
2018090918-032341              ,HUDSON      ,SECAUCUS TOWN           ,12/11/2018,TU,1346,1,SECAUCUS PD              ,,0,0,0,0,P,B,N,N,1,2,NJ 3                                              ,,3,,00000003__      ,9.4,2,,2,1,1,1,1,2,,,,,F,HUDSON COUNTY 681        ,EB,50,,,,N,,174,13:45,120P04732
2018090918-032345              ,HUDSON      ,SECAUCUS TOWN           ,12/11/2018,TU,1400,1,SECAUCUS PD              ,,0,0,0,0,P,B,N,N,1,2,NJ 3                                              ,,3,,00000003__      ,8.6,2,,2,1,1,1,2,1,,,,,F,MEADOWLANDS PKWY         ,NB,55,,,,N,,173,14:00,120P04733
2013160213-13507               ,PASSAIC     ,CLIFTON CITY            ,12/5/2013,TH,1810,1,CLIFTON PD               ,POST 7         ,0,0,0,0,P,B,N,N,1,2,NJ 3                                              ,,3,,00000003__      ,,2,2,2,2,5,5,1,1,800,FE,E,,T,BLOOMFIELD AVE           ,,55,,,,N,NONE                                                                            ,7030,18:10,#N/A
2018090918-032465              ,HUDSON      ,SECAUCUS TOWN           ,12/12/2018,WE,1136,1,SECAUCUS PD              ,,0,0,0,0,P,B,N,N,2,2,NJ 3                                              ,,3,,00000003__      ,9.6,2,,2,1,1,1,1,1,,,,,,,,55,,,,N,,173,11:35,120P04731
2013160213-13621               ,PASSAIC     ,CLIFTON CITY            ,12/8/2013,S ,1310,1,CLIFTON PD               ,CLIFTON        ,0,0,0,0,P,B,N,N,2,2,NJ 3                                              ,,3,,00000003__      ,,2,1,2,1,1,1,1,1,10,FE,,,T,VALLEY RD                ,,55,,,,N,NONE                                                                            ,266,13:10,#N/A
2018090918-032660              ,HUDSON      ,SECAUCUS TOWN           ,12/13/2018,TH,2000,1,SECAUCUS PD              ,,0,1,0,0,I,B,N,N,1,2,NJ 3                                              ,,3,,00000003__      ,9.12,2,,2,2,6,1,2,1,,,,,T,CR 681/PATERSON PLANK RD ,EB,,,,,N,,169,20:00,120P04732
2018090918-032820              ,HUDSON      ,SECAUCUS TOWN           ,12/14/2018,FR,1915,1,SECAUCUS PD              ,,0,0,0,0,P,B,N,N,2,2,NJ 3                                              ,,3,,00000003__      ,9.9,2,,2,2,6,1,1,1,,,,,F,HARMON MEADOW BLVD       ,SB,55,,,,N,,,19:15,120+04731
2014160214-3287                ,PASSAIC     ,CLIFTON CITY            ,3/24/2014,M ,823,1,CLIFTON PD               ,CLIFTON PD     ,0,1,0,0,I,B,N,N,1,2,NJ 3                                              ,,3,,00000003__      ,,2,2,2,1,1,1,5,1,,,,,F,MAIN AVE                 ,WB,50,,,,N,NONE                                                                            ,,8:25,#N/A
2015160215-032567              ,PASSAIC     ,CLIFTON CITY            ,7/18/2015,SA,1424,1,CLIFTON PD               ,CLIFTON PD     ,0,1,0,0,I,B,N,N,2,2,NJ 3                                              ,,3,,00000003__      ,,2,1,2,1,1,1,5,1,,,,,F,CR 622                   ,EB,55,,,,N,NONE                                                                            ,*****,14:25,#N/A
2.02E+17,PASSAIC     ,CLIFTON CITY            ,4/4/2016,M ,1555,1,CLIFTON PD               ,,0,0,0,0,P,B,N,N,4,2,NJ 3                                              ,,3,,00000003__      ,,2,1,2,2,1,2,1,1,800,FE,E,,T,GARDEN STATE PARKWA?     ,NB,,,,,N,NONE                                                                            ,7226,15:55,#N/A
2015160215-037638              ,PASSAIC     ,CLIFTON CITY            ,8/19/2015,W ,845,1,CLIFTON PD               ,CLIFTON PD     ,0,1,0,0,I,B,N,N,1,2,NJ 3                                              ,,3,,00000003__      ,,2,2,2,1,1,1,5,1,,,,,F,RT 27 SOUTH              ,SB,55,,,,N,NONE                                                                            ,*****,8:45,#N/A
2018090918-033645              ,HUDSON      ,SECAUCUS TOWN           ,12/20/2018,TH,1005,1,SECAUCUS PD              ,,0,0,0,0,P,B,N,N,1,2,NJ 3                                              ,,3,,00000003__      ,10.1,2,,2,1,1,1,1,2,,,,,,,,35,,,,N,,159,10:05,120+04730
2018090918-033696              ,HUDSON      ,SECAUCUS TOWN           ,12/20/2018,TH,1818,1,SECAUCUS PD              ,,0,0,0,0,P,B,N,N,2,2,NJ 3                                              ,,3,,00000003__      ,9.2,2,,2,2,6,2,4,1,,,,,,,,,,,,N,,169,18:20,120P04732
2014160214-3353                ,PASSAIC     ,CLIFTON CITY            ,3/26/2014,W ,650,1,CLIFTON PD               ,900 CLIFTON AVE,0,5,0,0,I,B,N,N,1,2,NJ 3                                              ,,3,,00000003__      ,3.82,2,1,2,1,1,1,1,1,5280,FE,,CR 601 / MAIN AVE                  ,,,,55,25,,,N,,12505,6:50,120P07442
2015160215-05657               ,PASSAIC     ,CLIFTON CITY            ,9/3/2015,TH,1751,3,PASSAIC CO SHERIFFS DEPT ,SHERIFF'S PATR?,0,0,0,0,P,B,N,N,1,2,NJ 3                                              ,,3,,00000003__      ,,2,1,2,1,1,1,1,1,,,,,T,RT 444                   ,NB,50,,,,N,,239,17:50,#N/A
2014160214-3355                ,PASSAIC     ,CLIFTON CITY            ,3/26/2014,W ,840,1,CLIFTON PD               ,CLIFTON        ,0,1,0,0,I,B,N,N,1,3,NJ 3                                              ,,3,,00000003__      ,,2,1,2,1,1,1,1,1,,,,,T,VALLEY RD                ,,55,,,,N,NONE                                                                            ,266,8:40,#N/A
2015160215-10553               ,PASSAIC     ,CLIFTON CITY            ,3/8/2015,S ,1737,1,CLIFTON PD               ,PATROL         ,0,0,0,0,P,B,N,N,1,2,NJ 3                                              ,,3,,00000003__      ,,2,2,2,1,1,1,5,1,,FE,W,,T,RT 509                   ,WB,,,,,N,NONE                                                                            ,6019,17:35,#N/A
2018090918-034706              ,HUDSON      ,SECAUCUS TOWN           ,12/28/2018,FR,1849,1,SECAUCUS PD              ,,0,0,0,0,P,B,N,N,1,2,NJ 3                                              ,,3,,00000003__      ,9.9,2,,2,2,6,5,1,1,,,,,,,,50,,,,N,,,18:50,120+04731
2014160214-3411                ,PASSAIC     ,CLIFTON CITY            ,3/27/2014,TH,1716,1,CLIFTON PD               ,CLIFTON        ,0,0,0,0,P,I,N,N,1,2,NJ 3                                              ,,3,,00000003__      ,,2,5,2,1,1,1,1,1,,AT,,,F,RT21                     ,NB,50,,,,N,,258,17:15,#N/A
2.02E+17,PASSAIC     ,CLIFTON CITY            ,4/9/2016,SA,459,1,CLIFTON PD               ,,0,0,0,0,P,B,N,N,11,1,NJ 3                                              ,,3,,00000003__      ,,2,5,2,1,6,1,2,1,,,,,T,CR 601                   ,,,,,,N,GUARDRAIL                                                                       ,7169,5:00,#N/A
2013160213-13946               ,PASSAIC     ,CLIFTON CITY            ,12/15/2013,S ,1744,1,CLIFTON PD               ,POST 7         ,0,0,0,0,P,I,N,N,1,2,NJ 3                                              ,,3,,00000003__      ,,2,2,2,2,5,1,1,2,,AT,,,F,RT 21 N/S                ,,,,,,N,NONE                                                                            ,7030,17:45,#N/A
20180909SO-18-023245           ,HUDSON      ,SECAUCUS TOWN           ,7/2/2018,MO,1301,5,HUDSON CO SHERIFFS DEPT  ,PATROL         ,0,0,0,0,P,B,N,N,2,2,NJ 3                                              ,,3,,00000003__      ,9.89,2,,2,1,1,1,4,1,25,FE,E,HARMON MEADOW BLVD                 ,,,,55,25,,,N,,1051,13:00,120+04731
2013160213-1402                ,PASSAIC     ,CLIFTON CITY            ,2/5/2013,TU,1715,1,CLIFTON PD               ,CLIFTON        ,0,1,0,0,I,B,N,N,1,2,NJ 3                                              ,,3,,00000003__      ,2.64,2,1,2,1,3,1,1,1,2640,FE,,CR 622 / BLOOMFIELD AVE            ,,,,55,25,,,N,,258,17:15,120P07444
2.02E+17,PASSAIC     ,CLIFTON CITY            ,4/10/2016,S ,2321,1,CLIFTON PD               ,,0,0,0,0,P,B,N,N,1,2,NJ 3                                              ,,3,,00000003__      ,,2,5,2,1,6,1,5,1,,,,,T,CR 603                   ,,25,,,,N,NONE                                                                            ,7234,23:20,#N/A
2015160215-11200               ,PASSAIC     ,CLIFTON CITY            ,3/12/2015,TH,1450,1,CLIFTON PD               ,CLIFTON        ,0,1,0,0,I,B,N,N,1,3,NJ 3                                              ,,3,,00000003__      ,,2,1,2,1,1,1,1,1,100,FE,,,T,CXR 621                  ,,55,,,,N,NONE                                                                            ,268,14:50,#N/A
2013160213-14084               ,PASSAIC     ,CLIFTON CITY            ,12/18/2013,W ,1746,1,CLIFTON PD               ,CLIFTON        ,0,2,0,0,I,B,N,N,1,3,NJ 3                                              ,,3,,00000003__      ,,2,1,2,1,5,1,1,1,,,E,,,MAIN AVE                 ,,,,,,N,NONE                                                                            ,5008,17:45,#N/A
2.02E+17,PASSAIC     ,CLIFTON CITY            ,2/24/2017,FR,119,1,CLIFTON PD               ,,0,0,0,0,P,I,N,N,1,2,NJ 3                                              ,,3,,00000003__      ,0,2,,2,1,6,1,1,1,,AT,,US 46                              ,,,,50,50,,,N,,7210,1:20,#N/A
2014160214-3737                ,PASSAIC     ,CLIFTON CITY            ,4/5/2014,SA,1556,1,CLIFTON PD               ,POST 7         ,0,0,0,0,P,B,N,N,8,2,NJ 3                                              ,,3,,00000003__      ,4.42,2,1,2,1,1,1,5,1,,,,MICHAELS                           ,,,,10,,,,N,NONE                                                                            ,7030,15:55,120P04740
2013160213-14526               ,PASSAIC     ,CLIFTON CITY            ,12/30/2013,M ,2153,1,CLIFTON PD               ,POST 7         ,0,0,0,0,P,B,N,N,1,2,NJ 3                                              ,,3,,00000003__      ,,2,2,2,1,7,1,1,2,,,,,,,,,,,,N,NONE                                                                            ,7030,21:55,#N/A
2014160214-3805                ,PASSAIC     ,CLIFTON CITY            ,4/7/2014,M ,1438,1,CLIFTON PD               ,CLIFTON        ,0,0,0,0,P,B,N,N,2,2,NJ 3                                              ,,3,,00000003__      ,,2,1,2,1,1,1,5,1,,,,,T,RT 21                    ,,55,,,,N,NONE                                                                            ,266,14:40,#N/A
2014160214-3810                ,PASSAIC     ,CLIFTON CITY            ,4/7/2014,M ,1613,1,CLIFTON PD               ,PATROL         ,0,0,0,0,P,I,N,N,1,2,NJ 3                                              ,,3,,00000003__      ,0.51,2,1,2,1,1,1,1,1,,AT,,CR 623 / GROVE ST                  ,,,,25,50,40.86533,74.18225,N,NONE                                                                            ,560,16:15,#N/A
2.02E+17,PASSAIC     ,CLIFTON CITY            ,4/22/2016,F ,2238,1,CLIFTON PD               ,,0,1,0,0,I,I,N,N,2,2,NJ 3                                              ,,3,,00000003__      ,,2,1,2,1,6,1,5,1,,AT,,,T,BLOOMFIELD AVE           ,,,,,,N,NONE                                                                            ,7118,22:40,#N/A
2013160213-1709                ,PASSAIC     ,CLIFTON CITY            ,2/12/2013,TU,1431,1,CLIFTON PD               ,CLIFTON PD     ,0,0,0,0,P,B,N,N,1,2,NJ 3                                              ,,3,,00000003__      ,,2,1,2,1,1,1,5,1,,,,,F,RT 21                    ,SB,50,,,,N,NONE                                                                            ,*****,14:30,#N/A
2013160213-1736                ,PASSAIC     ,CLIFTON CITY            ,2/13/2013,W ,636,1,CLIFTON PD               ,900 CLIFTON AVE,0,0,0,0,P,B,N,N,1,2,NJ 3                                              ,,3,,00000003__      ,3.42,2,3,2,1,3,1,1,1,100,FE,,CR 603 / PASSAIC AVE               ,,,,55,25,,,N,,12505,6:35,120P07443
2.02E+17,PASSAIC     ,CLIFTON CITY            ,4/29/2016,F ,1634,1,CLIFTON PD               ,,0,1,0,0,I,B,N,N,1,2,NJ 3                                              ,,3,,00000003__      ,,2,1,2,1,1,1,1,1,300,FE,E,,T,RT 21                    ,,40,,,,N,NONE                                                                            ,7213,16:35,#N/A
2013160213-1805                ,PASSAIC     ,CLIFTON CITY            ,2/14/2013,TH,1041,1,CLIFTON PD               ,CLIFTON        ,0,0,0,0,P,B,N,N,2,2,NJ 3                                              ,,3,,00000003__      ,,2,1,2,1,1,1,1,1,,,,,T,BROAD ST.                ,,55,,,,N,NONE                                                                            ,260,10:40,#N/A
2.02E+17,PASSAIC     ,CLIFTON CITY            ,4/30/2016,SA,1505,1,CLIFTON PD               ,,0,1,0,0,I,I,N,N,1,2,NJ 3                                              ,,3,,00000003__      ,,2,1,2,1,1,1,1,1,,AT,,,F,BLOOMFIELD AVE           ,EB,,,,,N,NONE                                                                            ,7203,15:05,#N/A
2013160213-1842                ,PASSAIC     ,CLIFTON CITY            ,2/15/2013,F ,837,1,CLIFTON PD               ,CLIFTON PD     ,0,1,0,0,I,B,N,N,1,2,NJ 3                                              ,,3,,00000003__      ,,2,2,2,1,1,1,5,2,,,,,F,NJ 21                    ,SB,50,,,,N,NONE                                                                            ,*****,8:35,#N/A
2014160214-4194                ,PASSAIC     ,CLIFTON CITY            ,4/16/2014,W ,2151,1,CLIFTON PD               ,,0,1,0,0,I,B,N,N,1,2,NJ 3                                              ,,3,,00000003__      ,,2,4,2,1,6,1,1,2,,,,,F,RT 21                    ,NB,55,,,,N,NONE                                                                            ,,21:50,#N/A
2013160213-1941                ,PASSAIC     ,CLIFTON CITY            ,2/17/2013,S ,1626,1,CLIFTON PD               ,CLIFTON        ,0,0,0,0,P,I,N,N,1,2,NJ 3                                              ,,3,,00000003__      ,,2,2,2,1,1,1,1,2,,AT,N,,F,NJ 21                    ,NB,55,,,,N,NONE                                                                            ,5008,16:25,#N/A
2.02E+17,PASSAIC     ,CLIFTON CITY            ,5/8/2016,S ,415,1,CLIFTON PD               ,,0,3,0,0,I,B,N,N,1,3,NJ 3                                              ,,3,,00000003__      ,,2,1,2,1,6,4,1,1,1000,FE,W,,T,NJ 21                    ,SB,50,,,,N,NONE                                                                            ,7210,4:15,#N/A
2014160214-4456                ,PASSAIC     ,CLIFTON CITY            ,4/24/2014,TH,904,1,CLIFTON PD               ,CLIFTON        ,0,0,0,0,P,B,N,N,2,2,NJ 3                                              ,,3,,00000003__      ,,2,1,2,1,1,1,5,1,,,,,F,NJ 21                    ,,55,,,,N,NONE                                                                            ,266,9:05,#N/A
2.02E+17,PASSAIC     ,CLIFTON CITY            ,5/9/2016,M ,1725,1,CLIFTON PD               ,,0,0,0,0,P,B,N,N,1,2,NJ 3                                              ,,3,,00000003__      ,,2,5,2,1,1,1,2,1,,,,,F,MAIN AVE                 ,,15,,,,N,NONE                                                                            ,7225,17:25,#N/A
2013160213-2058                ,PASSAIC     ,CLIFTON CITY            ,2/20/2013,W ,1251,1,CLIFTON PD               ,CLIFTON PD     ,0,0,0,0,P,B,N,N,1,2,NJ 3                                              ,,3,,00000003__      ,,2,2,2,1,1,1,5,2,35,FE,,,F,RT 21                    ,SB,50,,,,N,NONE                                                                            ,*****,12:50,#N/A
2.02E+17,PASSAIC     ,CLIFTON CITY            ,5/12/2016,TH,1415,1,CLIFTON PD               ,,0,0,0,0,P,I,N,N,4,2,NJ 3                                              ,,3,,00000003__      ,3.82,2,1,2,1,1,1,4,1,,AT,,CR 601 / MAIN AVE                  ,,,,25,25,,,N,NONE                                                                            ,7179,14:15,120P07442
2015160215-17067               ,PASSAIC     ,CLIFTON CITY            ,4/18/2015,SA,358,1,CLIFTON PD               ,CAR 5          ,0,0,0,0,P,B,N,N,11,1,NJ 3                                              ,,3,,00000003__      ,,2,1,2,1,6,1,1,1,1000,FE,,,T,CR 621                   ,,55,,,,N,NONE                                                                            ,2507,4:00,#N/A
2015160215-18585               ,PASSAIC     ,CLIFTON CITY            ,4/27/2015,M ,1610,1,CLIFTON PD               ,PATROL CAR 6   ,0,0,0,0,P,I,N,N,7,2,NJ 3                                              ,,3,,00000003__      ,3.42,2,1,2,1,1,1,5,1,,AT,,CR 603 / PASSAIC AVE               ,,,,35,55,,,N,,11503,16:10,120P07443
2013160213-2539                ,PASSAIC     ,CLIFTON CITY            ,3/4/2013,M ,1416,1,CLIFTON PD               ,CLIFTON        ,0,0,0,0,P,B,N,N,1,3,NJ 3                                              ,,3,,00000003__      ,,2,1,2,1,1,1,1,1,,,,,F,NJ 21                    ,,55,,,,N,NONE                                                                            ,266,14:15,#N/A
2013160213-254                 ,PASSAIC     ,CLIFTON CITY            ,1/8/2013,TU,636,1,CLIFTON PD               ,CAR 16         ,0,0,0,0,P,B,N,N,1,2,NJ 3                                              ,,3,,00000003__      ,,2,1,2,1,2,1,1,1,,,,,F,RT 21                    ,SB,55,,,,N,NONE                                                                            ,12507,6:35,#N/A
2014160214-4753                ,PASSAIC     ,CLIFTON CITY            ,5/1/2014,TH,1852,1,CLIFTON PD               ,CLIFTON        ,0,0,0,0,P,B,N,N,1,2,NJ 3                                              ,,3,,00000003__      ,0,2,1,2,1,1,1,1,1,2640,FE,,US 46                              ,,,,55,50,,,N,,258,18:50,#N/A
2015160215-2038                ,PASSAIC     ,CLIFTON CITY            ,1/15/2015,TH,1403,1,CLIFTON PD               ,CLIFTON PD     ,0,0,0,0,P,B,N,N,1,2,NJ 3                                              ,,3,,00000003__      ,,2,1,2,1,1,1,5,1,,,W,,F,CR 603                   ,WB,50,,,,N,NONE                                                                            ,*****,14:05,#N/A
2015160215-20651               ,PASSAIC     ,CLIFTON CITY            ,5/9/2015,SA,1508,1,CLIFTON PD               ,POST 7         ,0,0,0,0,P,B,N,N,1,2,NJ 3                                              ,,3,,00000003__      ,,2,5,2,1,1,1,1,1,,,,,T,MAIN AVE                 ,,,,,,N,NONE                                                                            ,7030,15:10,#N/A
2015160215-20895               ,PASSAIC     ,CLIFTON CITY            ,5/11/2015,M ,901,1,CLIFTON PD               ,CLIFTON        ,0,0,0,0,P,I,N,N,2,2,NJ 3                                              ,,3,,00000003__      ,3.82,2,1,2,1,1,1,5,1,,AT,,CR 601 / MAIN AVE                  ,,,,30,,,,N,NONE                                                                            ,237,9:00,120P07442
2014160214-5082                ,PASSAIC     ,CLIFTON CITY            ,5/9/2014,F ,2315,1,CLIFTON PD               ,900 CLIFTON AVE,0,1,0,0,I,B,N,N,11,1,NJ 3                                              ,,3,,00000003__      ,4.89,2,1,2,2,6,2,1,2,10,FE,,NJ 21                              ,,,,35,35,,,N,GUARDRAIL                                                                       ,12505,23:15,120+04740
2013160213-2931                ,PASSAIC     ,CLIFTON CITY            ,3/13/2013,W ,1052,1,CLIFTON PD               ,,0,0,0,0,P,I,N,N,1,2,NJ 3                                              ,,3,,00000003__      ,1.26,2,1,2,1,1,1,2,3,,AT,,ROUTE 509 / BROAD ST               ,,,,40,55,,,N,NONE                                                                            ,231,10:50,120+07448