CRASH_ID,CTY_NAME,MUN_NAME,DATE,DAY,TIME,POL_CODE,POL_DEPT,POL_STA,KILLED,INJURED,PED_KILL,PED_INJ,SEVERITY,INTERSEC,ALCOHOL,HAZMAT,CRASH_TYPE,VEH_COUNT,LOCATION,LOC_DIR,ROUTE,RT_SFX,SRI,MP,RD_SYS,RD_CHAR,RD_SURF,SURF_COND,LIGHT,WEATHER,RD_DIV,RD_WRKZN,X_DIST,DIST_UNT,X_DIR,X_NAME,IS_RAMP,RAMP_RT,RAMP_DIR,SPD_LMT,SPD_X,LAT,LONG,CELL_USE,PROP_DMG,BADGE,TIME_ROUND,TMC
2013160213-3356                ,PASSAIC     ,CLIFTON CITY            ,3/24/2013,S ,2,1,CLIFTON PD               ,900 CLIFTON AVE,0,0,0,0,P,B,Y,N,2,2,NJ 3                                              ,,3,,00000003__      ,0,2,1,2,1,6,1,4,1,50,FE,N,US 46                              ,,,,55,55,,,N,NO INJURIES REPORTED DRIVER #2 WAS ARRESTED FOR DWI                             ,12505,2:00,#N/A
2.02E+17,PASSAIC     ,CLIFTON CITY            ,7/1/2016,F ,1623,1,CLIFTON PD               ,,0,0,0,0,P,I,N,N,4,2,NJ 3                                              ,,3,,00000003__      ,1.78,2,1,1,2,1,2,1,1,,AT,,HEPBURN RD                         ,,,,,25,,,N,NONE                                                                            ,7213,16:25,120+07446
2013160213-3514                ,PASSAIC     ,CLIFTON CITY            ,3/28/2013,TH,853,1,CLIFTON PD               ,CLIFTON        ,0,0,0,0,P,B,N,N,1,2,NJ 3                                              ,,3,,00000003__      ,,2,1,2,1,1,1,5,1,,,,,,,,55,,,,N,NONE                                                                            ,26?  ,8:55,#N/A
2015160215-24865               ,PASSAIC     ,CLIFTON CITY            ,6/3/2015,W ,811,1,CLIFTON PD               ,CLIFTON        ,0,0,0,0,P,B,N,N,2,2,NJ 3                                              ,,3,,00000003__      ,,2,1,2,1,1,1,1,1,,,,,F,PARKWAY SOUTH            ,,55,,,,N,NONE                                                                            ,268,8:10,#N/A
2013160213-3612                ,PASSAIC     ,CLIFTON CITY            ,3/30/2013,SA,1651,1,CLIFTON PD               ,CLIFTON        ,0,0,0,0,P,B,N,N,1,2,NJ 3                                              ,,3,,00000003__      ,0.51,2,1,2,1,1,1,1,1,200,FE,,CR 623 / GROVE ST                  ,,,,55,25,,,N,,258,16:50,#N/A
2013160213-3658                ,PASSAIC     ,CLIFTON CITY            ,4/4/2013,TH,755,1,CLIFTON PD               ,,0,0,0,0,P,B,N,N,1,2,NJ 3                                              ,,3,,00000003__      ,,2,5,2,2,1,1,1,2,,,,,F,MAIN AVE                 ,,55,,,,N,NONE                                                                            ,277,7:55,#N/A
2014160214-576                 ,PASSAIC     ,CLIFTON CITY            ,1/16/2014,TH,847,1,CLIFTON PD               ,CLIFTON        ,0,0,0,0,P,B,N,N,1,2,NJ 3                                              ,,3,,00000003__      ,,2,1,2,2,1,1,1,1,50,FE,E,,T,GROVE ST                 ,,55,,,,N,NONE                                                                            ,266,8:45,#N/A
2013160213-3673                ,PASSAIC     ,CLIFTON CITY            ,4/1/2013,M ,1339,1,CLIFTON PD               ,,0,0,0,0,P,B,N,N,1,2,NJ 3                                              ,,3,,00000003__      ,,2,2,2,1,1,1,1,2,,,,,F,RT 21                    ,,55,,,,N,NONE                                                                            ,277,13:40,#N/A
2015160215-25281               ,PASSAIC     ,CLIFTON CITY            ,6/5/2015,F ,1752,1,CLIFTON PD               ,PATROL         ,0,1,0,0,I,B,N,N,1,2,NJ 3                                              ,,3,,00000003__      ,,2,5,2,1,1,1,1,1,10,FE,E,,T,RT 21                    ,SB,35,,,,N,NONE                                                                            ,6019,17:50,#N/A
2013160213-3734                ,PASSAIC     ,CLIFTON CITY            ,4/2/2013,TU,2031,1,CLIFTON PD               ,CLIFTON        ,0,1,0,0,I,B,N,N,11,1,NJ 3                                              ,,3,,00000003__      ,2.64,2,1,2,1,,1,1,1,3960,FE,,CR 622 / BLOOMFIELD AVE            ,,,,55,25,,,N,UTILITY POLE C6420 PSEANDG WAS NOTIFIED.                                        ,258,20:30,120P07444
2013160213-3903                ,PASSAIC     ,CLIFTON CITY            ,4/7/2013,S ,625,1,CLIFTON PD               ,900 CLIFTON AVE,0,0,0,0,P,B,N,N,2,2,NJ 3                                              ,,3,,00000003__      ,,2,1,2,1,1,1,1,1,5280,FE,,,,,,50,,,,N,,12505,6:25,#N/A
2013160213-4137                ,PASSAIC     ,CLIFTON CITY            ,4/12/2013,F ,1259,1,CLIFTON PD               ,CLIFTON        ,0,0,0,0,P,B,N,N,2,2,NJ 3                                              ,,3,,00000003__      ,,2,1,2,0,1,2,1,1,,,,,F,GARDEN STATE PARKWAY     ,,55,,,,N,NONE                                                                            ,266,13:00,#N/A
2.02E+17,PASSAIC     ,CLIFTON CITY            ,7/19/2016,TU,1827,1,CLIFTON PD               ,,0,1,0,0,I,B,N,N,1,2,NJ 3                                              ,,3,,00000003__      ,,2,2,2,1,1,1,1,1,,,,,,,,,,,,N,NONE                                                                            ,7124,18:25,#N/A
2013160213-4185                ,PASSAIC     ,CLIFTON CITY            ,4/13/2013,SA,1448,1,CLIFTON PD               ,CLIFTON PD     ,0,0,0,0,P,B,N,N,1,2,NJ 3                                              ,,3,,00000003__      ,,2,1,2,1,1,1,5,1,,,,,F,MAIN AVE RAMP            ,WB,50,,,,N,NONE                                                                            ,,14:50,#N/A
2015160215-2743                ,PASSAIC     ,CLIFTON CITY            ,1/19/2015,M ,1452,1,CLIFTON PD               ,CLIFTON        ,0,2,0,0,I,B,N,N,1,2,NJ 3                                              ,,3,,00000003__      ,,2,1,2,1,1,1,1,1,,,,,T,PASSAIC AVE              ,,55,,,,N,NONE                                                                            ,268,14:50,#N/A
2014160214-6677                ,PASSAIC     ,CLIFTON CITY            ,6/19/2014,TH,1256,1,CLIFTON PD               ,CLIFTON PD     ,0,2,0,0,I,B,N,N,1,2,NJ 3                                              ,,3,,00000003__      ,,2,2,2,2,1,2,5,1,,,,,T,MAIN AVE                 ,WB,65,,,,N,NONE                                                                            ,,12:55,#N/A
2013160213-4906                ,PASSAIC     ,CLIFTON CITY            ,5/1/2013,W ,1736,1,CLIFTON PD               ,CLIFTON        ,0,0,0,0,P,I,N,N,13,1,NJ 3                                              ,,3,,00000003__      ,5.8,2,2,2,1,1,1,5,1,,AT,,5TH AVE                            ,,,,25,25,,,N,NONE                                                                            ,5008,17:35,120P04738
2013160213-4927                ,PASSAIC     ,CLIFTON CITY            ,5/2/2013,TH,841,1,CLIFTON PD               ,,0,1,0,0,I,B,N,N,1,2,NJ 3                                              ,,3,,00000003__      ,,2,5,2,1,1,1,1,2,,,,,F,MAIN AVE                 ,,55,,,,N,NONE                                                                            ,277,8:40,#N/A
2015160215-3689                ,PASSAIC     ,CLIFTON CITY            ,1/25/2015,S ,1531,1,CLIFTON PD               ,CLIFTON        ,0,2,0,0,I,B,N,N,1,5,NJ 3                                              ,,3,,00000003__      ,,2,1,2,1,1,1,1,1,,,,,T,MAIN AVE                 ,,55,,,,N,NONE                                                                            ,200,15:30,#N/A
2013160213-5211                ,PASSAIC     ,CLIFTON CITY            ,5/8/2013,W ,1426,1,CLIFTON PD               ,,0,0,0,0,P,B,N,N,1,2,NJ 3                                              ,,3,,00000003__      ,,2,1,2,2,1,2,1,2,,,,,F,RT 21                    ,,55,,,,N,NONE                                                                            ,277,14:25,#N/A
2015160215-3793                ,PASSAIC     ,CLIFTON CITY            ,1/26/2015,M ,852,1,CLIFTON PD               ,CLIFTON        ,0,0,0,0,P,B,N,N,1,2,NJ 3                                              ,,3,,00000003__      ,,2,1,2,3,1,3,1,1,,,,,T,CR 623                   ,,55,,,,N,NONE                                                                            ,266,8:50,#N/A
2.02E+17,PASSAIC     ,CLIFTON CITY            ,5/19/2017,FR,2056,1,CLIFTON PD               ,,0,0,0,0,P,B,N,N,99,1,NJ 3                                              ,,3,,00000003__      ,,2,,,,,,,,,,,,,,,,,40.86009,74.18058,N,,547,20:55,#N/A
2013160213-5378                ,PASSAIC     ,CLIFTON CITY            ,5/12/2013,S ,715,1,CLIFTON PD               ,CLIFTON PD     ,0,0,0,0,P,B,N,N,1,2,NJ 3                                              ,,3,,00000003__      ,,2,1,2,1,1,1,5,1,,,,,F,PASSAIC AVE RAMP         ,WB,55,,,,N,NONE                                                                            ,,7:15,#N/A
2013160213-5507                ,PASSAIC     ,CLIFTON CITY            ,5/16/2013,TH,1250,1,CLIFTON PD               ,CLIFTON PD     ,0,0,0,0,P,B,N,N,1,2,NJ 3                                              ,,3,,00000003__      ,2.64,2,1,2,1,1,1,5,1,1056,FE,,CR 622 / BLOOMFIELD AVE            ,,,,55,25,,,N,NONE                                                                            ,*****,12:50,120P07444
2.02E+17,PASSAIC     ,CLIFTON CITY            ,8/31/2016,W ,816,1,CLIFTON PD               ,,0,0,0,0,P,B,N,N,2,2,NJ 3                                              ,,3,,00000003__      ,,2,1,2,1,1,1,1,1,,,,,T,BROAD ST                 ,,,,,,N,NONE                                                                            ,7179,8:15,#N/A
2.02E+17,PASSAIC     ,CLIFTON CITY            ,9/6/2016,TU,1340,1,CLIFTON PD               ,,0,0,0,0,P,B,N,N,1,2,NJ 3                                              ,,3,,00000003__      ,,2,1,2,1,1,5,5,1,,,,,F,PASSAIC AVE              ,WB,55,,,,N,NONE                                                                            ,7096,13:40,#N/A
2013160213-5910                ,PASSAIC     ,CLIFTON CITY            ,5/5/2013,S ,812,1,CLIFTON PD               ,,0,1,0,0,I,B,N,N,1,2,NJ 3                                              ,,3,,00000003__      ,4.89,2,1,2,2,1,2,5,2,25,FE,,NJ 21                              ,,,,55,25,,,N,NONE                                                                            ,*****,8:10,120+04740
2.02E+17,PASSAIC     ,CLIFTON CITY            ,9/11/2016,S ,1328,1,CLIFTON PD               ,,0,1,0,0,I,B,N,N,1,2,NJ 3                                              ,,3,,00000003__      ,,2,5,2,1,1,1,2,1,,,,,F,PASSAIC AVE              ,,55,,,,N,NONE                                                                            ,7179,13:30,#N/A
2015160215-7893                ,PASSAIC     ,CLIFTON CITY            ,2/21/2015,SA,158,1,CLIFTON PD               ,CAR 5          ,0,0,0,0,P,B,Y,N,11,1,NJ 3                                              ,,3,,00000003__      ,,2,1,2,1,6,1,1,1,300,FE,,,F,PARKWAY SOUTH            ,,50,,,,N,NONE                                                                            ,*****,2:00,#N/A
2.02E+17,PASSAIC     ,CLIFTON CITY            ,9/14/2016,W ,1758,1,CLIFTON PD               ,,0,0,0,0,P,B,N,N,2,2,NJ 3                                              ,,3,,00000003__      ,,2,1,3,2,1,2,5,1,,,,,,,,,,,,N,NONE                                                                            ,7201,18:00,#N/A
2.02E+17,PASSAIC     ,CLIFTON CITY            ,9/15/2016,TH,1619,1,CLIFTON PD               ,,0,0,0,0,P,B,N,N,1,2,NJ 3                                              ,,3,,00000003__      ,,2,1,2,1,1,1,5,1,1000,FE,W,,T,PASSAIC AVE              ,,,,,,N,NONE                                                                            ,7201,16:20,#N/A
2014160214-8111                ,PASSAIC     ,CLIFTON CITY            ,7/28/2014,M ,1342,1,CLIFTON PD               ,CLIFTON        ,0,0,0,0,P,I,N,N,7,2,NJ 3                                              ,,3,,00000003__      ,3.42,2,1,2,1,1,1,5,1,,AT,,CR 603 / PASSAIC AVE               ,,,,25,,40.83439,74.1486,N,,187,13:40,120P07443
2.02E+17,PASSAIC     ,CLIFTON CITY            ,9/23/2016,F ,243,1,CLIFTON PD               ,,0,0,0,0,P,B,Y,N,11,1,NJ 3                                              ,,3,,00000003__      ,,2,5,2,1,6,1,5,1,,,,,T,CR 622                   ,EB,55,,,,N,GUARDRAIL FACE                                                                  ,7198,2:45,#N/A
2014160214-8428                ,PASSAIC     ,CLIFTON CITY            ,8/5/2014,TU,2058,1,CLIFTON PD               ,,0,0,0,0,P,I,N,N,1,2,NJ 3                                              ,,3,,00000003__      ,0,2,,2,1,6,1,3,1,,AT,,US 46                              ,,,,50,50,40.87102,74.18962,N,NONE                                                                            ,10046,21:00,#N/A
2.02E+17,PASSAIC     ,CLIFTON CITY            ,9/29/2016,TH,1418,1,CLIFTON PD               ,,0,0,0,0,P,B,N,N,15,1,NJ 3                                              ,,3,,00000003__      ,,2,1,2,1,1,1,1,1,,,,,F,BLOOMFIELD AVE           ,EB,55,,,,N,NONE                                                                            ,7128,14:20,#N/A
2014160214-8564                ,PASSAIC     ,CLIFTON CITY            ,8/9/2014,SA,1308,1,CLIFTON PD               ,CLIFTON        ,0,0,0,0,P,B,N,N,1,2,NJ 3                                              ,,3,,00000003__      ,,2,5,2,1,1,1,1,1,1320,FE,E,,F,RT 21                    ,,55,,,,N,,258,13:10,#N/A
2014160214-8677                ,PASSAIC     ,CLIFTON CITY            ,8/13/2014,W ,642,1,CLIFTON PD               ,900 CLIFTON AVE,0,0,0,0,P,I,N,N,2,2,NJ 3                                              ,,3,,00000003__      ,0.51,2,1,2,2,1,2,4,1,,AT,,CR 623 / GROVE ST                  ,,,,55,25,40.86533,74.18225,N,NO                                                                              ,12505,6:40,#N/A
2014160214-8839                ,PASSAIC     ,CLIFTON CITY            ,8/17/2014,S ,1554,1,CLIFTON PD               ,POST 7         ,0,1,0,0,I,I,N,N,4,2,NJ 3                                              ,,3,,00000003__      ,,2,5,2,1,1,1,5,1,,AT,,,,CR 601                   ,,25,,,,N,NONE                                                                            ,7030,15:55,#N/A
2.02E+17,PASSAIC     ,CLIFTON CITY            ,7/9/2015,TH,1022,1,CLIFTON PD               ,,0,0,0,0,P,B,N,N,1,2,NJ 3                                              ,,3,,00000003__      ,,2,2,2,2,1,2,1,1,,,,,F,MAIN AVE                 ,WB,,,,,N,NONE                                                                            ,7118,10:20,#N/A
2013160213-6750                ,PASSAIC     ,CLIFTON CITY            ,6/14/2013,F ,1956,1,CLIFTON PD               ,POST 7         ,0,1,0,0,I,B,N,N,1,2,NJ 3                                              ,,3,,00000003__      ,,2,2,2,1,1,1,5,1,,,,,T,ROUTE 21                 ,NB,30,,,,N,NONE                                                                            ,8037,19:55,#N/A
2.02E+17,PASSAIC     ,CLIFTON CITY            ,7/16/2015,TH,1456,1,CLIFTON PD               ,,0,1,0,0,I,I,N,N,1,2,NJ 3                                              ,,3,,00000003__      ,4.12,2,1,2,1,1,1,1,1,,AT,,EXIT FROM CLIFTON COMMONS          ,,,,55,10,,,N,NONE                                                                            ,7176,14:55,120P07442
2014160214-9212                ,PASSAIC     ,CLIFTON CITY            ,8/28/2014,TH,810,1,CLIFTON PD               ,CLIFTON        ,0,0,0,0,P,B,N,N,1,2,NJ 3                                              ,,3,,00000003__      ,,2,1,2,1,1,1,1,1,,,,,F,PARKWAY SOUTH            ,,55,,,,N,NONE                                                                            ,266,8:10,#N/A
2014160214-9374                ,PASSAIC     ,CLIFTON CITY            ,9/2/2014,TU,1354,1,CLIFTON PD               ,CLIFTON PD     ,0,0,0,0,P,B,N,N,1,2,NJ 3                                              ,,3,,00000003__      ,,2,2,2,1,1,1,5,1,,,,,F,PASSAIC AVE RAMP         ,WB,50,,,,N,NONE                                                                            ,,13:55,#N/A
2.02E+17,PASSAIC     ,CLIFTON CITY            ,7/26/2015,S ,1904,1,CLIFTON PD               ,,0,0,0,0,P,I,N,N,1,2,NJ 3                                              ,,3,,00000003__      ,,2,1,2,1,1,5,5,1,,AT,,,,,,55,,,,N,NONE OBSERVED/REPORTED                                                          ,7177,19:05,#N/A
2.02E+17,PASSAIC     ,CLIFTON CITY            ,7/11/2017,TU,1159,1,CLIFTON PD               ,,0,0,0,0,P,B,N,N,1,2,NJ 3                                              ,,3,,00000003__      ,,2,,2,1,1,1,5,1,,,,,F,PASSAIC COUNTY 624 II    ,EB,35,,40.8266,74.12986,N,,7118,12:00,#N/A
2014160214-9957                ,PASSAIC     ,CLIFTON CITY            ,9/18/2014,TH,753,1,CLIFTON PD               ,CLIFTON        ,0,2,0,0,I,I,N,N,1,3,NJ 3                                              ,,3,,00000003__      ,0,2,1,2,1,1,1,5,1,,AT,,RT 46 WEST                         ,,,,50,50,,,N,NONE                                                                            ,,7:55,#N/A
2.02E+17,PASSAIC     ,CLIFTON CITY            ,9/1/2015,TU,1532,1,CLIFTON PD               ,,0,1,0,0,I,B,N,N,1,2,NJ 3                                              ,,3,,00000003__      ,,2,1,2,1,1,1,1,1,50,FE,,,T,BROAD ST                 ,,55,,,,N,NONE                                                                            ,7107,15:30,#N/A
2.02E+17,PASSAIC     ,CLIFTON CITY            ,10/28/2016,F ,1507,1,CLIFTON PD               ,,0,0,0,0,P,B,N,N,1,2,NJ 3                                              ,,3,,00000003__      ,,2,1,2,1,1,1,5,1,5,FE,E,,F,BLOOMFIELD AVE           ,,55,,,,N,NONE                                                                            ,7206,15:05,#N/A
201416022014-100468            ,PASSAIC     ,CLIFTON CITY            ,12/12/2014,F ,1704,1,CLIFTON PD               ,,0,0,0,0,P,I,N,N,1,2,NJ 3                                              ,,3,,00000003__      ,,2,4,2,1,7,1,2,1,,AT,,,T,ROUTE 3                  ,EB,,,,,N,NONE OBSERVED/REPORTED                                                          ,1029,17:05,#N/A
201416022014-10865             ,PASSAIC     ,CLIFTON CITY            ,10/11/2014,SA,1506,1,CLIFTON PD               ,,0,0,0,0,P,B,N,N,11,1,NJ 3                                              ,,3,,00000003__      ,,2,5,1,1,1,5,1,1,,,,,T,ROUTE 21                 ,NB,,,,,N,NONE OBSERVED/REPORTED                                                          ,7029,15:05,#N/A
2.02E+17,PASSAIC     ,CLIFTON CITY            ,11/6/2016,S ,317,1,CLIFTON PD               ,,0,0,0,0,P,B,N,N,1,2,NJ 3                                              ,,3,,00000003__      ,,2,1,2,1,6,1,1,1,200,FE,W,,F,RIVER RD                 ,EB,55,,,,N,NONE                                                                            ,7226,3:15,#N/A
2013160213-804                 ,PASSAIC     ,CLIFTON CITY            ,1/22/2013,TU,606,1,CLIFTON PD               ,,0,0,0,0,P,R,N,N,1,2,NJ 3                                              ,,3,,00000003__      ,,2,3,2,1,1,1,1,2,,,W,,F,RT 21                    ,SB,,,,,N,,5008,6:05,#N/A
2013160213-8111                ,PASSAIC     ,CLIFTON CITY            ,7/19/2013,F ,843,1,CLIFTON PD               ,,0,0,0,0,P,B,N,N,2,2,NJ 3                                              ,,3,,00000003__      ,,2,4,2,1,1,1,1,2,,,,,F,NJ 21                    ,,55,,,,N,,260,8:45,#N/A
201416022014-11681             ,PASSAIC     ,CLIFTON CITY            ,11/1/2014,SA,1359,1,CLIFTON PD               ,POST #5        ,0,0,0,0,P,B,N,N,11,1,NJ 3                                              ,,3,,00000003__      ,,2,4,2,1,1,2,1,1,,,,,F,RT 21                    ,SB,50,,,,N,CURB  TRAFFIC SIGN SUPPORT  CONCRETE BARRIER                                    ,211,14:00,#N/A
201416022014-12349             ,PASSAIC     ,CLIFTON CITY            ,11/18/2014,TU,1628,1,CLIFTON PD               ,,0,0,0,0,P,I,N,N,11,1,NJ 3                                              ,,3,,00000003__      ,,2,2,2,1,3,1,1,1,,AT,,,T,RT 21                    ,SB,55,,,,N,NONE OBSERVED/REPORTED                                                          ,7029,16:30,#N/A
2013160213-8240                ,PASSAIC     ,CLIFTON CITY            ,7/22/2013,M ,935,1,CLIFTON PD               ,,0,0,0,0,P,B,N,N,1,2,NJ 3                                              ,,3,,00000003__      ,,2,5,2,1,1,5,1,2,,,,,F,NJ 21                    ,,55,,,,N,NONE                                                                            ,277,9:35,#N/A
2.02E+17,PASSAIC     ,CLIFTON CITY            ,11/14/2016,M ,1705,1,CLIFTON PD               ,,0,2,0,0,I,B,N,N,1,3,NJ 3                                              ,,3,,00000003__      ,,2,1,2,1,7,1,5,1,,,,,T,ROUTE 21                 ,,,,,,N,NONE                                                                            ,7201,17:05,#N/A
2.02E+18,PASSAIC     ,CLIFTON CITY            ,10/1/2015,TH,621,1,CLIFTON PD               ,,0,0,0,0,P,B,N,N,1,2,NJ 3                                              ,,3,,00000003__      ,,2,5,2,1,2,1,2,1,,,,,F,GROVE ST                 ,EB,,,,,N,NONE                                                                            ,7229,6:20,#N/A
2.02E+17,PASSAIC     ,CLIFTON CITY            ,11/16/2016,W ,908,1,CLIFTON PD               ,,0,0,0,0,P,B,N,N,1,2,NJ 3                                              ,,3,,00000003__      ,,2,4,2,1,1,1,5,1,,,,,F,PASSAIC AVE              ,,55,,,,N,NONE                                                                            ,7190,9:10,#N/A
2.02E+17,PASSAIC     ,CLIFTON CITY            ,11/16/2016,W ,1713,1,CLIFTON PD               ,,0,1,0,0,I,B,N,N,1,2,NJ 3                                              ,,3,,00000003__      ,,2,1,2,1,6,1,1,1,200,FE,W,,T,RT 21 N                  ,,55,,,,N,NONE                                                                            ,7224,17:15,#N/A
2013160213-8590                ,PASSAIC     ,CLIFTON CITY            ,7/30/2013,TU,1617,1,CLIFTON PD               ,CLIFTON        ,0,2,0,0,I,B,N,N,1,2,NJ 3                                              ,,3,,00000003__      ,,2,5,2,1,1,1,1,1,200,FE,E,,F,CR 603                   ,EB,55,,,,N,,258,16:15,#N/A
2.02E+17,PASSAIC     ,CLIFTON CITY            ,11/20/2016,S ,406,1,CLIFTON PD               ,,0,0,0,0,P,B,N,N,11,1,NJ 3                                              ,,3,,00000003__      ,1.28,2,5,2,2,6,2,1,1,10,FE,,ROUTE 509 / BROAD ST               ,,,,,,,,N,NONE                                                                            ,7199,4:05,120+07448
2.02E+17,PASSAIC     ,CLIFTON CITY            ,10/8/2015,TH,2304,1,CLIFTON PD               ,,0,1,0,0,I,B,N,N,10,1,NJ 3                                              ,,3,,00000003__      ,,2,5,2,1,6,1,2,1,,,,,T,CR 622                   ,NB,,,,,N,NONE                                                                            ,7157,23:05,#N/A
2.02E+17,PASSAIC     ,CLIFTON CITY            ,8/23/2017,WE,20,1,CLIFTON PD               ,,0,0,0,0,P,B,N,N,11,1,NJ 3                                              ,,3,,00000003__      ,,2,,2,2,6,2,5,1,,,,,T,ROUTE 21                 ,SB,35,,40.82517,74.12953,N,MINOR DAMAGE TO GUARDRAIL                                                       ,7169,2:20,#N/A
2.02E+17,PASSAIC     ,CLIFTON CITY            ,11/25/2016,F ,1206,1,CLIFTON PD               ,,0,0,0,0,P,B,N,N,1,2,NJ 3                                              ,,3,,00000003__      ,,2,2,2,1,1,1,5,1,,,,,T,BLOOMFIELD AVE           ,,,,,,N,NONE                                                                            ,7180,12:05,#N/A
2.02E+17,PASSAIC     ,CLIFTON CITY            ,10/27/2015,TU,839,1,CLIFTON PD               ,,0,0,0,0,P,B,N,N,1,2,NJ 3                                              ,,3,,00000003__      ,,2,1,2,1,1,1,5,1,,,,,F,MAIN AVE RAMP            ,WB,55,,,,N,NONE                                                                            ,7096,8:40,#N/A
2013160213-9559                ,PASSAIC     ,CLIFTON CITY            ,8/26/2013,M ,917,1,CLIFTON PD               ,,0,0,0,0,P,I,Y,N,11,2,NJ 3                                              ,,3,,00000003__      ,0,2,4,2,1,1,1,3,1,,AT,,US 46                              ,,,,55,55,,,N,NONE                                                                            ,13520,9:15,#N/A
2.02E+17,PASSAIC     ,CLIFTON CITY            ,10/29/2015,TH,826,1,CLIFTON PD               ,,0,0,0,0,P,B,N,N,1,3,NJ 3                                              ,,3,,00000003__      ,1.44,2,1,2,2,1,1,1,1,100,FE,,GSP SOUTH                          ,,,,,,,,N,NONE                                                                            ,7179,8:25,120+07447
2.01E+13,PASSAIC     ,CLIFTON CITY            ,2/18/2013,M ,1555,1,CLIFTON PD               ,POST 7         ,0,0,0,0,P,I,N,N,1,2,NJ 3                                              ,,3,,00000003__      ,,2,5,2,1,1,1,1,1,,AT,,,F,MAIN AVE                 ,WB,55,,,,N,NONE                                                                            ,?030 ,15:55,#N/A
2.02E+17,PASSAIC     ,CLIFTON CITY            ,11/11/2015,W ,2,1,CLIFTON PD               ,,0,0,0,0,P,B,N,N,11,1,NJ 3                                              ,,3,,00000003__      ,,2,5,2,2,6,2,2,1,,,,,T,RT 21 ON N               ,NB,55,,,,N,NONE                                                                            ,7199,2:00,#N/A
2.02E+17,PASSAIC     ,CLIFTON CITY            ,9/27/2017,WE,857,1,CLIFTON PD               ,,0,0,0,0,P,B,N,N,1,2,NJ 3                                              ,,3,,00000003__      ,2,2,,2,1,1,1,1,1,528,FE,,HEPBURN RD                         ,,,,,25,40.85098,74.17362,N,,7204,8:55,120+07446
2.02E+17,PASSAIC     ,CLIFTON CITY            ,12/15/2016,TH,2015,1,CLIFTON PD               ,,0,1,0,0,I,B,N,N,1,2,NJ 3                                              ,,3,,00000003__      ,,2,5,2,1,6,1,1,1,,,,,F,GROVE ST                 ,SB,55,,,,N,NONE                                                                            ,7247,20:15,#N/A
2.02E+16,PASSAIC     ,CLIFTON CITY            ,12/2/2015,W ,1601,1,CLIFTON PD               ,,0,0,0,0,P,B,N,N,1,2,NJ 3                                              ,,3,,00000003__      ,,2,1,2,2,1,2,1,1,250,FE,E,,T,GARDEN STATE PARKWAY     ,NB,55,,,,N,NONE                                                                            ,7215,16:00,#N/A
2.02E+17,PASSAIC     ,CLIFTON CITY            ,12/5/2015,SA,1747,1,CLIFTON PD               ,,0,0,0,0,P,B,N,N,1,2,NJ 3                                              ,,3,,00000003__      ,,2,2,2,1,6,2,5,1,15,FE,W,,F,CR 601                   ,,55,,,,N,NONE                                                                            ,7211,17:45,#N/A
2.02E+17,PASSAIC     ,CLIFTON CITY            ,9/23/2018,SU,1740,1,CLIFTON PD               ,,0,0,0,0,P,B,N,N,1,2,NJ 3                                              ,,3,,00000003__      ,3.8,2,,2,1,1,1,1,1,,,,,F,MAIN AVE                 ,,50,,40.83119,74.14126,N,,7253,17:40,120P07442